法人番号,企業名,都道府県,企業規模,業種,企業ホームページ,採用ページ,新卒者等以外（35歳未満）の採用・定着状況(前年度/2年度前/3年度前)-男女計,新卒者等以外（35歳未満）の採用・定着状況(前年度/2年度前/3年度前)-離職者数,中途採用比率(前年度/2年度前/3年度前),研修制度-有無,メンター制度-有無,自己啓発支援制度-有無,キャリアコンサルティング制度-有無,オンボーディング制度・フォロー体制
1040001087651,株式会社ＲＵＮＴＥＱ,13:東京都,33人,G:情報通信業,https://www.runteq.co.jp/,,,,,,,,,
1040002016279,株式会社ＧＩＦＴＶＯＸ,12:千葉県,34人,G:情報通信業,,,,,,,,,,
9050001009060,関東情報サービス株式会社,08:茨城県,261人,G:情報通信業,https://www.kisl.co.jp,,,,,,,,,
5020001130418,株式会社ゼネラルＢＲＥＸＡテクノロジー,14:神奈川県,229人,G:情報通信業,https://www.fujitsu-general.com/jp/fgot/corporate/index.html,,,,,,,,,
5120001067419,株式会社デザインシステムサービス,27:大阪府,25人,G:情報通信業,,,,,,,,,,
9020001087638,株式会社メタテクノ,14:神奈川県,194人,G:情報通信業,https://www.meta.co.jp/,https://job.rikunabi.com/2024/company/r384700048/,0人/1人/0人,0人/0人/0人,,1:有,1:有,1:有,1:有,
8240002032919,Ｒｅｍａｉｎ　ｉｎ株式会社,13:東京都,13人,G:情報通信業,https://www.remain-in.com/,,,,,,,,,
7180001142321,株式会社名南経営ソリューションズ,23:愛知県,106人,G:情報通信業,,,,,,,,,,
9020001070619,株式会社エクサ,14:神奈川県,1250人,G:情報通信業,https://www.exa-corp.co.jp/company/csr.html#csr05,,,,,,,,,
9010001020855,株式会社税務研究会,13:東京都,167人,G:情報通信業,http://www.zeiken.co.jp/,,,,,,,,,
3050001006591,インターソシオシステム株式会社,08:茨城県,35人,G:情報通信業,https://www.socio.co.jp,,,,,1:有,1:有,1:有,1:有,
9020001021753,株式会社ＮＴＴデータＭＳＥ,14:神奈川県,1700人,G:情報通信業,https://www.nttd-mse.com,,,,,,,,,
5160001007296,株式会社ハートコンピューター,25:滋賀県,30人,G:情報通信業,,,,,,,,,,
1010401016295,株式会社ＳＯＦＴＧ,13:東京都,85人,G:情報通信業,https://www.softg.co.jp,https://www.softg.co.jp/#recruit,,,,1:有,1:有,1:有,1:有,
6010701025446,株式会社Ｊ．Ｃ．Ｏ．Ｓ,13:東京都,88人,G:情報通信業,,,,,,,,,,
6011101078456,株式会社ロビンソン,13:東京都,56人,G:情報通信業,https://www.robinsons.co.jp,,,,,,,,,
1010501020593,ライトクリエイションシステム株式会社,13:東京都,26人,G:情報通信業,https://www.rcs-net.co.jp/,,,,,1:有,0:無,1:有,0:無,
9020001095310,株式会社ウェブフロンティア,14:神奈川県,137人,G:情報通信業,,,,,,,,,,
2011501004841,株式会社ＵＫｎｅｔ,13:東京都,45人,G:情報通信業,https://uejimagroup.com/,,,,,1:有,1:有,1:有,1:有,
4011501009533,株式会社オープン・システム・ソリューションズ,13:東京都,45人,G:情報通信業,https://uejimagroup.com/,https://en-gage.net/opensystem/,,,,1:有,1:有,1:有,1:有,
7240001022062,スカイソフト株式会社,34:広島県,14人,G:情報通信業,https://skygp.co.jp,,,,,,,,,
9010001014964,株式会社国和システム,13:東京都,248人,G:情報通信業,https://www.kokuwa.co.jp/,,,,,,,,,
2011501011680,株式会社うえじまインベストメント,13:東京都,15人,G:情報通信業,https://uejimagroup.com/,https://en-gage.net/gva_career/,,,,1:有,1:有,1:有,1:有,
1011501012242,株式会社地方総合研究所,13:東京都,20人,G:情報通信業,https://uejimagroup.com/,https://en-gage.net/lgi_career/,,,,1:有,1:有,1:有,1:有,
8430001007068,ＳＣＳＫ北海道株式会社,01:北海道,216人,G:情報通信業,http://www.scsk-hokkaido.co.jp/,,,,,,,,,
9021001075896,株式会社ＬｉＮＡＣＯ,14:神奈川県,2人,G:情報通信業,,,,,,,,,,
9040001105067,株式会社ＣｈａｒｌｉｅＴｈｒｅｅ,13:東京都,7人,G:情報通信業,,,,,,,,,,
1020003018037,ＡＣＲＩＵＳ合同会社,13:東京都,10人,G:情報通信業,https://acrius.co.jp/company/,,,,0.0%/0.0%/0.0%,1:有,1:有,1:有,0:無,
9060001019050,ハートランド・データ株式会社,09:栃木県,70人,G:情報通信業,,,,,,,,,,
5180001155283,アノマリーマーケティング株式会社,23:愛知県,5人,G:情報通信業,https://anomaly-marketing.co.jp/,,,,,1:有,1:有,1:有,1:有,
6290001105771,株式会社トリプルバレル,40:福岡県,4人,G:情報通信業,,,,,,,,,,
7260001019874,株式会社ソフィア,33:岡山県,206人,G:情報通信業,http://www.sophia-inc.co.jp/,,,,,,,,,
2010401187680,株式会社ＥＮＴＬＡ,13:東京都,4人,G:情報通信業,https://entla.co.jp/company/,,,,,1:有,1:有,1:有,0:無,
9010401187641,株式会社ＰＩＥＢＲＵ,13:東京都,9人,G:情報通信業,https://piebru.co.jp/company/,,,,,1:有,1:有,1:有,0:無,
9010901001764,株式会社エス・アイ・エンジニアリング,13:東京都,6人,G:情報通信業,,,,,,,,,,
6120001261672,カナン株式会社,27:大阪府,0人,G:情報通信業,,,,,,,,,,
8010001046843,株式会社システムファクトリ,13:東京都,60人,G:情報通信業,http://www.systemfactory.co.jp,,,,,1:有,0:無,1:有,1:有,
5011001136876,株式会社マイクロウェーブデジタル,13:東京都,63人,G:情報通信業,,,,,,,,,,
6011301016389,株式会社ｆｏｎｆｕｎ,13:東京都,22人,G:情報通信業,http://www.fonfun.co.jp/index.html,,,,,,,,,
2010501028017,株式会社アップグレード,13:東京都,10人,G:情報通信業,https://www.upgrade.co.jp/,,,,,1:有,0:無,0:無,0:無,
7010901049921,株式会社ラボル,13:東京都,47人,G:情報通信業,https://labol.co.jp/corp/,,,,,,,,,
6010401188246,株式会社ロクス,13:東京都,5人,G:情報通信業,https://roks.co.jp/company/,,,,,1:有,1:有,1:有,0:無,
7010101012242,株式会社ビルディット,13:東京都,7人,G:情報通信業,https://bldt.jp/,,,,,,,,,
7011001144010,クオーク株式会社,13:東京都,4人,G:情報通信業,,,,,,,,,,
8470002013623,株式会社想隆社,13:東京都,8人,G:情報通信業,,,,,,,,,,
9040001002108,京葉コンピューターサービス株式会社,12:千葉県,29人,G:情報通信業,,,,,,,,,,
6011101052758,株式会社Ａｌｔｕｓ－Ｆｉｖｅ,13:東京都,21人,G:情報通信業,https://www.altus5.co.jp/company/,,,,,,,,,
7011001160825,株式会社Ｖｉｅｔａ　Ｊｕｍｐｉｎｇ,13:東京都,2人,G:情報通信業,https://vietajumping.com/,,,,,,,,,
7010901033685,株式会社ＣＯＬＳＩＳ,13:東京都,31人,G:情報通信業,,,,,,,,,,
9120001047160,フルタニ産業株式会社,27:大阪府,152人,G:情報通信業,https://www.furutani-sangyou.co.jp/corporate-goals/,,,,,,,,,
2020001145162,株式会社ピックユー,13:東京都,24人,G:情報通信業,,,,,,,,,,
7120001189070,株式会社エディトデザイン,27:大阪府,5人,G:情報通信業,https://edito.jp/,,,,,,,,,
3430001027574,ＪＩＧ－ＳＡＷ株式会社,01:北海道,174人,G:情報通信業,https://www.jig-saw.com/,,,,,,,,,
9010001081889,株式会社佑人社,13:東京都,24人,G:情報通信業,,,,,,,,,,
7013201010751,ベーシック株式会社,13:東京都,58人,G:情報通信業,,,,,,,,,,
9010801008257,ソーバル株式会社,13:東京都,792人,G:情報通信業,http://www.sobal.co.jp/,,,,,,,,,
9110001017230,株式会社カシックス,15:新潟県,113人,G:情報通信業,https://www.kasix.co.jp/about-us/kasix/,,,,,,,,,
7010701021774,ＡＸＬＢＩＴ株式会社,13:東京都,44人,G:情報通信業,,,,,,,,,,
9460101007253,株式会社エイコークリエイティブ,01:北海道,5人,G:情報通信業,,,,,,,,,,
7040001123624,株式会社ネクスリープ,12:千葉県,8人,G:情報通信業,,,,,,,,,,
7010901056793,株式会社Ｃｅｒｅｎｉｔｙ　Ｉｎｎｏｖａｔｉｏｎ,13:東京都,0人,G:情報通信業,https://cerenityinnovation.com/,,,,,,,,,
7120002076524,有限会社システムプラス,28:兵庫県,47人,G:情報通信業,https://system-plus.click/,,,,,,,,,
9011001042344,株式会社トマト,13:東京都,160人,G:情報通信業,,,,,,,,,,
5120001169909,株式会社イーストブロー,27:大阪府,4人,G:情報通信業,,,,,,,,,,
9120001184243,株式会社ＥＱＵＡＴＩＯＮ,27:大阪府,85人,G:情報通信業,,,,,,,,,,
9011101072002,Ｆｉｔｓ株式会社,13:東京都,4人,G:情報通信業,,,,,,,,,,
7013301041481,Ｄ．Ｃｒｅｗｓ株式会社,13:東京都,16人,G:情報通信業,https://www.dcrews.co.jp/,,,,,,,,,
9150001010685,辰巳電子工業株式会社,29:奈良県,293人,G:情報通信業,https://www.tatsu-mi.co.jp/ourefforts,,,,,,,,,
9040001005886,日本アイ・ビー・エムシステムズ・エンジニアリング株式会社,13:東京都,380人,G:情報通信業,,,,,,,,,,
2430001019985,北海道アイエスビー株式会社,01:北海道,141人,G:情報通信業,,,,,,,,,,
8010001022290,株式会社タムラプランニングアンドオペレーティング,13:東京都,18人,G:情報通信業,,,,,,,,,,
5180001053297,Ｅｎａｚｅａｌ株式会社,13:東京都,120人,G:情報通信業,,,,,,,,,,
6240001019225,株式会社ＣＡＢＬＥ　ＷＥＳＴ．,34:広島県,14人,G:情報通信業,,,,,,,,,,
8020001087622,株式会社ＺＥＮ　Ｉｎｔｅｇｒａｔｉｏｎ,13:東京都,36人,G:情報通信業,,,,,,,,,,
9020001088561,株式会社エヴァーグリーン,14:神奈川県,24人,G:情報通信業,http://www.ever-g.co.jp/,,,,,,,,,
2010001084295,株式会社ＩＴ働楽研究所,13:東京都,200人,G:情報通信業,http://www.dorakuken.co.jp/,,,,,,,,,
4010001103838,株式会社ＧＣＴ研究所,13:東京都,3人,G:情報通信業,https://gcti.co.jp,,0人/0人/0人,0人/0人/0人,,1:有,1:有,1:有,0:無,
5060003004112,合同会社ＤＸストラテジー,09:栃木県,2人,G:情報通信業,,,,,,,,,,
9180001047717,ジェイアール東海情報システム株式会社,23:愛知県,465人,G:情報通信業,http://www.jtis.co.jp/,,,,,,,,,
8010401176091,Ｙｏｌｏ　Ｔｅｃｈｎｏｌｏｇｙ株式会社,13:東京都,29人,G:情報通信業,https://bossjob.jp/ja/company/yolo-technology株式会社,,,,,,,,,
7011001045654,イサナドットネット株式会社,13:東京都,45人,G:情報通信業,https://www.isana.net,https://job.career-tasu.jp/corp/00047988/,0人/0人/0人,0人/0人/0人,,1:有,1:有,1:有,0:無,
8370001014194,株式会社ティーダシステム,04:宮城県,20人,G:情報通信業,http://www.teada-system.com,http://www.teada-system.com,,,,1:有,0:無,1:有,0:無,
5011101029617,株式会社アイティーシステムズ,13:東京都,11人,G:情報通信業,https://www.sunmake.co.jp/its/,,,,,1:有,0:無,1:有,0:無,
2011101025239,日本システム通信株式会社,13:東京都,22人,G:情報通信業,https://www.sunmake.co.jp/jsc/,,,,,1:有,0:無,1:有,0:無,
3011101008085,サンメイク・ジャパン株式会社,13:東京都,12人,G:情報通信業,https://www.sunmake.co.jp/sjc/,,,,,1:有,0:無,1:有,0:無,
6011101031893,株式会社ノア・ソリューション,13:東京都,68人,G:情報通信業,https://www.noa-sol.co.jp/,https://www.noa-sol.co.jp/,,,,1:有,0:無,1:有,0:無,
7012401024272,Ｎ’ｓシステム株式会社,13:東京都,8人,G:情報通信業,http://www.ns-system-corp.sakura.ne.jp/,http://www.ns-system-corp.sakura.ne.jp/,,,,1:有,1:有,1:有,1:有,
8012701012835,株式会社Ｂｒａｎｄ　Ａｃｔｉｖａｔｉｏｎ　ａｎｄ　Ｄｅｌｉｖｅｒｙ,13:東京都,12人,G:情報通信業,,,,,,,,,,
4430001030783,株式会社メディアサイエンス,01:北海道,28人,G:情報通信業,https://media-sci.co.jp/,https://media-sci.co.jp/recruit/,,,,1:有,1:有,1:有,1:有,
7011101071501,株式会社アルビノ,13:東京都,3人,G:情報通信業,https://www.albino.co.jp/about/,https://www.albino.co.jp/recruit/,,,0.0%/0.0%/100.0%,0:無,0:無,0:無,0:無,
7180302022230,有限会社ジェー・エム・エス,23:愛知県,8人,G:情報通信業,,,,,,,,,,
9080001014842,株式会社サンロフト,22:静岡県,62人,G:情報通信業,,,,,,,,,,
5010401160073,株式会社Ｎｏｄｕｓ　Ｂｌｅｕ,13:東京都,0人,G:情報通信業,https://nodusbleu.co.jp/,https://nodusbleu.co.jp/recruit/,,,,0:無,,0:無,0:無,
7290801028246,株式会社ミラリンク,40:福岡県,6人,G:情報通信業,https://milalink.co.jp/,,,,,,,,,
1010001234479,ナリモト株式会社,13:東京都,3人,G:情報通信業,,,,,,,,,,
9390001011206,株式会社ユニテックス,06:山形県,14人,G:情報通信業,https://www.unitex-net.co.jp,,,,,1:有,1:有,1:有,0:無,
7330001025700,ソーイ株式会社,43:熊本県,9人,G:情報通信業,https://sewii.jp/,,,,,,,,,
5011001152097,株式会社イチドキリ,13:東京都,0人,G:情報通信業,,,,,,,,,,
9110001001151,株式会社アルコン,15:新潟県,140人,G:情報通信業,,,,,,,,,,
9120001121031,応用技術株式会社,27:大阪府,270人,G:情報通信業,https://www.apptec.co.jp/,,,,,,,,,
7010401052137,東芝デジタルソリューションズ株式会社,14:神奈川県,3084人,G:情報通信業,https://www.global.toshiba/jp/company/digitalsolution/recruit/special.html,,,,,,,,,
9011003012675,ＳｔｏｒｙＨｕｂ株式会社,13:東京都,2人,G:情報通信業,,,,,,,,,,
8290001011613,インフォニイ株式会社,40:福岡県,34人,G:情報通信業,http://www.infony.co.jp,,,,,,,,,
9130001002908,株式会社ケーケーシー情報システム,26:京都府,197人,G:情報通信業,http://www.kkcjoho.co.jp,,,,,,,,,
5010001134122,株式会社金融エンジニアリング・グループ,13:東京都,72人,G:情報通信業,https://www.feg.co.jp/,,,,,,,,,
9290001015357,株式会社ソフトサービス,40:福岡県,279人,G:情報通信業,http://www.soft-service.co.jp/,,,,,,,,,
8010001202710,株式会社Ａｎｄｅｌ,13:東京都,3人,G:情報通信業,https://andel.jp/,,,,,,,,,
9011201024547,株式会社メンテル,13:東京都,5人,G:情報通信業,,,,,,,,,,
9130001047762,株式会社プログレス,27:大阪府,12人,G:情報通信業,,https://www.kk-progress.co.jp/recruit/,,,,0:無,0:無,0:無,1:有,
9010701015238,カストマシステム株式会社,13:東京都,202人,G:情報通信業,http://www.csys.co.jp,,,,,,,,,
8180001053303,株式会社コスモウィンズ,23:愛知県,98人,G:情報通信業,,,,,,,,,,
9180001100830,株式会社クラッソーネ,23:愛知県,22人,G:情報通信業,,,,,,,,,,
9180001066196,株式会社コミュニティネットワークセンター,23:愛知県,114人,G:情報通信業,,,,,,,,,,
9290001097189,九州朝日放送株式会社,40:福岡県,206人,G:情報通信業,https://kbc.co.jp/company/profile/csr.php,,,,,,,,,
6030001048253,株式会社フロッサ,11:埼玉県,40人,G:情報通信業,http://www.flossa.co.jp/,http://www.flossa.co.jp/recruit.html,,,,1:有,1:有,1:有,1:有,
4011001159936,株式会社オークス,13:東京都,1人,G:情報通信業,https://ooaks.co.jp/,https://ooaks.co.jp/recruit,,,,,0:無,0:無,0:無,
6011101061486,株式会社ＺＩＴ,13:東京都,40人,G:情報通信業,https://zit.co.jp/,https://zit.co.jp/recruit/,,,,1:有,1:有,1:有,0:無,
9370001004475,株式会社ＳＪＣ,04:宮城県,150人,G:情報通信業,http://www.sjc-sendai.ne.jp/,,,,,,,,,
9011001118441,株式会社ｘｄａｙ,13:東京都,4人,G:情報通信業,,,,,,,,,,
9360001002488,オリックス・ビジネスセンター沖縄株式会社,47:沖縄県,591人,G:情報通信業,http://www.orix.co.jp/obco/index.html,,,,,,,,,
9240001021112,株式会社ＧｏＱＳｙｓｔｅｍ,13:東京都,30人,G:情報通信業,https://goq.co.jp/,,,,,,,,,
8020001157549,株式会社Ｒｅｉｓｅ,13:東京都,12人,G:情報通信業,,,,,,,,,,
5390001013511,Ａ－Ｓｙｓｔｅｍｓ株式会社,06:山形県,17人,G:情報通信業,https://www.a-systems.jp/,https://www.a-systems.jp/recruit/recruit-sitemap.html,,,,1:有,0:無,0:無,0:無,
9330001008538,株式会社サイバーレコード,43:熊本県,208人,G:情報通信業,,,,,,,,,,
9260001035390,株式会社ＤＢ　Ｓｔｕｄｉｏ,33:岡山県,68人,G:情報通信業,,,,,,,,,,
9020001027874,ＴＴピーエム株式会社,14:神奈川県,159人,G:情報通信業,,,,,,,,,,
9500001003380,株式会社ファインデックス,13:東京都,319人,G:情報通信業,http://findex.co.jp,,,,,,,,,
9010401177304,株式会社ランタン,13:東京都,2人,G:情報通信業,,,,,,,,,,
9010001222666,株式会社ＦＵＮＤｉＴ,13:東京都,43人,G:情報通信業,,,,,,,,,,
9480005005995,一般社団法人徳島新聞社,36:徳島県,214人,G:情報通信業,,,,,,,,,,
6011001069935,ＣＲＩＴＥＯ株式会社,13:東京都,125人,G:情報通信業,https://www.criteo.com/jp/,,,,,,,,,
9010001137889,かっこ株式会社,13:東京都,80人,G:情報通信業,https://cacco.co.jp/sustainability/,,,,,,,,,
6010001206829,株式会社知財図鑑,13:東京都,6人,G:情報通信業,,,,,,,,,,
9010001227129,ハウスケープ株式会社,13:東京都,0人,G:情報通信業,,,,,,,,,,
9021001020308,デジタルプロセス株式会社,14:神奈川県,450人,G:情報通信業,http://www.dipro.co.jp/,,,,,,,,,
5430001073807,株式会社シンカリンク,01:北海道,2人,G:情報通信業,https://sinka.link,,,,,,,,,
7180001059053,株式会社ＣＭＣ　Ｓｏｌｕｔｉｏｎｓ,23:愛知県,101人,G:情報通信業,,,,,,,,,,
7360001019006,株式会社ＧＶＣ,47:沖縄県,16人,G:情報通信業,https://gvc.co.jp/,,,,,,,,,
5011001150530,株式会社ＧＳＳＬＡＢ,13:東京都,0人,G:情報通信業,,,,,,,,,,
9021001067407,株式会社ｔａｙｏ,27:大阪府,10人,G:情報通信業,,,,,,,,,,
8110001002753,株式会社スペースアルフアーシステム,15:新潟県,28人,G:情報通信業,https://www.sas-system.co.jp/,,,,,,,,,
6010801030619,クレプシードラ株式会社,13:東京都,1人,G:情報通信業,,,,,,,,,,
9011501002814,蓼科情報株式会社,13:東京都,196人,G:情報通信業,https://tatesina.co.jp/recruitment/environment/,,,,,,,,,
2300001003993,株式会社ジェピック,41:佐賀県,6人,G:情報通信業,http://www.e-jpic.co.jp,,,,,,,,,
9180003023773,合同会社エニーウェイ,23:愛知県,1人,G:情報通信業,,,,,,,,,,
7013301030484,株式会社ＴＯＫＹＯ,13:東京都,8人,G:情報通信業,,,,,,,,,,
9010001153795,株式会社ＳＩＣイーワークス,13:東京都,14人,G:情報通信業,,,,,,,,,,
1020001145667,株式会社Ｇａｋｕ,13:東京都,5人,G:情報通信業,,,,,,,,,,
1040001125741,Ｌｉｇｈｔｈｏｕｓｅ株式会社,13:東京都,1人,G:情報通信業,,,,,,,,,,
3440001008169,株式会社Ｒ－ｓｔｙｌｅ,01:北海道,3人,G:情報通信業,https://r-style1.co.jp/,,,,,,,,,
4010401056479,株式会社インフォネクスト,14:神奈川県,1人,G:情報通信業,,,,,,,,,,
7010701030065,セーフィー株式会社,13:東京都,568人,G:情報通信業,https://safie.co.jp/recruit/,,,,,,,,,
3080401004333,株式会社ハブ,22:静岡県,20人,G:情報通信業,http://www.habu-jp.com/,,,,,,,,,
6360001004693,株式会社沖縄ソフトウェアセンター,47:沖縄県,97人,G:情報通信業,https://www.osc-corp.co.jp/,,,,,,,,,
8010001026663,株式会社ハル研究所,13:東京都,229人,G:情報通信業,,,,,,,,,,
9120001120685,株式会社あすか,27:大阪府,16人,G:情報通信業,,,,,,,,,,
9410001000214,株式会社秋田ケーブルテレビ,05:秋田県,115人,G:情報通信業,,,,,,,,,,
3120001231876,株式会社エボリューション,27:大阪府,6人,G:情報通信業,,,,,,,,,,
5180001004192,株式会社シー・イー・エス,23:愛知県,12人,G:情報通信業,https://c-e-s.co.jp,,3人/1人/0人,0人/0人/0人,,1:有,1:有,1:有,0:無,
1010001073852,株式会社プロシップ,13:東京都,276人,G:情報通信業,http://www.proship.co.jp/,,,,,,,,,
9010401161588,株式会社ＴＹＯＮ,13:東京都,12人,G:情報通信業,,,,,,,,,,
1010001067912,株式会社ＮＴＴドコモ,13:東京都,13896人,G:情報通信業,http://www.nttdocomo.co.jp/,,,,,,,,,
1010701004248,株式会社シー・エス・エス,13:東京都,168人,G:情報通信業,http://www.css-net.co.jp,,,,,,,,,
5020003020162,合同会社Ｌａｎｉ,14:神奈川県,4人,G:情報通信業,https://lani.co.jp/,https://lani.co.jp/recruit,,,,,,,,
8130001081481,株式会社ＷＡＮＩ　ＤＥＳＩＧＮ,26:京都府,2人,G:情報通信業,https://wani.design/,,,,,,,,,
2140001107332,株式会社エアグラウンド,28:兵庫県,7人,G:情報通信業,,,,,,,,,,
2150001017051,株式会社テック,13:東京都,2人,G:情報通信業,https://tec-resous.com/,,,,,,,,,
9012401021581,第一ライフテクノクロス株式会社,13:東京都,1499人,G:情報通信業,https://www.dl-techx.com/,,,,,,,,,
9450001010804,株式会社エレメント,01:北海道,6人,G:情報通信業,,,,,,,,,,
9500001005682,株式会社ラフスタイル,38:愛媛県,3人,G:情報通信業,,,,,,,,,,
3011001122556,株式会社Ｃｏｌｏｒｆｕｌ　Ｐａｌｅｔｔｅ,13:東京都,160人,G:情報通信業,,,,,,,,,,
1011001072836,株式会社アルム,13:東京都,51人,G:情報通信業,,,,,,,,,,
9130001010448,エフビットコミュニケーションズ株式会社,26:京都府,190人,G:情報通信業,,,,,,,,,,
8013301018504,テレコムサービス株式会社,13:東京都,40人,G:情報通信業,,,,,,,,,,
1011101045378,株式会社無限,13:東京都,165人,G:情報通信業,,,,,,,,,,
3011101010181,株式会社システム・フジ,13:東京都,25人,G:情報通信業,https://www.systemfuji.co.jp,https://www.systemfuji.co.jp,,,,1:有,0:無,1:有,1:有,
1012801018219,株式会社タイミー,13:東京都,1635人,G:情報通信業,,,,,,,,,,
1011001056723,ソフトベンチャー株式会社,13:東京都,21人,G:情報通信業,,,,,,,,,,
1010401062934,株式会社ＮＴＴ　ＤＡＴＡ，Ｉｎｃ．,13:東京都,79人,G:情報通信業,https://www.nttdata.com/global/ja/sustainability/dei/,,,,,,,,,
1011001071136,エアステージ株式会社,13:東京都,35人,G:情報通信業,,,,,,,,,,
1020001015606,株式会社ＣＩＪ,14:神奈川県,818人,G:情報通信業,https://www.cij.co.jp/company/wlb/,,,,,,,,,
5180001140153,株式会社コンステインジ,23:愛知県,30人,G:情報通信業,,,,,,,,,,
8290001021579,株式会社ゼンリンジオ技術研究所,40:福岡県,61人,G:情報通信業,http://www.geogiken.co.jp/,,,,,,,,,
8120001210735,コンセプトデザイン株式会社,13:東京都,30人,G:情報通信業,https://conceptors.co.jp/,,12人/1人/1人,3人/0人/0人,,1:有,1:有,1:有,0:無,入社後は先輩社員によるOJTを中心に、業務の基礎から丁寧に指導します。定期的な面談を実施し、不安や悩みを取り除きながら早期の活躍をバックアップする体制を整えています。
3010001073512,株式会社ウイング,13:東京都,50人,G:情報通信業,,,,,,,,,,
6010001097517,株式会社ネクストジェン,13:東京都,139人,G:情報通信業,http://www.nextgen.co.jp,,,,,,,,,
6011101032355,株式会社グリオグルーヴ,13:東京都,77人,G:情報通信業,https://www.griotgroove.com/,,,,,,,,,
1120001174177,株式会社サブスクセールスパートナー,27:大阪府,18人,G:情報通信業,https://subsc-salespartner.co.jp/about/,,,,,,,,,
2011401013240,株式会社クレアビジョン,13:東京都,59人,G:情報通信業,,,,,,,,,,
9180001104897,ＲＥＶＩＶＡＬ　ＬＩＮＫ株式会社,13:東京都,36人,G:情報通信業,,,,,,,,,,
9140001035774,アソート株式会社,28:兵庫県,112人,G:情報通信業,,,,,,,,,,
1021001035552,サンアンドサンズコンサルティング株式会社,14:神奈川県,43人,G:情報通信業,https://sunsons.jp/cn3/recruit.html,,,,,,,,,
1020001130735,株式会社ＩＯＢＩ,27:大阪府,20人,G:情報通信業,https://iobi.co.jp/,,,,,,,,,
7010001120888,コグニザントジャパン株式会社,13:東京都,850人,G:情報通信業,,,,,,,,,,
1030001082892,株式会社太陽カンパニー,13:東京都,20人,G:情報通信業,https://taiyo-company.com/company/,,,,,,,,,
1170001000923,紀陽情報システム株式会社,30:和歌山県,254人,G:情報通信業,https://www.k-js.co.jp/,,,,,,,,,
1010601049830,株式会社エムアイ・ラボ,13:東京都,5人,G:情報通信業,,,,,,,,,,
8040001093164,株式会社ＴｅＤａＭａ,13:東京都,3人,G:情報通信業,https://blog.tedama.co.jp/,,,,,,,,,
9180001122024,株式会社オンカ,23:愛知県,8人,G:情報通信業,,,,,,,,,,
5140001023097,株式会社ポータルズ,27:大阪府,21人,G:情報通信業,https://www.portals.co.jp/,,,,,,,,,
5150003002511,合同会社エンターパラダイス,29:奈良県,4人,G:情報通信業,,,,,,,,,,
1140001056258,株式会社システムリサーチ,28:兵庫県,131人,G:情報通信業,https://www.sr-co.co.jp/about/wlb.html,,,,,,,,,
1120002057439,株式会社トゥーウェイズ,27:大阪府,4人,G:情報通信業,,,,,,,,,,
2010001011737,エイ・エス株式会社,13:東京都,50人,G:情報通信業,http://www.as-c.co.jp/,http://www.as-c.co.jp/,,,,1:有,0:無,1:有,0:無,
9010901053632,株式会社ｃａｓｅ,13:東京都,1人,G:情報通信業,https://video-case.co.jp/,,,,,0:無,0:無,0:無,0:無,
1230001000850,株式会社ケーブルテレビ富山,16:富山県,117人,G:情報通信業,,,,,,,,,,
1180001059447,株式会社エイエイエスティ,23:愛知県,238人,G:情報通信業,,,,,,,,,,
1260001010384,株式会社オーディオストック,33:岡山県,33人,G:情報通信業,https://audiostock.co.jp/,,,,,,,,,
1180001031777,トランコムＩＴＳ株式会社,23:愛知県,28人,G:情報通信業,,,,,,,,,,
8010001035763,株式会社アーティスソリューションズ,13:東京都,115人,G:情報通信業,,,,,,,,,,
4010401002961,インテグレイトシステム株式会社,13:東京都,21人,G:情報通信業,,,,,,,,,,
4010401025500,株式会社フォーシーズンズプレス,13:東京都,4人,G:情報通信業,,,,,,,,,,
4011101020849,株式会社アズワン,13:東京都,25人,G:情報通信業,http://az1.co.jp/,,,,,,,,,
1290801009078,日鉄ソリューションズ九州株式会社,40:福岡県,698人,G:情報通信業,https://www.nssol.nipponsteel.com/kyushu/,,,,,,,,,
9290001028879,フューチャーネット株式会社,40:福岡県,43人,G:情報通信業,http://future-n.co.jp/,,,,,1:有,,,,
8010501053397,株式会社３Ｍａｒｋｅｔｉｎｇ,13:東京都,3人,G:情報通信業,https://3mrk.com/,,,,100%/0%/    %,1:有,0:無,0:無,0:無,
1340001003487,株式会社ハイパーソフト,46:鹿児島県,43人,G:情報通信業,https://hypersoft.co.jp/,,,,,,,,,
6030001128427,イイナソフト株式会社,13:東京都,5人,G:情報通信業,,,,,,,,,,
8210001015340,株式会社ネットショップ支援室,18:福井県,64人,G:情報通信業,https://recruit.netshop-pro.jp/welfare/,,,,,,,,,
1350001008353,ＢＴＶ株式会社,45:宮崎県,109人,G:情報通信業,https://portal.btvm.ne.jp/,,,,,,,,,
3011403003643,株式会社ＰＭ　Ｃｌｕｂ,13:東京都,0人,G:情報通信業,,,,,,,,,,
4011001063527,オープンワーク株式会社,13:東京都,21人,G:情報通信業,http://www.vorkers.com/,,,,,,,,,
5010001217942,株式会社ＴＯ．Ｓ‐Ｗｏｒｋｓ,13:東京都,13人,G:情報通信業,,,,,,,,,,
6013301036160,ＬＲテックス株式会社,13:東京都,35人,G:情報通信業,http://www.lrtechs.co.jp/,,,,,,,,,
6011001125812,Ｓｔｅｌｌａ　Ｈｏｌｄｉｎｇｓ株式会社,13:東京都,9人,G:情報通信業,,,,,,,,,,
1360001015126,株式会社ビーンズラボ,47:沖縄県,342人,G:情報通信業,,,,,,,,,,
2010001134133,ＴＩＳＩ株式会社,13:東京都,10404人,G:情報通信業,https://www.tisi.jp/,,,,,,,,,
1010001098817,株式会社ＥＸＣＥＥＤ,13:東京都,72人,G:情報通信業,https://www.excd.jp/top,,,,,,,,,
8300001009969,インベイズ株式会社,41:佐賀県,3人,G:情報通信業,,,,,,,,,,
8120001139297,株式会社ＩＮＦＯＲＭ,27:大阪府,2人,G:情報通信業,,,,,,,,,,
2010001154503,株式会社ワイズマン,03:岩手県,519人,G:情報通信業,http://www.wiseman.co.jp/,,,,,,,,,
5011001145051,株式会社ｒｅｍｅｎｔａｌ,13:東京都,0人,G:情報通信業,https://kimochi-care.net/,https://kimochi-care.net/,,,,0:無,0:無,0:無,0:無,
5011101078630,株式会社ｐａｌａｎ,13:東京都,24人,G:情報通信業,https://palan.co.jp/,,,,,,,,,
8011001068852,株式会社テラスカンパニー,13:東京都,17人,G:情報通信業,,,,,,,,,,
1010401062703,株式会社ｍｅｄｉｂａ,13:東京都,412人,G:情報通信業,http://www.mediba.jp/,,,,,,,,,
2010001010788,伊藤忠テクノソリューションズ株式会社,13:東京都,6426人,G:情報通信業,https://www.ctc-g.co.jp/company/sustainability/evaluation/next-generation.html,,,,,,,,,
2010001143464,株式会社アルファネット,13:東京都,70人,G:情報通信業,http://www.alfanet.co.jp,,,,,,,,,
2010001080385,プロフェッショナル・ネットワーク・コンサルティング株式会社,13:東京都,83人,G:情報通信業,,,,,,,,,,
2320001004874,株式会社ＡＴＴＳ,44:大分県,111人,G:情報通信業,http://www.att-sys.co.jp/,https://att-sys.co.jp/recruitlist/,2人/3人/6人,0人/1人/2人,,1:有,0:無,1:有,1:有,
2013301024895,株式会社スタイラジー,13:東京都,185人,G:情報通信業,https://www.stylagy.co.jp/,,,,,,,,,
8010401089558,株式会社バイオス,13:東京都,185人,G:情報通信業,https://biosjp.com/jp/,,,,,,,,,
2011601015342,トップハンズ株式会社,13:東京都,4人,G:情報通信業,,,,,,,,,,
7290001092191,株式会社モノリシックデザイン,40:福岡県,16人,G:情報通信業,https://monolithic.design/,,,,,,,,,
2010701022694,株式会社日本コンピュータ開発,14:神奈川県,101人,G:情報通信業,https://www.nck-tky.co.jp/,,,,,,,,,
2011001149856,アンカーテクノロジーズ株式会社,13:東京都,11人,G:情報通信業,http://anchor-u.com/wp-content/uploads/AT_action_plan.pdf,https://open.talentio.com/r/1/c/anchor-u/homes/4042,,,,1:有,1:有,1:有,0:無,
2012401010038,ヴェクソンインターナショナル株式会社,13:東京都,41人,G:情報通信業,https://vexon-intnl.com/,,,,,,,,,
8010401052623,株式会社日本ビジネスマネージ,13:東京都,43人,G:情報通信業,,,,,,,,,,
2012701012725,株式会社ｇｒｉｎｌｅａｐ,13:東京都,26人,G:情報通信業,https://grinleap.co.jp/employment/,,,,,,,,,
5140001103238,株式会社Ａ－ＺｉＰ,28:兵庫県,41人,G:情報通信業,,,,,,,,,,
5012703002432,合同会社北村由衣,19:山梨県,1人,G:情報通信業,https://yui-kitamura.co.jp/,,,,,0:無,0:無,0:無,1:有,
2011101054972,株式会社テクノスジャパン,13:東京都,248人,G:情報通信業,http://www.tecnos.co.jp/,,,,,,,,,
2011101068221,株式会社ＴＲＵＳＴ,13:東京都,7人,G:情報通信業,,,,,,,,,,
7020001084793,株式会社テックフィード,14:神奈川県,2人,G:情報通信業,,,,,,,,,,
1011001151474,株式会社グラディート,13:東京都,28人,G:情報通信業,,,,,,,,,,
3290001061522,株式会社ｅｉ－ｌｉｆｅ,40:福岡県,2人,G:情報通信業,,,,,,,,,,
9340001000997,鹿児島テレビ放送株式会社,46:鹿児島県,125人,G:情報通信業,,,,,,,,,,
2120001112020,株式会社コムエッジ,27:大阪府,25人,G:情報通信業,,,,,,,,,,
7180001110443,株式会社リミックス,23:愛知県,48人,G:情報通信業,,,,,,,,,,
8010601044684,ＴＡＮＡＡＫＫ株式会社,13:東京都,19人,G:情報通信業,,,,,,,,,,
8011101082761,Ｚｕｖａ株式会社,13:東京都,1人,G:情報通信業,,,,,,,,,,
5011101059201,株式会社アクセルマーケティング,13:東京都,30人,G:情報通信業,https://nowcash.c-accel.co.jp/,,,,,,,,,
1010401178557,株式会社ピクセルグロー,13:東京都,1人,G:情報通信業,https://pixel-grow.com,,,,,,,,,
1020001131601,株式会社マレ,14:神奈川県,22人,G:情報通信業,,,,,,,,,,
1010001132765,ゴマブックス株式会社,13:東京都,14人,G:情報通信業,http://www.goma-books.com/,,,,,,,,,
1011005010024,一般社団法人版元ドットコム,13:東京都,3人,G:情報通信業,https://www.hanmoto.com/,,,,,,,,,
1010001234537,株式会社ネオシステムズ,13:東京都,7人,G:情報通信業,,,,,,,,,,
1010401183755,株式会社日本広告創研,13:東京都,1人,G:情報通信業,https://jac-lab.com/,,,,,,,,,
1010001230222,株式会社ユーザベース,13:東京都,991人,G:情報通信業,,,,,,,,,,
7010401160591,ＮＵＮＷ株式会社,13:東京都,20人,G:情報通信業,https://www.nunw.jp/,,,,,,,,,
2010601030582,株式会社ウェッブアイ,13:東京都,226人,G:情報通信業,,,,,,,,,,
2010001236532,ＡＡＡＳＯＢＯ株式会社,13:東京都,1人,G:情報通信業,,,,,,,,,,
2011101038323,ＳＡＬＥＳ　ＲＯＢＯＴＩＣＳ株式会社,13:東京都,136人,G:情報通信業,,,,,,,,,,
1011001160888,ＫＡＧＵＹＡ株式会社,13:東京都,1人,G:情報通信業,,,,,,,,,,
1010001257629,株式会社Ａｑｕｎｉａ,13:東京都,2人,G:情報通信業,,,,,,,,,,
2010401159267,ＶＡＲＹＴＥＸ株式会社,13:東京都,3人,G:情報通信業,,,,,,,,,,
2010001147325,株式会社ネグナック,13:東京都,196人,G:情報通信業,,,,,,,,,,
2010401118883,テテマーチ株式会社,13:東京都,60人,G:情報通信業,,,,,,,,,,
2010001154932,スマートエムアイ株式会社,09:栃木県,6人,G:情報通信業,,,,,,,,,,
2080001015979,株式会社アームズ,22:静岡県,8人,G:情報通信業,,,,,,,,,,
3010701007934,ノックスデータ株式会社,13:東京都,178人,G:情報通信業,,,,,,,,,,
2120001015215,株式会社伸和トータルエンジニアリング,27:大阪府,25人,G:情報通信業,,,,,,,,,,
2370001005736,株式会社ドコモＣＳ東北,04:宮城県,922人,G:情報通信業,http://www.docomo-cs-tohoku.co.jp/,,,,,,,,,
2490001001178,株式会社高知放送,39:高知県,128人,G:情報通信業,,,,,,,,,,
2180001150766,株式会社レジスタンス・ソル,23:愛知県,15人,G:情報通信業,,,,,,,,,,
2060003003595,ＡＢＣ株式会社,23:愛知県,5人,G:情報通信業,https://abckk.dev,,,,,,,,,
3011001156819,株式会社Ｃｌａｆｉｔ　Ｃｏｎｓｕｌｔｉｎｇ,13:東京都,60人,G:情報通信業,,,,,,,,,,
3010401144482,エステートテクノロジーズ株式会社,13:東京都,13人,G:情報通信業,,,,,,,,,,
3010401003184,インフォマートジャパン株式会社,13:東京都,2人,G:情報通信業,https://infomart-japan.com/company_profile/,,,,,,,,,
2280001003542,いずもトータルネット株式会社,32:島根県,4人,G:情報通信業,https://www.izumo-it.co.jp,,,,,,,,,
2290001005166,コスミックビジネス株式会社,40:福岡県,85人,G:情報通信業,https://www.cosmicb.co.jp/,,,,,,,,,
2380003001988,天糸瓜ネット合同会社,07:福島県,4人,G:情報通信業,,,,,,,,,,
3010001136327,日本アタウェイ株式会社,13:東京都,93人,G:情報通信業,,,,,,,,,,
2290001084094,ＳＭＡＲＴＩ株式会社,40:福岡県,15人,G:情報通信業,http://www.smartichip.co.jp,,,,,,,,,
2380001000918,株式会社テレビユー福島,07:福島県,89人,G:情報通信業,,,,,,,,,,
4360001008556,株式会社ＯＤＮソリューション,47:沖縄県,104人,G:情報通信業,,,,,,,,,,
4120002003225,株式会社レモンタルト,13:東京都,29人,G:情報通信業,,,,,,,,,,
3010001147836,株式会社Ｃｌｏｃｃａ,13:東京都,5人,G:情報通信業,,,,,,,,,,
3060001002210,株式会社下野新聞社,09:栃木県,311人,G:情報通信業,,,,,,,,,,
3010001181141,株式会社ＣＣＮグループ,13:東京都,151人,G:情報通信業,https://ccn-g.co.jp/,,,,,,,,,
3010001087140,株式会社エムコスミック,13:東京都,204人,G:情報通信業,,,,,,,,,,
3010001107063,エーアイテクノロジー株式会社,13:東京都,65人,G:情報通信業,,,,,,,,,,
3120001114726,ＤＩＴ株式会社,13:東京都,8人,G:情報通信業,https://www.dolce-it.co.jp/about/,,,,,,,,,
3010401019619,株式会社ドコモＣＳ,13:東京都,5242人,G:情報通信業,http://www.docomo-cs.co.jp/index.html,,,,,,,,,
3010601021713,株式会社日立社会情報サービス,13:東京都,2809人,G:情報通信業,http://www.hitachi-sis.co.jp/index.html,,,,,,,,,
3010401014925,鈴与シンワート株式会社,13:東京都,786人,G:情報通信業,http://www.shinwart.co.jp/,,,,,,,,,
3010701002794,株式会社ブライエ,13:東京都,336人,G:情報通信業,https://www.brigh-e.co.jp/,,,,,,,,,
3030001167262,ジョブモア株式会社,11:埼玉県,1人,G:情報通信業,https://jobmore.co.jp/,,,,,,,,,
4010701000269,株式会社アイ・エス・ビー,13:東京都,1025人,G:情報通信業,https://www.isb.co.jp/,,,,,,,,,
3011001109405,株式会社ｏｎｅ　ｎｅｔ,13:東京都,100人,G:情報通信業,,,,,,,,,,
7490001000489,クイックソフト株式会社,39:高知県,50人,G:情報通信業,,,,,,,,,,
3010401135077,ＲＩＫＡＩ株式会社,13:東京都,31人,G:情報通信業,,,,,,,,,,
3330001027452,株式会社プレアデスセブン,43:熊本県,5人,G:情報通信業,,,,,,,,,,
3011001125518,株式会社ＨＵＭＡＮ　ＬＩＦＥ,13:東京都,120人,G:情報通信業,,,,,,,,,,
3010501055043,株式会社ＶＥＸＹ　ｓｏｌｕｔｉｏｎ’ｓ,13:東京都,10人,G:情報通信業,https://vexy-solutions.co.jp/,,,,,0:無,0:無,0:無,0:無,
7010001010057,株式会社アドバンスドシステムテクノロジー,13:東京都,200人,G:情報通信業,,,,,,,,,,
8010401066326,デジタルサーカス株式会社,13:東京都,40人,G:情報通信業,,,,,,,,,,
3120001097855,コーデソリューション株式会社,27:大阪府,25人,G:情報通信業,http://www.codesol.jp/,,,,,,,,,
4010901037565,株式会社ＨＯＮＵ,13:東京都,3人,G:情報通信業,https://honu.tokyo,,,,,,,,,
3120001114313,エムダブ株式会社,27:大阪府,3人,G:情報通信業,http://www.webkikaku.com,,,,,,,,,
3120001141943,株式会社プラソル,27:大阪府,8人,G:情報通信業,,,,,,,,,,
4190001010554,松阪ケーブルテレビ・ステーション株式会社,24:三重県,114人,G:情報通信業,,,,,,,,,,
4140001024798,株式会社職人さんドットコム,14:神奈川県,4人,G:情報通信業,https://www.shokunin-san.com/,,,,,,,,,
4020001088517,コムリンクス株式会社,14:神奈川県,5人,G:情報通信業,,,,,,,,,,
3150001004809,近鉄ケーブルネットワーク株式会社,29:奈良県,310人,G:情報通信業,http://www.kcn.jp/,,,,,,,,,
9011101000838,株式会社アズ・バーズ,13:東京都,2人,G:情報通信業,,,,,,,,,,
3180001107237,アズウェル株式会社,23:愛知県,59人,G:情報通信業,,,,,,,,,,
9010601056902,スカイゲートテクノロジズ株式会社,13:東京都,27人,G:情報通信業,,,,,,,,,,
3190001016882,株式会社バース,24:三重県,10人,G:情報通信業,,,,,,,,,,
5430001061010,株式会社アドバンスフロー,01:北海道,7人,G:情報通信業,,,,,,,,,,
3120002064771,株式会社スマレジ,27:大阪府,279人,G:情報通信業,https://corp.smaregi.jp/,,,,,,,,,
5010001254639,株式会社ＰｒｉｍａｒｙＴｏｕｃｈ,13:東京都,1人,G:情報通信業,https://www.primarytouch.co.jp/,,,,,,,,,
6010501031529,株式会社オタツー,13:東京都,12人,G:情報通信業,,,,,,,,,,
3140001070109,株式会社ヒーロー,27:大阪府,21人,G:情報通信業,https://www.herojp.co.jp,,,,,,,,,
4310001004295,ＰＩＥＭ株式会社,40:福岡県,25人,G:情報通信業,,,,,,,,,,
3290001048726,久留米情報システム株式会社,40:福岡県,114人,G:情報通信業,https://www.kisc.co.jp,,,,,,,,,
5010701016297,ＮＣＤテクノロジー株式会社,13:東京都,170人,G:情報通信業,,,,,,,,,,
5011501023203,株式会社ＤＰパートナーズ,13:東京都,2人,G:情報通信業,https://dp-partners.co.jp/about/,,,,,,,,,
1010001019335,株式会社ＣＡＣ　Ｈｏｌｄｉｎｇｓ,13:東京都,1098人,G:情報通信業,,,,,,,,,,
5120001200862,株式会社コムイット,13:東京都,3人,G:情報通信業,https://www.c-i-t.jp,,,,,,,,,
5020001056695,ＡＩ‐Ｔｅｃｈ．Ｉｎｓｔｉｔｕｔｅ株式会社,13:東京都,3人,G:情報通信業,,,,,,,,,,
3220001003282,株式会社システムサポートホールディングス,17:石川県,52人,G:情報通信業,https://www.sts-hd.co.jp,,,,,,,,,
5011003013487,ＵＴＡＴＡ合同会社,13:東京都,4人,G:情報通信業,https://utata.co.jp/,,,,,,,,,
4010001226085,株式会社エクスレイ,13:東京都,9人,G:情報通信業,https://www.officesoudan.com/,,,,,,,,,
4010001012386,株式会社ＮＴＴデータ・フィナンシャルテクノロジー,13:東京都,2201人,G:情報通信業,http://www.nttdft.com/,,,,,,,,,
5260001009274,ウェブクリエイティブ株式会社,33:岡山県,10人,G:情報通信業,https://web3.co.jp/,,,,,,,,,
1011101022278,株式会社ランズ,13:東京都,8人,G:情報通信業,,,,,,,,,,
3360001002469,沖縄日立ネットワークシステムズ株式会社,47:沖縄県,264人,G:情報通信業,https://www.ohns.co.jp/,,,,,,,,,
3010701002836,株式会社グローバルシステム,13:東京都,5人,G:情報通信業,http://sys-global.co.jp/,,,,,,,,,
4010001071259,ＳＡＰジャパン株式会社,13:東京都,1416人,G:情報通信業,,,,,,,,,,
1011001070303,日本システム運用センター株式会社,13:東京都,180人,G:情報通信業,,,,,,,,,,
3430001074848,株式会社ｐｉｘｙｄａ,01:北海道,52人,G:情報通信業,http://www.pixyda.co.jp/,,,,,,,,,
6010401097397,株式会社イー・シー・エス,13:東京都,31人,G:情報通信業,,,,,,,,,,
1020001037212,株式会社クロステック,14:神奈川県,195人,G:情報通信業,http://www.xtec.co.jp/,,,,,,,,,
5450001014701,ＩＴＫシステムズ株式会社,01:北海道,2人,G:情報通信業,,,,,,,,,,
6040001119185,株式会社ケアリンク,12:千葉県,8人,G:情報通信業,,,,,,,,,,
6010901054484,ドットスタン株式会社,13:東京都,3人,G:情報通信業,,,,,,,,,,
3390001006640,株式会社日情システムソリューションズ,06:山形県,145人,G:情報通信業,https://www.nichijosys.com/,,,,,,,,,
5220001005062,株式会社日本エージェンシー,17:石川県,55人,G:情報通信業,,,,,,,,,,
6020003020574,合同会社ＰｕｒａＶｉｄａ,38:愛媛県,1人,G:情報通信業,,,,,,,,,,
4011101014999,株式会社東京システム技研,13:東京都,180人,G:情報通信業,https://www.tsl.co.jp/,,,,,,,,,
6140001087083,Ｂ．Ｃｒｅａｔｉｏｎ株式会社,28:兵庫県,7人,G:情報通信業,https://bcreation.jp/,,,,,,,,,
6140001104012,株式会社プラスシグナル,28:兵庫県,18人,G:情報通信業,,,,,,,,,,
4010401045903,ドコモ・テクノロジ株式会社,13:東京都,663人,G:情報通信業,https://www.docomo-tech.co.jp/,,,,,,,,,
4010001120965,Ｓａｎｓａｎ株式会社,13:東京都,2064人,G:情報通信業,http://jp.corp-sansan.com/,,,,,,,,,
6021001080684,株式会社ＯＲＩＴ．,13:東京都,1人,G:情報通信業,,,,,,,,,,
4010401078085,日本オラクル株式会社,13:東京都,2131人,G:情報通信業,https://www.oracle.com/jp/careers/diversity-inclusion/policy/,,,,,,,,,
4010401058467,テクマトリックス株式会社,13:東京都,650人,G:情報通信業,http://www.techmatrix.co.jp,,,,,,,,,
4010001080243,株式会社グリフィン,13:東京都,263人,G:情報通信業,https://griffin-net.co.jp/,,,,,,,,,
4011001027663,株式会社スカラ,13:東京都,187人,G:情報通信業,,,,,,,,,,
4012401004855,日本テクノストラクチャア株式会社,13:東京都,278人,G:情報通信業,,,,,,,,,,
4010901003823,株式会社コア,13:東京都,1145人,G:情報通信業,https://www.core.co.jp/company/womenactivity,,,,,,,,,
1050001020289,大栄システム株式会社,08:茨城県,120人,G:情報通信業,http://www.daiei-sys.co.jp/,https://www.daiei-sys.co.jp/recruit/,0人/1人/0人,0人/0人/0人,,1:有,1:有,1:有,1:有,
4011601015654,株式会社ハウテレビジョン,13:東京都,78人,G:情報通信業,,,,,,,,,,
4010001219436,株式会社ＪＰデジタル,13:東京都,109人,G:情報通信業,https://jp-digital.jp/,,,,,,,,,
7010001167203,株式会社サザンウィッシュ,13:東京都,22人,G:情報通信業,,,,,,,,,,
7010001264116,ＳＵＰＥＲ　ＬＡＢＥＬ　ＪＡＰＡＮ株式会社,13:東京都,4人,G:情報通信業,,,,,,1:有,0:無,0:無,0:無,
4030001060202,株式会社グローバルソフトウェア,11:埼玉県,111人,G:情報通信業,http://www.globals.jp/,,,,,,,,,
7010901041201,株式会社十六小節,13:東京都,5人,G:情報通信業,,,,,,,,,,
4020001007518,株式会社日立ＩＣＴビジネスサービス,14:神奈川県,2277人,G:情報通信業,https://www.hitachi-bs.co.jp/,,,,,,,,,
7010801019339,株式会社クインネット,13:東京都,4人,G:情報通信業,,,,,,,,,,
4020001042589,株式会社システムアイ,14:神奈川県,413人,G:情報通信業,,,,,,,,,,
7011001151171,株式会社Ｅｎｇｉｎｅｅ,13:東京都,16人,G:情報通信業,https://www.enginee.co.jp/,,,,,,,,,
7021003011570,株式会社パースツリー,14:神奈川県,3人,G:情報通信業,,,,,,,,,,
4080001017602,株式会社いいね,22:静岡県,32人,G:情報通信業,http://iine.jpn.com/,,,,,,,,,
7012401039196,Ｍ＆Ａ　Ｌｅａｄ株式会社,13:東京都,11人,G:情報通信業,https://malead.co.jp/,,,,,,,,,
4040001076692,サミットテクニック株式会社,13:東京都,77人,G:情報通信業,,,,,,,,,,
7120001243141,メディグル株式会社,27:大阪府,18人,G:情報通信業,,,,,,,,,,
7120001233679,株式会社Ｃｈｕｂｂｙ,27:大阪府,2人,G:情報通信業,,,,,,,,,,
7120001237738,サイバーコマンド株式会社,13:東京都,50人,G:情報通信業,,,,,,,,,,
4110001003425,株式会社テレビ新潟放送網,15:新潟県,91人,G:情報通信業,,,,,,,,,,
8011001150453,株式会社ＡＤＣ,13:東京都,3人,G:情報通信業,https://www.ad-c.com/,,,,,,,,,
4130001037578,京都エンタテインメントワークス株式会社,26:京都府,3人,G:情報通信業,,,,,,,,,,
8010401190803,ＤＸアカデミー株式会社,13:東京都,6人,G:情報通信業,,,,,,,,,,
8011201012767,株式会社ＮＯＮＡＧＲＡＭ　ＣＲＥＡＴＥ,13:東京都,8人,G:情報通信業,https://9gram.net/,,,,,,,,,
4210001003043,株式会社福井新聞社,18:福井県,283人,G:情報通信業,http://www.fukuishimbun.co.jp/,,,,,,,,,
7500001023348,株式会社ＡＴＥＬＩＥＲ,38:愛媛県,2人,G:情報通信業,,,,,,,,,,
8011001128788,株式会社Ｃｌａｐｐｅｒｓ,13:東京都,15人,G:情報通信業,https://clappers.jp,,,,,,,,,
8011101009459,株式会社情報システムエンジニアリング,13:東京都,88人,G:情報通信業,,,,,,,,,,
4180001036757,株式会社システムクラフト,23:愛知県,33人,G:情報通信業,http://www.sys-craft.co.jp/,,,,,,,,,
7460301004498,株式会社ファイブ,01:北海道,25人,G:情報通信業,,,,,,,,,,
8010401138488,株式会社リアクトウォール,13:東京都,12人,G:情報通信業,,,,,,,,,,
8180001119079,ＧｒｏｗＧｒｏｕｐ株式会社,23:愛知県,2人,G:情報通信業,http://grow-group.jp/,,,,,,,,,
8030001128697,株式会社ネクストステージ,13:東京都,3人,G:情報通信業,,,,,,,,,,
8012401042769,株式会社ＡｐｐＴａｌｅｎｔＨｕｂ,13:東京都,1人,G:情報通信業,,,,,,,,,,
8030002016471,有限会社エムエンタープライズ,11:埼玉県,5人,G:情報通信業,http://m-enterprise.muse.weblife.me/index.html/index.html,,,,,,,,,
8012301011535,株式会社ａｎｄ．ｄ,13:東京都,1人,G:情報通信業,,,,,,,,,,
4230001005772,株式会社アルゴ,16:富山県,33人,G:情報通信業,,,,,,,,,,
8012401013456,１－ＵＰスタジオ株式会社,13:東京都,102人,G:情報通信業,,,,,,,,,,
8260001037999,クロスコアテクノロジー株式会社,33:岡山県,5人,G:情報通信業,,,,,,,,,,
8430001041505,株式会社アイコン,01:北海道,40人,G:情報通信業,https://iconfor.co.jp,,,,,,,,,
5010001006767,富士通Ｊａｐａｎ株式会社,14:神奈川県,6700人,G:情報通信業,https://global.fujitsu/ja-JP/subsidiaries/fjj,,,,,,,,,
9011101104333,株式会社ＮＴＰ,30:和歌山県,5人,G:情報通信業,,,,,,,,,,
5010001009662,株式会社ＡＣＣＥＳＳ,13:東京都,331人,G:情報通信業,https://www.access-company.com/esg/social/,,,,,,,,,
5010401090097,ｉＣＡＤ株式会社,13:東京都,203人,G:情報通信業,,,,,,,,,,
9010001228424,株式会社Ｆｌｙｂｙ,13:東京都,2人,G:情報通信業,,,,,,,,,,
9010001010864,株式会社イイガ,13:東京都,35人,G:情報通信業,http://www.iiga.jp,,,,,,,,,
5010001100314,メディア株式会社,13:東京都,250人,G:情報通信業,https://saiyo.mediagroup.co.jp/benefits/,,,,,,,,,
5010101001998,株式会社全労済システムズ,13:東京都,259人,G:情報通信業,,,,,,,,,,
8490001000439,株式会社キタムラコンピユータ,39:高知県,14人,G:情報通信業,https://www.kitacomp.co.jp/,,,,,,,,,
5010001121335,Ｓｏｌａ株式会社,13:東京都,207人,G:情報通信業,https://www.sola-air.com/,,,,,,,,,
4430001001859,株式会社ウイン・コンサル,01:北海道,102人,G:情報通信業,https://w3.winc.co.jp/,,,,,,,,,
5010401061239,株式会社ＴＶｅｒ,13:東京都,150人,G:情報通信業,,,,,,,,,,
5010901041632,株式会社アルファドライブ,13:東京都,91人,G:情報通信業,,,,,,,,,,
9120001237348,株式会社Ｒｅｔｅｒｎｏ,27:大阪府,1人,G:情報通信業,https://reterno.jp/,,,,,,,,,
9012801018954,アイティアスリート株式会社,13:東京都,41人,G:情報通信業,,,,,,,,,,
5020001038132,株式会社アローシステムズ,14:神奈川県,27人,G:情報通信業,https://www.arrow-systems.co.jp/,,,,,,,,,
5011001094810,株式会社マクアケ,13:東京都,165人,G:情報通信業,,,,,,,,,,
5011101078622,ラストマイルワークス株式会社,13:東京都,8人,G:情報通信業,,,,,,,,,,
5020001019297,アークシステムワークス株式会社,14:神奈川県,236人,G:情報通信業,,,,,,,,,,
9290001013369,株式会社サンクライム,40:福岡県,34人,G:情報通信業,https://www.sunclimb.co.jp/,,,,,,,,,
5080102020974,有限会社シーツーラボ,11:埼玉県,0人,G:情報通信業,,,,,,,,,,
1010001142673,ＵＬＳコンサルティング株式会社,13:東京都,719人,G:情報通信業,,,,,,,,,,
1010401054361,株式会社リンクレア,13:東京都,545人,G:情報通信業,http://www.lincrea.co.jp/,,,,,,,,,
5122001031593,エンドライブ株式会社,28:兵庫県,5人,G:情報通信業,,,,,,,,,,
1010001159065,アンバーテック株式会社,13:東京都,21人,G:情報通信業,http://www.ambertech.co.jp/,,,,,,,,,
5120001247342,株式会社Ｒｅａｃｈ　ｏｕｔ,27:大阪府,31人,G:情報通信業,https://reach-out.co.jp/,,,,,,,,,
2010001119002,株式会社ミックスゾーン,13:東京都,81人,G:情報通信業,,,,,,,,,,
1010001096746,株式会社ブックウォーカー,13:東京都,292人,G:情報通信業,,,,,,,,,,
2010401071174,ＶＭｗａｒｅ株式会社,13:東京都,559人,G:情報通信業,,,,,,,,,,
1010001139901,株式会社ＩＩＪグローバルソリューションズ,13:東京都,408人,G:情報通信業,https://www.iijglobal.co.jp/,,,,,,,,,
1010001088256,株式会社エムズカンパニー,13:東京都,16人,G:情報通信業,https://msco.co.jp,,,,,,,,,
1010401023036,株式会社アトラスシー,13:東京都,640人,G:情報通信業,,,,,,,,,,
1010001208409,株式会社こどもりびんぐ,13:東京都,30人,G:情報通信業,,,,,,,,,,
1010001142995,株式会社アジャイルテック,13:東京都,65人,G:情報通信業,,,,,,,,,,
5140001008692,株式会社ＳＲＩシステムズ,28:兵庫県,227人,G:情報通信業,http://www.srisys.co.jp/,,,,,,,,,
2013201001540,銀河ソフトウェア株式会社,13:東京都,193人,G:情報通信業,http://www.ginga.co.jp,,,,,,,,,
1010601022176,株式会社大和総研,13:東京都,1819人,G:情報通信業,http://www.dir.co.jp/,,,,,,,,,
1011001017717,ＮＳＷ株式会社,13:東京都,2070人,G:情報通信業,https://www.nsw.co.jp/,,,,,,,,,
1011001032872,ＧＭＯインターネット株式会社,13:東京都,55人,G:情報通信業,https://internet.gmo/,,,,,,,,,
1010401087691,株式会社ＯＮＥ　ＣＯＭＰＡＴＨ,13:東京都,135人,G:情報通信業,,,,,,,,,,
5180001072611,株式会社セントラル・デイリー,23:愛知県,84人,G:情報通信業,https://www.dac-group.co.jp/,,,,,,,,,
5180001113159,株式会社ｂｒｉｇｈｔ　ｖｉｅ,13:東京都,3人,G:情報通信業,,,,,,,,,,
1011001061129,株式会社ニュートンプレス,13:東京都,40人,G:情報通信業,,,,,,,,,,
1011103010784,ブレイン合同会社,13:東京都,1人,G:情報通信業,,,,,,,,,,
1040001013715,株式会社システムイオ,12:千葉県,315人,G:情報通信業,https://www.systemio.co.jp,,,,,,,,,
1013301009245,株式会社日本システムコンサルタント,13:東京都,320人,G:情報通信業,http://www.nsc-kk.co.jp/,,,,,,,,,
2010901041206,株式会社エクレクト,13:東京都,138人,G:情報通信業,,,,,,,,,,
1020001038458,株式会社アナザーウェア,14:神奈川県,110人,G:情報通信業,http://www.another-ware.co.jp/index.html,,,,,,,,,
1020001097280,株式会社くふうカンパニー,13:東京都,116人,G:情報通信業,,,,,,,,,,
1120001231366,株式会社ＰＲＯＳＰＡＤＥ,27:大阪府,1人,G:情報通信業,,,,,,,,,,
5350001002716,スパークジャパン株式会社,45:宮崎県,80人,G:情報通信業,http://www.sparkjapan.co.jp/,,,,,,,,,
1140001044733,株式会社ファインシステム,28:兵庫県,36人,G:情報通信業,https://fine-system.co.jp/,,,,,,,,,
5500001000984,株式会社ＮＴＴデータ四国,38:愛媛県,259人,G:情報通信業,http://www.nttdata-shikoku.co.jp/company/,,,,,,,,,
1180001056171,ＮＤＳインフォス株式会社,23:愛知県,275人,G:情報通信業,https://www.nds-infos.co.jp/,,,,,,,,,
2100001001266,信越放送株式会社,20:長野県,131人,G:情報通信業,https://sbc21.co.jp/,,,,,,,,,
6010001082361,株式会社ＴＳＯｎｅ,13:東京都,141人,G:情報通信業,,,,,,,,,,
6010001125005,インタセクト・コミュニケーションズ株式会社,13:東京都,137人,G:情報通信業,https://www.intasect.com/,,,,,,,,,
1180001145528,ＫＩＮＴＯテクノロジーズ株式会社,23:愛知県,427人,G:情報通信業,,,,,,,,,,
6010001075134,株式会社セプト,13:東京都,103人,G:情報通信業,,,,,,,,,,
6010001132942,株式会社ソフツー,13:東京都,48人,G:情報通信業,,,,,,,,,,
1390001002030,株式会社山形新聞社,06:山形県,219人,G:情報通信業,http://yamagata-np.jp,,,,,,,,,
6010401052047,株式会社アイエスエフネット,13:東京都,2450人,G:情報通信業,https://www.isfnet.co.jp/,,,,,,,,,
6011001049177,サイバーステップホールディングス株式会社,13:東京都,196人,G:情報通信業,,,,,,,,,,
6010401015920,株式会社インボイス,13:東京都,250人,G:情報通信業,http://www.invoice.ne.jp/,,,,,,,,,
6011401004277,データサイエンス株式会社,13:東京都,243人,G:情報通信業,,,,,,,,,,
6011101023123,株式会社エムティーアイ,13:東京都,845人,G:情報通信業,https://www.mti.co.jp/?page_id=21469,,,,,,,,,
6011101044391,株式会社アスネット,13:東京都,60人,G:情報通信業,https://www.asnet.co.jp/,https://www.asnet.co.jp/recruit/,0人/0人/1人,0人/0人/0人,,1:有,1:有,1:有,0:無,
6020001132347,株式会社ＡｓｅｔＺ,14:神奈川県,8人,G:情報通信業,,,,,,,,,,
6020001033132,株式会社アプトシステム,14:神奈川県,43人,G:情報通信業,http://www.aptsys.co.jp,,,,,1:有,0:無,1:有,1:有,
6010701027459,トリオシステムズ株式会社,13:東京都,103人,G:情報通信業,,,,,,,,,,
1010401062075,バリューコマース株式会社,13:東京都,374人,G:情報通信業,https://www.valuecommerce.co.jp/,,,,,,,,,
6011101057245,アンシス・ジャパン株式会社,13:東京都,272人,G:情報通信業,,,,,,,,,,
6011001071726,株式会社メディココンサルティング,13:東京都,95人,G:情報通信業,,,,,,,,,,
6010501031280,株式会社ビーブリッド,13:東京都,22人,G:情報通信業,https://www.bibrid.co.jp/,,,,,,,,,
6010401171607,株式会社チェンジ,13:東京都,160人,G:情報通信業,,,,,,,,,,
2010001080815,株式会社ＨＳ情報システムズ,13:東京都,97人,G:情報通信業,https://www.hs-net.co.jp/,,,,,,,,,
2010001033384,株式会社ＪＯＥ,13:東京都,237人,G:情報通信業,https://www.joe-hr.com/sdgs/training/,,,,,,,,,
6030001032182,ＮＳＥＣ株式会社,11:埼玉県,247人,G:情報通信業,http://www.nisshin-soft.co.jp,,,,,,,,,
2010401001461,麻布プラザ株式会社,13:東京都,110人,G:情報通信業,https://az-p.net/,,,,,,,,,
2011001101619,株式会社Ｂｉｓｃａ,40:福岡県,1人,G:情報通信業,,,,,,,,,,
2010501019247,株式会社ＮＥＳＩ,08:茨城県,364人,G:情報通信業,http://www.nesi.co.jp/,,,,,,,,,
6030001024799,株式会社日東テクノブレーン,11:埼玉県,290人,G:情報通信業,https://www.nitto-tech.co.jp/,,,,,,,,,
6080001003600,株式会社電算インフォメーション,22:静岡県,100人,G:情報通信業,https://www.d-info.co.jp/employer_actionplan,,,,,,,,,
2010001135511,株式会社ＷＡＣＵＬ,13:東京都,80人,G:情報通信業,,,,,,,,,,
2010701025004,株式会社ＮＴＴデータ・ビジネス・システムズ,13:東京都,1382人,G:情報通信業,http://www.nttdata-bizsys.co.jp/,,,,,,,,,
2011001062274,株式会社ＧＯＯＹＡ,13:東京都,1041人,G:情報通信業,http://www.gooya.co.jp/,,,,,,,,,
2010701044375,株式会社ＳＹＳＬＥＡ,13:東京都,13人,G:情報通信業,,,,,,,,,,
2030001000011,ＡＧＳ株式会社,11:埼玉県,800人,G:情報通信業,http://www.ags.co.jp,,,,,,,,,
6180001055771,株式会社エイチームホールディングス,23:愛知県,68人,G:情報通信業,https://www.a-tm.co.jp/sustainability/,,,,,,,,,
6030001049697,フィーチャ株式会社,13:東京都,46人,G:情報通信業,,,,,,,,,,
6180001134476,株式会社シェルパ,23:愛知県,20人,G:情報通信業,,,,,,,,,,
6280001003547,株式会社プロビズモ,32:島根県,259人,G:情報通信業,https://www.probizmo.co.jp/,,15人/13人/21人,2人/2人/6人,,1:有,1:有,1:有,0:無,
2180001102230,株式会社カルテットコミュニケーションズ,23:愛知県,61人,G:情報通信業,https://quartet-communications.com/,https://www.wantedly.com/companies/quartetcom,20人/7人/6人,0人/2人/0人,,1:有,0:無,1:有,0:無,
6300001003890,木村情報技術株式会社,41:佐賀県,414人,G:情報通信業,http://www.k-idea.jp/,,,,,,,,,
7010001025724,日経メディアマーケティング株式会社,13:東京都,174人,G:情報通信業,https://www.nikkeimm.co.jp/,,,,,,,,,
6320001003732,モバイルクリエイト株式会社,44:大分県,159人,G:情報通信業,http://www.mcinc.jp/,,,,,,,,,
3010001040339,兼松エレクトロニクス株式会社,13:東京都,519人,G:情報通信業,https://www.kel.co.jp/company/sustainability/health.html,,,,,,,,,
2260001001143,ＯＥＣ株式会社,33:岡山県,285人,G:情報通信業,http://www.oec-o.co.jp/,,,,,,,,,
7500001005461,株式会社えむぼま,38:愛媛県,20人,G:情報通信業,http://www.emboma.jp/,,,,,,,,,
2240001010501,株式会社ちゅピＣＯＭ,34:広島県,136人,G:情報通信業,,,,,,,,,,
4210001003282,福井放送株式会社,18:福井県,115人,G:情報通信業,,,,,,,,,,
7010001064648,ＮＴＴドコモビジネス株式会社,13:東京都,6294人,G:情報通信業,https://www.ntt.com/about-us/we-are-innovative/diversity.html,,,,,,,,,
2270001003329,株式会社スペック,31:鳥取県,36人,G:情報通信業,,,,,,,,,,
7010401001556,アクセンチュア株式会社,13:東京都,23000人,G:情報通信業,,,,,,,,,,
3010701021828,ＳＭＮ株式会社,13:東京都,150人,G:情報通信業,,,,,,,,,,
7010001134211,株式会社エフ・ディー・シー,13:東京都,198人,G:情報通信業,https://www.fdc-inc.co.jp/about/csr/,,,,,,,,,
7012401004225,フューチャーアーティザン株式会社,13:東京都,297人,G:情報通信業,https://www.future-artisan.co.jp/,,,,,,,,,
7010401004245,エイベックス株式会社,13:東京都,1400人,G:情報通信業,http://www.avex.co.jp/,,,,,,,,,
7011001019451,ビクターエンタテインメント株式会社,13:東京都,400人,G:情報通信業,,,,,,,,,,
2320001016630,株式会社ザイナス,44:大分県,164人,G:情報通信業,https://zynas.co.jp/,,,,,,,,,
7011101011259,株式会社ゼネテック,13:東京都,483人,G:情報通信業,http://www.genetec.co.jp/,,,,,,,,,
7010601030124,株式会社テプコシステムズ,13:東京都,1107人,G:情報通信業,,,,,,,,,,
7010001134236,アルファテック・ソリューションズ株式会社,13:東京都,292人,G:情報通信業,http://www.alphatec-sol.co.jp/,,,,,,,,,
7012401003912,日本データパシフィック株式会社,13:東京都,31人,G:情報通信業,https://www.datapacific.co.jp/,,,,,,,,,
2380001008572,株式会社オービーエヌ,07:福島県,27人,G:情報通信業,,,,,,,,,,
2430001005036,株式会社クリエイティブ・コンサルタント,01:北海道,32人,G:情報通信業,,,,,,,,,,
3011001026897,ニスコム株式会社,13:東京都,443人,G:情報通信業,,,,,,,,,,
3013301019556,株式会社マルジュ,13:東京都,25人,G:情報通信業,http://www.maru.jp/,,,,,,,,,
7011101080460,ＡＮＹＣＯＬＯＲ株式会社,13:東京都,677人,G:情報通信業,,,,,,,,,,
7011101014063,株式会社東新システム,13:東京都,45人,G:情報通信業,,,,,,,,,,
7010401110175,株式会社トランスファーデータ,13:東京都,97人,G:情報通信業,https://transferdata.co.jp/,,,,,,,,,
7010001207256,Ｔｈｉｎｋｉｎｇｓ株式会社,13:東京都,85人,G:情報通信業,,,,,,,,,,
7010401018749,電通工業株式会社,13:東京都,183人,G:情報通信業,https://www.dentsu.ne.jp/,,,,,,,,,
7010401095879,株式会社ウフル,13:東京都,190人,G:情報通信業,,,,,,,,,,
7011001149109,株式会社ワンズブルーム,13:東京都,30人,G:情報通信業,,,,,,,,,,
7011101076285,株式会社ＩＮＡＰ　Ｖｉｓｉｏｎ,13:東京都,34人,G:情報通信業,https://www.inap-vision.co.jp/,,,,,,,,,
3010001045552,株式会社昭和システムエンジニアリング,13:東京都,534人,G:情報通信業,https://www.showa-sys-eng.co.jp/,,,,,,,,,
7011001125191,株式会社ＣＡＲＥＡＲＣ,13:東京都,4人,G:情報通信業,https://carearc.co.jp/,,,,,,,,,
7013301005882,株式会社セゾンテクノロジー,13:東京都,696人,G:情報通信業,https://www.saison-technology.com/,,,,,,,,,
3013301031057,株式会社アイティーシー,13:東京都,216人,G:情報通信業,,,,,,,,,,
3011001136192,株式会社ファングリー,13:東京都,31人,G:情報通信業,,,,,,,,,,
3011001169390,ＧＭＯリサーチ＆ＡＩ株式会社,13:東京都,135人,G:情報通信業,,,,,,,,,,
3010001110232,株式会社ＬＹＺＯＮ,13:東京都,120人,G:情報通信業,,,,,,,,,,
3010001039042,松竹ブロードキャスティング株式会社,13:東京都,42人,G:情報通信業,https://www.broadcasting.co.jp/sbc/,,,,,,,,,
3010701011473,ＡＮＡテレマート株式会社,13:東京都,1135人,G:情報通信業,https://www.ana-telemart.co.jp/,,,,,,,,,
7050001007537,株式会社ＳＡＹコンピュータ,08:茨城県,46人,G:情報通信業,https://www.saycom.jp/,https://www.saycom.jp/recruit,,,,1:有,1:有,1:有,0:無,
3011001043199,株式会社ミラクルソリューション,13:東京都,90人,G:情報通信業,http://www.miracle-solution.com/,http://www.miracle-solution.com/recruit_new/,,,,1:有,1:有,1:有,1:有,
3010701004403,株式会社信興テクノミスト,13:東京都,463人,G:情報通信業,https://www.shinko-1930.co.jp/,,,,,,,,,
7020001083903,株式会社ファンコーポレーション,14:神奈川県,16人,G:情報通信業,https://www.funco.co.jp/,,,,,,,,,
7080401018908,株式会社Ａｒｅｎｔ,13:東京都,110人,G:情報通信業,,,,,,,,,,
3010401160505,Ｓｃａｌａｂｌｙ株式会社,13:東京都,2人,G:情報通信業,https://scalably.com,,,,,,,,,
3011001035097,株式会社アルファポリス,13:東京都,160人,G:情報通信業,https://ssl4.eir-parts.net/doc/9467/ir_material_for_fiscal_ym/155209/00.pdf,,,,,,,,,
3010701038830,株式会社ＭＯＮＯ　Ｉｎｖｅｓｔｍｅｎｔ,13:東京都,4人,G:情報通信業,,,,,,,,,,
3010001209479,Ｈ＆Ｈ　ＣＯＮＮＥＣＴ株式会社,13:東京都,20人,G:情報通信業,https://www.hh-c.co.jp/,,,,,,,,,
3011001033943,株式会社ＪＲ東日本ネットステーション,13:東京都,136人,G:情報通信業,,,,,,,,,,
3020001032599,株式会社日立ハイシステム２１,14:神奈川県,884人,G:情報通信業,https://www.hs21.co.jp/,,,,,,,,,
7120001099501,株式会社コムウェイ,27:大阪府,85人,G:情報通信業,,,,,,,,,,
7120001181630,ＮＴＴ西日本ビジネスフロント株式会社,27:大阪府,3400人,G:情報通信業,http://www.nttwest-bf.co.jp/,,,,,,,,,
3013201018658,株式会社ピリカ,13:東京都,31人,G:情報通信業,,,,,,,,,,
7130001002835,株式会社京信システムサービス,26:京都府,139人,G:情報通信業,https://kssinet.co.jp/recruit/aboutus/,,,,,,,,,
7110001021234,株式会社ピクシス・テクノロジーズ,13:東京都,180人,G:情報通信業,https://www.pixis-tec.co.jp/,,,,,,,,,
7120001229248,株式会社ＦｉｎｄＣｏｎｓｕｌｔｉｎｇ,13:東京都,21人,G:情報通信業,,,,,,,,,,
3050001007508,水戸ソフトエンジニアリング株式会社,08:茨城県,211人,G:情報通信業,,,,,,,,,,
3110001002337,株式会社キザシオ,15:新潟県,135人,G:情報通信業,,,,,,,,,,
3040001079977,株式会社ニーリー,13:東京都,318人,G:情報通信業,,,,,,,,,,
3120001079845,さくらインターネット株式会社,27:大阪府,952人,G:情報通信業,http://www.sakura.ad.jp/,,,,,,,,,
3170001001614,株式会社サイバーリンクス,30:和歌山県,631人,G:情報通信業,https://www.cyber-l.co.jp/,,,,,,,,,
7160001011494,株式会社淡海,25:滋賀県,17人,G:情報通信業,,,,,,,,,,
7290001006630,応研株式会社,40:福岡県,380人,G:情報通信業,http://www.ohken.co.jp,,,,,,,,,
7380001000161,株式会社インフォメーション・ネットワーク福島,07:福島県,35人,G:情報通信業,,https://www.inf.fukushima.fukushima.jp/recruit/,1人/3人/0人,0人/0人/0人,,1:有,1:有,1:有,0:無,
7350003005021,ディーグラフ合同会社,45:宮崎県,2人,G:情報通信業,https://dgraph-web.com/news/284/,,,,,,,,,
4290002012606,有限会社ビジュアルオフィス・善,40:福岡県,108人,G:情報通信業,,,,,,,,,,
7120001118847,株式会社グッドニュース,27:大阪府,25人,G:情報通信業,,,,,,,,,,
3180301006312,テクノシステム株式会社,23:愛知県,107人,G:情報通信業,https://www.technosystems.co.jp/,,,,,,,,,
8010001009651,アクモス株式会社,13:東京都,357人,G:情報通信業,http://www.acmos.co.jp/,,,,,,,,,
3290001005248,株式会社シティアスコム,40:福岡県,512人,G:情報通信業,https://www.city.co.jp/company/forworker/,,,,,,,,,
7430001071263,株式会社シイエヌエス北海道,01:北海道,39人,G:情報通信業,,,,,,,,,,
3410001006076,東光コンピュータ・サービス株式会社,05:秋田県,77人,G:情報通信業,https://www.tcs.tokogrp.co.jp/,,,,,,,,,
8010001127602,株式会社エーアイ,13:東京都,121人,G:情報通信業,,,,,,,,,,
8010001221157,フライゲート株式会社,13:東京都,2人,G:情報通信業,,,,,,,,,,
4010001054032,株式会社野村総合研究所,13:東京都,7982人,G:情報通信業,https://www.nri.com/jp/,,,,,,,,,
8013301007853,テラテクノロジー株式会社,13:東京都,357人,G:情報通信業,https://www.teratech.co.jp/,,,,,,,,,
4010701002678,株式会社キューブシステム,13:東京都,709人,G:情報通信業,http://www.cubesystem.co.jp/,,,,,,,,,
8020001110953,Ｅ－ｋａｎ株式会社,13:東京都,13人,G:情報通信業,https://e-kan.tokyo/,,,,,,,,,
8010701019066,コンピューターサイエンス株式会社,13:東京都,461人,G:情報通信業,https://www.cscnet.co.jp/,,,,,,,,,
8010901009370,株式会社ニッポンダイナミックシステムズ,13:東京都,150人,G:情報通信業,http://www.nds-tyo.co.jp/,,,,,,,,,
8011101027816,株式会社ウィルアンドデンターフェイス,13:東京都,28人,G:情報通信業,,,,,,,,,,
4010401054152,株式会社デリバリーコンサルティング,13:東京都,204人,G:情報通信業,https://www.deliv.co.jp/,,,,,,,,,
8011101038136,株式会社ブロードバンドセキュリティ,13:東京都,222人,G:情報通信業,,,,,,,,,,
4010701025456,株式会社ＢＴＭ,13:東京都,216人,G:情報通信業,https://www.b-tm.co.jp/,,,,,,,,,
4010401066486,株式会社ポリゴン・ピクチュアズ,13:東京都,220人,G:情報通信業,,,,,,,,,,
4010401149621,ポスタス株式会社,13:東京都,244人,G:情報通信業,https://www.postas.co.jp/,,,,,,,,,
8011001112379,モノグサ株式会社,13:東京都,107人,G:情報通信業,,,,,,,,,,
8012401033801,サブライム株式会社,13:東京都,18人,G:情報通信業,,,,,,,,,,
4011701010183,株式会社京葉電子工業,13:東京都,28人,G:情報通信業,http://www.keiyo.biz/,,,,,,,,,
4011101040327,株式会社クリエイティブホープ,13:東京都,34人,G:情報通信業,https://www.creativehope.co.jp/,,,,,,,,,
4011601019952,株式会社バンダイナムコピクチャーズ,13:東京都,153人,G:情報通信業,,,,,,,,,,
4011101002161,イマジニア株式会社,13:東京都,130人,G:情報通信業,,,,,,,,,,
4012401035405,株式会社ナイトテクノロジー,13:東京都,15人,G:情報通信業,,,,,,,,,,
4080001002827,株式会社静岡第一テレビ,22:静岡県,117人,G:情報通信業,http://www.tv-sdt.co.jp/,,,,,,,,,
8190001000667,株式会社ＺＴＶ,24:三重県,381人,G:情報通信業,https://www.ztv.co.jp/,,,,,,,,,
4080001002793,株式会社静岡新聞社,22:静岡県,478人,G:情報通信業,,,,,,,,,,
6010001166635,株式会社ビーオーエス,13:東京都,23人,G:情報通信業,https://www.bos-web.com/,,,,,,,,,
4011101028603,アイアンドエルソフトウェア株式会社,13:東京都,169人,G:情報通信業,https://www.iandl.co.jp/,,,,,,,,,
4130001020633,株式会社クロスボーダース,26:京都府,184人,G:情報通信業,,,,,,,,,,
8410001000702,エイデイケイ富士システム株式会社,05:秋田県,130人,G:情報通信業,http://www.adf.co.jp/,,,,,,,,,
8350001008198,日本情報クリエイト株式会社,45:宮崎県,327人,G:情報通信業,http://www.n-create.co.jp/,,,,,,,,,
4120001121317,株式会社オースビー,27:大阪府,160人,G:情報通信業,,,,,,,,,,
4120001214450,株式会社ＵＫＬｉｎｅ,27:大阪府,29人,G:情報通信業,,,,,,,,,,
4010501018362,株式会社ビジネス情報テクニカルシステムズ,13:東京都,82人,G:情報通信業,,,,,,,,,,
8320001003037,株式会社ＱＴｍｅｄｉａ,40:福岡県,90人,G:情報通信業,,,,,,,,,,
4180001038539,株式会社ＮＴＴデータ東海,23:愛知県,589人,G:情報通信業,https://www.nttdata-tokai.co.jp/,,,,,,,,,
7180001115186,株式会社ウエスタンカンパニー,23:愛知県,18人,G:情報通信業,,,,,,,,,,
4011001039460,株式会社Ｑ’ｓｆｉｘ,13:東京都,913人,G:情報通信業,,,,,,,,,,
4011101006336,株式会社建築画報社,13:東京都,8人,G:情報通信業,,,,,,,,,,
4180001094838,菱友技研株式会社,23:愛知県,93人,G:情報通信業,https://ryoyu-giken.co.jp/,,,,,,,,,
8270001003273,株式会社サテライトコミュニケーションズネットワーク,31:鳥取県,30人,G:情報通信業,https://www.sc-net.ne.jp/,,,,,,,,,
5250001000234,株式会社サンデー山口,35:山口県,8人,G:情報通信業,http://www.sunday-yamaguchi.co.jp/,,,,,,,,,
8360003011694,合同会社Ｄｉｇｉｔａｌ　Ｔｒｕｓｔ　Ｆｉｒｍ,13:東京都,5人,G:情報通信業,https://digital-trust-firm.co.jp/,,,,,0:無,0:無,0:無,0:無,
9010001082243,株式会社コーソル,13:東京都,162人,G:情報通信業,https://cosol.jp/,,,,,,,,,
9010001031729,株式会社中央公論新社,13:東京都,158人,G:情報通信業,http://www.chuko.co.jp/,,,,,,,,,
9010001174206,ウイングアーク１ｓｔ株式会社,13:東京都,836人,G:情報通信業,http://www.wingarc.com/,,,,,,,,,
9010401053868,株式会社ジー・サーチ,14:神奈川県,159人,G:情報通信業,http://www.g-search.jp/,,,,,,,,,
9010001086351,株式会社クロス・マーケティング,13:東京都,449人,G:情報通信業,http://www.cross-m.co.jp/,,,,,,,,,
9010401054908,都築電気株式会社,13:東京都,1190人,G:情報通信業,https://www.tsuzuki.co.jp/sustainability/materiality/diversity/,,,,,,,,,
9010001075016,株式会社トゥーヴァージンズ,13:東京都,12人,G:情報通信業,http://www.twovirgins.jp/,,,,,,,,,
9010001087242,富士電機ＩＴソリューション株式会社,13:東京都,927人,G:情報通信業,,,,,,,,,,
9010401044974,株式会社アクシオ,13:東京都,165人,G:情報通信業,https://www.axio.co.jp/,https://www.axio.co.jp/recruit/,3人/1人/1人,0人/0人/1人,,1:有,0:無,1:有,1:有,
2122001032487,株式会社コードサイド,27:大阪府,5人,G:情報通信業,,,,,,,,,,
9010001035779,株式会社朝日ネット,13:東京都,200人,G:情報通信業,https://asahi-net.co.jp/corporate/characteristic.html,,,,,,,,,
9010401089631,ラクスル株式会社,13:東京都,670人,G:情報通信業,https://corp.raksul.com/esg/esg_data/,,,,,,,,,
9010401052894,ＡＫＫＯＤｉＳコンサルティング株式会社,13:東京都,6864人,G:情報通信業,https://www.akkodis.co.jp/company/about/jisedai,,,,,,,,,
9010601004852,東京都ビジネスサービス株式会社,13:東京都,540人,G:情報通信業,https://www.tokyotobs.co.jp/,,,,,,,,,
4370001016302,楽天ソシオビジネス株式会社,13:東京都,317人,G:情報通信業,https://corp.rakuten.co.jp/socio/,,,,,,,,,
4300001010781,株式会社スチームシップ,41:佐賀県,230人,G:情報通信業,https://steamship.co.jp/,,,,,,,,,
9010001160552,株式会社コスメディア,13:東京都,400人,G:情報通信業,,,,,,,,,,
3120003014379,合同会社テックコネクト,27:大阪府,16人,G:情報通信業,,,,,,,,,,
5010001134287,株式会社東京商工リサーチ,13:東京都,2067人,G:情報通信業,https://www.tsr-net.co.jp/,,,,82.9%/57.4%/77.3%,,,,,
9011101034118,株式会社オレンジページ,13:東京都,137人,G:情報通信業,https://www.orangepage.co.jp/,,,,,,,,,
9010701008274,株式会社ピーツーカンパニー,13:東京都,11人,G:情報通信業,,,,,,,,,,
5010001136977,株式会社ガッツコム,28:兵庫県,3人,G:情報通信業,,,,,,,,,,
9010701026061,株式会社ココナラ,13:東京都,235人,G:情報通信業,https://coconala.co.jp/,,,,,,,,,
5010001178292,株式会社プロモスト,13:東京都,59人,G:情報通信業,,,,,,,,,,
9010701012425,株式会社サクセス,13:東京都,195人,G:情報通信業,https://www.success-corp.co.jp/corporate/jisedai/,,,,,,,,,
5011001058146,株式会社スクウェア・エニックス,13:東京都,3247人,G:情報通信業,http://www.square-enix.com/jp/,,,,,,,,,
9011101054322,株式会社ソフトギア,13:東京都,130人,G:情報通信業,,,,,,,,,,
9030001103146,株式会社シジスカイ,13:東京都,42人,G:情報通信業,https://cgsky.co.jp/,,,,,,,,,
5010401102810,株式会社Ｇｕｎｏｓｙ,13:東京都,111人,G:情報通信業,,,,,,,,,,
5010601039720,株式会社Ｓｈａｒｉｎｇ　Ｉｎｎｏｖａｔｉｏｎｓ,13:東京都,193人,G:情報通信業,,,,,,,,,,
5010401094098,日本ディクス株式会社,13:東京都,581人,G:情報通信業,,,,,,,,,,
5010501036512,Ｒｅｐｒｏ株式会社,13:東京都,148人,G:情報通信業,https://repro.io/,,,,,,,,,
9120001071573,ヤンマー情報システムサービス株式会社,27:大阪府,226人,G:情報通信業,https://www.yanmar.com/jp/yiss/,,,,,,,,,
9120001097305,株式会社ラクス,27:大阪府,1907人,G:情報通信業,https://www.rakus.co.jp,,,,,,,,,
4110001022219,株式会社エヌ・テー・シー,15:新潟県,106人,G:情報通信業,https://www.kk-ntc.co.jp/,,,,,,,,,
5030001004959,Ｔ＆Ｄ情報システム株式会社,11:埼玉県,101人,G:情報通信業,https://www.td-system.co.jp/,,,,,,,,,
5011201000816,エヌシーアイ総合システム株式会社,13:東京都,242人,G:情報通信業,http://www.nci.co.jp/,,,,,,,,,
5011601022880,株式会社リチェイン,13:東京都,8人,G:情報通信業,https://www.rechain.co.jp,,,,,,,,,
5030001099099,スマートスタイル・コンプレックス株式会社,11:埼玉県,22人,G:情報通信業,,,,,,,,,,
5100001012979,キッセイコムテック株式会社,20:長野県,430人,G:情報通信業,http://www.kicnet.co.jp/,,,,,,,,,
5080101001901,明電システムソリューション株式会社,22:静岡県,346人,G:情報通信業,https://www.meidensha.co.jp/mss/,,,,,,,,,
5040001016854,株式会社ＮＩＤ・ＭＩ,12:千葉県,367人,G:情報通信業,,,,,,,,,,
5040001115623,イオンスマートテクノロジー株式会社,12:千葉県,450人,G:情報通信業,,,,,,,,,,
4340001000639,株式会社エフエム鹿児島,46:鹿児島県,20人,G:情報通信業,,,,,,,,,,
9210001012700,株式会社ウォンツ,18:福井県,11人,G:情報通信業,https://www.wants.jp/,,,,,,,,,
5120001073169,アイスター株式会社,27:大阪府,341人,G:情報通信業,http://www.i-star.co.jp/,,,,,,,,,
5013401007293,株式会社ユニコーン,13:東京都,8人,G:情報通信業,,,,,,,,,,
5120001103719,株式会社ブロードエンタープライズ,13:東京都,157人,G:情報通信業,https://broad-e.co.jp/,,,,,,,,,
5120001124021,株式会社ＰＬＡＮ－Ｂ,27:大阪府,178人,G:情報通信業,,,,,,,,,,
9180001006152,ＭＨＩエアロスペースシステムズ株式会社,23:愛知県,262人,G:情報通信業,,,,,,,,,,
9180001024039,ナカシャクリエイテブ株式会社,23:愛知県,498人,G:情報通信業,https://www.nakasha.co.jp/company/csr/plan.html,,,,,,,,,
4210001013827,株式会社アートテクノロジー,18:福井県,391人,G:情報通信業,http://www.art-tec.co.jp/,,,,,,,,,
4210001014890,福井コンピュータ株式会社,18:福井県,180人,G:情報通信業,,,,,,,,,,
5180301014305,株式会社豊田自動織機ＩＴソリューションズ,23:愛知県,400人,G:情報通信業,,,,,,,,,,
5290801003746,株式会社ＹＥ　ＤＩＧＩＴＡＬ　Ｋｙｕｓｈｕ,40:福岡県,155人,G:情報通信業,http://www.openkit.com,,,,,,,,,
9240001029766,アドバンスシステム株式会社,34:広島県,53人,G:情報通信業,https://www.asd-ltd.co.jp/,,,,,,,,,
5360001025121,Ｔ＆Ｃテクノロジーズ株式会社,47:沖縄県,26人,G:情報通信業,,,,,,,,,,
9400001000207,株式会社岩手日報社,03:岩手県,306人,G:情報通信業,http://www.iwate-np.co.jp/,,,,,,,,,
6010001010826,株式会社岩波書店,13:東京都,148人,G:情報通信業,https://www.iwanami.co.jp/,,,,,,,,,
5430001075786,株式会社電通デジタルアンカー,13:東京都,345人,G:情報通信業,https://www.dentsu-danchor.co.jp/,,,,,,,,,
1011003024793,合同会社えらびの道,13:東京都,0人,G:情報通信業,https://erabinomichi.com/,,,,,,,,,
6010401088867,株式会社システナ,13:東京都,4185人,G:情報通信業,http://www.systena.co.jp/,,,,,,,,,
6010401022917,日本電気通信システム株式会社,13:東京都,2480人,G:情報通信業,http://www.ncos.co.jp/index.html,,,,,,,,,
5130001045646,株式会社データベーステクノロジ,26:京都府,10人,G:情報通信業,,,,,,,,,,
6010001116524,株式会社アクティア,13:東京都,15人,G:情報通信業,,,,,,,,,,
6010403010531,株式会社ＪＭＤＣ,13:東京都,516人,G:情報通信業,,,,,,,,,,
5010001061804,日本インフォメーション株式会社,13:東京都,115人,G:情報通信業,https://www.n-info.co.jp/,,,,,,,,,
6012801000080,株式会社アドックインターナショナル,13:東京都,195人,G:情報通信業,http://www.adoc.co.jp/,,,,,,,,,
6011101039739,株式会社リゾーム,13:東京都,94人,G:情報通信業,https://www.rhizo-me.com/,,,,,,,,,
6040001007266,三井Ｅ＆Ｓシステム技研株式会社,12:千葉県,658人,G:情報通信業,http://www.msr.co.jp/,,,,25.0%/11.0%/15.0%,,,,,
6020003010600,株式会社エアホスト,13:東京都,30人,G:情報通信業,https://airhost.jp/,,,,,,,,,
5010701016685,株式会社トライエース,13:東京都,173人,G:情報通信業,,,,,,,,,,
6120001068944,ソプラ株式会社,27:大阪府,145人,G:情報通信業,,,,,,,,,,
1011001091027,株式会社フィックスファイル,13:東京都,67人,G:情報通信業,,,,,,,,,,
5020001028100,株式会社日本コンピュータコンサルタント,14:神奈川県,287人,G:情報通信業,http://www.n-c-c.co.jp/,,,,,,,,,
6180001101328,株式会社ソナス,23:愛知県,8人,G:情報通信業,,,,,,,,,,
6220001006183,北国インテックサービス株式会社,17:石川県,96人,G:情報通信業,http://www.hokkoku-intec.co.jp/,,,,,,,,,
6240001057191,ひろぎんＩＴソリューションズ株式会社,34:広島県,417人,G:情報通信業,https://www.hirogin-its.co.jp/,,,,,,,,,
5040001017522,株式会社シーネット,12:千葉県,121人,G:情報通信業,,,,,,,,,,
2080101025606,株式会社Ｃａｒｅ　Ｓｅｅｄ,22:静岡県,2人,G:情報通信業,https://care-seed.jp/,,,,,,,,,
5080101005927,テックインフォメーションシステムズ株式会社,22:静岡県,225人,G:情報通信業,,,,,,,,,,
6320001001562,ＡＩＤＡ　ＬＩＮＫ株式会社,44:大分県,36人,G:情報通信業,https://aida-link.com/,,,,,,,,,
7010001002962,サイバネットシステム株式会社,13:東京都,374人,G:情報通信業,http://www.cybernet.co.jp/,,,,,,,,,
7010001033280,株式会社日本信用情報機構,13:東京都,116人,G:情報通信業,https://www.jicc.co.jp,,,,,,,,,
5080402008273,メディアミックス株式会社,22:静岡県,32人,G:情報通信業,,,,,,,,,,
7010001108792,株式会社システムマネージメント,13:東京都,87人,G:情報通信業,https://www.smc-net.co.jp/,,,,,,,,,
7010701019273,株式会社バンダイナムコエンターテインメント,13:東京都,822人,G:情報通信業,http://bandainamcoent.co.jp/,,,,,,,,,
7011001116075,株式会社ＬｅｇａｌＯｎ　Ｔｅｃｈｎｏｌｏｇｉｅｓ,13:東京都,567人,G:情報通信業,,,,,,,,,,
7010401022214,株式会社ＷＯＷＯＷ,13:東京都,331人,G:情報通信業,https://corporate.wowow.co.jp/society/hrm/,,,,,,,,,
7010501040578,株式会社Ｇｌｏｂａｌ　Ｓｙｎｅｒｇｙ　Ｓｏｌｕｔｉｏｎｓ,13:東京都,1人,G:情報通信業,,,,,,,,,,
7020001076907,富士通データセンターサービス株式会社,14:神奈川県,345人,G:情報通信業,http://www.fujitsu.com/jp/group/fdc/,,,,,,,,,
7011101060388,ＳＣＳＫ　Ｍｉｎｏｒｉソリューションズ株式会社,13:東京都,1316人,G:情報通信業,https://www.scskminori.co.jp/,,,,,,,,,
7011101062541,ＡＪＳ株式会社,13:東京都,733人,G:情報通信業,http://www.ajs.co.jp/,,,,44.0%/45.0%/59.0%,,,,,
7012401031129,株式会社ＫｉＺＵＫＡＩ,13:東京都,12人,G:情報通信業,https://kizukai.com/,,,,,,,,,
2030001132985,株式会社Ｓｈｅｌｌｓ,11:埼玉県,1人,G:情報通信業,,,,,,,,,,
2150001013323,株式会社ヒロホールディングス,29:奈良県,80人,G:情報通信業,,,,,,,,,,
8010701005322,ソニーネットワークコミュニケーションズ株式会社,13:東京都,837人,G:情報通信業,https://www.sonynetwork.co.jp/,,,,,,,,,
7180001008951,トヨタ情報システム愛知株式会社,23:愛知県,390人,G:情報通信業,,,,,0%/0%/0%,,,,,
7120001062673,技研電子株式会社,27:大阪府,315人,G:情報通信業,,,,,,,,,,
7120001114623,株式会社セルバ,27:大阪府,25人,G:情報通信業,,,,,,,,,,
3120001114791,株式会社フィットワークス,27:大阪府,60人,G:情報通信業,,,,,,,,,,
7180001094389,知多メディアスネットワーク株式会社,23:愛知県,150人,G:情報通信業,https://www.medias.co.jp/recruit/data/,,,,,,,,,
5360001011831,株式会社シナジー,47:沖縄県,74人,G:情報通信業,,,,,,,,,,
7310001000523,株式会社ＫＴＮソサエティ,42:長崎県,114人,G:情報通信業,http://ktn-society.jp,,,,,,,,,
7360001011499,日鉄ソリューションズ沖縄株式会社,47:沖縄県,108人,G:情報通信業,,,,,,,,,,
8010001020609,株式会社全農ビジネスサポート,13:東京都,775人,G:情報通信業,https://www.z-bs.co.jp/,,,,,,,,,
7430001007119,株式会社ジェイマックシステム,01:北海道,148人,G:情報通信業,,,,,,,,,,
7420001004570,株式会社リンクステーション,02:青森県,146人,G:情報通信業,https://www.linkst.jp/,,,,,,,,,
7470001001910,株式会社四国電子計算センター,37:香川県,54人,G:情報通信業,https://www.scc21.co.jp/company/plan.html,,,,,,,,,
7490001008887,株式会社オルトプラス高知,39:高知県,30人,G:情報通信業,,,,,,,,,,
6010001074615,オートデスク株式会社,13:東京都,366人,G:情報通信業,,,,,,,,,,
8010401045890,ドコモ・サポート株式会社,13:東京都,1261人,G:情報通信業,http://www.docomo-support.co.jp/,,,,,,,,,
8010401047227,株式会社エイエイエス,13:東京都,237人,G:情報通信業,https://www.aasc.co.jp/about/actionplan.html,,,,,,,,,
8010401031668,株式会社菱友システム技術,13:東京都,401人,G:情報通信業,https://www.rsg-ltd.jp/,,,,,,,,,
8010401091860,株式会社エウレカ,13:東京都,150人,G:情報通信業,,,,,,,,,,
8011001009773,株式会社ＪＲ東日本情報システム,13:東京都,1486人,G:情報通信業,https://www.jeis.co.jp/recruit/women.html,,,,,,,,,
8013201010775,株式会社ブイキューブ,13:東京都,344人,G:情報通信業,https://contents.xj-storage.jp/xcontents/05997/df7b520d/fb39/454b/bc02/a66b8f1e0d4c/S100Y1NL.pdf,,,,,,,,,
8012801009054,ＳＯＭＰＯシステムズ株式会社,13:東京都,1344人,G:情報通信業,https://www.sompo-sys.com/recruit/culture/work_life.html,,,,,,,,,
8011101056625,株式会社ｇｕｍｉ,13:東京都,309人,G:情報通信業,http://gu3.co.jp/,,,,,,,,,
8011001069074,ポート株式会社,13:東京都,890人,G:情報通信業,https://www.theport.jp/,,,,,,,,,
8011001067425,かんぽシステムソリューションズ株式会社,13:東京都,846人,G:情報通信業,https://www.kamposol.jp-life.japanpost.jp/,,,,,,,,,
8010901025319,株式会社ヴァリューズ,13:東京都,264人,G:情報通信業,,,,,,,,,,
8010701013696,アイティーソリューションズ株式会社,13:東京都,51人,G:情報通信業,https://www.itsol.co.jp/,,,,,,,,,
8080401020581,株式会社ネクサス,22:静岡県,235人,G:情報通信業,https://www.nexus-nt.co.jp/,,,,,,,,,
6010401073745,レック・テクノロジー・コンサルティング株式会社,13:東京都,102人,G:情報通信業,,,,,,,,,,
8020001045836,株式会社ファインネットコミュニケーション,14:神奈川県,42人,G:情報通信業,https://finenc.com/,,,,,,,,,
8080001002914,静岡放送株式会社,22:静岡県,211人,G:情報通信業,,,,,,,,,,
8120001034119,アイテック阪急阪神株式会社,27:大阪府,1295人,G:情報通信業,https://itec.hankyu-hanshin.co.jp,,,,56.8%/73.1%/58.2%,,,,,
6020001111094,楽天モバイルエンジニアリング株式会社,14:神奈川県,198人,G:情報通信業,,,,,,,,,,
8110001022198,株式会社ＮＳ・コンピュータサービス,15:新潟県,515人,G:情報通信業,https://nscs.jp/,,,,,,,,,
8180001030616,株式会社システムリサーチ,23:愛知県,1548人,G:情報通信業,https://www.sr-net.co.jp/,,,,,,,,,
8180301013915,株式会社キャッチネットワーク,23:愛知県,240人,G:情報通信業,https://www.katch.co.jp/ex/recruit/about/workstyle/,,,,,,,,,
4160001019383,株式会社ｔｉｗａｋｉ,25:滋賀県,18人,G:情報通信業,https://www.tiwaki.com/company,,,,,,,,,
9010401139519,株式会社Ｌｉｐｐｌｅ,13:東京都,10人,G:情報通信業,,,,,,,,,,
8290001021199,株式会社ソリューション,40:福岡県,46人,G:情報通信業,http://www.solution-gr.co.jp/,,,,,,,,,
8370001038656,株式会社ティーパーティ,04:宮城県,6人,G:情報通信業,,,,,,,,,,
2010601038717,エスアイエス・テクノサービス株式会社,13:東京都,294人,G:情報通信業,https://www.sis-techno.co.jp/,,,,,,,,,
9010401041880,ネットアップ合同会社,13:東京都,220人,G:情報通信業,http://www.netapp.com/jp/,,,,,,,,,
9010001144019,株式会社ヒューマンテクノロジーズ,13:東京都,306人,G:情報通信業,http://www.h-t.co.jp,,,,,,,,,
6210001014889,福井コンピュータアーキテクト株式会社,18:福井県,198人,G:情報通信業,,,,,,,,,,
9010401031667,株式会社菱友システムサービス,13:東京都,248人,G:情報通信業,http://www.myrss.co.jp/index.html,,,,,,,,,
6180001106327,株式会社フリースタイルエンターテイメント,23:愛知県,45人,G:情報通信業,https://www.freestyle-entertainment.co.jp/,,,,,,,,,
9010401106592,オープン株式会社,13:東京都,167人,G:情報通信業,https://open.co.jp/,,,,,,,,,
9011001017610,日本コントロールシステム株式会社,13:東京都,238人,G:情報通信業,,,,,,,,,,
9010701026400,株式会社バンダイナムコスタジオ,13:東京都,1057人,G:情報通信業,http://www.bandainamcostudios.com/,,,,,,,,,
9010501033431,ＮＴＴテレコン株式会社,13:東京都,294人,G:情報通信業,http://www.ntt-tc.co.jp/,,,,,,,,,
9011001030407,Ｉ＆Ｊデジタルイノベーション株式会社,13:東京都,384人,G:情報通信業,https://www.ibm.com/jp-ja/about/subsidiaries/ijdi/profile,,,,,,,,,
9011001047822,株式会社スピードリンクジャパン,13:東京都,84人,G:情報通信業,https://slj.jp/,,,,,,,,,
2010001171804,株式会社オートサーバー,13:東京都,120人,G:情報通信業,,,,,,,,,,
9010701025765,株式会社サインド,13:東京都,103人,G:情報通信業,,,,,,,,,,
9011301002956,株式会社バンダイナムコフィルムワークス,13:東京都,700人,G:情報通信業,https://www.bnfw.co.jp/,,,,,,,,,
9010401135617,株式会社ウィットワン,13:東京都,360人,G:情報通信業,,,,,,,,,,
9011001059883,株式会社ブレイン,13:東京都,170人,G:情報通信業,,,,,,,,,,
9010401167387,ＫＤＤＩアジャイル開発センター株式会社,13:東京都,280人,G:情報通信業,,,,,,,,,,
9011101047846,株式会社トータル・インフォメーション・サービス,13:東京都,35人,G:情報通信業,https://www.total-inf.co.jp/,,,,,,,,,
9011001060511,株式会社ライトカフェ,13:東京都,309人,G:情報通信業,,,,,,,,,,
9011101041519,株式会社ライナス,13:東京都,5人,G:情報通信業,,,,,,,,,,
9020001069719,株式会社電子工学センター,14:神奈川県,200人,G:情報通信業,https://www.eec.co.jp/,,,,,,,,,
9020001007959,株式会社日立情報通信エンジニアリング,14:神奈川県,2906人,G:情報通信業,http://www.hitachi-ite.co.jp/,,,,,,,,,
9030001064396,株式会社ティー・アイ・シー,11:埼玉県,185人,G:情報通信業,https://www.ticstage.co.jp/sustainability_wlb.php,,,,,,,,,
9080001013191,株式会社テクノサイト,22:静岡県,235人,G:情報通信業,https://www.technosite.co.jp/,,,,,,,,,
9013301029467,株式会社ＡＴＧＳ,13:東京都,138人,G:情報通信業,https://www.atgs.jp/company/csr/,,,,,,,,,
9120001062589,株式会社オプテージ,27:大阪府,3165人,G:情報通信業,,,,,,,,,,
7010001095429,株式会社ＭＳＳ,13:東京都,33人,G:情報通信業,https://mssinc.jp/,,,,,,,,,
9010001024261,株式会社東和システム,13:東京都,386人,G:情報通信業,,,,,,,,,,
7010001110765,ＰｒｏＦｕｔｕｒｅ株式会社,13:東京都,53人,G:情報通信業,,,,,,,,,,
9160001013340,株式会社ケイバブック,25:滋賀県,200人,G:情報通信業,,,,,,,,,,
9130001011834,ムラテックフロンティア株式会社,26:京都府,269人,G:情報通信業,https://www.muratec.jp/ce/muratec_sales/,,,,,,,,,
2490001004750,株式会社ビーウェーブクリエイト,39:高知県,6人,G:情報通信業,,,,,,,,,,
8120001221063,株式会社ＧＷＦ,27:大阪府,8人,G:情報通信業,,,,,,,,,,
9180001038468,テレビ愛知株式会社,23:愛知県,110人,G:情報通信業,,,,,,,,,,
9180001045035,株式会社ヴィッツ,23:愛知県,175人,G:情報通信業,,,,,,,,,,
7011001009790,株式会社シー・エス・イー,13:東京都,966人,G:情報通信業,,,,,,,,,,
9140001018622,株式会社ドーン,28:兵庫県,66人,G:情報通信業,,,,,,,,,,
7010401078553,株式会社極東電視台,13:東京都,170人,G:情報通信業,,,,,,,,,,
7010401110654,Ｗｏｖｎ　Ｔｅｃｈｎｏｌｏｇｉｅｓ株式会社,13:東京都,110人,G:情報通信業,,,,,,,,,,
8370001038854,エリシアンテレコム株式会社,04:宮城県,43人,G:情報通信業,http://www.carina.co.jp/index.html,,,,,,,,,
9260001021589,セリオ株式会社,33:岡山県,315人,G:情報通信業,https://recruit.serio.inc/culture/,,,,,,,,,
9290001013757,株式会社システムプロステージ,40:福岡県,32人,G:情報通信業,,,,,,,,,,
7021001007216,株式会社トレンド・プロ,13:東京都,30人,G:情報通信業,,,,,,,,,,
9290001060865,株式会社Ｗｉｓｄｏｍ　Ｋｅｙ,40:福岡県,42人,G:情報通信業,,,,,,,,,,
7011001125043,株式会社ミリアド,13:東京都,24人,G:情報通信業,,,,,,,,,,
5011101060984,株式会社サイバーテック,13:東京都,50人,G:情報通信業,http://www.cybertech.co.jp/,https://www.cybertech.co.jp/recruit/,,,,,1:有,,,
9010001129218,ビーパートナーズ株式会社,13:東京都,74人,G:情報通信業,https://www.bee-partners.co.jp/,https://www.bee-partners.co.jp/recruit/,,,1.0%/0.0%/3.2%,,,,,
1010001047369,株式会社主婦と生活社,13:東京都,180人,G:情報通信業,http://www.shufu.co.jp/,,,,,,,,,
7010601050510,株式会社マイベスト,13:東京都,241人,G:情報通信業,https://my-best.com/company,,,,,,,,,
9010401131566,株式会社ファンくる,13:東京都,80人,G:情報通信業,,,,,,,,,,
1430001094245,インフォセキュアソリューションズ株式会社,01:北海道,3人,G:情報通信業,,,,,,,,,,
1120001045519,株式会社電算情報技研,27:大阪府,123人,G:情報通信業,https://densanjoho.co.jp/,,1人/3人/3人,1人/0人/0人,,1:有,0:無,1:有,1:有,
4011101010148,システム技研株式会社,13:東京都,125人,G:情報通信業,https://www.s-giken.com/index.html,,1人/3人/2人,0人/0人/1人,,1:有,0:無,1:有,1:有,
4260001004739,株式会社トスコ,33:岡山県,584人,G:情報通信業,https://www.tosco.co.jp,,,,,,,,,
1010401091628,株式会社ＬＩＦＵＬＬ,13:東京都,735人,G:情報通信業,https://recruit.lifull.com/culture/,,,,,,,,,
1010001126197,三菱ＵＦＪインフォメーションテクノロジー株式会社,13:東京都,2416人,G:情報通信業,http://www.it.mufg.jp/,,,,,,,,,
1010001012983,株式会社大塚商会,13:東京都,8673人,G:情報通信業,https://www.otsuka-shokai.co.jp/,,,,,,,,,
1010001159627,株式会社シーエーシー,13:東京都,1069人,G:情報通信業,http://www.cac.co.jp/index.html,,,,,,,,,
1010001141097,ＭＸモバイリング株式会社,13:東京都,4413人,G:情報通信業,https://www.mxmobiling.co.jp/index.html,,,,,,,,,
1010001118723,新日本コンピュータマネジメント株式会社,13:東京都,393人,G:情報通信業,https://www.scm-net.co.jp/,,,,,,,,,
1010001000055,株式会社アイ・アイ・エム,13:東京都,117人,G:情報通信業,,,,,,,,,,
1010001084197,株式会社ライトワークス,13:東京都,150人,G:情報通信業,,,,,,,,,,
1010001179419,クラウドエース株式会社,13:東京都,350人,G:情報通信業,,,,,,,,,,
1020001037724,ＮＴＴデータフォース株式会社,14:神奈川県,735人,G:情報通信業,,,,,29.8%/32.1%/47.7%,,,,,
1011001010333,株式会社システム計画研究所,13:東京都,124人,G:情報通信業,http://www.isp.co.jp/,,,,,,,,,
1010401136275,株式会社ノーザ,13:東京都,341人,G:情報通信業,https://www.nhosa.com/,,,,,,,,,
1011101038290,株式会社ＪＴＢパブリッシング,13:東京都,286人,G:情報通信業,,,,,,,,,,
1011101027070,株式会社ＤＮＰ情報システム,13:東京都,844人,G:情報通信業,https://www.dnp.co.jp/sustainability/society/diversity-inclusion/action-plan/,,,,,,,,,
1020001032403,図研テック株式会社,14:神奈川県,500人,G:情報通信業,,,,,,,,,,
1013201014709,株式会社はてな,13:東京都,208人,G:情報通信業,,,,,,,,,,
1010401129592,サイオステクノロジー株式会社,13:東京都,411人,G:情報通信業,https://sios.jp/,,,,,,,,,
1011001028004,株式会社アジャスト,13:東京都,31人,G:情報通信業,https://adjust-net.co.jp/,,,,,,,,,
1010901029020,リンカーズ株式会社,13:東京都,100人,G:情報通信業,,,,,,,,,,
9370001043523,東北アースシステムズ株式会社,04:宮城県,19人,G:情報通信業,,,,,,,,,,
1011001047078,ＧＲＡＳグループ株式会社,13:東京都,80人,G:情報通信業,https://gras-group.co.jp/,,,,,,,,,
1010501002220,株式会社オーブシステム,13:東京都,26人,G:情報通信業,,,,,,1:有,0:無,1:有,1:有,
1070001001056,ぐんぎんシステムサービス株式会社,10:群馬県,122人,G:情報通信業,http://www.gss.co.jp,http://www.gss.co.jp/recruit/index.html,0人/3人/0人,0人/0人/0人,,1:有,1:有,1:有,0:無,
1070001008836,株式会社インターゾーン,10:群馬県,165人,G:情報通信業,http://www.inter-zone.jp/,,,,,,,,,
1021001014498,株式会社エフ・トレード,14:神奈川県,84人,G:情報通信業,https://www.ftrade.co.jp/,,,,,,,,,
1040001042350,アソビュー株式会社,13:東京都,200人,G:情報通信業,https://www.asoview.co.jp/company/info,,,,,,,,,
3010401013877,商船三井システムズ株式会社,13:東京都,173人,G:情報通信業,,,,,,,,,,
1070001003457,リード株式会社,10:群馬県,110人,G:情報通信業,https://www.lead-ltd.co.jp/company/#employers,,,,,,,,,
1020001146509,ブラウンリバース株式会社,14:神奈川県,15人,G:情報通信業,,,,,,,,,,
1120001086265,ナビオコンピュータ株式会社,27:大阪府,1727人,G:情報通信業,http://www.navio.co.jp,,,,,,,,,
1120001171257,株式会社ｅＷｅＬＬ,27:大阪府,90人,G:情報通信業,,,,,,,,,,
4010901044999,株式会社ヒューガン,27:大阪府,13人,G:情報通信業,,,,,,,,,,
5090001005687,株式会社アイティードゥ,19:山梨県,16人,G:情報通信業,http://itdo.jp/,,,,,,,,,
1120001096553,近鉄情報システム株式会社,27:大阪府,152人,G:情報通信業,,,,,,,,,,
1100001009475,株式会社ＡＮＸ,20:長野県,130人,G:情報通信業,https://anx.inc,,,,,,,,,
1130001044718,スマイルフォース株式会社,13:東京都,6人,G:情報通信業,https://www.smileforce.jp/,,,,,,,,,
1180001010995,アビームシステムズ株式会社,23:愛知県,1156人,G:情報通信業,http://www.abeam-s.com/,,,,,,,,,
6013301019157,株式会社ソフトウエア・サイエンス,13:東京都,181人,G:情報通信業,https://www.ssi.co.jp/,,,,,,,,,
1180001105176,ＴＩＳシステムサービス株式会社,13:東京都,984人,G:情報通信業,http://www.tss-j.co.jp/,,,,,,,,,
1180001078232,株式会社ウィルビジョン,23:愛知県,16人,G:情報通信業,,,,,,,,,,
4011001142751,ＴｅｃｈＳｕｉｔｅ株式会社,13:東京都,14人,G:情報通信業,,,,,,,,,,
1240001012779,株式会社サンネット,34:広島県,340人,G:情報通信業,http://www.csunnet.co.jp/,,,,,,,,,
7020001075660,プラネットワークス株式会社,13:東京都,11人,G:情報通信業,,,,,,,,,,
1240001012853,株式会社ＮＴＴデータ中国,34:広島県,358人,G:情報通信業,http://www.nttdata-chugoku.co.jp/,,,,,,,,,
1290001013616,シスメックスＣＮＡ株式会社,40:福岡県,237人,G:情報通信業,http://www.sysmex-cna.co.jp/,,,,,,,,,
1370001001067,パイオニアシステムテクノロジー株式会社,04:宮城県,232人,G:情報通信業,http://pioneer.jp/corp/info/globalnetwork/japan/pioneersystemtechnologies/,,,,,,,,,
5430001040807,株式会社ソルブブレイン,01:北海道,11人,G:情報通信業,https://solve-brain.com/,,,,,,,,,
8290001082803,Ｇｉｇｉ株式会社,13:東京都,18人,G:情報通信業,,,,,,,,,,
1270001002166,アクシスＩＴパートナーズ株式会社,31:鳥取県,175人,G:情報通信業,,,,,,,,,,
1370001006487,株式会社ＮＩＤ東北,04:宮城県,126人,G:情報通信業,,,,,,,,,,
1430001032097,株式会社エスプランニング,01:北海道,18人,G:情報通信業,http://es-planning.jp/,,,,,,,,,
1380001004696,株式会社エフコム,07:福島県,365人,G:情報通信業,https://www.f-com.co.jp/,,,,,,,,,
1430001024854,株式会社ノーステクノロジー,01:北海道,48人,G:情報通信業,,,,,,,,,,
2010001021703,株式会社ＤＳＲ,13:東京都,150人,G:情報通信業,,,,,,,,,,
2010001016678,コムコ株式会社,13:東京都,245人,G:情報通信業,https://comco.co.jp/,,,,,,,,,
1190001020531,株式会社アルファス,24:三重県,12人,G:情報通信業,,,,,,,,,,
1430001037773,ビットスター株式会社,01:北海道,89人,G:情報通信業,,,,,,,,,,
2010001011530,株式会社ウェーブ,13:東京都,44人,G:情報通信業,,,,,,,,,,
1420001000740,株式会社協同,02:青森県,22人,G:情報通信業,,,,,,,,,,
2010701002300,カチシステムプロダクツ株式会社,13:東京都,307人,G:情報通信業,https://www.knet.co.jp/,,,,,,,,,
2010401058576,ＳＢアットワーク株式会社,13:東京都,164人,G:情報通信業,,,,,,,,,,
2010401041383,株式会社インフォマート,13:東京都,829人,G:情報通信業,http://www.infomart.co.jp/,,,,,,,,,
2010001130058,ＡＲアドバンストテクノロジ株式会社,13:東京都,801人,G:情報通信業,,,,,,,,,,
2010403009734,アシュリオンジャパン・ホールディングス合同会社,13:東京都,189人,G:情報通信業,,,,,,,,,,
2010401146637,株式会社動楽,13:東京都,10人,G:情報通信業,,,,,,,,,,
9120001189911,株式会社リーディ,27:大阪府,54人,G:情報通信業,https://www.ridi.co.jp/,,,,,,,,,
2012801000497,コニカミノルタ情報システム株式会社,13:東京都,186人,G:情報通信業,http://www.konicaminolta.jp/about/corporate/group/hjs/index.html,,,,,,,,,
2010701021655,株式会社Ｇａｋｋｅｎ,13:東京都,700人,G:情報通信業,https://www.corp-gakken.co.jp/,,,,,,,,,
2010901030183,アジアクエスト株式会社,13:東京都,461人,G:情報通信業,https://www.asia-quest.jp/,,,,75%/71%/68%,,,,,
2011001059411,株式会社情報戦略テクノロジー,13:東京都,339人,G:情報通信業,https://www.is-tech.co.jp/,,,,,,,,,
2011501024807,株式会社ログラス,13:東京都,330人,G:情報通信業,,,,,,,,,,
2011501001129,近代システムビューロー株式会社,13:東京都,117人,G:情報通信業,http://www.ksbkk.co.jp/,,,,,,,,,
9010001092589,株式会社ソデック,13:東京都,40人,G:情報通信業,https://www.sodech.com/,,,,,,,,,
2060001016517,ケーブルテレビ株式会社,09:栃木県,190人,G:情報通信業,https://www.cc9.jp/,https://www.cc9.jp/recruit/,0人/5人/2人,0人/1人/1人,,1:有,1:有,1:有,1:有,
2120001171017,株式会社ユニソンプラネット,27:大阪府,35人,G:情報通信業,http://www.unison-planet.com/,,,,,,,,,
2120001067330,株式会社テイジイエル,27:大阪府,246人,G:情報通信業,,,,,,,,,,
2120901016130,株式会社ミライト・ワン・システムズ,13:東京都,385人,G:情報通信業,https://www.mirait-one-systems.co.jp,,,,,,,,,
2140001024817,株式会社ナノコネ,28:兵庫県,177人,G:情報通信業,,,,,,,,,,
6010701020042,株式会社オフィスムーブ,13:東京都,10人,G:情報通信業,,,,,,,,,,
2200001030172,株式会社ＩＴｒｅａｔ,21:岐阜県,12人,G:情報通信業,http://itreat.co.jp/,,,,,,,,,
2260001012082,株式会社イーコンタクト,33:岡山県,13人,G:情報通信業,,,,,,,,,,
2190001015679,株式会社東名,24:三重県,652人,G:情報通信業,,,,,,,,,,
3430001022690,ＨＩＳホールディングス株式会社,01:北海道,203人,G:情報通信業,https://www.hokuyois.co.jp/csr/actionplan/,,,,,,,,,
9011301019216,株式会社オレンジキューブ,13:東京都,20人,G:情報通信業,http://orange-cube.jp/,,,,,,,,,
2330001000063,株式会社ＲＫＫＣＳ,43:熊本県,686人,G:情報通信業,,,,,,,,,,
5010001095744,株式会社アイグローブ,13:東京都,110人,G:情報通信業,,,,,,,,,,
2370001012690,Ａｓｔｅｍｏ仙台株式会社,04:宮城県,180人,G:情報通信業,,,,,,,,,,
2300005000079,一般社団法人佐賀県農村地域情報センター,41:佐賀県,50人,G:情報通信業,,,,,,,,,,
2320001003711,株式会社ＮＴＴデータ・ビーンサービス,44:大分県,425人,G:情報通信業,,,,,,,,,,
3010001024250,株式会社東和コンピュータマネジメント,13:東京都,151人,G:情報通信業,https://info.towa-cm.co.jp/,,,,,,,,,
2430001057044,日鉄ソリューションズ北海道株式会社,01:北海道,325人,G:情報通信業,https://www.nssol.nipponsteel.com/hokkaido/,,,,,,,,,
3010001024705,クラリベイト・アナリティクス・ジャパン株式会社,13:東京都,150人,G:情報通信業,https://clarivate.jp/,,,,,,,,,
5011001120244,オープンキッズベース株式会社,13:東京都,4人,G:情報通信業,,,,,,,,,,
3010001022865,株式会社アイティフォー,13:東京都,513人,G:情報通信業,,,,,,,,,,
3010001092636,日鉄ソリューションズサービスアンドテクノロジー株式会社,13:東京都,407人,G:情報通信業,https://www.nssol.nipponsteel.com/nsslc/,,,,,,,,,
3010401091774,株式会社アイオス,13:東京都,276人,G:情報通信業,https://www.ios-net.co.jp,,,,,,,,,
3010601027009,株式会社ＯＳＫ,13:東京都,444人,G:情報通信業,https://www.kk-osk.co.jp/,,,,,,,,,
3010401014223,ＪＡＬデジタル株式会社,13:東京都,1102人,G:情報通信業,https://www.jaldx.co.jp/company/sustainability/,,,,,,,,,
3010401051200,ＳＣＳＫサービスウェア株式会社,13:東京都,5454人,G:情報通信業,http://www.scskserviceware.co.jp/,,,,,,,,,
3010401022977,ＮＥＣフィールディング株式会社,13:東京都,4482人,G:情報通信業,http://www.fielding.co.jp/index.html,,,,,,,,,
3010001132912,株式会社ＢｌｕｅＭｅｍｅ,13:東京都,144人,G:情報通信業,https://www.bluememe.jp/,,,,,,,,,
3010003031146,エクスポリス株式会社,13:東京都,1人,G:情報通信業,,,,,,,,,,
3010001087132,株式会社サンライズ社,13:東京都,70人,G:情報通信業,,,,,,,,,,
3011101011691,株式会社ソリトンシステムズ,13:東京都,684人,G:情報通信業,,,,,,,,,,
3010701023163,株式会社ブロードリーフ,13:東京都,781人,G:情報通信業,http://www.broadleaf.co.jp/,,,,,,,,,
5011401026941,ＭＭＯネットワーク株式会社,13:東京都,6人,G:情報通信業,,,,,,,,,,
2010401098688,株式会社じげん,13:東京都,275人,G:情報通信業,,,,,,,,,,
3010801027320,株式会社アイロバ,13:東京都,20人,G:情報通信業,,,,,,,,,,
3011101062636,アールアイ・ソフトウェア株式会社,13:東京都,207人,G:情報通信業,http://www.ris.co.jp,,,,,,,,,
3011401014403,株式会社トイボツクス井,13:東京都,16人,G:情報通信業,,,,,,,,,,
3011001070185,株式会社カカオピッコマ,13:東京都,273人,G:情報通信業,https://www.kakaopiccoma.com/,,,,,,,,,
3011001025932,リンク情報システム株式会社,13:東京都,386人,G:情報通信業,,,,,,,,,,
3011001019216,株式会社ピーアンドアイ,13:東京都,150人,G:情報通信業,,,,,,,,,,
3010701022537,株式会社マーベラス,13:東京都,693人,G:情報通信業,,,,,,,,,,
3030001012162,ＡＧＳプロサービス株式会社,11:埼玉県,531人,G:情報通信業,http://www.ags-ps.co.jp/index.html,,,,,,,,,
3020001027293,ソリューション・ラボ・ジャパン株式会社,14:神奈川県,221人,G:情報通信業,,,,,,,,,,
3020001041534,株式会社コマス,14:神奈川県,150人,G:情報通信業,,,,,,,,,,
3100001001224,信濃毎日新聞株式会社,20:長野県,440人,G:情報通信業,http://www.shinmai.co.jp,,,,,,,,,
2430001025884,株式会社エイチ・エル・シー,01:北海道,920人,G:情報通信業,,,,,,,,,,
3080001011085,株式会社Ｎｅｗデイシス,22:静岡県,169人,G:情報通信業,https://www.newdaysys.co.jp/,,,,,,,,,
3120001162139,株式会社アイティープランニング,27:大阪府,13人,G:情報通信業,,,,,,,,,,
3110001033984,株式会社ｏＲｏ　ｃｏｄｅ　ＭＯＣ,15:新潟県,87人,G:情報通信業,https://comedoc.oro.com/about/,,,,,,,,,
3120001070250,株式会社法研関西,27:大阪府,28人,G:情報通信業,,,,,,,,,,
3120001249142,株式会社マイクロシミュレーション,13:東京都,7人,G:情報通信業,,,,,,,,,,
3230001000758,北日本放送株式会社,16:富山県,165人,G:情報通信業,http://www.knb.ne.jp/,,,,,,,,,
3260001024746,株式会社クリエ・ココ,33:岡山県,2人,G:情報通信業,https://www.crea-coco.com/,,,,,,,,,
3260001024077,株式会社ハジメクリエイト,33:岡山県,10人,G:情報通信業,https://hajimecreate.com/,,,,,,,,,
3210001001733,株式会社シー・シー・ユー,18:福井県,45人,G:情報通信業,http://www.ccu.co.jp,,,,,,,,,
3230001011821,コムテックス株式会社,16:富山県,103人,G:情報通信業,https://www.ctx.co.jp/,,,,,,,,,
3290001089472,ウェブココル株式会社,40:福岡県,15人,G:情報通信業,https://cocol.co.jp/,,,,,,,,,
3380001013670,株式会社東日本計算センター,07:福島県,385人,G:情報通信業,,,,,,,,,,
3430001022088,株式会社北海道新聞社,01:北海道,1238人,G:情報通信業,http://jinji.hokkaido-np.co.jp/company/divercity.html,,,,,,,,,
4010001046302,株式会社しんきん情報システムセンター,13:東京都,257人,G:情報通信業,https://www.shinkin.co.jp/ssc/,,,,,,,,,
4010001015075,株式会社ＱＵＩＣＫ,13:東京都,653人,G:情報通信業,,,,,,,,,,
3500001001555,興安計装株式会社,38:愛媛県,201人,G:情報通信業,,,,,,,,,,
8011201014598,コグラフ株式会社,13:東京都,32人,G:情報通信業,http://co-graph.com/,,,,,,,,,
4290801010834,ケーシー株式会社,40:福岡県,55人,G:情報通信業,,,,,,,,,,
4010001005687,株式会社南江堂,13:東京都,140人,G:情報通信業,,,,,,,,,,
6400001009853,ルネッサンスルパン株式会社,03:岩手県,9人,G:情報通信業,http://r-lupin.co.jp,,,,,,,,,
3430001024588,新光商事エルエスアイデザインセンター株式会社,01:北海道,101人,G:情報通信業,https://www.sld-shinko.co.jp,,,,,,,,,
4010401014057,株式会社ジャステック,13:東京都,1432人,G:情報通信業,http://www.jastec.co.jp/,,,,,,,,,
4010001102162,株式会社デジタルホールディングス,13:東京都,83人,G:情報通信業,https://digital-holdings.co.jp/,,,,,,,,,
4010401032249,ＮＴＴドコモソリューションズ株式会社,13:東京都,7089人,G:情報通信業,http://www.nttcom.co.jp/,,,,,,,,,
4010601029458,株式会社ＮＴＴデータ・インフォメーションテクノロジー,13:東京都,432人,G:情報通信業,https://www.nttdata-it.com/,,,,,,,,,
4010401024691,株式会社ピーエスシー,13:東京都,700人,G:情報通信業,http://www.psc-inc.co.jp/,,,,,,,,,
4010601021794,株式会社ＮＴＴデータＣＣＳ,13:東京都,778人,G:情報通信業,http://www.nttdata-ccs.co.jp/,,,,,,,,,
4010001116006,株式会社オークネット,13:東京都,319人,G:情報通信業,https://www.aucnet.co.jp/,,,,44.0%/40.0%/52.0%,,,,,
4010101010331,株式会社ソフトフロー,13:東京都,18人,G:情報通信業,https://www.softflow.jp/,,,,,,,,,
4010401069737,ＮＥＣフィールディングシステムテクノロジー株式会社,14:神奈川県,141人,G:情報通信業,,,,,,,,,,
4010001128042,ピースミール・テクノロジー株式会社,13:東京都,77人,G:情報通信業,https://www.pmtech.co.jp/,,,,,,,,,
4010001127738,株式会社コアコンセプト・テクノロジー,13:東京都,432人,G:情報通信業,https://www.cct-inc.co.jp/sustainability/,,,,,,,,,
4010403011531,ＨＪホールディングス株式会社,13:東京都,119人,G:情報通信業,,,,,,,,,,
4010402035069,キャップジェミニ株式会社,13:東京都,1300人,G:情報通信業,,,,,,,,,,
9010401002098,株式会社アラウン,13:東京都,98人,G:情報通信業,http://www.araun.com,,,,,,,,,
4011101016888,インフォテック株式会社,13:東京都,548人,G:情報通信業,https://www.iftc.co.jp/,,,,,,,,,
4010701000905,いすゞシステムサービス株式会社,14:神奈川県,196人,G:情報通信業,http://www.iss.co.jp/,,,,,,,,,
4011101040211,株式会社ヘッドウォータース,13:東京都,98人,G:情報通信業,http://www.headwaters.co.jp/,,,,,,,,,
4011001045698,株式会社アイエンター,13:東京都,300人,G:情報通信業,https://www.i-enter.co.jp/,,,,,,,,,
4180001100199,インフィニティーシーズ株式会社,23:愛知県,11人,G:情報通信業,,,,,,,,,,
4011701017708,ランテック株式会社,13:東京都,112人,G:情報通信業,https://run-tech.co.jp/,,,,,,,,,
4012401005044,三井住友トラストＴＡソリューション株式会社,13:東京都,490人,G:情報通信業,https://www.smttas.jp/recruitment/environment.html,,,,,,,,,
4011101036416,株式会社システム創造開発,13:東京都,70人,G:情報通信業,https://www.scd.co.jp/,,,,,,,,,
4011001065192,株式会社アピリッツ,13:東京都,640人,G:情報通信業,,,,,,,,,,
4011001069219,クロノス株式会社,13:東京都,144人,G:情報通信業,,,,,,,,,,
4011001018258,農中情報システム株式会社,13:東京都,806人,G:情報通信業,https://www.nochu-info.co.jp/company/profile/,,,,,,,,,
8010001031300,株式会社有斐閣,13:東京都,110人,G:情報通信業,http://www.yuhikaku.co.jp/,,,,,,,,,
4080001008361,静銀ＩＴソリューション株式会社,22:静岡県,245人,G:情報通信業,https://www.shizuoka-cs.co.jp,,,,,,,,,
8010001215051,株式会社ＣＯＭＰＡＳＳ,13:東京都,10人,G:情報通信業,,,,,,,,,,
4021003014378,合同会社ａｃｉａｓｓ,14:神奈川県,9人,G:情報通信業,,,,,,,,,,
4120001070448,株式会社ヴィンクス,13:東京都,1470人,G:情報通信業,http://www.vinx.co.jp,,,,,,,,,
4120001067097,中央コンピューター株式会社,27:大阪府,576人,G:情報通信業,http://www.chuo-computer.co.jp/,,,,,,,,,
4120001054120,株式会社ＮＴＴデータ関西,27:大阪府,1321人,G:情報通信業,http://www.nttdata-kansai.co.jp/,,,,,,,,,
4120901018620,インフォアーク株式会社,27:大阪府,5人,G:情報通信業,,,,,,,,,,
4120001108082,株式会社クロノス,13:東京都,114人,G:情報通信業,,,,,,,,,,
4130001024907,株式会社エーエスピーコム,26:京都府,30人,G:情報通信業,,,,,,,,,,
4180001047184,株式会社トヨタマップマスター,23:愛知県,179人,G:情報通信業,http://www.mapmaster.co.jp/index.html,,,,,,,,,
4130001057130,株式会社ＳＣＲＥＥＮアドバンストシステムソリューションズ,26:京都府,56人,G:情報通信業,http://www.screen.co.jp/,,,,,,,,,
4160001012355,株式会社リーフワークス,25:滋賀県,71人,G:情報通信業,,,,,,,,,,
3380001018744,株式会社アクシス,07:福島県,52人,G:情報通信業,https://www.f-axis.co.jp/,,,,,,,,,
1011001098699,株式会社エルバーククオリティ,13:東京都,30人,G:情報通信業,,,,,,,,,,
4380001013711,株式会社ＦＳＫ,07:福島県,148人,G:情報通信業,https://www.fsk-brain.co.jp/,,,,,,,,,
4320001006497,エフサステクノロジーズ太陽株式会社,44:大分県,64人,G:情報通信業,,,,,,,,,,
5010001062182,ジェイエスフィット株式会社,13:東京都,328人,G:情報通信業,https://www.jsfit.co.jp/,,,,,,,,,
5010001078022,フコク情報システム株式会社,13:東京都,360人,G:情報通信業,https://www.fukoku-is.co.jp/,,,,,,,,,
4410001002322,株式会社フィデア情報総研,05:秋田県,152人,G:情報通信業,,,,,,,,,,
5011001102168,株式会社ＣＥメディアハウス,13:東京都,129人,G:情報通信業,,,,,,,,,,
5010401028741,三菱ＵＦＪトラストシステム株式会社,13:東京都,930人,G:情報通信業,https://www.musk.co.jp/recruit/culture/culture.html,,,,,,,,,
5011001042496,ＧＭＯペパボ株式会社,13:東京都,362人,G:情報通信業,https://pepabo.com/,,,,,,,,,
5010701015555,アライドテレシス株式会社,13:東京都,891人,G:情報通信業,https://www.at-global.com/diversity/,,,,,,,,,
5011001033280,シリコンスタジオ株式会社,13:東京都,449人,G:情報通信業,,,,,,,,,,
5011001068839,株式会社ｗｅｖｎａｌ,13:東京都,108人,G:情報通信業,https://wevnal.co.jp/,,,,,,,,,
5010801020059,株式会社ヴォルグ,13:東京都,12人,G:情報通信業,,,,,,,,,,
5010501033690,株式会社アフェックス,13:東京都,27人,G:情報通信業,,,,,,,,,,
5010401046388,ユニバース情報システム株式会社,13:東京都,200人,G:情報通信業,https://uisnet.co.jp/,https://job.rikunabi.com/2025/company/r236700004/,1人/1人/0人,0人/0人/0人,,1:有,1:有,1:有,1:有,
5010601058423,ｍａテレコム株式会社,13:東京都,800人,G:情報通信業,,,,,,,,,,
5011001058930,株式会社モノサス,13:東京都,115人,G:情報通信業,,,,,,,,,,
5010901030858,株式会社マカルーデジタル,13:東京都,9人,G:情報通信業,,,,,,,,,,
5011101033882,キーウェアソリューションズ株式会社,13:東京都,800人,G:情報通信業,http://www.keyware.co.jp/index.html,,,,,,,,,
5011101014503,ＮＤＩソリューションズ株式会社,13:東京都,390人,G:情報通信業,https://www.ndisol.jp/,,,,,,,,,
5030001006393,日新火災情報システム株式会社,11:埼玉県,203人,G:情報通信業,https://www.nisshin-info.co.jp/,,,,,,,,,
5020001036722,パナソニックＩＴＳ株式会社,14:神奈川県,686人,G:情報通信業,https://www.panasonic.com/jp/company/pits.html,,,,,,,,,
5020001059046,株式会社ＥｌｅｃｔｒｉｃＡｒｃｈｉｔｅｃｔ,14:神奈川県,80人,G:情報通信業,http://eaz.co.jp/index.html,,,,,,,,,
5020001089092,みんなのマーケット株式会社,13:東京都,127人,G:情報通信業,https://www.minma.jp/,,,,,,,,,
5011101041539,株式会社アクト,13:東京都,346人,G:情報通信業,,,,,0.0%/10.0%/22.7%,,,,,
5011101044277,株式会社ＬｕｃｋｙＬｉｇｈｔｉｎｇ,14:神奈川県,16人,G:情報通信業,,,,,,,,,,
5011101080132,株式会社Ｓｅｋａｐｐｙ,13:東京都,118人,G:情報通信業,,,,,,,,,,
5020001033661,株式会社クレスコ・デジタルテクノロジーズ,13:東京都,229人,G:情報通信業,,,,,,,,,,
5030001123288,株式会社ＥＣＡＤソリューションズ,11:埼玉県,56人,G:情報通信業,,,,,,,,,,
5011101082789,株式会社ＪＳｅｃｕｒｉｔｙ,13:東京都,13人,G:情報通信業,,,,,,,,,,
5030001095057,エレビスタ株式会社,13:東京都,41人,G:情報通信業,https://erevista.co.jp/,,,,,,,,,
5011101096756,株式会社ＥＳＥＳ,13:東京都,320人,G:情報通信業,,,,,,,,,,
5050001028279,株式会社ニチコム,08:茨城県,80人,G:情報通信業,https://www.nichi-com.co.jp/,,,,,,,,,
5100001018761,株式会社デジタル・スパイス,20:長野県,110人,G:情報通信業,https://www.digital-spice.co.jp,,,,,,,,,
5110001037059,株式会社ＴｒｙＴｒｅｅ,15:新潟県,100人,G:情報通信業,https://trytree.co.jp/,,,,,,,,,
5120001128253,エムオーテックス株式会社,27:大阪府,460人,G:情報通信業,http://www.motex.co.jp/,,,,,,,,,
5200001001872,シーシーエヌ株式会社,21:岐阜県,127人,G:情報通信業,,,,,,,,,,
5180001039651,勤次郎株式会社,13:東京都,315人,G:情報通信業,https://www.kinjiro-e.com/kinjiro-sustainability/,,,,,,,,,
5290001071214,カラビナテクノロジー株式会社,40:福岡県,93人,G:情報通信業,,,,,,,,,,
5360001024180,ＳＯＺＯＯ株式会社,47:沖縄県,3人,G:情報通信業,,,,,,,,,,
5330001001488,株式会社ＫＩＳ,43:熊本県,308人,G:情報通信業,https://www.kis.co.jp/company_next/,https://www.kis.co.jp/recruit/,1人/5人/1人,0人/1人/0人,21.7%/7.7%/7.7%,1:有,0:無,0:無,1:有,
5010401110458,株式会社ローカルワークス,13:東京都,10人,G:情報通信業,https://localworks.co.jp/,,,,,,,,,
5320001013724,株式会社ゆいまーる,44:大分県,22人,G:情報通信業,,,,,,,,,,
5360001027200,株式会社Ｓｏｌａｆｕｎｅ,13:東京都,35人,G:情報通信業,,,,,,,,,,
6010001100734,ＪＩＰテクノサイエンス株式会社,13:東京都,275人,G:情報通信業,http://www.jip-ts.co.jp/index.html,,,,,,,,,
6010001034809,松竹株式会社,13:東京都,906人,G:情報通信業,http://www.shochiku.co.jp/,,,,,,,,,
6010001060318,株式会社ＩＩＪプロテック,13:東京都,535人,G:情報通信業,,,,,,,,,,
6010001105320,株式会社アビット,13:東京都,178人,G:情報通信業,,,,,,,,,,
6010001012401,株式会社ＮＹＫＢｕｓｉｎｅｓｓＳｙｓｔｅｍｓ,13:東京都,182人,G:情報通信業,,,,,,,,,,
6010005018675,一般財団法人建設物価調査会,13:東京都,297人,G:情報通信業,https://www.kensetu-bukka.or.jp/about/actionplan/,,,,,,,,,
6010701000218,株式会社ＡＯＩ　Ｐｒｏ．,13:東京都,417人,G:情報通信業,http://www.aoi-pro.com/,,,,,,,,,
6010401032932,ダッソー・システムズ株式会社,13:東京都,728人,G:情報通信業,,,,,,,,,,
6011001048311,株式会社ファミリーネット・ジャパン,13:東京都,245人,G:情報通信業,https://www.fnj.co.jp/,,,,,,,,,
6010701025248,ＪＴＰ株式会社,13:東京都,462人,G:情報通信業,,,,,,,,,,
6011001067039,ａｕコマース＆ライフ株式会社,13:東京都,369人,G:情報通信業,,,,,,,,,,
6010701018466,フューチャー株式会社,13:東京都,1186人,G:情報通信業,https://www.future.co.jp/sustainability/diversity/,,,,,,,,,
6011001096013,株式会社１０ＡＮＴＺ,13:東京都,132人,G:情報通信業,,,,,,,,,,
6011001046711,株式会社ＧＥＮＯＶＡ,13:東京都,352人,G:情報通信業,,,,,,,,,,
6010001179653,Ｂｌｅａｆ株式会社,13:東京都,38人,G:情報通信業,https://bleaf.co.jp/,,,,,,,,,
6010501051411,スマステ株式会社,13:東京都,3人,G:情報通信業,,,,,,,,,,
6010401135677,株式会社ＰＯＴＥＴＯ　Ｍｅｄｉａ,13:東京都,8人,G:情報通信業,https://poteto.media,,,,,,,,,
9010001066543,アイ・システム株式会社,13:東京都,361人,G:情報通信業,https://www.i-system.co.jp,,,,,,,,,
4060001000221,株式会社アイ・シー・エス,09:栃木県,14人,G:情報通信業,https://www.icsjpn.co.jp/,,,,,,,,,
6011201016571,株式会社Ｌｉｎｋｒｏｐ,13:東京都,3人,G:情報通信業,,,,,,,,,,
6011001106341,クラスター株式会社,13:東京都,92人,G:情報通信業,,,,,,,,,,
6040001067434,大樹生命アイテクノロジー株式会社,12:千葉県,308人,G:情報通信業,https://www.ibm.com/jp-ja/about/subsidiaries/tli,,,,,,,,,
6080401006582,日本デジコム株式会社,22:静岡県,94人,G:情報通信業,,,,,,,,,,
3010401141208,株式会社くふう住まい,13:東京都,100人,G:情報通信業,https://kufusumai.co.jp/,,,,,,,,,
6130001012562,京セラコミュニケーションシステム株式会社,26:京都府,2570人,G:情報通信業,http://www.kccs.co.jp/,,,,,,,,,
6120001126768,フィラーシステムズ株式会社,27:大阪府,117人,G:情報通信業,https://www.fsz.co.jp,,,,,,,,,
5220001007562,株式会社ロジック,17:石川県,33人,G:情報通信業,,,,,,,,,,
6180001038116,中部テレコミュニケーション株式会社,23:愛知県,879人,G:情報通信業,https://www.ctc.co.jp/,,,,,,,,,
9020001144942,株式会社アオミネクスト,13:東京都,7人,G:情報通信業,,,,,,,,,,
5010401056882,ＮＴＴテクノクロス株式会社,13:東京都,2101人,G:情報通信業,https://www.ntt-tx.co.jp/corporate/diversity/,,,,,,,,,
6180001088631,株式会社Ｆｏｕｒ　Ｈｉｌｌｓ,23:愛知県,8人,G:情報通信業,https://fourhills.jp/,,,,,,,,,
6220001004617,株式会社ドコモＣＳ北陸,17:石川県,401人,G:情報通信業,https://www.docomo-cs-hokuriku.co.jp/,,,,,,,,,
4010401070273,クウジット株式会社,13:東京都,10人,G:情報通信業,https://www.koozyt.com/,,,,,,,,,
3013301046798,株式会社Ｎｅｃｍｏｓ,13:東京都,95人,G:情報通信業,,,,,,,,,,
6200001031150,株式会社サイバーインテリジェンス,21:岐阜県,17人,G:情報通信業,http://cyber-intelligence.jp/,,,,,,,,,
6210001003017,チャンスメーカー株式会社,18:福井県,279人,G:情報通信業,https://ch-mk.jp/,,,,,,,,,
6260001003251,株式会社システムエンタープライズ,33:岡山県,135人,G:情報通信業,https://www.s-enter.com/,,,,,,,,,
6300001000327,株式会社佐賀新聞社,41:佐賀県,143人,G:情報通信業,https://www.saga-s.co.jp/,,,,,,,,,
4030001047059,株式会社アルゴテック,13:東京都,30人,G:情報通信業,,,,,,,,,,
6120001034616,株式会社菓業食品新聞社,27:大阪府,3人,G:情報通信業,http://okashi.info,,,,,,,,,
6370001011375,株式会社トークネット,04:宮城県,392人,G:情報通信業,,,,,,,,,,
4120001043081,株式会社ＵＳＰマネジメント,27:大阪府,10人,G:情報通信業,,,,,,,,,,
6370001006499,株式会社東北システムズ・サポート,04:宮城県,225人,G:情報通信業,https://www.tsstohoku.jp/security.html#support,,,,,,,,,
6120001085972,株式会社ナウプロダクション,27:大阪府,101人,G:情報通信業,http://www.nowpro.co.jp/,,,,,,,,,
6040001068077,システムスリーテン株式会社,12:千葉県,82人,G:情報通信業,https://www.system310.co.jp,https://www.system310.co.jp/recruit_newface.html,5人/3人/6人,0人/1人/2人,,1:有,0:無,1:有,1:有,
6290001091459,ｔｅｌｌａｓ株式会社,40:福岡県,17人,G:情報通信業,,,,,,,,,,
6370001008693,株式会社ステップ,04:宮城県,213人,G:情報通信業,https://www.stepltd.co.jp,,,,,,,,,
7010001038346,日鉄ソリューションズ東日本株式会社,13:東京都,1073人,G:情報通信業,https://www.nssol.nipponsteel.com/east/,,,,,,,,,
7010401053829,株式会社電通総研,13:東京都,2502人,G:情報通信業,https://www.dentsusoken.com/,,,,,,,,,
7140001007718,コベルコシステム株式会社,28:兵庫県,1301人,G:情報通信業,http://www.kobelcosys.co.jp,,,,,,,,,
7010701012534,ＡＮＡシステムズ株式会社,13:東京都,911人,G:情報通信業,http://www.anasystems.co.jp,,,,,,,,,
7010701022764,株式会社メンバーズ,13:東京都,1464人,G:情報通信業,https://www.members.co.jp/,,,,,,,,,
5040001015427,株式会社エイ・コーポレーション,12:千葉県,33人,G:情報通信業,https://www.eic.co.jp/,,,,,1:有,1:有,1:有,1:有,
7010401078314,株式会社ナビタイムジャパン,13:東京都,430人,G:情報通信業,https://corporate.navitime.co.jp/,,,,,,,,,
7010501010449,日本自動化開発株式会社,13:東京都,620人,G:情報通信業,http://www.jadc.co.jp/,,,,,,,,,
4010001231192,ＬｉｖＥｄｇｅ株式会社,13:東京都,8人,G:情報通信業,,,,,,,,,,
4011101039600,株式会社スタッフ・アンド・ブレーン,13:東京都,58人,G:情報通信業,https://sb-tokyo.jp/,https://sb-tokyo.jp/recruit/,,,,1:有,0:無,1:有,0:無,
9290001035594,株式会社ハコブネ,13:東京都,10人,G:情報通信業,https://www.hakobune.co.jp/,,,,,,,,,
9370001024110,株式会社ＺＩＧ,13:東京都,5人,G:情報通信業,https://mechu.info/,,,,,,,,,
2010401157320,株式会社ＳＤビジョン,13:東京都,98人,G:情報通信業,,,,,,,,,,
7011001115102,株式会社ＡＲＩＳＥ　ａｎａｌｙｔｉｃｓ,13:東京都,205人,G:情報通信業,https://www.ariseanalytics.com/recruit/benefits/,,,,,,,,,
7010601054833,株式会社レルモ,13:東京都,25人,G:情報通信業,,,,,,,,,,
7290001082738,株式会社オルトロボ,40:福岡県,10人,G:情報通信業,,,,,,,,,,
7011101027073,株式会社アイ・ティー・ワン,13:東京都,282人,G:情報通信業,http://www.it-one.co.jp/,,,,,,,,,
7011101060669,株式会社Ａｉｍｉｎｇ,13:東京都,515人,G:情報通信業,http://aiming-inc.com/ja/,,,,,,,,,
7030001003876,株式会社システムインテグレータ,11:埼玉県,265人,G:情報通信業,https://corporate.sint.co.jp/,,,,,,,,,
7020001045779,株式会社ウッドペッカー,14:神奈川県,7人,G:情報通信業,http://woodpecker.co.jp/,,,,,,,,,
6010001120410,株式会社サイバーディフェンス研究所,13:東京都,67人,G:情報通信業,https://www.cyberdefense.jp/,https://www.cyberdefense.jp/career.html,0人/0人/3人,0人/0人/1人,,1:有,0:無,1:有,0:無,
7012401015263,株式会社エスエーティ,13:東京都,114人,G:情報通信業,,,,,,,,,,
7030002120621,有限会社ピーシーリンク,11:埼玉県,13人,G:情報通信業,,,,,,,,,,
7011203001975,合同会社ＦＩＥＬＤ,13:東京都,27人,G:情報通信業,,,,,,,,,,
3010001159947,創業手帳株式会社,13:東京都,15人,G:情報通信業,,,,,,,,,,
7120001091573,ユーザックシステム株式会社,27:大阪府,131人,G:情報通信業,https://www.usknet.com,,,,,,,,,
9010501034462,フォレストソフト株式会社,13:東京都,53人,G:情報通信業,,,,,,,,,,
2290001093888,株式会社リンク,40:福岡県,5人,G:情報通信業,https://link-cop.jp/,,,,,1:有,,1:有,,
8010401068421,株式会社アイディール,13:東京都,12人,G:情報通信業,http://ideal-inc.com,,,,,,,,,
7010401154552,株式会社Ｓｐａｋｏｎａ,13:東京都,4人,G:情報通信業,,,,,,,,,,
4011101061629,株式会社Ｙ’ｓ,13:東京都,180人,G:情報通信業,,,,,,,,,,
4010001115940,株式会社ＣＯＢＯＬ,13:東京都,200人,G:情報通信業,,,,,,,,,,
7140001029282,株式会社デジタルキューブ,28:兵庫県,27人,G:情報通信業,,,,,,,,,,
4010401108924,Ｄｒ．ＪＯＹ株式会社,13:東京都,106人,G:情報通信業,,,,,,,,,,
5011001131786,エピックベース株式会社,13:東京都,24人,G:情報通信業,,,,,,,,,,
7120001207633,株式会社ミマモルメ,27:大阪府,265人,G:情報通信業,,,,,,,,,,
2010401198629,トレカプロ株式会社,13:東京都,0人,G:情報通信業,https://tcgpro.co.jp/company/,https://tcgpro.co.jp/company/recruitment/,,,,0:無,1:有,0:無,0:無,
5010003028867,合同会社エリサ,13:東京都,1人,G:情報通信業,https://media.elisa.biz/300-2/,,,,,,,,,
7230001005373,株式会社高志インテック,16:富山県,531人,G:情報通信業,https://www.koushi-intec.co.jp/,,,,,,,,,
4010401134284,株式会社ＥＡＲＴＨＢＲＡＩＮ,13:東京都,206人,G:情報通信業,,,,,,,,,,
9020001095707,株式会社がってん,14:神奈川県,3人,G:情報通信業,,,,,,,,,,
7180002058046,株式会社Ｆｒｅｅｗｉｌｌ,13:東京都,160人,G:情報通信業,https://www.free-will.co/,,,,,,,,,
9430001088834,株式会社タグジェクト,01:北海道,13人,G:情報通信業,https://www.tagject.co.jp,,0人/0人/3人,0人/0人/0人,,1:有,1:有,1:有,0:無,
7220001020786,株式会社ＨｅａｒｔＬａｎｇｕａｇｅ,17:石川県,4人,G:情報通信業,https://heart-language.jp/,,,,,,,,,
7180001121985,株式会社スタメン,23:愛知県,161人,G:情報通信業,https://biz.tunag.jp/company,,,,,,,,,
7340001003399,日本システム株式会社,46:鹿児島県,140人,G:情報通信業,http://www.jpsys.co.jp/,,,,,,,,,
5011101039376,株式会社ビー・エス・アール,13:東京都,76人,G:情報通信業,https://www.bsr-inc.jp/,https://www.bsr-inc.jp/recruit/,,,,1:有,1:有,1:有,0:無,
1010501029156,エンザントレイズ株式会社,13:東京都,35人,G:情報通信業,https://www.enzantrades.co.jp/,,,,,,,,,
5020001132777,株式会社シーアンドシー,14:神奈川県,60人,G:情報通信業,,,,,,,,,,
8010001115986,株式会社ＢＦＴ,13:東京都,454人,G:情報通信業,http://www.bfts.co.jp/,,,,,,,,,
8010401094657,日本ラッド株式会社,13:東京都,328人,G:情報通信業,https://www.nippon-rad.co.jp,,,,,,,,,
8010001076972,株式会社ラクーンホールディングス,13:東京都,101人,G:情報通信業,https://www.raccoon.ne.jp/company/csr/labor_environment.html,,,,,,,,,
8010001123337,ニンテンドーキューブ株式会社,13:東京都,137人,G:情報通信業,,,,,,,,,,
8010001134152,株式会社ゲームスタジオ,13:東京都,214人,G:情報通信業,,,,,,,,,,
8010401084443,ＮＲＩセキュアテクノロジーズ株式会社,13:東京都,658人,G:情報通信業,https://www.nri-secure.co.jp/,,,,,,,,,
8010001100815,株式会社リーディング・エッジ社,13:東京都,120人,G:情報通信業,https://leadinge.co.jp/message#Messages,,,,,,,,,
8010701005314,ソニーピーシーエル株式会社,13:東京都,423人,G:情報通信業,http://www.sonypcl.jp/,,,,,,,,,
2011001034562,ＨＥＮＮＧＥ株式会社,13:東京都,420人,G:情報通信業,,,,,,,,,,
8010501016536,ＴＩＳソリューションリンク株式会社,13:東京都,1849人,G:情報通信業,https://www.tsolweb.co.jp/company/attempt/,,,,,,,,,
8012801006761,株式会社テイルウィンドシステム,13:東京都,225人,G:情報通信業,https://www.tailwind.co.jp/,,4人/7人/9人,0人/1人/2人,,1:有,1:有,0:無,1:有,
8012403002399,株式会社ＴａｋｅＦｕｎＳｙｓｔｅｍ,13:東京都,14人,G:情報通信業,http://www.takefun.co.jp/,,,,,,,,,
8011002032592,株式会社Ｏｐｕｓ　Ｓｔｕｄｉｏ,13:東京都,40人,G:情報通信業,,,,,,,,,,
8010501017625,株式会社エヌ・アンド・アイ・システムズ,13:東京都,232人,G:情報通信業,,,,,,,,,,
2013301028731,株式会社キーバインド,13:東京都,93人,G:情報通信業,,,,,,,,,,
8010401113318,ソフトバンクロボティクス株式会社,13:東京都,332人,G:情報通信業,,,,,,,,,,
8030001021646,株式会社ＯＫＩソフトウェア,11:埼玉県,1247人,G:情報通信業,https://www.oki-osk.jp/,,,,,,,,,
8020001071758,ＮＲＩシステムテクノ株式会社,14:神奈川県,406人,G:情報通信業,http://www.nri-st.co.jp/,,,,,,,,,
8070001001545,株式会社ジーシーシー,10:群馬県,767人,G:情報通信業,http://www.gcc.co.jp/,,,,33.0%/61.0%/33.0%,,,,,
8020001055777,アイフォーコム株式会社,14:神奈川県,350人,G:情報通信業,http://www.iforcom.jp/,,,,,,,,,
8020001127758,株式会社ムジント,14:神奈川県,2人,G:情報通信業,,,,,,,,,,
8080001003573,株式会社デイシス,22:静岡県,124人,G:情報通信業,http://www.daysys.jp/,,,,,,,,,
8430001039524,株式会社Ｐ．Ｃ．Ｃ,19:山梨県,10人,G:情報通信業,https://www.bestsalonreport.jp,,,,,,,,,
8120001091705,ユニバーサルコンピューター株式会社,27:大阪府,610人,G:情報通信業,,,,,,,,,,
8180001134862,株式会社豊通シスコム,23:愛知県,391人,G:情報通信業,https://www.tsyscom.co.jp/company/diversity_management/,,,,,,,,,
8180001053682,サン・ライズ・システムズ株式会社,23:愛知県,200人,G:情報通信業,,,,,,,,,,
8260001004792,株式会社岡山トヨタシステムサービス,33:岡山県,101人,G:情報通信業,https://www.ot-ss.com/,,,,,,,,,
7270003000170,合同会社Ｌａ　ｐａｃｅ,13:東京都,3人,G:情報通信業,,,,,,,,,,
3120001180322,株式会社エントラント,27:大阪府,8人,G:情報通信業,,,,,,,,,,
8260001008587,株式会社アイ・サポート,33:岡山県,33人,G:情報通信業,,,,,,,,,,
8290001009392,株式会社西日本新聞社,40:福岡県,500人,G:情報通信業,http://www.nishinippon.co.jp/,,,,,,,,,
8290001006662,株式会社オートメイション・テクノロジー,40:福岡県,168人,G:情報通信業,https://www.inf9.co.jp/,https://www.inf9.co.jp/recruit/,4人/6人/1人,0人/0人/0人,,1:有,1:有,1:有,1:有,
3010001187411,株式会社ＴＲＵＳＴＤＯＣＫ,13:東京都,95人,G:情報通信業,,,,,,,,,,
8370001004996,ＴＩＳ東北株式会社,04:宮城県,101人,G:情報通信業,https://www.tis-t.co.jp/,,,,,,,,,
2010401027300,株式会社放送技術社,13:東京都,643人,G:情報通信業,http://www.khg-net.co.jp,,,,,,,,,
7010501042954,株式会社９ｌｉｏｎｅ,13:東京都,1人,G:情報通信業,,,,,,,,,,
2010401057883,クロス・ヘッド株式会社,13:東京都,381人,G:情報通信業,https://www.crosshead.co.jp/,,,,,,,,,
9010001067368,株式会社インプレス,13:東京都,120人,G:情報通信業,https://www.imprex.co.jp/,,,,,,,,,
9011001101769,ソルト株式会社,13:東京都,9人,G:情報通信業,,,,,,,,,,
9010001063813,ベース株式会社,13:東京都,1370人,G:情報通信業,https://www.basenet.co.jp/,,,,,,,,,
8430001040795,株式会社シグナル,01:北海道,70人,G:情報通信業,,,,,,,,,,
2011201007153,ＳＥＴソフトウェア株式会社,13:東京都,315人,G:情報通信業,http://www.setsw.co.jp,,,,,,,,,
9010001017439,株式会社産業編集センター,13:東京都,158人,G:情報通信業,,,,,,,,,,
9010401040981,株式会社ゴルフダイジェスト・オンライン,13:東京都,402人,G:情報通信業,http://www.golfdigest.co.jp/,,,,,,,,,
9011001001325,株式会社アヴァンザ,13:東京都,231人,G:情報通信業,https://www.avnz.co.jp/,,,,,,,,,
9010401132127,株式会社ＮＴＴデータＭＨＩシステムズ,13:東京都,1105人,G:情報通信業,https://www.nttdata-mhis.co.jp/,,,,,,,,,
9010401080763,株式会社電通総研テクノロジー,13:東京都,1237人,G:情報通信業,https://www.t.dentsusoken.com/,,,,,,,,,
9010401081200,コムシス情報システム株式会社,13:東京都,475人,G:情報通信業,http://www.comjo.co.jp/,,,,,,,,,
9011001030704,トレンドマイクロ株式会社,13:東京都,761人,G:情報通信業,http://www.trendmicro.co.jp/jp/index.html,,,,,,,,,
9011001072218,ロントラ株式会社,13:東京都,25人,G:情報通信業,,,,,,,,,,
9010001200622,株式会社エル・フィールド,13:東京都,70人,G:情報通信業,https://www.lfield.co.jp/,,,,,,,,,
2021001000092,株式会社アトムシステム,14:神奈川県,92人,G:情報通信業,https://www.atomsystem.co.jp/,,,,,,,,,
9011001034011,株式会社シイエヌエス,13:東京都,234人,G:情報通信業,https://www.cns.co.jp/,,,,,,,,,
9010001103734,デジタル・インフォメーション・テクノロジー株式会社,13:東京都,1509人,G:情報通信業,https://www.ditgroup.jp/index.html,,,,,,,,,
9010601050938,株式会社ＫＩＹＯＮＯ,13:東京都,40人,G:情報通信業,https://www.kiyono-co.jp/,,,,,,,,,
9011101030397,コムウェア株式会社,13:東京都,165人,G:情報通信業,http://www.com-ware.co.jp,,,,,,,,,
9011101039199,株式会社ライターム,13:東京都,266人,G:情報通信業,http://www.rtarm.co.jp/,,,,,,,,,
9012701002249,シンエイ動画株式会社,13:東京都,217人,G:情報通信業,http://www.shin-ei-animation.jp/,,,,,,,,,
9021001026338,株式会社シーイーシー,14:神奈川県,2300人,G:情報通信業,https://www.cec-ltd.co.jp/,,,,,,,,,
2080401000309,株式会社アミック,22:静岡県,133人,G:情報通信業,http://www.ammic.co.jp/,,,,,,,,,
9040001020282,株式会社エムアールピー,12:千葉県,29人,G:情報通信業,,https://www.mrp-net.co.jp/mrp_saiyo/,3人/5人/0人,0人/1人/1人,,1:有,1:有,1:有,1:有,
9011401018489,ＭｉｃｒｏＷｏｒｌｄ株式会社,13:東京都,78人,G:情報通信業,,,,,,,,,,
9013301023560,ナイル株式会社,13:東京都,281人,G:情報通信業,https://r-blog.nyle.co.jp/archives/2022/12/09/3menber-paternity-leave/,,,,,,,,,
9011501013415,株式会社デジタルソリューション,13:東京都,110人,G:情報通信業,https://www.digital-sl.jp/,,,,,,,,,
9020001051478,株式会社フラット,13:東京都,55人,G:情報通信業,https://www.flatcorp.jp/recruit/support/,,,,,,,,,
9013301021894,株式会社シスコム・テクノロジー,13:東京都,113人,G:情報通信業,,,,,,,,,,
9011501000116,株式会社アール・テー・ワイ,13:東京都,111人,G:情報通信業,https://www.rty.co.jp/,,,,,,,,,
2130001018398,株式会社日新システムズ,26:京都府,223人,G:情報通信業,https://www.co-nss.co.jp/company/,,,,,,,,,
9050001017377,ペンギンシステム株式会社,08:茨城県,24人,G:情報通信業,https://www.penguins.co.jp,https://www.penguins.co.jp/recruit/,0人/1人/0人,0人/0人/0人,,1:有,1:有,1:有,1:有,
9120001043911,株式会社情報企画,27:大阪府,160人,G:情報通信業,,,,,,,,,,
4430001028290,株式会社チャンネル・ツー,01:北海道,15人,G:情報通信業,,,,,,,,,,
9230001000744,株式会社北日本新聞社,16:富山県,297人,G:情報通信業,https://www.kitanippon.co.jp/,,,,,,,,,
2190001006372,株式会社アイ・シー・エス,24:三重県,169人,G:情報通信業,http://www.ise-ics.co.jp,,,,,,,,,
2200001011461,株式会社文溪堂,21:岐阜県,231人,G:情報通信業,https://www.bunkei.co.jp/,,,,,,,,,
2290801002908,日本コンピューター株式会社,40:福岡県,123人,G:情報通信業,https://www.nck.co.jp/,,,,,,,,,
9290001064395,株式会社ＤｅｎｔａＬｉｇｈｔ,40:福岡県,26人,G:情報通信業,https://dentalight.co.jp/,,,,,,,,,
9290001075104,バラタス株式会社,40:福岡県,3人,G:情報通信業,,,,,,,,,,
2430001002561,株式会社デジック,01:北海道,110人,G:情報通信業,https://www.dgic.co.jp/,,,,,,,,,
2210001019611,ランクアップ株式会社,18:福井県,1人,G:情報通信業,https://rankup-stage.com/,https://rankup-stage.com/,,,,1:有,1:有,1:有,1:有,
9470001001883,株式会社ＳＴＮｅｔ,37:香川県,780人,G:情報通信業,https://www.stnet.co.jp/,,,,,,,,,
1120001207878,株式会社パワートラベラー,27:大阪府,2人,G:情報通信業,https://powertraveler.co.jp,https://e-tushin.com/recruit/,,,,1:有,0:無,1:有,0:無,
9470001004762,株式会社ミトラ,37:香川県,40人,G:情報通信業,,,,,,,,,,
2020001112063,株式会社ｄｒｏｐｏｕｔ,13:東京都,3人,G:情報通信業,,,,,,,,,,
4010001220468,株式会社Ｍａｔｈｍａｊｉ,13:東京都,4人,G:情報通信業,,,,,,,,,,
8010401117731,株式会社クロスコンパス,13:東京都,37人,G:情報通信業,https://www.cross-compass.com/,,,,,,,,,
8120001159485,株式会社ドラプロ,27:大阪府,9人,G:情報通信業,https://www.dorapro.co.jp,,,,,,,,,
3011001067132,株式会社Ｕ‐ＮＥＸＴ　ＨＯＬＤＩＮＧＳ,13:東京都,791人,G:情報通信業,https://usen-next.co.jp/,,,,,,,,,
2011001147554,Ｔｅｍｐｕｒａ　ｔｅｃｈｎｏｌｏｇｉｅｓ株式会社,13:東京都,4人,G:情報通信業,https://tempuradao.xyz/,,,,,,,,,
8010401100489,株式会社Ｆｏｒｅ　Ｒｉｓｅ,13:東京都,16人,G:情報通信業,,,,,,,,,,
2120001022211,株式会社アレックスマネジメント,27:大阪府,91人,G:情報通信業,https://www.alex.co.jp/,https://www.alex.co.jp/recruit/graduate/,3人/5人/5人,0人/3人/2人,,1:有,1:有,1:有,1:有,
7011501010257,株式会社オーネスト,13:東京都,165人,G:情報通信業,https://honest2000.co.jp/index.html,https://job.mynavi.jp/27/pc/search/corp283539/outline.html,9人/5人/4人,0人/0人/1人,,1:有,1:有,1:有,1:有,
7010001125433,ベビカム株式会社,13:東京都,10人,G:情報通信業,,,,,,,,,,
6011001104667,アキュイティー株式会社,13:東京都,32人,G:情報通信業,,,,,,,,,,
7270001004917,鳥取中央有線放送株式会社,31:鳥取県,29人,G:情報通信業,https://www.torichu.ne.jp/,https://www.torichu.ne.jp/611/1348/19778.html,0人/0人/0人,0人//0人,,1:有,1:有,1:有,0:無,
7010001087351,インタープリズム株式会社,13:東京都,77人,G:情報通信業,https://www.interprism.co.jp/,https://www.interprism.co.jp/recruit/,5人/4人/3人,0人/0人/2人,,1:有,1:有,1:有,1:有,
3011001017896,ＮＳＳ株式会社,13:東京都,400人,G:情報通信業,https://www.nsw-ss.co.jp/,,,,,,,,,
9390001013524,株式会社チェンジ・ザ・ワールド,06:山形県,37人,G:情報通信業,,,,,,,,,,
8011001068811,株式会社ＳＢＩスターミュージック・エンタテインメント,13:東京都,31人,G:情報通信業,,,,,,,,,,
6011001137849,株式会社ＷＯＧＯ,13:東京都,30人,G:情報通信業,,,,,,,,,,
3020001047944,株式会社カールビット,14:神奈川県,118人,G:情報通信業,http://www.karbit.co.jp/,,,,,,,,,
1010001189343,ニューランド・テクロア株式会社,13:東京都,30人,G:情報通信業,,,,,,,,,,
6010401146658,株式会社ＥｘＦＩＮＥＳＳＥ,13:東京都,8人,G:情報通信業,,,,,,,,,,
4011001158095,株式会社Ｗｏｎｄｅｒ　Ｗｏｒｋｓ,13:東京都,3人,G:情報通信業,,,,,,,,,,
6120901029590,株式会社ザンワーズ,27:大阪府,7人,G:情報通信業,,,,,,,,,,
8500001007523,株式会社ヴァンガードテクノロジー,38:愛媛県,3人,G:情報通信業,,,,,,,,,,
7360001011029,株式会社ファイブスターコーポレーション,47:沖縄県,45人,G:情報通信業,,,,,,,,,,
8010901040136,株式会社Ａｌｐｈａｂｉｔ,13:東京都,2人,G:情報通信業,,,,,,,,,,
2430001073925,株式会社にこいち,01:北海道,3人,G:情報通信業,,,,,,,,,,
3010701038376,ＧＡＯＧＡＯ株式会社,13:東京都,13人,G:情報通信業,,,,,,,,,,
8410001010024,株式会社ＮＥＸＴビルド,05:秋田県,6人,G:情報通信業,,,,,,,,,,
6430001022250,株式会社ＨＤＣ,01:北海道,365人,G:情報通信業,https://hdcweb.lilac.co.jp/company/geap/goapn/,,,,,,,,,
6010401173512,株式会社Ｔｓｕｍｕｇｕ,13:東京都,1人,G:情報通信業,https://xtsumugu.com/,,,,,1:有,1:有,0:無,0:無,
9260001017546,株式会社イケル,33:岡山県,8人,G:情報通信業,https://ikel.co.jp/,https://ikel.co.jp/recruit,,,,1:有,1:有,0:無,0:無,
5110001000181,株式会社ＩＴスクエア,15:新潟県,24人,G:情報通信業,http://www.itsquare.co.jp,,0人/0人/0人,0人/0人/0人,,1:有,1:有,1:有,0:無,
1490001002318,ワールドビジネスシスコム株式会社,39:高知県,98人,G:情報通信業,https://www.wbsc.co.jp,https://www.wbsc.co.jp/recruit/,3人/2人/2人,2人/0人/2人,,1:有,0:無,1:有,1:有,
3030001082610,株式会社工房,11:埼玉県,120人,G:情報通信業,,,,,,,,,,
1030001096736,クリエイトソリューションズ株式会社,11:埼玉県,40人,G:情報通信業,,,,,,,,,,
2470001004281,株式会社アポロシステム,37:香川県,52人,G:情報通信業,,https://apollosystem.co.jp/recruit,0人/0人/3人,0人/0人/0人,,1:有,1:有,1:有,0:無,
1011101032087,株式会社セラク,13:東京都,2943人,G:情報通信業,,,,,,,,,,
1010401109149,Ｃｌａｓｓｉ株式会社,13:東京都,120人,G:情報通信業,,,,,,,,,,
1080001000627,モノプラス株式会社,13:東京都,19人,G:情報通信業,https://www.monoplus.com/,,,,,,,,,
2020001127680,株式会社レリパジャパン,13:東京都,1人,G:情報通信業,,,,,,,,,,
3120901037464,ＰＧＶ株式会社,13:東京都,17人,G:情報通信業,https://www.pgv.co.jp/,,,,,,,,,
5011101072063,ビートテック株式会社,13:東京都,219人,G:情報通信業,,,,,,,,,,
7010901048898,株式会社ｓｅｃｒｅｔ　ｐｌａｃｅ,13:東京都,6人,G:情報通信業,https://secretplace.co.jp/,,,,,,,,,
1130001010447,株式会社近代出版,26:京都府,8人,G:情報通信業,,,,,,,,,,
1370001041930,リードデジタル株式会社,04:宮城県,24人,G:情報通信業,,,,,,,,,,
7011001168604,エデュニア株式会社,13:東京都,2人,G:情報通信業,https://edunear.com/,,,,,,,,,
7180003029418,ＡＩゲディソン合同会社,23:愛知県,1人,G:情報通信業,https://www.aigedison.co.jp/,https://www.aigedison.co.jp/contact/,,,,,,,,
7290001078505,ラゴッチャ株式会社,40:福岡県,3人,G:情報通信業,,,,,,,,,,
8010001224969,イーシステムデザイン株式会社,14:神奈川県,3人,G:情報通信業,,,,,,,,,,
4290003017991,Ｒｅｇｏｌｉｔｈ合同会社,40:福岡県,,G:情報通信業,https://regolith.one/,,,,,,,,,
7011101047237,パーソルビジネスプロセスデザイン株式会社,13:東京都,5127人,G:情報通信業,,,,,73.2%/67.0%/70.6%,,,,,
1010501043958,株式会社ネッコス,13:東京都,8人,G:情報通信業,https://neccos.jp,,,,,,,,,
3430001066614,株式会社バーナードソフト,01:北海道,37人,G:情報通信業,,,,,,,,,,
6013301038504,スパイスファクトリー株式会社,13:東京都,75人,G:情報通信業,https://spice-factory.co.jp/,,,,,,,,,
2040001100487,株式会社ネコカリ,12:千葉県,11人,G:情報通信業,https://www.nekokari.co.jp/,,,,,,,,,
5120001030401,株式会社オービーシステム,27:大阪府,535人,G:情報通信業,http://www.obs.co.jp/,,,,5.8%/8.8%/32.4%,,,,,
1011801030670,株式会社エクシトトリニティー,13:東京都,7人,G:情報通信業,https://exitotrinity.co.jp/,https://exitotrinity.co.jp/recruit/,3人/3人/0人,1人/2人/0人,,1:有,1:有,1:有,1:有,
6290001069471,株式会社オルターブース,40:福岡県,15人,G:情報通信業,,,,,,,,,,
9011501022812,株式会社やどかり,13:東京都,27人,G:情報通信業,,,,,,,,,,
5040001041150,株式会社エスペラントシステム,12:千葉県,211人,G:情報通信業,,,,,,,,,,
5280001001056,和幸情報システム株式会社,32:島根県,60人,G:情報通信業,https://www.wisys.co.jp/,,,,,,,,,
7011801020947,株式会社ナッセンシステム,13:東京都,22人,G:情報通信業,,,,,,,,,,
7360001001244,株式会社創和ビジネス・マシンズ,47:沖縄県,136人,G:情報通信業,,,,,,,,,,
7011001139786,スタッツ株式会社,13:東京都,6人,G:情報通信業,,,,,,,,,,
7010401054265,東芝アイエス・コンサルティング株式会社,14:神奈川県,228人,G:情報通信業,,,,,,,,,,
7350001001113,株式会社テレビ宮崎,45:宮崎県,170人,G:情報通信業,,,,,,,,,,
6013301041516,ハーツテクノロジー株式会社,14:神奈川県,31人,G:情報通信業,https://www.hearts-tech.co.jp/hearts-blog/20200219/,,,,,,,,,
7010601058421,ＬＥＡＮ　ＰＡＴＨ株式会社,13:東京都,1人,G:情報通信業,,,,,,,,,,
9010001143004,株式会社アクシスウェア,13:東京都,102人,G:情報通信業,https://www.axisware.co.jp/,,,,,,,,,
3180001109729,株式会社ＣＢＣテレビ,23:愛知県,305人,G:情報通信業,https://hicbc.com/tv/corporation/general/,,,,,,,,,
9011101039249,株式会社オーエムシー,13:東京都,35人,G:情報通信業,,,,,,,,,,
9011401024215,株式会社Ａｒｅｅｅｎａ,13:東京都,4人,G:情報通信業,,,,,,,,,,
8011601018769,株式会社イテレイティブ,13:東京都,24人,G:情報通信業,,,,,,,,,,
9011701020129,株式会社ユー・タチ,13:東京都,27人,G:情報通信業,,,,,,,,,,
9011001122229,株式会社ヘンリー,13:東京都,150人,G:情報通信業,,,,,,,,,,
2120002057842,アルファサード株式会社,27:大阪府,42人,G:情報通信業,,,,,,,,,,
3180001037608,株式会社第一コンピュータリソース,23:愛知県,562人,G:情報通信業,,,,,,,,,,
1010001020788,株式会社世界文化ホールディングス,13:東京都,108人,G:情報通信業,https://recruit.sekaibunka.com/child/,,,,,,,,,
1010001023378,株式会社ティ・オー・エス,13:東京都,133人,G:情報通信業,,,,,,,,,,
3320001001763,株式会社地域科学研究所,44:大分県,109人,G:情報通信業,,,,,,,,,,
3240001004411,株式会社シイ・エス・デイ,34:広島県,53人,G:情報通信業,,,,,,,,,,
1010601040153,株式会社セトロ,13:東京都,29人,G:情報通信業,,,,,,,,,,
1010401146357,株式会社Ｗｏｒｋｓ　Ｈｕｍａｎ　Ｉｎｔｅｌｌｉｇｅｎｃｅ,13:東京都,1925人,G:情報通信業,https://www.works-hi.co.jp/corporate/workfun/worklifemix,,,,,,,,,
1010501023308,コガソフトウェア株式会社,13:東京都,133人,G:情報通信業,,,,,,,,,,
1011001059701,株式会社ＳＫＩＹＡＫＩ,13:東京都,120人,G:情報通信業,https://recruit.skiyaki.com/contents/950501,,,,,,,,,
1013201000403,株式会社クレスコ・ジェイキューブ,13:東京都,319人,G:情報通信業,,,,,,,,,,
1011101054073,株式会社サーバーワークス,13:東京都,393人,G:情報通信業,,,,,,,,,,
4010001025561,日販テクシード株式会社,13:東京都,250人,G:情報通信業,https://www.techceed-inc.com/,,,,,,,,,
1100001002083,株式会社電算,20:長野県,703人,G:情報通信業,https://www.ndensan.co.jp/,,,,,,,,,
1040001009432,株式会社エイシル,12:千葉県,146人,G:情報通信業,,,,,,,,,,
4010001050774,株式会社電算,13:東京都,677人,G:情報通信業,,,,,,,,,,
1130001023465,日本シティネットワーク株式会社,26:京都府,10人,G:情報通信業,,,,,,,,,,
1190001015093,株式会社シー・ティー・ワイ,24:三重県,226人,G:情報通信業,https://cty-cns.jp/,,,,,,,,,
4010501025879,株式会社サンシーア,13:東京都,49人,G:情報通信業,https://sunseer.co.jp/fringe_benefits/,,,,,,,,,
4010401089388,株式会社Ｊストリーム,13:東京都,361人,G:情報通信業,,,,,,,,,,
1290001014985,株式会社ドコモＣＳ九州,40:福岡県,1291人,G:情報通信業,http://www.docomo-cs-kyushu.co.jp/,,,,,,,,,
4010701002802,株式会社クリエイトエンジニアリング,13:東京都,39人,G:情報通信業,http://www.cre-eng.co.jp/,,,,,,,,,
4011001055409,株式会社フォーデジット,13:東京都,139人,G:情報通信業,https://www.4digit.com/,,,,,,,,,
4011001047216,株式会社ｃｉｎｒａ,13:東京都,76人,G:情報通信業,,,,,,,,,,
4011001071991,株式会社アイリッジ,13:東京都,220人,G:情報通信業,,,,,,,,,,
4011001060929,ＧＭＯ　ＴＥＣＨ株式会社,13:東京都,165人,G:情報通信業,,,,,,,,,,
1400001006104,株式会社システムベース,03:岩手県,170人,G:情報通信業,http://www.systembase.co.jp/,,,,,,,,,
4011001048627,株式会社チェンジホールディングス,13:東京都,111人,G:情報通信業,,,,,,,,,,
2010001063299,ＮＴＴインフラネット株式会社,13:東京都,1493人,G:情報通信業,http://www.nttinf.co.jp/,,,,,,,,,
2010001035777,株式会社アトラス,13:東京都,50人,G:情報通信業,https://www.atlas.jp/recruit#block-61170a1dd92543afbdd7b20c798422ff,,,,,,,,,
2010001136204,株式会社ニジボックス,13:東京都,410人,G:情報通信業,https://www.nijibox.jp/about,,,,94.0%/87.5%/    %,,,,,
2010601027240,株式会社オーク情報システム,13:東京都,207人,G:情報通信業,,,,,,,,,,
2010601045804,株式会社日立システムズパワーサービス,13:東京都,770人,G:情報通信業,http://www.hitachi-systems-ps.co.jp/,,,,,,,,,
2010601028247,株式会社ＤＳＢ情報システム,13:東京都,299人,G:情報通信業,https://www.dsb-is.co.jp/,,,,,,,,,
9180002082878,有限会社エアーズプラン,23:愛知県,1人,G:情報通信業,,,,,,,,,,
2011101011783,ＤＡＩＫＯ　ＸＴＥＣＨ株式会社,13:東京都,773人,G:情報通信業,https://www.daiko-xtech.co.jp,,,,,,,,,
4010401098653,ＢＩＪＩＮ＆Ｃｏ．株式会社,13:東京都,5人,G:情報通信業,,,,,,,,,,
2020001094748,株式会社ハッピーデザイン,13:東京都,65人,G:情報通信業,https://www.happy-design.co.jp,,,,,,,,,
1010001010847,イー・アンド・エム株式会社,13:東京都,368人,G:情報通信業,http://www.eandm.co.jp/,,,,,,,,,
2120001098961,株式会社プロアシスト,27:大阪府,193人,G:情報通信業,,,,,,,,,,
4180001006999,株式会社ドコモＣＳ東海,23:愛知県,1024人,G:情報通信業,http://www.docomo-cs-tokai.co.jp/,,,,,,,,,
4180001004425,株式会社ソフトテックス,23:愛知県,355人,G:情報通信業,,,,,,,,,,
2240001006697,株式会社エネコム,34:広島県,1074人,G:情報通信業,https://www.enecom.co.jp/,,,,,,,,,
3010001070229,株式会社福音館書店,13:東京都,122人,G:情報通信業,http://www.fukuinkan.co.jp/,,,,,,,,,
3010401023595,株式会社クレヴァシステムズ,13:東京都,286人,G:情報通信業,https://www.crevasystems.co.jp/,,,,,,,,,
3010401088779,株式会社ゼンリンデータコム,13:東京都,421人,G:情報通信業,,,,,,,,,,
3010001097899,株式会社ＧＲＣＳ,13:東京都,213人,G:情報通信業,https://www.grcs.co.jp/corporate/esg,,,,,,,,,
3010001091373,ｅ－Ｊａｎネットワークス株式会社,13:東京都,104人,G:情報通信業,https://www.e-jan.co.jp/,,,,,,,,,
3010001106973,シンフォニーマーケティング株式会社,13:東京都,70人,G:情報通信業,,,,,,,,,,
3010001208860,株式会社世界文化社,13:東京都,122人,G:情報通信業,,,,,,,,,,
3010401139433,株式会社日テレＷａｎｄｓ,13:東京都,261人,G:情報通信業,,,,,,,,,,
3011101000686,株式会社アグレックス,13:東京都,1971人,G:情報通信業,https://www.agrex.co.jp/sustainability/social/human-resource/,,,,,,,,,
3010601027306,ロジスティードソリューションズ株式会社,13:東京都,725人,G:情報通信業,https://sol.logisteed.com/,,,,63.0%/55.0%/51.0%,,,,,
2011101105750,いろはな株式会社,13:東京都,1人,G:情報通信業,,,,,,,,,,
3011001037993,株式会社ソフト流通センター,46:鹿児島県,115人,G:情報通信業,https://www.srckagoshima.co.jp/SRC_R/C&R/part_7.html#top,,,,,,,,,
5010001129394,ソウルドアウト株式会社,13:東京都,537人,G:情報通信業,,,,,,,,,,
3011101004654,株式会社カンテック,13:東京都,226人,G:情報通信業,,,,,,,,,,
3011001119916,株式会社スタンバイ,13:東京都,100人,G:情報通信業,,,,,,,,,,
5010001174738,アルティマーク株式会社,13:東京都,30人,G:情報通信業,https://ultimark.co.jp/,,,,,,,,,
5010001154434,ヒューマンリレーションネクスト株式会社,13:東京都,132人,G:情報通信業,https://www.hr-next.co.jp/policy/wlb/,,,,,,,,,
3013201013485,株式会社モノリスソフト,13:東京都,360人,G:情報通信業,,,,,,,,,,
3012401024929,株式会社ソアレスト,13:東京都,24人,G:情報通信業,,,,,,,,,,
3110001023572,株式会社メビウス,15:新潟県,278人,G:情報通信業,https://www.mob.co.jp,,,,,,,,,
5010701001910,株式会社大崎コンピュータエンヂニアリング,13:東京都,414人,G:情報通信業,,,,,,,,,,
5010401094866,ネットイヤーグループ株式会社,13:東京都,183人,G:情報通信業,,,,,,,,,,
5010701003510,コムシステクノ株式会社,13:東京都,160人,G:情報通信業,https://www.comsystechno.co.jp/,,,,,,,,,
3060001007358,アップデート株式会社,09:栃木県,17人,G:情報通信業,https://updx.co.jp/,,,,,,,,,
3090001000806,株式会社コンピュータマインド,19:山梨県,171人,G:情報通信業,https://www.compmind.co.jp,,,,,,,,,
5010403021777,エルビーシー合同会社,14:神奈川県,1人,G:情報通信業,https://lbcjapan.pro/,,,,,,,,,
5010801022245,ＪＢＣＣ株式会社,13:東京都,900人,G:情報通信業,,,,,,,,,,
3180001145864,株式会社エイチームエンターテインメント,23:愛知県,232人,G:情報通信業,https://www.a-tm.co.jp/sustainability/diversity/,,,,,,,,,
5080001000672,株式会社ＳＢＳ情報システム,22:静岡県,277人,G:情報通信業,http://www.sbs-infosys.co.jp,,,,,,,,,
3290001005603,株式会社ＢＣＣ,40:福岡県,387人,G:情報通信業,http://www.bcc-net.co.jp/,,,,,,,,,
3330001005037,株式会社熊本放送,43:熊本県,125人,G:情報通信業,,,,,,,,,,
7040001088108,株式会社レイヴン,12:千葉県,3人,G:情報通信業,http://reiven.jp/,,,,,,,,,
4010001025355,株式会社日刊工業新聞社,13:東京都,434人,G:情報通信業,,,,,,,,,,
4010401039979,ＬＩＮＥヤフー株式会社,13:東京都,11136人,G:情報通信業,https://www.lycorp.co.jp/ja/sustainability/,,,,,,,,,
4010401025211,株式会社日比谷情報サービス,13:東京都,45人,G:情報通信業,,,,,,,,,,
8430001013025,株式会社ネットワークソフトアソシエイツ,01:北海道,44人,G:情報通信業,,,,,,,,,,
4010601042205,株式会社これから,13:東京都,265人,G:情報通信業,,,,,,,,,,
4011001069920,株式会社ライトカフェクリエイション,13:東京都,79人,G:情報通信業,,,,,,,,,,
4011101051761,株式会社ＩＤＣフロンティア,13:東京都,210人,G:情報通信業,https://www.idcf.jp/,,,,,,,,,
5180001073790,株式会社ＥＤＵＣＯＭ,23:愛知県,340人,G:情報通信業,,,,,,,,,,
5290001014049,西部ガス情報システム株式会社,40:福岡県,213人,G:情報通信業,https://www.sgis.co.jp/,,,,,,,,,
5011001063328,ＩｎｆｉｎｉＣｏｒｅ株式会社,13:東京都,60人,G:情報通信業,https://www.infinity-c.co.jp,,,,,,,,,
4120001103331,株式会社ソフトウェア・サービス,27:大阪府,1755人,G:情報通信業,https://www.softs.co.jp,,,,,,,,,
6120901039334,株式会社コンサルリンク,27:大阪府,54人,G:情報通信業,,,,,,,,,,
4240001007628,株式会社ドコモＣＳ中国,34:広島県,797人,G:情報通信業,https://www.docomo-cs-chugoku.co.jp/,,,,,,,,,
4320001000673,株式会社オーイーシー,44:大分県,503人,G:情報通信業,http://www.oec.co.jp/,,,,,,,,,
4330001007809,株式会社ワイズ・リーディング,43:熊本県,25人,G:情報通信業,,,,,,,,,,
6010401073506,株式会社ＡＴＪＣ,13:東京都,430人,G:情報通信業,,,,,,,,,,
6010001212216,株式会社ＮｅｔＥｘｐｌｏｒｅｒ,13:東京都,47人,G:情報通信業,,,,,,,,,,
6010401095500,東京ガスｉネット株式会社,13:東京都,731人,G:情報通信業,http://www.tg-inet.co.jp,,,,,,,,,
5010001045237,株式会社サン・プラニング・システムズ,13:東京都,160人,G:情報通信業,,,,,,,,,,
5010005016746,一般財団法人工業所有権電子情報化センター,13:東京都,109人,G:情報通信業,https://www.papc.or.jp/,,,,,,,,,
5010401052948,アシュリオン・ジャパン株式会社,13:東京都,76人,G:情報通信業,,,,,,,,,,
5010001138973,ニンテンドーピクチャーズ株式会社,13:東京都,140人,G:情報通信業,,,,,,,,,,
5010401078381,株式会社フジテレビジョン,13:東京都,1190人,G:情報通信業,,,,,,,,,,
5010401018940,株式会社テレビ東京,13:東京都,980人,G:情報通信業,,,,,,,,,,
5010001090118,株式会社モルフォ,13:東京都,102人,G:情報通信業,https://www.morphoinc.com/,,,,,,,,,
5010701001010,インフォテックス株式会社,13:東京都,150人,G:情報通信業,https://www.infotex.co.jp,,,,,,,,,
5010901017252,株式会社アップライト,13:東京都,5人,G:情報通信業,,,,,,,,,,
6011101040432,株式会社ミツエーリンクス,13:東京都,354人,G:情報通信業,,,,,,,,,,
6013301021807,株式会社クラフト,13:東京都,189人,G:情報通信業,,,,,,,,,,
6011101093174,株式会社豆蔵,13:東京都,870人,G:情報通信業,,,,,,,,,,
5012402007468,株式会社シグナイト,13:東京都,14人,G:情報通信業,,,,,,,,,,
5011001032786,株式会社フライトソリューションズ,13:東京都,110人,G:情報通信業,,,,,,,,,,
9010701016946,株式会社エアネット,13:東京都,30人,G:情報通信業,https://www.airnet.jp,,,,,,,,,
5100001009604,エプソンアヴァシス株式会社,20:長野県,440人,G:情報通信業,http://avasys.jp,,,,,,,,,
5120001071247,株式会社メディアテック,27:大阪府,145人,G:情報通信業,https://www.mediatech.jp,,,,,,,,,
5070001008865,株式会社テクノクリエイション,13:東京都,147人,G:情報通信業,http://www.technocreation.co.jp,,,,,,,,,
1140001032390,株式会社ＤＡＴＡ　ＫＩＴ,28:兵庫県,14人,G:情報通信業,,,,,,,,,,
5120001102308,株式会社インフロント,13:東京都,116人,G:情報通信業,,,,,,,,,,
5120001103330,株式会社エスエスサポート,27:大阪府,110人,G:情報通信業,,,,,,,,,,
3290801001891,システージ株式会社,40:福岡県,21人,G:情報通信業,http://www.systage.co.jp/,,,,,,,,,
1010901002167,株式会社オー・エル・エム・デジタル,13:東京都,146人,G:情報通信業,,,,,,,,,,
4011301024451,動画の窓口株式会社,13:東京都,6人,G:情報通信業,,,,,,,,,,
4240001055619,株式会社スカイアーチテクノロジーズ,34:広島県,10人,G:情報通信業,,,,,,,,,,
7120001231113,株式会社ヒヤクプラス,27:大阪府,4人,G:情報通信業,,,,,,,,,,
9010401056227,株式会社スカイアーチネットワークス,13:東京都,115人,G:情報通信業,https://www.skyarch.net/profile/csr.html,,,,,,,,,
5180001035980,株式会社中電シーティーアイ,23:愛知県,1111人,G:情報通信業,https://www.cti.co.jp/initiative/jisedai/,,,,,,,,,
4010001049263,株式会社大和システムクリエート,13:東京都,150人,G:情報通信業,,,,,,,,,,
5012403002261,株式会社２２世紀アート,13:東京都,21人,G:情報通信業,,,,,,,,,,
5140001060545,日東コンピューターサービス株式会社,28:兵庫県,245人,G:情報通信業,,,,,,,,,,
8011101052087,コンパス株式会社,13:東京都,99人,G:情報通信業,https://cmps.jp/,https://recruit.cmps.jp/?_gl=1*1mroiuv*_gcl_au*MTY3ODM5MjY1OS4xNzQwMTI2Mzk5,0人/0人/0人,0人/0人/0人,,1:有,1:有,1:有,1:有,
5400001000020,株式会社アイシーエス,03:岩手県,550人,G:情報通信業,https://www.ics.co.jp/,,,,,,,,,
2120901038546,Ａｓｔｅｍ　Ｃｌｏｕｄ株式会社,27:大阪府,5人,G:情報通信業,https://www.astem.com/asteminfo/astemcloud/,https://www.astem.com/asteminfo/recruit/,0人/0人/0人,0人/0人/0人,,1:有,0:無,1:有,0:無,
6010401035266,株式会社アクシス,13:東京都,545人,G:情報通信業,,,,,,,,,,
8011201022097,株式会社ｄａｔａｉｓ,13:東京都,4人,G:情報通信業,,,,,,,,,,
6010001106038,株式会社パワーソリューションズ,13:東京都,319人,G:情報通信業,https://powersolutions.co.jp/,,,,,,,,,
9040001075979,株式会社ホープロード,13:東京都,38人,G:情報通信業,,,,,,,,,,
6010001093945,グローディア株式会社,13:東京都,54人,G:情報通信業,https://glodia.jp/recruit_main/work-environment/employee-benefits/,,,,,,,,,
2013201005401,ミネベアソフトウェアソリューションズ株式会社,14:神奈川県,272人,G:情報通信業,https://www.minebea-ss.com/,,,,,,,,,
7030001015863,エレクス株式会社,11:埼玉県,135人,G:情報通信業,,,,,,,,,,
6010501029390,株式会社マネージ,13:東京都,101人,G:情報通信業,,,,,,,,,,
4010701017008,アクトインディ株式会社,13:東京都,80人,G:情報通信業,https://actindi.net/,,,,,,,,,
6010401177934,３ＬＩＮＫＳ株式会社,13:東京都,106人,G:情報通信業,,,,,,,,,,
6020001025914,株式会社科学情報システムズ,14:神奈川県,318人,G:情報通信業,http://www.sisinc.co.jp/,,,,,,,,,
6030001000081,株式会社アイネット,11:埼玉県,104人,G:情報通信業,,,,,,,,,,
1370001014556,ＴＯＭＯＳＥデザインアンドテクノロジーズ株式会社,04:宮城県,17人,G:情報通信業,https://html-coding.co.jp/,,,,,,,,,
9010401174367,ＭＯＺＵ株式会社,13:東京都,3人,G:情報通信業,https://about.mozu-inc.jp/,,,,,,,,,
6020001049203,株式会社アイツーアイ・コミュニケーション,14:神奈川県,4人,G:情報通信業,,,,,,,,,,
2120001064906,株式会社シスコ,27:大阪府,179人,G:情報通信業,http://www.toray-sysco.co.jp/,https://www.career-map.biz/recruit/page_toray_sysco,0人/0人/0人,0人/0人/0人,,1:有,1:有,1:有,1:有,
6040003006398,株式会社テクニケーションシード,13:東京都,443人,G:情報通信業,,,,,,,,,,
5360001009470,株式会社リュウズシステム,47:沖縄県,38人,G:情報通信業,http://ryussystem.co.jp/,https://ryussystem.co.jp/#___page-recruit,1人/2人/3人,1人/1人/0人,,1:有,1:有,1:有,1:有,
6140001007363,株式会社ＫＣＳソリューションズ,28:兵庫県,324人,G:情報通信業,https://www.kcs.co.jp/kcss,,,,,,,,,
8020001016291,株式会社横浜電算,14:神奈川県,79人,G:情報通信業,https://yokohamadensan.com/,https://yokohamadensan.com/recruit-renewal/,1人/0人/1人,0人/0人/0人,,1:有,1:有,0:無,1:有,
6120001146353,アイネット・システムズ株式会社,27:大阪府,114人,G:情報通信業,,,,,,,,,,
4011202011301,有限会社カナバングラフィックス,13:東京都,21人,G:情報通信業,http://www.kanaban.com/,,,,,,,,,
6180301013116,株式会社デンソーエスアイ,23:愛知県,105人,G:情報通信業,https://www.denso.com/group/denso-si/,,,,,,,,,
2010401034734,株式会社ワークスアプリケーションズ,13:東京都,80人,G:情報通信業,https://www.worksap.co.jp/,,,,,,,,,
2180001016265,ＮＴＴメディアサプライ株式会社,27:大阪府,9722人,G:情報通信業,http://www.nttbizsol.jp/,,,,,,,,,
6230001005473,株式会社ＭＩＮＡＭＩ,16:富山県,34人,G:情報通信業,,,,,,,,,,
2013301021884,株式会社アンビション,13:東京都,240人,G:情報通信業,,,,,,,,,,
7010001161164,株式会社アイデミー,13:東京都,109人,G:情報通信業,,,,,,,,,,
2011101080738,株式会社ＨＩＯＮ,13:東京都,29人,G:情報通信業,,,,,,,,,,
2220001009801,株式会社アクロスソリューションズ,17:石川県,28人,G:情報通信業,,,,,,,,,,
3010401057965,株式会社ソービック,13:東京都,11人,G:情報通信業,https://www.sovic.jp/,,,,,,,,,
9120001116196,株式会社ジーン,27:大阪府,221人,G:情報通信業,,,,,,,,,,
1010001147631,トライビュー・イノベーション株式会社,13:東京都,40人,G:情報通信業,https://www.triview-innovation.com,,,,,,,,,
2011001051376,株式会社エビリー,13:東京都,49人,G:情報通信業,,,,,,,,,,
5120001220935,Ｓｕｃｃｅｓｓ　Ｍｏｔｉｏｎ株式会社,27:大阪府,7人,G:情報通信業,,,,,,,,,,
9011001106000,株式会社そると,13:東京都,29人,G:情報通信業,http://www.saltinc.co.jp/,,,,,,,,,
8012301007541,株式会社ラグザイア,13:東京都,40人,G:情報通信業,http://www.luxiar.com/,,,,,,,,,
6430001032588,株式会社ＧＳＩ,01:北海道,468人,G:情報通信業,https://glue-si.com,,,,,,,,,
6380001001020,東邦情報システム株式会社,07:福島県,106人,G:情報通信業,,,,,,,,,,
8011501022020,株式会社プリンスソフト,13:東京都,17人,G:情報通信業,http://www.prc-s.com,,1人/0人/2人,0人/0人/1人,,1:有,1:有,1:有,1:有,
7010001138402,株式会社エスアイイー,13:東京都,1000人,G:情報通信業,,,,,,,,,,
9011001071087,株式会社ウェブスター,13:東京都,80人,G:情報通信業,https://www.ws-c.com/,https://www.ws-c.com/recruit/,2人/2人/1人,0人/0人/1人,,1:有,1:有,1:有,1:有,
7290001030102,株式会社グローバルワークス,40:福岡県,61人,G:情報通信業,https://gwx.co.jp/,https://gwx-recruit.com/,1人/3人/2人,0人/2人/1人,,1:有,0:無,1:有,1:有,
7010001100444,株式会社マイネット,13:東京都,270人,G:情報通信業,,,,,,,,,,
2430001024812,ＴＩＳ北海道株式会社,01:北海道,78人,G:情報通信業,https://www.tis-h.co.jp/,https://recruit.tis-h.co.jp/,3人/2人/5人,0人/0人/1人,,1:有,0:無,1:有,1:有,
9013301017793,シェアードシステム株式会社,13:東京都,41人,G:情報通信業,https://www.sharedsys.co.jp/,https://www.sharedsys.co.jp/recruit/new-graduate/,2人/1人/2人,0人/0人/1人,,1:有,1:有,1:有,0:無,
2010401094225,株式会社ｉＣＡＲＥ,13:東京都,127人,G:情報通信業,https://www.icare-carely.co.jp/sustainability/kenkokeiei,,,,,,,,,
2011001130015,株式会社ライズエクシード,13:東京都,4人,G:情報通信業,https://rise-g.jp/,,,,,,,,,
7360001002291,株式会社琉球新報社,47:沖縄県,236人,G:情報通信業,https://corp.ryukyushimpo.jp/corporate,,,,,,,,,
7010601034422,株式会社ラックサイバーリンク,13:東京都,246人,G:情報通信業,https://www.lac-cyberlink.co.jp/about/company/,,,,,,,,,
7011001050398,株式会社インサイトテクノロジー,13:東京都,106人,G:情報通信業,,,,,,,,,,
7010703005916,ｌａｎｉｔｅｃｈ合同会社,13:東京都,3人,G:情報通信業,,,,,,,,,,
7010401143547,株式会社クリア,13:東京都,350人,G:情報通信業,https://clear-inc.site/,,,,,,,,,
2010401018646,株式会社コスモ・コンピューティングシステム,13:東京都,105人,G:情報通信業,https://www.cosmocomputing.co.jp/,,,,,,,,,
7020001073920,東芝情報システム株式会社,14:神奈川県,1495人,G:情報通信業,https://www.tjsys.co.jp/,,,,,,,,,
1011301016856,株式会社グラフィニカ,13:東京都,241人,G:情報通信業,,,,,,,,,,
1010001180038,株式会社ｓｏｅａｓｙ,13:東京都,22人,G:情報通信業,,,,,,,,,,
1010901019228,株式会社ＱＬｉｆｅ,13:東京都,152人,G:情報通信業,,,,,,,,,,
7011101011440,株式会社総研システムズ,13:東京都,90人,G:情報通信業,,,,,,,,,,
7090001006675,アドバンステクノロジー株式会社,19:山梨県,116人,G:情報通信業,,,,,,,,,,
4010401099726,株式会社バロッコ,13:東京都,24人,G:情報通信業,,,,,,,,,,
5010401063359,株式会社文化放送,13:東京都,110人,G:情報通信業,,,,,,,,,,
4011101071751,ＫＳ情報システム株式会社,13:東京都,100人,G:情報通信業,,,,,,,,,,
4011001045715,エクスコムグローバル株式会社,13:東京都,376人,G:情報通信業,,,,,,,,,,
5010001155176,株式会社ＣＲＥｉＳＴ,13:東京都,104人,G:情報通信業,,,,,,,,,,
4010701013394,株式会社シグマクレスト,13:東京都,61人,G:情報通信業,,,,,,,,,,
7140001096777,アステッキホールディングス株式会社,28:兵庫県,25人,G:情報通信業,,,,,,,,,,
6010001033686,株式会社日本プロテック,13:東京都,100人,G:情報通信業,,,,,,,,,,
7010701032581,株式会社テクノコンシェル,13:東京都,25人,G:情報通信業,,,,,,,,,,
6010001175157,株式会社ＭＩＲＡＣＲＥＷ,13:東京都,24人,G:情報通信業,,,,,,,,,,
7430001021929,株式会社北海道ジェイ・アール・システム開発,01:北海道,175人,G:情報通信業,https://www.hjsd.co.jp,,,,,,,,,
8120001196669,株式会社ルートゼロ,27:大阪府,188人,G:情報通信業,,,,,,,,,,
8010001229183,株式会社Ｔ２,13:東京都,211人,G:情報通信業,,,,,,,,,,
7500001011195,株式会社ＩＪＣ,38:愛媛県,120人,G:情報通信業,https://www.ijc-imabari.co.jp,,,,,,,,,
9010401132779,株式会社グラファー,13:東京都,73人,G:情報通信業,https://graffer.jp/,,,,,,,,,
9180001068416,株式会社エネージア,23:愛知県,10人,G:情報通信業,,,,,,,,,,
8010401050701,株式会社サミーネットワークス,13:東京都,178人,G:情報通信業,http://www.sammy-net.jp/,,,,,,,,,
8010401124703,株式会社エージェントグロー,13:東京都,327人,G:情報通信業,https://www.agent-grow.com,,,,,,,,,
9011701003257,株式会社サンケイ広伸社,13:東京都,3人,G:情報通信業,,,,,,,,,,
8011001034292,フリービット株式会社,13:東京都,255人,G:情報通信業,http://www.freebit.com/,,,,,,,,,
8011101022577,株式会社理経,13:東京都,133人,G:情報通信業,http://www.rikei.co.jp/,,,,,,,,,
8011001061766,ＧＭＯ　ＮＩＫＫＯ株式会社,13:東京都,305人,G:情報通信業,,,,,,,,,,
8010901041670,株式会社ＷｉｓｅＶｉｎｅ,38:愛媛県,31人,G:情報通信業,https://corp.wise-vine.com/,,,,,,,,,
8010901004297,コモタ株式会社,13:東京都,488人,G:情報通信業,,,,,,,,,,
1010001200670,株式会社シンプルエデュケーション,13:東京都,11人,G:情報通信業,,,,,,,,,,
1010701021061,株式会社ランドコンピュータ,13:東京都,563人,G:情報通信業,http://www.rand.co.jp,,,,,,,,,
1010701006244,株式会社ＦＩＥＬＤ　ＭＡＮＡＧＥＭＥＮＴ　ＥＸＰＡＮＤ,13:東京都,280人,G:情報通信業,https://group-fm.com/,,,,,,,,,
1010703003272,株式会社ＲＵＴＩＬＥＡ,26:京都府,78人,G:情報通信業,,,,,,,,,,
8100001018528,長野日本ソフトウエア株式会社,20:長野県,105人,G:情報通信業,https://www.nnsk.co.jp/challenge30/,,,,,,,,,
1011001112443,テックフライヤーグループ株式会社,13:東京都,2人,G:情報通信業,https://techflyer.co.jp/,https://techflyer.co.jp/recruit,,,,1:有,1:有,1:有,1:有,
8122001032143,株式会社官民連携事業研究所,27:大阪府,8人,G:情報通信業,,,,,,,,,,
8230001002980,株式会社ＨＣＳプラス,16:富山県,136人,G:情報通信業,https://www.hcsplus.co.jp,,,,,,,,,
1120001107293,バルテス・ホールディングス株式会社,27:大阪府,114人,G:情報通信業,https://www.valtes-hd.co.jp/,,,,,,,,,
1120001221937,シナジーマーケティング株式会社,27:大阪府,280人,G:情報通信業,https://www.synergy-marketing.co.jp/,,,,,,,,,
1120001040718,株式会社アイ・エス・アイソフトウェアー,27:大阪府,130人,G:情報通信業,,,,,,,,,,
1130001011825,ムラタシステム株式会社,26:京都府,270人,G:情報通信業,,,,,,,,,,
1140001068336,株式会社関電システムズ,27:大阪府,800人,G:情報通信業,https://kanden-sys.jp/,,,,,,,,,
1140001078509,西菱電機株式会社,28:兵庫県,420人,G:情報通信業,http://www.seiryodenki.co.jp/,,,,,,,,,
1180001056163,株式会社アビリブ,23:愛知県,168人,G:情報通信業,http://www.ab-net.co.jp/,,,,,,,,,
1180001049027,株式会社大同ＩＴソリューションズ,23:愛知県,179人,G:情報通信業,,,,,,,,,,
1180001111018,株式会社エイチームライフデザイン,23:愛知県,225人,G:情報通信業,https://www.a-tm.co.jp/sustainability/diversity/,,,,,,,,,
7010001150407,ジェイズ・テクノロジー株式会社,13:東京都,174人,G:情報通信業,https://js-tech.co.jp/,,,,,,,,,
7010001207272,ネオス株式会社,13:東京都,185人,G:情報通信業,https://www.neoscorp.jp/,,,,,,,,,
7010001167434,エムシーディースリー株式会社,13:東京都,279人,G:情報通信業,,,,,,,,,,
4010401071825,株式会社フレスコ,13:東京都,39人,G:情報通信業,,,,,,,,,,
7010401110126,株式会社ｃｏｌｙ,13:東京都,460人,G:情報通信業,https://colyinc.com/,,,,,,,,,
7010401089880,エキサイト株式会社,13:東京都,131人,G:情報通信業,https://www.excite.co.jp/,,,,,,,,,
7010401040174,株式会社エヌ・ティ・ティ・データ・イントラマート,13:東京都,343人,G:情報通信業,https://www.intra-mart.jp/company/diversity.html,,,,,,,,,
7010401139405,株式会社ＴＢＳスパークル,13:東京都,1236人,G:情報通信業,https://www.tbssparkle.co.jp/,,,,,,,,,
7010501002405,ＪＦＥコムサービス株式会社,13:東京都,242人,G:情報通信業,,,,,,,,,,
7010601005398,株式会社東京スポーツ新聞社,13:東京都,260人,G:情報通信業,,,,,,,,,,
2020001091563,株式会社ＰＨＯＳ,14:神奈川県,0人,G:情報通信業,,,,,,,,,,
7011001106943,ＴＤＩ株式会社,13:東京都,980人,G:情報通信業,https://www.tdi.co.jp/,,,,,,,,,
7011101069314,ジェイテックグローバル株式会社,13:東京都,16人,G:情報通信業,,,,,,,,,,
7010701016139,日本ＮＣＲビジネスソリューション株式会社,13:東京都,151人,G:情報通信業,,,,,,,,,,
8010001021078,セントラルソフト株式会社,13:東京都,462人,G:情報通信業,https://www.central-soft.co.jp/,,,,,,,,,
7020001030145,株式会社アイネット,14:神奈川県,1041人,G:情報通信業,http://www.inet.co.jp,,,,,,,,,
6120002065651,アットコラボ有限会社,27:大阪府,7人,G:情報通信業,,,,,,,,,,
9012301013365,株式会社エブリワン・コホート,13:東京都,3人,G:情報通信業,,,,,,,,,,
7020001030161,ガイオ・テクノロジー株式会社,13:東京都,157人,G:情報通信業,,,,,,,,,,
7050001033574,フラー株式会社,15:新潟県,224人,G:情報通信業,,,,,,,,,,
3010601042627,日本アイ・ビー・エムデジタルサービス株式会社,13:東京都,4000人,G:情報通信業,https://www.ibm.com/jp-ja/about/subsidiaries/ijds,,,,,,,,,
7120001168421,エックスサーバー株式会社,27:大阪府,53人,G:情報通信業,,,,,,,,,,
4060001036736,株式会社享,09:栃木県,0人,G:情報通信業,,,,,,,,,,
7120001158224,パナソニックアドバンストテクノロジー株式会社,27:大阪府,506人,G:情報通信業,,,,,,,,,,
7180001038759,トーテックアメニティ株式会社,23:愛知県,2786人,G:情報通信業,http://www.totec.jp/,,,,,,,,,
7170001001073,株式会社グローバー,30:和歌山県,108人,G:情報通信業,,,,,,,,,,
7430001011772,株式会社ドコモＣＳ北海道,01:北海道,1159人,G:情報通信業,https://www.docomo-cs-hokkaido.co.jp/activities/diversity.html,,,,,,,,,
3020001106056,株式会社ＮｅｔＦｉｌｅ,14:神奈川県,48人,G:情報通信業,,,,,,,,,,
7410001004472,ノリット・ジャポン株式会社,05:秋田県,40人,G:情報通信業,http://www.norit.jp/,,,,,,,,,
8010401082331,ＳＣＳＫニアショアシステムズ株式会社,13:東京都,699人,G:情報通信業,http://www.scsk-nearshore.co.jp/,,,,,,,,,
8010401123151,アルテリア・ネットワークス株式会社,13:東京都,898人,G:情報通信業,https://www.arteria-net.com/company/workstyle/,,,,,,,,,
8010401129611,株式会社ビジョナリー・デザイン,13:東京都,10人,G:情報通信業,,,,,,,,,,
8010001038485,株式会社エミネント,13:東京都,36人,G:情報通信業,,,,,,,,,,
8010601042820,日本オフィス・システム株式会社,13:東京都,249人,G:情報通信業,http://www.nos.co.jp/,,,,,,,,,
8011001003974,株式会社ＮＨＫエンタープライズ,13:東京都,472人,G:情報通信業,https://www.nhk-ep.co.jp/,,,,,,,,,
8010601045947,丸紅ＩＴソリューションズ株式会社,13:東京都,396人,G:情報通信業,,,,,,,,,,
8011101045256,ＮＨＮ　テコラス株式会社,13:東京都,156人,G:情報通信業,,,,,,,,,,
8011001098775,ファインディ株式会社,13:東京都,470人,G:情報通信業,,,,,94.8%/100%/100%,,,,,
8120001063142,株式会社栗菱コンピューターズ,27:大阪府,350人,G:情報通信業,http://www.ritsuryo.co.jp/,,,,,,,,,
8120001082373,住友電工情報システム株式会社,27:大阪府,597人,G:情報通信業,https://www.sei-info.co.jp/,,,,,,,,,
2011001111725,株式会社おいしい健康,13:東京都,45人,G:情報通信業,https://corp.oishi-kenko.com/,,,,,,,,,
8120001058472,パナソニックシステムデザイン株式会社,27:大阪府,555人,G:情報通信業,,,,,,,,,,
8120001028938,コンピューターマネージメント株式会社,27:大阪府,638人,G:情報通信業,,,,,,,,,,
8120001036965,株式会社日本ビジネス開発,27:大阪府,328人,G:情報通信業,https://www.jbd.co.jp/,,,,,,,,,
7020001112389,株式会社コーディネーターズ,14:神奈川県,8人,G:情報通信業,,,,,,,,,,
8230001008598,日本ソフテック株式会社,16:富山県,197人,G:情報通信業,http://www.nsft.co.jp,,,,,,,,,
8330001017548,株式会社フォルクスウェア,43:熊本県,11人,G:情報通信業,https://volksware.jp/,,,,,,,,,
8330001001378,株式会社熊本計算センター,43:熊本県,246人,G:情報通信業,https://www.kkc-net.co.jp/,,,,,,,,,
3120001208866,株式会社ＫＩＤＤＯ,27:大阪府,11人,G:情報通信業,,,,,,,,,,
4013303001817,合同会社エス・シー・エヌ,13:東京都,11人,G:情報通信業,http://www.scn-llc.jp/,,,,,,,,,
9010001051124,株式会社データ・アプリケーション,13:東京都,99人,G:情報通信業,,,,,,,,,,
9010401018458,株式会社ＤＴＳ,13:東京都,3255人,G:情報通信業,https://www.dts.co.jp/sustainability/social/diversity/,,,,,,,,,
9010401054230,株式会社クープ,13:東京都,308人,G:情報通信業,,,,,,,,,,
9010401166595,株式会社プラスバリュー,13:東京都,65人,G:情報通信業,,,,,,,,,,
9010001145685,株式会社リボルブ・シス,13:東京都,434人,G:情報通信業,https://revolvesys.co.jp/,,,,,,,,,
9010601029263,ヤマトシステム開発株式会社,13:東京都,2565人,G:情報通信業,http://www.nekonet.co.jp/index.html,,,,,,,,,
9010701012532,ソニーデジタルネットワークアプリケーションズ株式会社,14:神奈川県,309人,G:情報通信業,https://www.sonydna.com/,,,,,,,,,
9010701017795,株式会社日立システムズフィールドサービス,13:東京都,2562人,G:情報通信業,https://www.hitachi-systems-fs.co.jp/sustainability/social_report/employees/work_life.html,,,,,,,,,
2180301033183,株式会社スリーエス,23:愛知県,1人,G:情報通信業,,,,,,,,,,
9011101000623,株式会社秋田書店,13:東京都,165人,G:情報通信業,,,,,,,,,,
9011101044595,株式会社Ｄｏｎｕｔｓ,13:東京都,833人,G:情報通信業,,,,,,,,,,
9011001066673,ウォンテッドリー株式会社,13:東京都,135人,G:情報通信業,,,,,,,,,,
9013401002506,日野コンピューターシステム株式会社,13:東京都,239人,G:情報通信業,http://www.hino-cs.com/index.html,,,,,,,,,
9020001014427,株式会社エルテックス,14:神奈川県,151人,G:情報通信業,https://www.eltex.co.jp/,,,,,,,,,
9011101056970,株式会社デジタルハーツ,13:東京都,3355人,G:情報通信業,,,,,,,,,,
9030001023039,丸紅ネットワークソリューションズ株式会社,13:東京都,240人,G:情報通信業,,,,,,,,,,
1013401006555,日本システム開発株式会社,13:東京都,129人,G:情報通信業,http://www.nsk.co.jp,,,,,,,,,
9120001158230,ミラクシアエッジテクノロジー株式会社,26:京都府,396人,G:情報通信業,https://www.miraxia.com,,,,,,,,,
9180001035977,株式会社コミュニケーションネット,23:愛知県,80人,G:情報通信業,https://www.cnt-inet.co.jp/,,,,,,,,,
9240001009850,株式会社日立ソリューションズ西日本,34:広島県,1793人,G:情報通信業,https://www.hitachi-solutions-west.co.jp/sustainability/workstyle/,,,,,,,,,
9240001006674,株式会社中国新聞社,34:広島県,457人,G:情報通信業,https://chugoku-np.com/,,,,,,,,,
9230001004951,株式会社アスプコミュニケーションズ,16:富山県,452人,G:情報通信業,http://www.asp-communications.co.jp/,,,,,,,,,
4010001228791,株式会社ｎｅｏＡＩ,13:東京都,19人,G:情報通信業,,,,,,,,,,
9350001001805,株式会社ＭＪＣ,45:宮崎県,316人,G:情報通信業,http://www.mjcnet.co.jp/,http://www.mjcnet.co.jp/recruit,,,,1:有,1:有,1:有,1:有,
5010001145409,モイ株式会社,13:東京都,43人,G:情報通信業,,,,,,,,,,
1012401004940,株式会社アープ,13:東京都,61人,G:情報通信業,https://www.arp-corp.co.jp/,,,,,,,,,
2010001177792,株式会社ＡＲＥＡ３５,13:東京都,23人,G:情報通信業,,,,,,,,,,
8010701002154,株式会社オプティマ,13:東京都,360人,G:情報通信業,http://www.opt.co.jp/,,,,,,,,,
1180001089799,株式会社ＤＲＡＧＯＮ　ＡＧＥＮＣＹ,23:愛知県,36人,G:情報通信業,https://dragonagency.co.jp/,,,,,,,,,
1120001145277,カコムスホールディングス株式会社,27:大阪府,35人,G:情報通信業,https://www.kacoms-hd.co.jp/,,,,,,,,,
1010401166446,株式会社Ｅｖａｓｔ,13:東京都,5人,G:情報通信業,,,,,,,,,,
1040001106064,株式会社ＡＳネットワークセキュリティ,12:千葉県,38人,G:情報通信業,https://www.asns.jp/,,,,,,,,,
1230001016657,株式会社ウエブル,16:富山県,28人,G:情報通信業,,,,,,,,,,
1430001088619,株式会社セレブロ・ストラテジック・パートナーズ,01:北海道,9人,G:情報通信業,https://cerebro-strategic.co.jp,,,,,,,,,
1380001005117,株式会社コンピューターシステム研究所,07:福島県,11人,G:情報通信業,,,,,,,,,,
2010401070317,株式会社コンサイド,13:東京都,52人,G:情報通信業,https://www.conside.info/,,,,,,,,,
8110001009393,ザンシン株式会社,15:新潟県,3人,G:情報通信業,,,,,,,,,,
3010001072274,株式会社エディア,13:東京都,100人,G:情報通信業,,,,,,,,,,
3340001004260,株式会社南日本新聞社,46:鹿児島県,296人,G:情報通信業,https://373news.com,,,,,,,,,
3010002053513,有限会社ＦＤＳｉ,13:東京都,1人,G:情報通信業,https://www.fds.co.jp,,,,,,,,,
3012401034069,株式会社アルテニア,13:東京都,37人,G:情報通信業,,,,,,,,,,
3012301011291,アップストリームジャパン株式会社,13:東京都,11人,G:情報通信業,https://www.upstream-j.co.jp/,,,,,,,,,
3330001011092,株式会社テクノミックス,13:東京都,5人,G:情報通信業,https://www.tmix.co.jp/,,,,,,,,,
4120001127355,株式会社インクルード,27:大阪府,9人,G:情報通信業,,,,,,,,,,
4140001139167,株式会社ペットウィズデジタル,28:兵庫県,1人,G:情報通信業,,,,,,,,,,
4011101100840,株式会社Ｍｏｌｌｙ,13:東京都,3人,G:情報通信業,https://molly.co.jp/,,,,,,,,,
4011001132232,株式会社ｗｅｓｉｏｎａｒｙＴＥＡＭ,13:東京都,1人,G:情報通信業,https://wesionary.team/,,,,,,,,,
5011101038881,ジェット・テクノロジーズ株式会社,13:東京都,145人,G:情報通信業,,,,,,,,,,
4430001022681,北洋システム開発株式会社,01:北海道,87人,G:情報通信業,https://www.hsd-hh.co.jp/news/pdf/20260702094750.pdf,,,,,,,,,
4290801028835,株式会社八州設計,40:福岡県,7人,G:情報通信業,https://yashima-d.com,,,,,,,,,
5011101087053,株式会社Ｖｉｎｃｕｒｅｓ,13:東京都,44人,G:情報通信業,,,,,,,,,,
5010402031075,ビー・ピー・ネット株式会社,13:東京都,91人,G:情報通信業,,,,,,,,,,
5430001082452,株式会社池内システムインテグレーション,01:北海道,4人,G:情報通信業,https://isi.ikeuchigroup.com/,,,,,,,,,
5110001006740,アイティーサポート株式会社,15:新潟県,20人,G:情報通信業,https://itsupport-inc.com/,,,,,,,,,
6020001045648,株式会社グリーンシステム,13:東京都,11人,G:情報通信業,https://greensys.co.jp,,,,,,,,,
6110001024799,株式会社アイテック,15:新潟県,109人,G:情報通信業,https://www.itecinc.jp/,https://www.itecinc.jp/recruit/,2人/1人/0人,0人/0人/0人,,1:有,0:無,1:有,0:無,
6010001110931,株式会社エクシード・ワン,13:東京都,11人,G:情報通信業,,,,,,,,,,
6010901048437,株式会社デジリハ,13:東京都,9人,G:情報通信業,https://www.digireha.com/,,,,,,,,,
6010001178804,ＲＥＳＴＡＲ株式会社,13:東京都,45人,G:情報通信業,https://www.restar-inc.com/,,,,,,,,,
6010003044005,ＣＲＥＡＴＥＬＩＮＫ合同会社,13:東京都,6人,G:情報通信業,,,,,,,,,,
7070001035437,ＬＯＣＡＬ　ＰＯＷＥＲ株式会社,10:群馬県,1人,G:情報通信業,https://local-power.co.jp/actionplan,,,,,,,,,
7011001167696,Ｃａｓｃａｄｅ株式会社,13:東京都,1人,G:情報通信業,,,,,,,,,,
7010401168354,Ｉｎｄｅｅｄ　Ｔｅｃｈｎｏｌｏｇｉｅｓ　Ｊａｐａｎ株式会社,13:東京都,542人,G:情報通信業,https://jp.indeed.com/about?hl=ja,,,,,,,,,
6330001020347,株式会社ｇ－ｃｏｎｃｅｒｎｓ,43:熊本県,10人,G:情報通信業,,,,,,,,,,
7010401132351,株式会社ウィルビー,13:東京都,15人,G:情報通信業,,,,,,,,,,
7020001056603,ＢＥＳＴ株式会社,14:神奈川県,71人,G:情報通信業,,,,,,,,,,
8010001220092,アッペンジャパン株式会社,13:東京都,10人,G:情報通信業,https://appen.co.jp/,,,,,,,,,
7240001054436,株式会社ＲＥＢＲＯＮ,34:広島県,1人,G:情報通信業,,,,,,,,,,
7480002001677,ディー・コム有限会社,36:徳島県,1人,G:情報通信業,,,,,,,,,,
8010701031896,株式会社ローソンデジタルイノベーション,13:東京都,128人,G:情報通信業,,,,,,,,,,
8010601053504,ダフトクラフト株式会社,13:東京都,2人,G:情報通信業,https://daftcraft.co.jp/about,,,,,,,,,
8020001035044,株式会社アイネステクノロジーズ,13:東京都,102人,G:情報通信業,,,,,,,,,,
8290001052401,フィールドシステムズ株式会社,40:福岡県,21人,G:情報通信業,https://fieldsystems.co.jp/company/action-plan,,,,,,,,,
8030001082952,株式会社アイゼン・ソリューション,11:埼玉県,30人,G:情報通信業,,,,,,,,,,
9010001189690,株式会社ＶＴＩジャパン,13:東京都,218人,G:情報通信業,https://vtijapan.co.jp/,,,,,,,,,
9010001176210,ＡＷＬ株式会社,13:東京都,50人,G:情報通信業,,,,,,,,,,
2120003014421,小日向合同会社,27:大阪府,1人,G:情報通信業,,,,,,,,,,
9220001021700,株式会社アカシックレコード,17:石川県,1人,G:情報通信業,,,,,,,,,,
1010701008901,株式会社フォーカスシステムズ,13:東京都,1434人,G:情報通信業,https://www.focus-s.com/sustainability/social/work_life_balance,,,,,,,,,
1010401040304,株式会社アイシンク,13:東京都,172人,G:情報通信業,http://www.ithink.co.jp/,,,,,,,,,
1011001022576,ミツイワ情報株式会社,13:東京都,100人,G:情報通信業,https://www.mitsuiwa-info.co.jp/,,,,,,,,,
1011001020415,株式会社フロム・ソフトウェア,13:東京都,486人,G:情報通信業,https://www.fromsoftware.jp/,,,,,,,,,
1010701023818,株式会社ニコンシステム,14:神奈川県,508人,G:情報通信業,http://www.nikon-sys.co.jp/,,,,,,,,,
7010001203412,株式会社ＤｏｕＹｕ　Ｊａｐａｎ,13:東京都,85人,G:情報通信業,,,,,,,,,,
7010001112290,株式会社ＢＩＴ,13:東京都,2人,G:情報通信業,,,,,,,,,,
1010401073460,株式会社セレス,13:東京都,336人,G:情報通信業,https://ceres-inc.jp/recruiting/office/,,,,,,,,,
1010401051128,株式会社オーエフ,13:東京都,58人,G:情報通信業,,,,,,,,,,
1010401059022,オリックス・システム株式会社,13:東京都,359人,G:情報通信業,https://www.orix.co.jp/system/,,,,,,,,,
2220001008662,株式会社リンケージ,17:石川県,8人,G:情報通信業,http://www.linkage-jp.com/index.html,,,,,,,,,
1011001114679,株式会社アクシスビジョン,13:東京都,280人,G:情報通信業,,,,,,,,,,
1010401181180,Ｎｓｉｇｈｔ株式会社,13:東京都,7人,G:情報通信業,https://nsight.jp,,,,,,,,,
8010601043042,株式会社ＮＴＴデータ・グローバルソリューションズ,13:東京都,565人,G:情報通信業,,,,,,,,,,
1013401001399,株式会社トゥインクル,13:東京都,416人,G:情報通信業,https://www.twk.co.jp/,,,,,,,,,
1011101046616,株式会社ＮＳＤ,13:東京都,3300人,G:情報通信業,http://www.nsd.co.jp/,,,,,,,,,
1020001028459,株式会社日立ソリューションズ・クリエイト,13:東京都,3964人,G:情報通信業,https://www.hitachi-solutions-create.co.jp/,,,,,,,,,
1011101009060,株式会社新潮社,13:東京都,473人,G:情報通信業,http://www.shinchosha.co.jp/,,,,,,,,,
1011101070517,Ｒａｐｙｕｔａ　Ｒｏｂｏｔｉｃｓ株式会社,13:東京都,180人,G:情報通信業,https://www.rapyuta-robotics.com/ja/,,,,,,,,,
1011101019332,株式会社ベーシック,13:東京都,178人,G:情報通信業,,,,,,,,,,
1011101050337,株式会社ドリコム,13:東京都,288人,G:情報通信業,http://www.drecom.co.jp/,,,,,,,,,
1030001039307,株式会社Ｐｈｏｎｅ　Ａｐｐｌｉ,13:東京都,250人,G:情報通信業,https://phoneappli.net/corp/company/policy/well-being/,,,,,,,,,
1110001022733,株式会社ソリマチ技研,15:新潟県,67人,G:情報通信業,http://www.s-giken.co.jp/,,,,,,,,,
1070001002376,株式会社ナブアシスト,10:群馬県,196人,G:情報通信業,https://www.nav-assist.co.jp/,,,,,,,,,
1070001034568,株式会社ＴｈｅＮｅｗＧａｔｅ,10:群馬県,362人,G:情報通信業,https://thenewgate.co.jp/,,,,,,,,,
1040001036848,株式会社ＮＴＴデータ・エム・シー・エス,12:千葉県,116人,G:情報通信業,https://www.mcserve.co.jp/,,,,,,,,,
1130001045022,株式会社ヒナプロジェクト,27:大阪府,40人,G:情報通信業,,,,,,,,,,
3010001223934,株式会社ＨＪＴ,13:東京都,0人,G:情報通信業,https://hj-t.co.jp/,,,,,,,,,
1290001022880,ＪＲ九州システムソリューションズ株式会社,40:福岡県,232人,G:情報通信業,,,,,,,,,,
1250001004437,エコマス株式会社,35:山口県,4人,G:情報通信業,,,,,,,,,,
1370001009911,株式会社日立ソリューションズ東日本,04:宮城県,1259人,G:情報通信業,http://www.hitachi-solutions-east.co.jp/index.html,,,,,,,,,
1490001001518,株式会社テレビ高知,39:高知県,101人,G:情報通信業,http://www.kutv.co.jp/,,,,,,,,,
2010001029969,株式会社毎日新聞社,13:東京都,1948人,G:情報通信業,http://mainichi.jp/,,,,,,,,,
2010001074742,株式会社クレスソフト,13:東京都,121人,G:情報通信業,https://cressoft.co.jp,,,,,,,,,
2010001019680,株式会社システムエグゼ,13:東京都,648人,G:情報通信業,,,,,,,,,,
2010401025989,株式会社扶桑社,13:東京都,138人,G:情報通信業,http://www.fusosha.co.jp/,,,,,,,,,
2010001146797,ビッグローブ株式会社,13:東京都,636人,G:情報通信業,http://www.biglobe.co.jp/,,,,,,,,,
2010001096365,株式会社デジタルスフィア,13:東京都,20人,G:情報通信業,http://www.digital-sphere.co.jp/,,,,,,,,,
2010401034593,株式会社ユニリタ,13:東京都,306人,G:情報通信業,https://www.unirita.co.jp,,,,,,,,,
2010401087988,株式会社アサイアン,13:東京都,130人,G:情報通信業,,,,,,,,,,
2010001135338,株式会社実日システム,13:東京都,260人,G:情報通信業,,,,,,,,,,
2010401137025,テックタッチ株式会社,13:東京都,230人,G:情報通信業,https://techtouch.jp/recruit/,,,,,,,,,
2010801013387,ニッセイ情報テクノロジー株式会社,13:東京都,2735人,G:情報通信業,http://www.nissay-it.co.jp/index.html,,,,,,,,,
2010801020474,株式会社ＩＳＴソフトウェア,13:東京都,515人,G:情報通信業,https://www.ist-software.co.jp,,,,,,,,,
2011101056358,株式会社ＮＴＴデータ・アイ,13:東京都,2373人,G:情報通信業,https://www.nttd-i.co.jp/,,,,,,,,,
2011401007325,富士フイルムシステムサービス株式会社,13:東京都,1700人,G:情報通信業,https://www.fujifilm.com/fbss/company/diversity?lnk=flyout,,,,,,,,,
2010601032678,株式会社ＮＴＴデータＳＭＳ,13:東京都,1010人,G:情報通信業,http://www.nttdata-sms.co.jp/,,,,,,,,,
2011001056152,株式会社日本国際放送,13:東京都,100人,G:情報通信業,https://www.jibtv.com/,,,,,,,,,
2011001101362,株式会社ゲームエイト,13:東京都,162人,G:情報通信業,,,,,,,,,,
2010801023642,Ｔｈｉｎｋ　ａ　Ｐｈａｓｅ株式会社,13:東京都,7人,G:情報通信業,https://thinkaphase.co.jp/,,,,,,,,,
2020001149130,コネクシオ株式会社,13:東京都,4243人,G:情報通信業,https://www.conexio.co.jp,,,,,,,,,
2020001008807,株式会社図研,14:神奈川県,456人,G:情報通信業,https://www.zuken.co.jp/,,,,,,,,,
2013401001381,東京海上日動システムズ株式会社,13:東京都,1575人,G:情報通信業,https://www.tmn-systems.jp/environment/welfare.html,,,,,,,,,
2020001011934,バイオコミュニケーションズ株式会社,14:神奈川県,140人,G:情報通信業,https://www.e-bio.co.jp/,,,,,,,,,
8010401140394,株式会社Ｄｉｒｂａｔｏ,13:東京都,1581人,G:情報通信業,,,,,,,,,,
2080001004346,株式会社ＴＯＫＡＩコミュニケーションズ,22:静岡県,1304人,G:情報通信業,http://www.tokai-com.co.jp/,,,,,,,,,
2070001016771,株式会社両毛システムズ,10:群馬県,738人,G:情報通信業,http://www.ryomo.co.jp/,,,,26.7%/14.3%/25.6%,,,,,
7011001047907,株式会社ウィルゲート,13:東京都,87人,G:情報通信業,,,,,,,,,,
9010001205811,株式会社データスプリング,13:東京都,20人,G:情報通信業,,,,,,,,,,
2120001189653,株式会社オークン,27:大阪府,28人,G:情報通信業,https://o-kun.com/,,,,,,,,,
2120001113134,フェンリル株式会社,27:大阪府,610人,G:情報通信業,,,,,,,,,,
2120001084730,ディーアイエスサービス＆ソリューション株式会社,27:大阪府,94人,G:情報通信業,https://www.dis-sas.co.jp/,,,,,,,,,
5010001039800,株式会社音響ハウス,13:東京都,79人,G:情報通信業,,,,,,,,,,
2180001040422,株式会社プロトコーポレーション,23:愛知県,673人,G:情報通信業,https://www.proto-g.co.jp/,,,,,,,,,
2180001047905,株式会社メディアドゥ,13:東京都,291人,G:情報通信業,https://mediado.jp/,,,,,,,,,
2180001049694,トヨタコネクティッド株式会社,23:愛知県,573人,G:情報通信業,http://www.toyotaconnected.co.jp/,,,,,,,,,
2180301019091,ひまわりネットワーク株式会社,23:愛知県,216人,G:情報通信業,https://recruit.himawari.co.jp/,,,,,,,,,
2230001002235,株式会社日本オープンシステムズ,16:富山県,424人,G:情報通信業,https://www.jops.co.jp/,,,,,,,,,
2210001002773,株式会社ビジュアルソフト,18:福井県,137人,G:情報通信業,,,,,,,,,,
2360001010191,株式会社プロトソリューション,47:沖縄県,439人,G:情報通信業,http://www.protosolution.co.jp/,,,,,,,,,
2290801009473,株式会社ソルネット,40:福岡県,120人,G:情報通信業,https://www.solnet-dot.com/,,,,,,,,,
8010001163300,株式会社うるるＢＰＯ,13:東京都,133人,G:情報通信業,https://www.uluru.biz/ir/securities.html,,,,,,,,,
3010001001613,株式会社オネスト,13:東京都,193人,G:情報通信業,,,,,,,,,,
3010001106619,ＩＩＭヒューマン・ソリューション株式会社,13:東京都,177人,G:情報通信業,,,,,,,,,,
3010001106833,株式会社日立医薬情報ソリューションズ,13:東京都,310人,G:情報通信業,https://www.hitachi-pi.co.jp/,,,,,,,,,
3010401097045,日本タタ・コンサルタンシー・サービシズ株式会社,13:東京都,3700人,G:情報通信業,https://www.tcs.com/jp-ja/home,,,,,,,,,
3010401111111,ＳＢ　Ｃ＆Ｓ株式会社,13:東京都,2263人,G:情報通信業,https://cas.softbank.jp/sustainability/diversity/,,,,,,,,,
3010401101938,ＲＧＳ株式会社,14:神奈川県,156人,G:情報通信業,,,,,,,,,,
3010401088688,株式会社ビジネスブレイン太田昭和,13:東京都,1151人,G:情報通信業,https://www.bbs.co.jp/,,,,,,,,,
3010401052264,株式会社ディ・アイ・システム,13:東京都,703人,G:情報通信業,,,,,,,,,,
3010401099553,日本テレビ放送網株式会社,13:東京都,1321人,G:情報通信業,,,,,,,,,,
3010401061819,株式会社ＫＤＤＩテクノロジー,13:東京都,178人,G:情報通信業,https://kddi-tech.com/,,,,,,,,,
3010401040467,株式会社ＴＢＳテレビ,13:東京都,1255人,G:情報通信業,https://www.tbsholdings.co.jp/tbstv/corporate/actionplan.html,,,,,,,,,
3010401148442,キッズコネクト株式会社,13:東京都,79人,G:情報通信業,,,,,,,,,,
3010401110443,株式会社ＷＦＳ,13:東京都,690人,G:情報通信業,,,,,,,,,,
3013301025851,ＮＴＴ　ＭＥ株式会社,13:東京都,13082人,G:情報通信業,http://www.ntt-me.co.jp/,,,,,,,,,
3011001039098,株式会社インテックソリューションパワー,13:東京都,1228人,G:情報通信業,http://www.intec-sp.co.jp,,,,,,,,,
3011001057199,インフォコム株式会社,13:東京都,727人,G:情報通信業,http://www.infocom.co.jp/,,,,,,,,,
3011001016337,東京システムズ株式会社,13:東京都,400人,G:情報通信業,http://www.tss-net.jp/,,,,,,,,,
3012701011131,アヴァント株式会社,13:東京都,123人,G:情報通信業,https://avant-sl.com/,,,,,,,,,
3080101016348,株式会社ＴＯＫＡＩケーブルネットワーク,22:静岡県,287人,G:情報通信業,http://tokai-catv.co.jp/,,,,,,,,,
3080401005447,株式会社モアソンジャパン,22:静岡県,200人,G:情報通信業,https://www.morson.jp/,,,,,,,,,
3120001072817,日本システム技術株式会社,27:大阪府,1202人,G:情報通信業,http://www.jast.jp,,,,,,,,,
3120001059624,株式会社読売新聞大阪本社,27:大阪府,1083人,G:情報通信業,,,,,,,,,,
3120001065944,株式会社ＮＴＴデータセキスイシステムズ,27:大阪府,430人,G:情報通信業,,,,,,,,,,
3120001120385,株式会社コウズ,27:大阪府,28人,G:情報通信業,https://recruit.kous.co.jp/culture/welfare/,,,,,,,,,
3120001252435,ＸＳカスタマーサービス株式会社,27:大阪府,54人,G:情報通信業,,,,,,,,,,
8011001029631,株式会社ジェイアールシステム・エンジニアリング,13:東京都,307人,G:情報通信業,https://www.jrse.co.jp/,,,,,,,,,
3180001018442,株式会社メイテツコム,23:愛知県,408人,G:情報通信業,http://www.meitetsucom.co.jp//,,,,,,,,,
3140001007886,株式会社さくらケーシーエス,28:兵庫県,1063人,G:情報通信業,http://www.kcs.co.jp/,,,,,,,,,
3140001022638,株式会社ミックウェア,28:兵庫県,448人,G:情報通信業,http://micware.co.jp/,,,,,,,,,
3130001020766,株式会社コスモネット,26:京都府,2413人,G:情報通信業,,,,,,,,,,
3180001000342,グリーンシティコム株式会社,23:愛知県,74人,G:情報通信業,,,,,,,,,,
3180001060865,株式会社アイ・ティ・ワークス,23:愛知県,56人,G:情報通信業,https://itw.co.jp/,,,,,,,,,
3290001012491,株式会社ＮＴＴデータ九州,40:福岡県,531人,G:情報通信業,http://www.nttdata-kyushu.co.jp/,,,,,,,,,
3270001006396,株式会社ＭａｇｉｃＰｌｕｓ,31:鳥取県,33人,G:情報通信業,https://magic-plus.net/,,,,,,,,,
3290001074210,株式会社アンドストーリー,40:福岡県,10人,G:情報通信業,,,,,,,,,,
3310001005872,株式会社日本ビジネスソフト,42:長崎県,159人,G:情報通信業,,,,,,,,,,
3310001003604,株式会社ディーエスブランド,42:長崎県,305人,G:情報通信業,https://dsbranch.works/careers/pages/711/,,,,,,,,,
3430001010217,ダットジャパン株式会社,01:北海道,330人,G:情報通信業,http://www.datt.co.jp/,,,,,,,,,
4010001210790,ソフトブレーン株式会社,13:東京都,244人,G:情報通信業,http://www.softbrain.co.jp/,,,,,,,,,
4010001100819,ＣＬＩＮＫＳ株式会社,13:東京都,930人,G:情報通信業,https://www.clinks.jp/,,,,,,,,,
4010401005007,ＮＴＴＰＣコミュニケーションズ株式会社,13:東京都,650人,G:情報通信業,http://www.nttpc.co.jp/,,,,,,,,,
4010001257642,スマートキャンプ株式会社,13:東京都,256人,G:情報通信業,,,,,,,,,,
4010001084475,株式会社ディマージシェア,13:東京都,83人,G:情報通信業,,,,,,,,,,
8011001014542,ＴＤＣソフト株式会社,13:東京都,2388人,G:情報通信業,http://www.tdc.co.jp/,,,,,,,,,
4010401054631,ＭＩデジタルサービス株式会社,13:東京都,847人,G:情報通信業,https://www.ibm.com/jp-ja/about/subsidiaries/mids,,,,,,,,,
4010701007850,日本フィールド・エンジニアリング株式会社,13:東京都,408人,G:情報通信業,https://www.nfe.co.jp/,,,,,,,,,
4010701026082,株式会社日本総合研究所,13:東京都,4859人,G:情報通信業,http://www.jri.co.jp/,,,,,,,,,
4010501002498,株式会社エム・ソフト,13:東京都,308人,G:情報通信業,http://www.msoft.co.jp,,,,,,,,,
4010601033105,ＪＦＥシステムズ株式会社,13:東京都,1600人,G:情報通信業,https://www.jfe-systems.com/sustainability/society/employees.html,,,,,,,,,
4010401011500,株式会社ザ・チューブ,13:東京都,160人,G:情報通信業,http://www.the-tube.co.jp/,,,,,,,,,
4010601043384,ＰＣＩソリューションズ株式会社,13:東京都,1001人,G:情報通信業,http://www.pci-sol.com,,,,,,,,,
4010401041514,株式会社アット東京,13:東京都,369人,G:情報通信業,,,,,,,,,,
4010601044077,株式会社Ｓｕｎ　Ａｓｔｅｒｉｓｋ,13:東京都,340人,G:情報通信業,,,,,,,,,,
4010401167078,株式会社ウェブライフ,13:東京都,80人,G:情報通信業,,,,,,,,,,
4011001032721,株式会社ディー・エヌ・エー,13:東京都,1530人,G:情報通信業,https://dldp.dena.com/,,,,,,,,,
4011101020774,株式会社ミロク情報サービス,13:東京都,1806人,G:情報通信業,,,,,,,,,,
4011001012491,株式会社ＣＩＣ,13:東京都,364人,G:情報通信業,,,,,,,,,,
8011105000298,一般社団法人家の光協会,13:東京都,165人,G:情報通信業,,,,,,,,,,
4011001109783,株式会社ＡｐｐＢｒｅｗ,13:東京都,51人,G:情報通信業,,,,,,,,,,
4020001046284,株式会社インテリジェントテクノロジー,14:神奈川県,125人,G:情報通信業,,,,,,,,,,
4011001003978,株式会社エヌエイチケイエデュケーショナル,13:東京都,262人,G:情報通信業,,,,,,,,,,
4040001070407,株式会社エス・イー・シー・ハイテック,13:東京都,319人,G:情報通信業,https://sech.co.jp/sustainability/diversity/,,,,,,,,,
4030001034271,パシフィックシステム株式会社,11:埼玉県,483人,G:情報通信業,,,,,,,,,,
4120001054137,株式会社ＳＲＤ,26:京都府,146人,G:情報通信業,http://www.srd.co.jp/,,,,,,,,,
4180001037961,株式会社中日新聞社,23:愛知県,2427人,G:情報通信業,http://www.chunichi.co.jp,,,,,,,,,
1012301007531,株式会社シャンテリー,13:東京都,115人,G:情報通信業,https://www.shantery.co.jp,,,,,,,,,
4180001050948,ＣＣＮｅｔ株式会社,23:愛知県,238人,G:情報通信業,,,,,,,,,,
4230001007785,ＡＷＳ株式会社,16:富山県,100人,G:情報通信業,https://awsnet.co.jp/,https://awsnet.co.jp/recruit/,,,,1:有,0:無,1:有,0:無,
4240001015192,株式会社ネクストビジョン,34:広島県,114人,G:情報通信業,,,,,,,,,,
4350001010612,センコービジネスサポート株式会社,45:宮崎県,424人,G:情報通信業,http://www.sbs.senko.jp/,,,,,,,,,
4360001000249,株式会社ゼンリンインターマップ,47:沖縄県,154人,G:情報通信業,http://www.intermap.co.jp/,,,,,,,,,
7430001064333,株式会社イノベーション,01:北海道,13人,G:情報通信業,,,,,,,,,,
8011001102586,株式会社ＢＩＳ,13:東京都,14人,G:情報通信業,,,,,,,,,,
8011601004645,東映アニメーション株式会社,13:東京都,758人,G:情報通信業,https://corp.toei-anim.co.jp/ja/company/diversity.html,,,,,,,,,
5010001118554,ＣＴＣシステムマネジメント株式会社,13:東京都,2075人,G:情報通信業,http://www.ctcs.co.jp/,,,,,,,,,
5010001130666,株式会社モノス,13:東京都,52人,G:情報通信業,http://www.kmonos-design.com/index.html,,,,,,,,,
5010001075531,リスクモンスター株式会社,13:東京都,105人,G:情報通信業,https://www.riskmonster.co.jp/,,,,,,,,,
5010001066010,エクシオ・システムマネジメント株式会社,13:東京都,713人,G:情報通信業,,,,,,,,,,
5010001255612,株式会社コナミアーケードゲームス,13:東京都,520人,G:情報通信業,https://www.konami.com/arcadegames/corporate/ja/,,,,,,,,,
4500001000671,株式会社愛媛朝日テレビ,38:愛媛県,95人,G:情報通信業,https://eat.jp/,,,,,,,,,
5010901011882,ムトーアイテックス株式会社,13:東京都,223人,G:情報通信業,https://www.mutoh-itex.jp,,,,,,,,,
5011001004265,株式会社ＮＴＴデータ・エマーズ,13:東京都,402人,G:情報通信業,,,,,,,,,,
5011001014966,株式会社デジタルガレージ,13:東京都,660人,G:情報通信業,http://www.garage.co.jp/ja/,,,,,,,,,
5011101025038,株式会社フォーサムアクティブ,13:東京都,112人,G:情報通信業,https://www.active-grp.co.jp/,,,,,,,,,
5011001003977,株式会社ＮＨＫグローバルメディアサービス,13:東京都,446人,G:情報通信業,https://www.nhk-g.co.jp/recruit/culture-wlb/,,,,,,,,,
5010901005224,ＣＴＣエスピー株式会社,13:東京都,225人,G:情報通信業,,,,,,,,,,
5011001091881,株式会社ソフトクリエイト,13:東京都,303人,G:情報通信業,http://www.softcreate.co.jp/sc/,,,,,,,,,
5010401128558,シンプレクス・ホールディングス株式会社,13:東京都,300人,G:情報通信業,https://www.simplex.holdings/sustainability/,,,,,,,,,
5010701023145,株式会社ＮｅｘｔＮｉｎｊａ,13:東京都,143人,G:情報通信業,,,,,,,,,,
5011001127108,株式会社Ｏｌｉｖｅ,13:東京都,26人,G:情報通信業,https://olive.style/,https://cheercareer.jp/companies/4648/offers,1人/2人/3人,0人/0人/2人,,1:有,0:無,1:有,0:無,
5010401080362,ＭＥＴＡＴＥＡＭ株式会社,13:東京都,625人,G:情報通信業,,https://metateam.co.jp/recruit,81人/104人/50人,64人/56人/21人,,1:有,1:有,1:有,1:有,
3430001038480,株式会社ホットウェーブ,01:北海道,28人,G:情報通信業,,,,,,,,,,
5020001084928,ＴＤＩプロダクトソリューション株式会社,14:神奈川県,130人,G:情報通信業,,,,,,,,,,
5011101036968,株式会社あとらす二十一,13:東京都,1400人,G:情報通信業,,,,,,,,,,
5012401040412,株式会社ｅｎｉｇｍａ,13:東京都,8人,G:情報通信業,https://eni-gma.com/,,,,,,,,,
5050001002358,株式会社ユードム,08:茨城県,429人,G:情報通信業,https://www.udom.co.jp/,,,,,,,,,
5100001000447,株式会社ＮＴＴデータ信越,20:長野県,126人,G:情報通信業,https://www.nttdata-shinetsu.co.jp/,,,,,,,,,
8010801000719,アルプスシステムインテグレーション株式会社,13:東京都,644人,G:情報通信業,,,,,,,,,,
8011301015141,株式会社エイトビット,13:東京都,112人,G:情報通信業,,,,,,,,,,
8040001014715,株式会社日立ケーイーシステムズ,12:千葉県,444人,G:情報通信業,https://www.hke.jp/,,,,,,,,,
1120001197335,株式会社ＣＲＦ,27:大阪府,2人,G:情報通信業,,,,,,,,,,
5120001189015,トランス・オーシャン・ジャパン株式会社,27:大阪府,81人,G:情報通信業,https://www.toj.jpn.com/,,,,,,,,,
5200001003514,株式会社電算システム,21:岐阜県,779人,G:情報通信業,https://www.densan-s.co.jp/,,,,,,,,,
5220001002571,株式会社ＳＩＮＮ　ＭＩＲＡＩ,17:石川県,99人,G:情報通信業,,,,,,,,,,
5290001007168,株式会社九州日立システムズ,40:福岡県,567人,G:情報通信業,http://www.kyushu-hitachi-systems.co.jp/,,,,,,,,,
6010401068349,株式会社ＵＳＥＮ‐ＡＬＭＥＸ,13:東京都,752人,G:情報通信業,,,,,,,,,,
2013301020119,株式会社マクスマラシステムズ,13:東京都,3人,G:情報通信業,http://www.maxmalla.jp/,,,,,,,,,
6010001135680,ＮＥＣネッツエスアイ株式会社,13:東京都,5741人,G:情報通信業,http://www.nesic.co.jp,,,,,,,,,
6010001060433,リコーＩＴソリューションズ株式会社,14:神奈川県,1032人,G:情報通信業,http://www.jrits.co.jp/,,,,,,,,,
6010001143378,株式会社アルク,13:東京都,257人,G:情報通信業,http://www.alc.co.jp/,,,,,,,,,
6010401024698,ＰＳＰ株式会社,13:東京都,481人,G:情報通信業,https://recruit.psp.co.jp/newgraduate/company/about/#number,,,,61.9%/77.8%/81.8%,,,,,
6010001011147,株式会社インターネットイニシアティブ,13:東京都,3018人,G:情報通信業,https://www.iij.ad.jp/,,,,,,,,,
6010001034866,東映株式会社,13:東京都,461人,G:情報通信業,http://www.toei.co.jp/,,,,,,,,,
6010401003504,株式会社ウェザーニューズ,12:千葉県,978人,G:情報通信業,https://jp.weathernews.com/,,,,,,,,,
6010001201417,株式会社アクシズ,13:東京都,13人,G:情報通信業,https://www.axesinc.jp/,,,,,,,,,
6010001096659,株式会社うるる,13:東京都,305人,G:情報通信業,,,,,,,,,,
6011001045498,株式会社フレクト,13:東京都,481人,G:情報通信業,https://www.flect.co.jp/,,,,,,,,,
6010601032609,ＮＴＴデータ・カスタマサービス株式会社,13:東京都,1068人,G:情報通信業,http://www.nttdatacs.co.jp/,,,,,,,,,
6010701012254,ソニーグローバルソリューションズ株式会社,13:東京都,468人,G:情報通信業,http://www.sonyglobalsolutions.jp/,,,,,,,,,
6010401061171,株式会社コナミデジタルエンタテインメント,13:東京都,2125人,G:情報通信業,https://www.konami.com/games/corporate/ja/,,,,,,,,,
6011001091880,株式会社ｅｃｂｅｉｎｇ,13:東京都,490人,G:情報通信業,http://www.ecbeing.net/,,,,,,,,,
6011001072253,株式会社フォー・クオリア,13:東京都,160人,G:情報通信業,,,,,,,,,,
6010601062093,株式会社ＮＴＴデータ,13:東京都,13189人,G:情報通信業,https://www.nttdata.com/global/ja/sustainability/dei/,,,,,,,,,
6011001057865,株式会社ダーツライブ,13:東京都,170人,G:情報通信業,,,,,,,,,,
6012401014027,ＮＴＴクラルティ株式会社,13:東京都,510人,G:情報通信業,https://www.ntt-claruty.co.jp/,,,,,,,,,
6011401007346,富士テレコム株式会社,13:東京都,530人,G:情報通信業,,,,,,,,,,
6011101023511,株式会社住宅産業新聞社,13:東京都,9人,G:情報通信業,http://www.housenews.jp,,,,,,,,,
6100001026243,ネクストリンクス株式会社,20:長野県,115人,G:情報通信業,https://nextlinks.co.jp/,,,,,,,,,
6100001012664,株式会社アドヴァンスト・インフォーメイション・デザイン,20:長野県,645人,G:情報通信業,https://www.a-i-d.co.jp/company/diversity.html,,,,,,,,,
6040001086707,株式会社エアークローゼット,13:東京都,102人,G:情報通信業,,,,,,,,,,
6120001059605,株式会社朝日新聞社,27:大阪府,3651人,G:情報通信業,https://www.asahi.com/corporate/info/14728559,,,,,,,,,
8290001089195,Ｈｉｔｏｔｅｃｈ株式会社,40:福岡県,22人,G:情報通信業,,,,,,,,,,
8012801001168,東洋システム株式会社,13:東京都,170人,G:情報通信業,https://www.toyosystem.co.jp/,,,,,,,,,
2260001025200,株式会社ＢＥＶＡＳ,33:岡山県,12人,G:情報通信業,,,,,,,,,,
4330001023632,株式会社Ｒｅｍａｄｏ,43:熊本県,11人,G:情報通信業,,,,,,,,,,
6290001023676,株式会社読売新聞西部本社,40:福岡県,414人,G:情報通信業,https://info.yomiuri.co.jp/,,,,,,,,,
6320001000886,東芝デジタルエンジニアリング株式会社,14:神奈川県,991人,G:情報通信業,,,,,,,,,,
6310001009648,島原ソフトウェア株式会社,42:長崎県,32人,G:情報通信業,http://www.shimabara-soft.jp/,,0人/3人/1人,0人/0人/1人,,1:有,1:有,1:有,1:有,
6270001006518,株式会社バードワークス,31:鳥取県,20人,G:情報通信業,https://www.birdworks.co.jp/,,,,,,,,,
8010801016888,ＪＢサービス株式会社,13:東京都,292人,G:情報通信業,,,,,,,,,,
7010001035087,旭情報サービス株式会社,13:東京都,1952人,G:情報通信業,http://www.aiskk.co.jp/,,,,10.0%/13.0%/18.0%,,,,,
7010001076775,株式会社交通新聞社,13:東京都,244人,G:情報通信業,http://www.kotsu.co.jp/,,,,,,,,,
7010401027345,株式会社報知新聞社,13:東京都,531人,G:情報通信業,http://www.hochi.co.jp/,,,,,,,,,
7010001030732,株式会社メディックス,13:東京都,318人,G:情報通信業,http://www.medix-inc.co.jp,,,,,,,,,
7010001062783,株式会社アルゴグラフィックス,13:東京都,586人,G:情報通信業,http://www.argo-graph.co.jp/,,,,,,,,,
7010001128618,株式会社アクセル・モード,13:東京都,89人,G:情報通信業,https://www.axcel-mode.co.jp/,,,,,,,,,
7010001099974,ラクラス株式会社,13:東京都,149人,G:情報通信業,,,,,,,,,,
7010001091386,株式会社ゼウス・エンタープライズ,13:東京都,319人,G:情報通信業,,,,,,,,,,
7010001224391,ＣＯＮＦＩＴ株式会社,13:東京都,30人,G:情報通信業,,,,,,,,,,
7011001037734,ＧＭＯグローバルサイン・ホールディングス株式会社,13:東京都,400人,G:情報通信業,http://ir.gmocloud.com/,,,,,,,,,
7011001001789,株式会社アルファシステムズ,14:神奈川県,2987人,G:情報通信業,https://www.alpha.co.jp/,,,,,,,,,
8011001129217,株式会社ウィズテック,13:東京都,35人,G:情報通信業,,,,,,,,,,
7010401085764,さくら情報システム株式会社,13:東京都,1201人,G:情報通信業,https://www.sakura-is.co.jp/sustainability/diversity/,,,,,,,,,
7011001059638,株式会社コロプラ,13:東京都,572人,G:情報通信業,http://colopl.co.jp,,,,,,,,,
7010601022674,ＮＥＣソリューションイノベータ株式会社,13:東京都,12344人,G:情報通信業,https://www.nec-solutioninnovators.co.jp/csr/society/inclusion-diversity.html,,,,,,,,,
7010401100003,ＮＴＴドコモビジネスソリューションズ株式会社,13:東京都,5000人,G:情報通信業,https://www.docomobs.com/,,,,,,,,,
7010401090888,Ｒｅｔｔｙ株式会社,13:東京都,250人,G:情報通信業,https://retty.me/,,,,,,,,,
7010401090418,株式会社ＷｏｒｋＶｉｓｉｏｎ,13:東京都,501人,G:情報通信業,,,,,,,,,,
7010901012788,株式会社リンクコーポレーション,13:東京都,22人,G:情報通信業,,,,,,,,,,
7010701017566,株式会社ＣＡＩＣＡ　ＤＩＧＩＴＡＬ,13:東京都,245人,G:情報通信業,,,,,,,,,,
7010401108252,Ｉｎｄｅｅｄ　Ｊａｐａｎ株式会社,13:東京都,653人,G:情報通信業,https://jp.indeed.com/esg/governance,,,,,,,,,
7010401115835,株式会社ＳＵＰＥＲ　ＳＴＵＤＩＯ,13:東京都,354人,G:情報通信業,http://www.super-studio.jp/,,,,,,,,,
7011001013041,株式会社第一情報システムズ,13:東京都,707人,G:情報通信業,,,,,,,,,,
7012401013928,株式会社フラッグ,13:東京都,301人,G:情報通信業,https://www.flag-pictures.co.jp/,,,,,,,,,
7013401000908,株式会社インフォテクノ朝日,13:東京都,601人,G:情報通信業,https://www.it-asahi.com/,,,,,,,,,
7011101062095,クオリカ株式会社,13:東京都,945人,G:情報通信業,http://www.qualica.co.jp/,,,,,,,,,
4170001003832,株式会社和歌山放送,30:和歌山県,40人,G:情報通信業,,,,,,,,,,
7080001008391,鈴与システムテクノロジー株式会社,22:静岡県,319人,G:情報通信業,https://www.sst-web.com/recruit/data/,,,,,,,,,
7010001134054,株式会社ゼアテックス,13:東京都,3人,G:情報通信業,,,,,,,,,,
7120001030358,ＮＲＩネットコム株式会社,27:大阪府,571人,G:情報通信業,http://www.nri-net.com/,,,,,,,,,
2011001118225,株式会社プラウドフロー,13:東京都,17人,G:情報通信業,http://proud-g.jp/,,,,,,,,,
5011001070919,株式会社バリューブレイン,11:埼玉県,7人,G:情報通信業,,,,,,,,,,
5010001096197,株式会社産経デジタル,13:東京都,80人,G:情報通信業,,,,,,,,,,
5010401089684,シンクルー株式会社,13:東京都,7人,G:情報通信業,,,,,,,,,,
7220001006298,北陸コンピュータ・サービス株式会社,17:石川県,677人,G:情報通信業,https://www.hcs.co.jp/csr/worklife.html,,,,,,,,,
7280001006061,株式会社ソコロシステムズ,32:島根県,8人,G:情報通信業,https://www.socorro.co.jp/,,,,,,,,,
7260001011872,株式会社ハイテックシステムズ,33:岡山県,44人,G:情報通信業,https://www.hightec.co.jp/,,,,,,,,,
7240003001048,Ｗａｒｄｉｓｈ合同会社,34:広島県,9人,G:情報通信業,https://www.wardish.jp/,,,,,,,,,
7290801002606,ＴＯＴＯインフォム株式会社,40:福岡県,164人,G:情報通信業,http://infom.toto-group.jp/,,,,,,,,,
8010001074167,ＳＣＳＫ株式会社,13:東京都,8631人,G:情報通信業,http://www.scsk.jp/,,,,,,,,,
8010001066882,日本レコード・キーピング・ネットワーク株式会社,13:東京都,280人,G:情報通信業,http://top.nrkn.co.jp,,,,,,,,,
7480001000861,株式会社ジャストシステム,36:徳島県,371人,G:情報通信業,https://www.justsystems.com/jp/,,,,,,,,,
8010001045829,日本証券テクノロジー株式会社,13:東京都,333人,G:情報通信業,http://www.nstec.jp/,,,,,,,,,
8010001039574,株式会社オービック,13:東京都,2125人,G:情報通信業,,,,,,,,,,
9011001119290,ＺＥＩＮ株式会社,13:東京都,30人,G:情報通信業,,,,,,,,,,
8010001079224,株式会社読売新聞東京本社,13:東京都,2905人,G:情報通信業,https://info.yomiuri.co.jp/,,,,,,,,,
3010001139230,株式会社テンクー,13:東京都,44人,G:情報通信業,https://xcoo.co.jp/,,,,,,,,,
8050001000763,株式会社川又感光社,08:茨城県,45人,G:情報通信業,https://www.k-kawamata.co.jp/company/info/,,,,,,,,,
8030001030408,株式会社アイキューブ・マーケティング,13:東京都,141人,G:情報通信業,https://icube-m.com/,,,,,,,,,
2470001016450,株式会社Ｋ・システムソリューション,37:香川県,24人,G:情報通信業,,,,,,,,,,
5430003016763,合同会社リベリオン,01:北海道,1人,G:情報通信業,https://www.rebellion-inc.jp/,,,,,1:有,1:有,0:無,0:無,
2010001094204,株式会社富士経済,13:東京都,204人,G:情報通信業,https://www.fuji-keizai.co.jp/recruit/environment.html,,,,,,,,,
8120001067309,株式会社関西東通,27:大阪府,212人,G:情報通信業,http://www.kansai-totsu.com/,,,,,,,,,
1012801007056,株式会社コスモ・インテリジェンス,13:東京都,57人,G:情報通信業,https://www.cosmo-intelligence.com,https://www.cosmo-intelligence.com/recruit/,1人/1人/1人,0人/0人/0人,,1:有,0:無,1:有,1:有,
8110001018766,株式会社わくわく,15:新潟県,4人,G:情報通信業,http://www.wakuwaku2525.com,,,,,,,,,
1500001000617,株式会社ウイン,38:愛媛県,345人,G:情報通信業,https://www.pro-win.co.jp/profile/actionplan_nextgeneration.html,,,,,,,,,
6360001021499,株式会社メディアリンクス,13:東京都,2人,G:情報通信業,https://www.mm-p.co.jp/medialinks/,,0人/1人/0人,0人/0人/0人,,1:有,0:無,0:無,0:無,
4010701001143,株式会社ウィズダム,13:東京都,38人,G:情報通信業,https://www.wisdom.co.jp/,https://recruit.wisdom-dev.jp/,1人/0人/0人,0人/0人/0人,,1:有,0:無,0:無,0:無,
8200001013931,タック株式会社,21:岐阜県,433人,G:情報通信業,https://www.taknet.co.jp,,,,,,,,,
6010001237700,株式会社えんいー,13:東京都,,G:情報通信業,https://yen-e.com/,https://yen-e.com/recruit.html,,,,,,,,
2020001089748,株式会社ジョイワークス,13:東京都,65人,G:情報通信業,,,,,,,,,,
3340001000623,パステムソリューションズ株式会社,46:鹿児島県,79人,G:情報通信業,http://www.necps.jp,,,,,,,,,
4010901030545,株式会社Ｓｏｉｃｈｉｒｏ,13:東京都,17人,G:情報通信業,https://soichiro.co.jp/company/plan-of-action/,,,,,,,,,
3010001129215,パナソニックコネクト株式会社,40:福岡県,11600人,G:情報通信業,https://connect.panasonic.com/jp-ja/about/sustainability,,,,,,,,,
5011001168589,株式会社Ｂｅｃａｌｍ,13:東京都,41人,G:情報通信業,https://becalm.co.jp/,https://becalm.co.jp/recruit/,,,,,,,,
6010001083962,株式会社交通タイムス社,13:東京都,44人,G:情報通信業,https://www.kotsu-times.jp/,,,,,,,,,
7011001160247,株式会社テクヌート,13:東京都,,G:情報通信業,https://qruu.jp/,,,,,0:無,0:無,1:有,0:無,
2010001095739,株式会社マーブル,13:東京都,8700人,G:情報通信業,,,,,,,,,,
5011003009403,合同会社ＹＭＨＡ,13:東京都,1人,G:情報通信業,,,,,,,,,,
9010901009056,日本テクニカル・サービス株式会社,13:東京都,133人,G:情報通信業,https://www.nitteku.co.jp/,,,,,,,,,
9430001038814,ジャスティン株式会社,01:北海道,28人,G:情報通信業,https://www.justin-inc.com/,,,,,,,,,
8430001021969,北海道総合通信網株式会社,01:北海道,264人,G:情報通信業,https://www.hotnet.co.jp,,,,,,,,,
9010001045803,日鉄ソリューションズ株式会社,13:東京都,4385人,G:情報通信業,https://www.nssol.nipponsteel.com/,,,,,,,,,
9010001026159,株式会社ＩＩＪエンジニアリング,13:東京都,750人,G:情報通信業,https://www.iij-engineering.co.jp/,,,,,,,,,
1011001153314,株式会社ゼンビット,13:東京都,3人,G:情報通信業,https://www.zen-bit.com/,https://www.zen-bit.com/recruit/,1人/0人/2人,0人/0人/0人,,1:有,1:有,1:有,1:有,
8230001001438,株式会社ソフト,16:富山県,96人,G:情報通信業,https://www.soft-co.jp/,,1人/0人/3人,0人/0人/0人,,1:有,1:有,1:有,0:無,
9010001091707,ＣＴＣテクノロジー株式会社,13:東京都,1700人,G:情報通信業,http://www.ctct.co.jp/,,,,,,,,,
2010601038584,日本電子計算株式会社,13:東京都,1577人,G:情報通信業,http://www.jip.co.jp/,,,,,,,,,
8430001022439,株式会社ＨＢＡ,01:北海道,843人,G:情報通信業,,,,,,,,,,
7270002000295,有限会社エコーシステムクリエイター,31:鳥取県,30人,G:情報通信業,http://www.echo-sys.co.jp/,,,,,,,,,
9010401072975,ＳＣＳＫシステムマネジメント株式会社,13:東京都,800人,G:情報通信業,http://www.scsksm.co.jp/,,,,,,,,,
9010401052465,ソフトバンク株式会社,13:東京都,24571人,G:情報通信業,https://www.softbank.jp/corp/hr/personnel/family/,,,,,,,,,
9010601021385,株式会社ＮＴＴデータグループ,13:東京都,1522人,G:情報通信業,https://www.nttdata.com/global/ja/about-us/sustainability/society/dei/,,,,,,,,,
9010003032634,ジャパンシステム株式会社,13:東京都,703人,G:情報通信業,http://www.japan-systems.co.jp/,,,,,,,,,
9010501026154,株式会社トップヒルズ,13:東京都,304人,G:情報通信業,,,,,,,,,,
9010601036706,エム・ユー・エス情報システム株式会社,13:東京都,310人,G:情報通信業,https://www.is.sc.mufg.jp,,,,,,,,,
3290001066752,株式会社リアライズ,40:福岡県,2人,G:情報通信業,,,,,,,,,,
9010001252837,株式会社シーエスデー,14:神奈川県,105人,G:情報通信業,,,,,,,,,,
9010401143421,セルプロモート株式会社,13:東京都,172人,G:情報通信業,https://cellpromote.biz/,,,,,,,,,
9011101042582,株式会社データサービス,13:東京都,277人,G:情報通信業,https://www.data-service.jp/,https://www.data-service.jp/recruit/,,,,1:有,0:無,1:有,0:無,
9011101031552,ＫＤＤＩ株式会社,13:東京都,14073人,G:情報通信業,https://www.kddi.com/corporate/sustainability/report/2021/,,,,,,,,,
9013301020995,株式会社ＣＥＶＯＬ,13:東京都,29人,G:情報通信業,,,,,,,,,,
9011001038945,株式会社ＮＴＴデータ・ウェーブ,13:東京都,499人,G:情報通信業,https://www.nttd-wave.com/profiles/jisedaishien.html,,,,,,,,,
9011101045239,ＴＤＩシステムサービス株式会社,13:東京都,469人,G:情報通信業,https://www.tdiss.co.jp/,,,,,,,,,
9010701018703,アイテックジャパン株式会社,13:東京都,101人,G:情報通信業,https://itec-japan.co.jp/,,,,,,,,,
9120901014004,株式会社ｋｕｂｅｌｌ,13:東京都,380人,G:情報通信業,https://recruit.chatwork.com/workstyle/,,,,,,,,,
5010001136291,株式会社Ｎｅｔｙ,13:東京都,30人,G:情報通信業,http://nety-it.com/,,,,,,,,,
8013301009255,株式会社日本シスラボ,13:東京都,28人,G:情報通信業,http://www.jslabo.com,,,,,,,,,
3010001146581,テクノプラス株式会社,13:東京都,13人,G:情報通信業,,,,,,,,,,
2010701007547,株式会社ニッセイコム,13:東京都,917人,G:情報通信業,,,,,,,,,,
2010701009097,株式会社ボパリバンド・システム,13:東京都,40人,G:情報通信業,,,,,,,,,,
2010801012348,ユニインフォーメーション株式会社,13:東京都,281人,G:情報通信業,https://www.uni-info.co.jp/,https://www.uni-info.co.jp/recruit,,,,1:有,1:有,1:有,1:有,
2011001029471,株式会社ウェルネストコミュニケーションズ,13:東京都,500人,G:情報通信業,,,,,,,,,,
5390001002621,株式会社ハイテックシステム,06:山形県,21人,G:情報通信業,https://www.hightech.co.jp,,0人/0人/0人,0人/0人/0人,,1:有,1:有,1:有,0:無,
3010001103252,株式会社エス・アイ・エス,13:東京都,91人,G:情報通信業,,,,,,,,,,
4011002031581,株式会社コパン・デザインソース,13:東京都,12人,G:情報通信業,,,,,,,,,,
2011101089804,ノウンズ株式会社,13:東京都,62人,G:情報通信業,,,,,,,,,,
2011001157289,株式会社ワンズクラフト,13:東京都,0人,G:情報通信業,,,,,,,,,,
2020001048753,株式会社ネクシス,14:神奈川県,150人,G:情報通信業,,,,,,,,,,
2021001059922,株式会社湘南イノベーション,14:神奈川県,34人,G:情報通信業,,,,,,,,,,
3020003025254,ｄｏｕｂｌｅ　ｔｏｍｍｙ合同会社,13:東京都,0人,G:情報通信業,https://www.doubletommy.com/,,,,,,,,,
5010701035834,株式会社ビットキー,13:東京都,234人,G:情報通信業,,,,,,,,,,
3010901024011,株式会社ｍａｓｔｅｒｐｅａｃｅ,13:東京都,5人,G:情報通信業,,,,,,,,,,
9360001016208,ユーマーク株式会社,47:沖縄県,37人,G:情報通信業,,,,,,,,,,
3010701031769,アーティクル株式会社,13:東京都,37人,G:情報通信業,https://harch.jp/recruit/personnelsystem,,,,,,,,,
3011001041541,株式会社メディアジーン,13:東京都,143人,G:情報通信業,https://www.mediagene.co.jp/,,,,,,,,,
2040001112441,株式会社マーボードウフ,13:東京都,2人,G:情報通信業,,,,,,,,,,
6010403018491,星カナ合同会社,13:東京都,0人,G:情報通信業,https://rough-snowflake-6418.stores.jp/,,,,,,,,,
5010002045062,株式会社ＳＣＲＵＭ,13:東京都,26人,G:情報通信業,https://www.scrum-inc.net/,https://www.scrum-inc.net/recruit/,,,,1:有,1:有,1:有,1:有,
9010001100905,株式会社ブレインアーツ,13:東京都,14人,G:情報通信業,https://brain-arts.net/,https://brain-arts.net/recruit/,0人/1人/0人,0人/0人/0人,,1:有,1:有,1:有,1:有,
2060001012086,ペンタテクノサービス株式会社,09:栃木県,58人,G:情報通信業,http://www.penta-techno.co.jp/,,/4人/0人,0人/0人/0人,,1:有,1:有,1:有,0:無,
2120001123265,株式会社アップライト,27:大阪府,16人,G:情報通信業,https://upright.co.jp/,,,,,,,,,
2120001041888,株式会社エムアイシー・コンサルティング,27:大阪府,11人,G:情報通信業,,,,,,,,,,
2010501024057,株式会社５０１ｓｔ,13:東京都,26人,G:情報通信業,,,,,,,,,,
6010701028507,株式会社ブックビヨンド,13:東京都,15人,G:情報通信業,,,,,,,,,,
7290003005960,ラピードアクト株式会社,40:福岡県,60人,G:情報通信業,,,,,91%/77%/85%,,,,,
2120101071513,極速メディア株式会社,13:東京都,2人,G:情報通信業,https://www.speedmediajp.com/,,,,,0:無,0:無,0:無,0:無,
6010601047805,ＥＮＥＣＨＡＮＧＥ株式会社,13:東京都,185人,G:情報通信業,https://enechange.co.jp/,,,,,,,,,
2010001171473,株式会社ＳＵＭＵＳ,13:東京都,30人,G:情報通信業,https://sumus-inc.co.jp/,,,,,,,,,
1180001124085,株式会社スノーピークビジネスソリューションズ,23:愛知県,33人,G:情報通信業,https://snowpeak-bs.co.jp/,,,,,,,,,
2010001177818,Ｂｙｔｅｄａｎｃｅ株式会社,13:東京都,700人,G:情報通信業,,,,,,,,,,
3010001056938,ホクトシステム株式会社,13:東京都,28人,G:情報通信業,,,,,,,,,,
1011101037508,デジタルアクセルズ株式会社,13:東京都,28人,G:情報通信業,,,,,,,,,,
1040001121022,株式会社ＪＶ　Ｓｔｕｄｉｏ,13:東京都,15人,G:情報通信業,,,,,,,,,,
2011001104200,株式会社ＭＢＫデジタル,13:東京都,80人,G:情報通信業,,,,,,,,,,
2060001000900,株式会社エフエム栃木,09:栃木県,24人,G:情報通信業,https://www.berry.co.jp,,,,,,,,,
3011801021718,テントセント株式会社,13:東京都,30人,G:情報通信業,,,,,,,,,,
3011101099158,株式会社イチロク,13:東京都,5人,G:情報通信業,https://16match.co.jp/,,,,,0:無,0:無,0:無,0:無,
4370001012061,株式会社ＡＳＡ,04:宮城県,70人,G:情報通信業,https://www.asadigital.net/jp/,,,,,,,,,
3430001081340,株式会社ラプラス,01:北海道,27人,G:情報通信業,https://www.laplus2014.jp/,,,,,,,,,
6011001070018,株式会社ＣＨＥＴ　Ｍａｒｋｅｔｉｎｇ,13:東京都,10人,G:情報通信業,,,,,,,,,,
6110001039153,株式会社ＢｉｚＲｅａｌ,15:新潟県,1人,G:情報通信業,,,,,,,,,,
5010601035918,フェイス・ワン株式会社,13:東京都,147人,G:情報通信業,,,,,,,,,,
5020001151694,株式会社ｏｎｌｙ８,23:愛知県,1人,G:情報通信業,,,,,,,,,,
5180001131648,株式会社アウレスト,23:愛知県,11人,G:情報通信業,,,,,,,,,,
6011301024210,株式会社テックオーシャン,13:東京都,143人,G:情報通信業,,,,,,,,,,
7010001058922,株式会社メディアネットワーク,13:東京都,90人,G:情報通信業,,,,,,,,,,
7360001009072,株式会社ネットワーク,47:沖縄県,201人,G:情報通信業,,,,,,,,,,
9010001155065,リンクラフト株式会社,13:東京都,57人,G:情報通信業,https://lincraft.co.jp/,,,,,,,,,
9010001116075,Ｆａｉｒｙ　Ｄｅｖｉｃｅｓ株式会社,13:東京都,49人,G:情報通信業,,,,,,,,,,
9011001140404,ラフ株式会社,13:東京都,20人,G:情報通信業,,,,,,,,,,
9011001066145,クレイトエージェンシー株式会社,13:東京都,45人,G:情報通信業,,,,,,,,,,
6110001025335,株式会社オーシーエス,15:新潟県,33人,G:情報通信業,,,,,,,,,,
9270001003231,株式会社ケイズ,31:鳥取県,288人,G:情報通信業,,,,,,,,,,
1010001027998,株式会社文藝春秋,13:東京都,321人,G:情報通信業,,,,,,,,,,
1010001021349,ソリッドコミュニケーション株式会社,13:東京都,148人,G:情報通信業,,,,,,,,,,
6010001030857,株式会社中本・アンド・アソシエイツ,13:東京都,46人,G:情報通信業,,,,,,,,,,
1010001215578,株式会社テラスカイ・テクノロジーズ,13:東京都,400人,G:情報通信業,https://www.terrasky-tech.co.jp/analytics,,,,,,,,,
1010701026820,ソニービズネットワークス株式会社,13:東京都,185人,G:情報通信業,https://sonybn.co.jp/,,,,54%/48%/57%,,,,,
1011001065336,株式会社イー・ステート・オンライン,13:東京都,190人,G:情報通信業,,,,,,,,,,
1010401144773,株式会社ＫｉｔｅＲａ,13:東京都,139人,G:情報通信業,https://www.kitera.co.jp/,,,,,,,,,
1010501046069,株式会社ＭＹ　ＡＵＣＴＩＯＮＳ,13:東京都,4人,G:情報通信業,,,,,,,,,,
2160001009659,株式会社テクロス,13:東京都,162人,G:情報通信業,,,,,,,,,,
6010001150399,ＫＩＳビジネスパートナーズ株式会社,03:岩手県,28人,G:情報通信業,,,,,,,,,,
1290001018160,メディアファイブ株式会社,40:福岡県,230人,G:情報通信業,https://www.media5.co.jp,,,,,,,,,
2010001091036,株式会社ＦＩＶＥＳＴＡＲｉｎｔｅｒａｃｔｉｖｅ,13:東京都,104人,G:情報通信業,https://5star.co.jp/,,,,,,,,,
2010001217078,株式会社ＳＩＧ,13:東京都,473人,G:情報通信業,https://www.sig-c.co.jp/,,,,,,,,,
2010401019256,東芝インフォメーションシステムズ株式会社,14:神奈川県,484人,G:情報通信業,,,,,,,,,,
2011001067819,トライベック株式会社,13:東京都,188人,G:情報通信業,https://www.tribeck.jp/,,,,,,,,,
2011101068618,株式会社ドキドキグルーヴワークス,13:東京都,490人,G:情報通信業,https://dokidoki.co.jp/,,,,,,,,,
2011101079615,株式会社ＤＮＰデジタルソリューションズ,13:東京都,725人,G:情報通信業,,,,,,,,,,
2010401086255,グローバルセキュリティエキスパート株式会社,13:東京都,200人,G:情報通信業,,,,,,,,,,
2010701028452,株式会社アトラス,13:東京都,477人,G:情報通信業,,,,,,,,,,
2020001031222,アーバン・コーポレーション株式会社,13:東京都,230人,G:情報通信業,http://www.urban-web.co.jp/,,,,,,,,,
2040001097311,株式会社マノア・リノ,13:東京都,30人,G:情報通信業,,,,,,,,,,
2130001023349,京都電子計算株式会社,26:京都府,309人,G:情報通信業,http://www.kip.co.jp,,,,,,,,,
2140001018439,ジイ・アンド・ジイ株式会社,28:兵庫県,64人,G:情報通信業,http://www.gandg.co.jp/,,,,,,,,,
2290001018911,株式会社レイヤード,40:福岡県,130人,G:情報通信業,,,,,,,,,,
2180001066368,株式会社メイシ,23:愛知県,17人,G:情報通信業,http://www.meisi.co.jp,,,,,,,,,
2390001006988,株式会社サンリキュール,06:山形県,38人,G:情報通信業,,,,,,,,,,
2410001002737,株式会社プロデュース・プロ,05:秋田県,8人,G:情報通信業,,,,,,,,,,
5120001187704,株式会社オルタナワークス,27:大阪府,2人,G:情報通信業,https://www.alterna-works.jp/,,,,,,,,,
3010401015790,株式会社東北新社,13:東京都,829人,G:情報通信業,http://www.tfc.co.jp/,,,,,,,,,
3010401071693,ノキアソリューションズ＆ネットワークス合同会社,13:東京都,580人,G:情報通信業,https://www.nokia.com/ja_jp/,,,,,,,,,
3010001159633,日本ナレッジスペース株式会社,13:東京都,200人,G:情報通信業,https://www.jpn-ks.co.jp/,,,,,,,,,
3020001023367,シンポー情報システム株式会社,14:神奈川県,400人,G:情報通信業,http://www.shimpo.co.jp,,,,,,,,,
3011401015013,日本ＳＥ株式会社,13:東京都,440人,G:情報通信業,http://www.jse.co.jp/,,,,,,,,,
3013201000954,株式会社ＮＴＴデータＮＪＫ,13:東京都,831人,G:情報通信業,https://www.njk.co.jp/,,,,,,,,,
3011001100140,株式会社ＴＯブックス,13:東京都,160人,G:情報通信業,,,,,,,,,,
3011503004302,株式会社Ｎｏｔｔｙ,13:東京都,5人,G:情報通信業,,,,,,,,,,
3030001113778,Ｓａｚｅ株式会社,13:東京都,113人,G:情報通信業,https://saze.co.jp/,,,,,,,,,
3030001021931,四葉システム開発株式会社,13:東京都,11人,G:情報通信業,,,,,,,,,,
3110001007567,株式会社ビット・エイ,15:新潟県,185人,G:情報通信業,http://www.bit.or.jp/,,,,,,,,,
3080001000229,株式会社アドテクニカ,22:静岡県,21人,G:情報通信業,https://www.adtechnica.co.jp/,,,,,,,,,
1420001000261,青森放送株式会社,02:青森県,131人,G:情報通信業,https://www.rab.co.jp/,,,,,,,,,
4010401065760,株式会社ＮＸワンビシアーカイブズ,13:東京都,1860人,G:情報通信業,http://www.wanbishi.co.jp/index.html,,,,,,,,,
4010003034965,キンドリルジャパン・テクノロジーサービス株式会社,13:東京都,1200人,G:情報通信業,,,,,,,,,,
4011101058253,コグニビジョン株式会社,13:東京都,186人,G:情報通信業,,,,,,,,,,
4010901017039,インディゴ株式会社,13:東京都,40人,G:情報通信業,,,,,,,,,,
4011101060630,株式会社桐原書店,13:東京都,105人,G:情報通信業,,,,,,,,,,
4020001088161,株式会社ＰｒｏＶｉｓｉｏｎ,14:神奈川県,947人,G:情報通信業,https://www.pro-vision.jp/,,,,,,,,,
4080002018632,株式会社ＡＣＯ,22:静岡県,13人,G:情報通信業,http://a-c-o.com/,,,,,,,,,
4140001043501,富士コンピュータ株式会社,28:兵庫県,141人,G:情報通信業,,,,,,,,,,
4190001000893,株式会社百五デジタルソリューションズ,24:三重県,112人,G:情報通信業,https://www.105ds.co.jp/,,,,,,,,,
4340001005976,株式会社インパクト,46:鹿児島県,20人,G:情報通信業,,https://www.inpact.co.jp/recruit/,,,,1:有,0:無,1:有,0:無,
5010001166909,株式会社オプト,13:東京都,897人,G:情報通信業,https://www.opt.ne.jp/,,,,,,,,,
5010001064682,株式会社ワンゴジュウゴ,13:東京都,197人,G:情報通信業,https://www.wan55.co.jp/,,,,,,,,,
5010001125410,株式会社テラスカイ,13:東京都,685人,G:情報通信業,https://www.terrasky.co.jp/company/sustainability/,,,,,,,,,
5010001153857,株式会社クロス・マーケティンググループ,13:東京都,105人,G:情報通信業,,,,,,,,,,
5010001003376,株式会社ＪＴＢデータサービス,13:東京都,128人,G:情報通信業,,,,,,,,,,
5010401006474,株式会社オムニバス・ジャパン,13:東京都,270人,G:情報通信業,,,,,,,,,,
5010901008937,日本アルゴリズム株式会社,13:東京都,195人,G:情報通信業,https://www.nalgo.co.jp/company/plan/,http://recruit.nalgo.co.jp/,,,,1:有,1:有,1:有,0:無,
5010601039778,ＮＲＩデータｉテック株式会社,13:東京都,300人,G:情報通信業,,,,,,,,,,
5010601063365,株式会社コスモポリタン・クリエイティブ・ラボ,13:東京都,60人,G:情報通信業,https://www.cclab.co.jp/company,,,,,,,,,
5011201000130,株式会社アカシック,13:東京都,117人,G:情報通信業,,,,,,,,,,
5013301031096,株式会社テクノ情報システム,13:東京都,220人,G:情報通信業,,,,,,,,,,
7040001049019,株式会社ＡＥＶＩＣ,13:東京都,264人,G:情報通信業,http://www.aevic.co.jp/,https://www.aevic.co.jp/recruit-course/,,,,1:有,1:有,1:有,1:有,
5180001049428,アイサンテクノロジー株式会社,23:愛知県,152人,G:情報通信業,https://aisan-corp.com/ir/management/human-management/,,,,,,,,,
5290801002046,株式会社ゼンリン,40:福岡県,2441人,G:情報通信業,http://www.zenrin.co.jp/,,,,,,,,,
5290801004133,株式会社ガーマンドシステム,40:福岡県,24人,G:情報通信業,https://garmand.co.jp,,,,,,,,,
5360001000413,沖縄セルラー電話株式会社,47:沖縄県,323人,G:情報通信業,https://okinawa-cellular.jp/,,,,,,,,,
6010001009637,株式会社アーク情報システム,13:東京都,135人,G:情報通信業,https://www.ark-info-sys.co.jp/,,,,,,,,,
2360001009424,ＦＲＴ株式会社,47:沖縄県,173人,G:情報通信業,https://www.firstriding.co.jp/,,,,,,,,,
6010101002657,株式会社トーセーシステムズ,13:東京都,190人,G:情報通信業,https://toseisystems.accretech.com/,,,,,,,,,
6010401098453,株式会社クラウドワークス,13:東京都,305人,G:情報通信業,,,,,,,,,,
8011001126107,株式会社ＦｕｔｕｒｅＡＩ,13:東京都,20人,G:情報通信業,,,,,,,,,,
6011501019274,ノマドマーケティング株式会社,13:東京都,2人,G:情報通信業,https://nomad-marketing.jp/,,,,,,,,,
6010701043027,ハコベル株式会社,13:東京都,100人,G:情報通信業,,,,,,,,,,
6020001110501,株式会社ＳＰ,13:東京都,70人,G:情報通信業,,,,,,,,,,
6070001001480,株式会社上毛新聞社,10:群馬県,345人,G:情報通信業,https://www.jomo-news.co.jp/common/files/pdf/work-life-b2021.pdf,,,,,,,,,
6100001001394,株式会社システックス,20:長野県,145人,G:情報通信業,,,,,,,,,,
7010601052795,ａｉｗｅｌｌ株式会社,13:東京都,12人,G:情報通信業,https://www.aiwelljapan.com/,,,,,,,,,
6120901005187,アステム株式会社,27:大阪府,10人,G:情報通信業,https://www.astem.com/asteminfo/company/,https://www.astem.com/asteminfo/recruit/,0人/0人/0人,0人/0人/0人,,1:有,0:無,1:有,0:無,
6180001070572,ＡＺＡＰＡエンジニアリング株式会社,23:愛知県,170人,G:情報通信業,,,,,,,,,,
2370001004746,株式会社ＮＴＴデータ東北,04:宮城県,312人,G:情報通信業,https://www.nttdata-tohoku.co.jp/,,,,,,,,,
7010001000561,株式会社医学書院,13:東京都,236人,G:情報通信業,http://www.igaku-shoin.co.jp,,,,,,,,,
7010001107877,株式会社エイチシーエル・ジャパン,13:東京都,740人,G:情報通信業,,,,,,,,,,
7010701015768,株式会社ビッツ,13:東京都,279人,G:情報通信業,https://www.bits.co.jp/,,,,,,,,,
7010401022973,日本電算企画株式会社,13:東京都,104人,G:情報通信業,https://www.densan-kikaku.co.jp,,,,,,,,,
7010401124068,株式会社ココト,13:東京都,188人,G:情報通信業,,,,,,,,,,
7010401119150,株式会社Ｈａｃｏｂｕ,13:東京都,190人,G:情報通信業,,,,,,,,,,
7050001038763,ＶｅＢｕＩｎ株式会社,08:茨城県,74人,G:情報通信業,,,,,,,,,,
7011201012157,ＭＫＩテクノロジーズ株式会社,13:東京都,491人,G:情報通信業,http://www.mkitec.co.jp/,,,,,,,,,
7011101013494,株式会社テクノウェアシンク,13:東京都,297人,G:情報通信業,https://www.technowarethink.co.jp/,,,,,,,,,
7013301020460,株式会社パートナー,13:東京都,496人,G:情報通信業,,,,,,,,,,
7050001007512,株式会社ハイソフテック,08:茨城県,110人,G:情報通信業,,,,,,,,,,
8010001099049,株式会社テック・リンク,13:東京都,5人,G:情報通信業,,,,,,,,,,
7120001119993,シフトプラス株式会社,45:宮崎県,1001人,G:情報通信業,,,,,,,,,,
7180001044600,株式会社システムサーバー,23:愛知県,109人,G:情報通信業,https://system-server.com/,,,,,,,,,
7130001038292,株式会社インテリジェントシステムズ,26:京都府,175人,G:情報通信業,,,,,,,,,,
6011101003926,株式会社オービックビジネスコンサルタント,13:東京都,1065人,G:情報通信業,http://www.obc.co.jp/,,,,,,,,,
7290001012884,グローバルブレインズ株式会社,40:福岡県,104人,G:情報通信業,https://www.gbc.co.jp/,,,,,,,,,
2010901015886,株式会社アスマーク,13:東京都,306人,G:情報通信業,,,,,,,,,,
8010001071016,アイソフト株式会社,13:東京都,3人,G:情報通信業,,,,,,,,,,
8010801010040,株式会社ＮＴＴデータエンジニアリングシステムズ,13:東京都,336人,G:情報通信業,https://www.nttd-es.co.jp/,,,,,,,,,
8010701003350,株式会社ＣＳＭソリューション,13:東京都,250人,G:情報通信業,https://www.cosmo.co.jp/company/activity/,,,,,,,,,
8010001115053,株式会社朝日新聞出版,13:東京都,163人,G:情報通信業,,,,,,,,,,
8013401002465,株式会社ＫＳＫテクノサポート,13:東京都,666人,G:情報通信業,https://www.ksk.co.jp/,,,,,,,,,
8011001065180,Ｉｎｓｔｉｔｕｔｉｏｎ　ｆｏｒ　ａ　Ｇｌｏｂａｌ　Ｓｏｃｉｅｔｙ株式会社,13:東京都,51人,G:情報通信業,,,,,,,,,,
8060001014102,株式会社小山コンピュータサービス,09:栃木県,24人,G:情報通信業,,,,,,,,,,
8021001061897,ＳＨＥ株式会社,13:東京都,184人,G:情報通信業,,,,,,,,,,
1100001014979,あづみ野テレビ株式会社,20:長野県,22人,G:情報通信業,,,,,,,,,,
8060002012435,ＨＣＣソフト株式会社,09:栃木県,12人,G:情報通信業,,,,,,,,,,
8120001170657,株式会社メディカ出版,27:大阪府,162人,G:情報通信業,https://www.medica.co.jp/,,,,,,,,,
8120001204927,朝日放送テレビ株式会社,27:大阪府,690人,G:情報通信業,https://corp.asahi.co.jp/ja/tv/company/rule/jisedai.html,,,,,,,,,
2430001019622,株式会社札幌映像プロダクシヨン,01:北海道,132人,G:情報通信業,,,,,,,,,,
8200001010755,株式会社ＥＭＤ,21:岐阜県,404人,G:情報通信業,https://www.emdes.co.jp/,,,,,,,,,
8200001034671,株式会社ＡＩアクティブ,21:岐阜県,23人,G:情報通信業,,,,,,,,,,
8320001001478,株式会社スリーエイ・システム,44:大分県,245人,G:情報通信業,https://www.aaa-system.co.jp/,,,,,,,,,
8370001011695,株式会社エヌエスシー,04:宮城県,108人,G:情報通信業,,,,,,,,,,
9010401028746,三菱電機ソフトウエア株式会社,13:東京都,5300人,G:情報通信業,https://www.mesw.co.jp,,,,,,,,,
9010001074249,株式会社日本ウィルテックソリューション,13:東京都,166人,G:情報通信業,https://www.jwts.co.jp/,,,,,,,,,
3011101061852,ニューランド・ジャパン株式会社,13:東京都,7人,G:情報通信業,,,,,,,,,,
9010601042910,株式会社インパクトブルー,13:東京都,8人,G:情報通信業,,,,,,,,,,
9011301015784,株式会社ビジネクスト,13:東京都,12人,G:情報通信業,,,,,,,,,,
9011101029027,株式会社日本ヴォーグ社,13:東京都,150人,G:情報通信業,,,,,,,,,,
9013301016218,株式会社オー・エム・ケー,13:東京都,27人,G:情報通信業,,,,,,,,,,
9120001040743,株式会社ＩＣＳパートナーズ,27:大阪府,145人,G:情報通信業,http://www.ics-p.net/,,,,,,,,,
7010001231157,株式会社ブルズテクノロジー,13:東京都,2人,G:情報通信業,,,,,,,,,,
9120001237562,株式会社スウィーク,27:大阪府,11人,G:情報通信業,https://sweek.co.jp/,,,,,,,,,
9120001231788,株式会社Ｐｈｏｅｎｉｘテクノロジーズ,27:大阪府,80人,G:情報通信業,,,,,,,,,,
2430001078429,株式会社ノースディテール,01:北海道,91人,G:情報通信業,https://www.northdetail.co.jp/recruit/data/,,,,,,,,,
9180001017538,東海テレビ放送株式会社,23:愛知県,351人,G:情報通信業,,,,,,,,,,
9220001003178,株式会社ジェイ・エス・エス,17:石川県,190人,G:情報通信業,https://www.jss-grp.co.jp/,,,,,,,,,
6010001187623,キャディ株式会社,13:東京都,670人,G:情報通信業,,,,,,,,,,
5020001147627,ＳｔｙｌｅＡｒｔｓ株式会社,14:神奈川県,7人,G:情報通信業,,,,,,,,,,
3011801040453,株式会社ユギ,12:千葉県,1人,G:情報通信業,,,,,,,,,,
1120001132250,株式会社プランユーケー,27:大阪府,15人,G:情報通信業,,,,,,,,,,
1080405007615,一般社団法人Ｐｌａｔｏｏ,23:愛知県,3人,G:情報通信業,,,,,,,,,,
1011201007113,コレオス株式会社,13:東京都,62人,G:情報通信業,,,,,,,,,,
8010401024374,ハマゴムエイコム株式会社,14:神奈川県,376人,G:情報通信業,,,,,,,,,,
2010401162808,サイテク株式会社,13:東京都,5人,G:情報通信業,,,,,,,,,,
2040001080977,株式会社クアッドコア・プラス,13:東京都,23人,G:情報通信業,,,,,,,,,,
2011301017366,株式会社ＫＩＴＥＮ．,13:東京都,11人,G:情報通信業,,,,,,,,,,
1290003010553,コモン・クリエーション株式会社,40:福岡県,7人,G:情報通信業,,,,,,,,,,
2010401199899,株式会社Ａｒｃ　Ｓｔａｇｅ　Ｔｅｃｈｎｏｌｏｇｉｅｓ,13:東京都,1人,G:情報通信業,,,,,,,,,,
2011001066671,株式会社ＷＡＶＥＳＹＮＣ,13:東京都,30人,G:情報通信業,,,,,,,,,,
2011001154435,株式会社Ｒｅｒｏｏｔ,13:東京都,8人,G:情報通信業,https://www.reroot.jp/,,,,,,,,,
2010101014301,株式会社Ｅｎｇｉｎｅｅｒｆｏｒｃｅ,13:東京都,45人,G:情報通信業,,,,,,,,,,
1340001004502,ユニバーサルソフト株式会社,46:鹿児島県,25人,G:情報通信業,,,,,,,,,,
2370001053702,株式会社ＶＡＩＺＯ,04:宮城県,9人,G:情報通信業,https://vaizo.jp/,,,,,,,,,
3120001051523,アイコット株式会社,27:大阪府,20人,G:情報通信業,,,,,,,,,,
3011101093689,株式会社Ａｍｂｅｅ,13:東京都,12人,G:情報通信業,,,,,,,,,,
5011801035245,株式会社ドットエッジ,13:東京都,5人,G:情報通信業,https://dotedge.co.jp/,,,,,,,,,
3010801003577,株式会社ケー・ケー・シー,13:東京都,53人,G:情報通信業,,,,,,,,,,
7360001000329,沖縄アスコン株式会社,47:沖縄県,158人,G:情報通信業,https://www.okiascon.com/company.php#tab3,,,,,,,,,
3010701028451,株式会社ネクストコミュニケーション,13:東京都,4人,G:情報通信業,,,,,,,,,,
3230001001970,株式会社トヤマデータセンター,16:富山県,100人,G:情報通信業,https://www.tdc-ict.co.jp/employeractionplan/,,,,,,,,,
3180001025208,近代コンピュータサービス株式会社,23:愛知県,45人,G:情報通信業,,,,,,,,,,
7011002019319,有限会社アラカグラフィス,13:東京都,3人,G:情報通信業,,,,,,,,,,
4010001197161,株式会社パウンド４テクノロジー,13:東京都,10人,G:情報通信業,,,,,,,,,,
2330003005606,株式会社フクキタルシステム,43:熊本県,5人,G:情報通信業,,,,,,,,,,
3370001053503,エリシアンキャリア株式会社,04:宮城県,37人,G:情報通信業,http://www.carina.co.jp/index.html,,,,,,,,,
4011001152742,株式会社ｎｏｎａｔ,21:岐阜県,1人,G:情報通信業,,,,,,,,,,
4120001170801,株式会社ＧＳＳ,27:大阪府,12人,G:情報通信業,https://www.mic-west.co.jp/gss/,,,,,,,,,
4340001020843,株式会社システック,46:鹿児島県,16人,G:情報通信業,,,,,,,,,,
5010401068234,株式会社カザン,13:東京都,40人,G:情報通信業,http://kazan.co.jp,,,,,,,,,
1011503005426,合同会社ラプラス・ディー,13:東京都,1人,G:情報通信業,https://www.sumaipark.com/sdgs-action/,https://www.sumaipark.com/recruit/,,,,0:無,0:無,1:有,0:無,
5120001170800,株式会社ビー・アイ・スクエア,27:大阪府,36人,G:情報通信業,https://www.mic-west.co.jp/bi2/,,,,,,,,,
5011301024509,株式会社ヴォランテ,13:東京都,6人,G:情報通信業,,,,,,,,,,
7011001036785,株式会社ボルテージ,13:東京都,228人,G:情報通信業,,,,,,,,,,
5120001214689,株式会社ＡＩＭＹ,13:東京都,10人,G:情報通信業,https://aimy-group.com/,,,,,,,,,
5010901046805,サンゴテクノロジーズ株式会社,13:東京都,3人,G:情報通信業,,,,,,,,,,
5180001048116,ビーユーシージャパン株式会社,23:愛知県,26人,G:情報通信業,,,,,,,,,,
5400001006554,株式会社ドゥ・プランニング,03:岩手県,5人,G:情報通信業,,,,,,,,,,
5180001055021,ＶＩＳＨ株式会社,23:愛知県,69人,G:情報通信業,,,,,,,,,,
5140001087712,株式会社ディー・フォレスト,27:大阪府,5人,G:情報通信業,https://d-forest-corp.com,,,,,,,,,
1010001221130,株式会社Ａｃｔｕａｌｌｙ,13:東京都,20人,G:情報通信業,,,,,,,,,,
6012401017070,日本電気航空宇宙システム株式会社,13:東京都,859人,G:情報通信業,http://www.nas.co.jp/,,,,,,,,,
2020001130081,株式会社ギガミント,14:神奈川県,2人,G:情報通信業,,,,,,,,,,
6160002002114,有限会社ゼネラルソフトウェア,25:滋賀県,12人,G:情報通信業,https://www.g-soft.co.jp/,,,,,,,,,
6290001014923,株式会社東洋放映,40:福岡県,12人,G:情報通信業,https://www.toyo-telecast.com/,,,,,,,,,
6011001149209,株式会社Ｃｉｒｆｅｃｔ　Ｔｅｃｈｎｏｌｏｇｙ,13:東京都,2人,G:情報通信業,,,,,,,,,,
6011703002284,ＷＡＴＲＩＸ合同会社,13:東京都,2人,G:情報通信業,,,,,,,,,,
7011101038673,株式会社デジカル,13:東京都,8人,G:情報通信業,http://www.digical.co.jp,,,,,,,,,
6350001016351,株式会社ｕｎｄｅｒｒｉｖｅｒ,45:宮崎県,4人,G:情報通信業,https://www.ur-group-ins-under-river.net/,,,,,,,,,
7010401181167,株式会社Ｏｔａｋｓ,13:東京都,99人,G:情報通信業,,,,,,,,,,
7010401084997,株式会社リクリック,13:東京都,18人,G:情報通信業,,,,,,,,,,
7040001070635,株式会社フライズ,12:千葉県,8人,G:情報通信業,https://frize.jp/,,,,,,,,,
7012403005584,合同会社ゆらり,13:東京都,1人,G:情報通信業,,,,,,,,,,
7011101093421,株式会社グラスフィッシュ,13:東京都,9人,G:情報通信業,,,,,,,,,,
7010701043562,ＩＣＡソリューションズ株式会社,13:東京都,6人,G:情報通信業,,,,,,,,,,
6430001085207,株式会社ＳａｐｐｏｒｏＮｅｓｔ,01:北海道,3人,G:情報通信業,,,,,,,,,,
3010001137969,株式会社ＦＢＳ,13:東京都,322人,G:情報通信業,http://www.f-b-s.jp/,,,,,,,,,
7180001007771,アクティスジャパン株式会社,23:愛知県,190人,G:情報通信業,http://www.acts-group.co.jp,,,,,,,,,
8010001111853,株式会社リサーチワークス,13:東京都,14人,G:情報通信業,,,,,,,,,,
8013301042454,株式会社ＭＡＺＩＮ,13:東京都,20人,G:情報通信業,https://www.mazin.tech/,,,,,,,,,
7230001007015,株式会社新川インフォメーションセンター,16:富山県,22人,G:情報通信業,https://www2.nice-tv.jp/,,,,,,,,,
8020001020839,第一電算株式会社,14:神奈川県,25人,G:情報通信業,,,,,,,,,,
8210001018814,株式会社ＡＲＴ　ＡＧＥ　Ｅｎｔｅｒｔａｉｎｍｅｎｔｓ,18:福井県,11人,G:情報通信業,,,,,,,,,,
9011101007148,株式会社小峰書店,13:東京都,21人,G:情報通信業,,,,,,,,,,
9020001081698,ＩＴカンファー株式会社,13:東京都,150人,G:情報通信業,,,,,,,,,,
9020001102776,株式会社マスターリンクス,14:神奈川県,5人,G:情報通信業,,,,,,,,,,
9011101105942,株式会社Ｓｕｎｎｙｗａｙ,13:東京都,3人,G:情報通信業,http://sunnyway.jp/,,,,,,,,,
3010501008471,株式会社テクネス,13:東京都,29人,G:情報通信業,,,,,,,,,,
9011201024423,株式会社アタレ,13:東京都,13人,G:情報通信業,https://atare-jp.com/,,,,,,,,,
9011201023805,株式会社ｓｉｚｚｌｅ,13:東京都,5人,G:情報通信業,https://szl.co.jp/,,,,,,,,,
9500001010237,株式会社ハートネットワーク,38:愛媛県,87人,G:情報通信業,,,,,,,,,,
9350003004203,Ｏｎ　Ｔｈｅ　Ｒｏａｄ　Ｓｅｒｖｉｃｅ合同会社,12:千葉県,1人,G:情報通信業,,,,,,,,,,
1010001128061,日本アイ・ビー・エム株式会社,13:東京都,9400人,G:情報通信業,http://www.ibm.com/jp/ja/,,,,,,,,,
1010401081430,エクシオ・デジタルソリューションズ株式会社,13:東京都,816人,G:情報通信業,https://www.exeo-digitalsolutions.co.jp/,,,,,,,,,
1010001132055,ＪＣＯＭ株式会社,13:東京都,15672人,G:情報通信業,https://www.jcom.co.jp/corporate/sustainability/well_being/health/#attempt,,,,,,,,,
1010401059716,株式会社インフィニトラベルインフォメーション,13:東京都,124人,G:情報通信業,,,,,,,,,,
1010401082998,株式会社ヒトメディア,13:東京都,21人,G:情報通信業,,,,,,,,,,
1010601031219,株式会社オーミック,13:東京都,100人,G:情報通信業,https://www.omik.co.jp/,,,,,,,,,
1010601020246,株式会社ＡＩＴ,13:東京都,112人,G:情報通信業,https://www.ait.co.jp/recruit/attractions/support/,,,,,,,,,
1011001059528,株式会社コアテック,13:東京都,225人,G:情報通信業,,,,,,,,,,
1010501028249,インフォコムテクノロジーズ株式会社,13:東京都,390人,G:情報通信業,https://www.infocom-tech.co.jp/,,,,,,,,,
1011101098418,株式会社ケアリッツ・テクノロジーズ,13:東京都,876人,G:情報通信業,https://www.careritztc.co.jp/,,,,73.6%/83.2%/82.9%,,,,,
1011001164162,株式会社ＤＥＮ‐ＮＯ　Ｓｏｌｕｔｉｏｎｓ,13:東京都,0人,G:情報通信業,https://denno-sol.com/,,,,,,,,,
3010001033417,日本通信ネットワーク株式会社,13:東京都,200人,G:情報通信業,https://www.c-ntn.co.jp/,,,,,,,,,
1120001056193,スミセイ情報システム株式会社,27:大阪府,1567人,G:情報通信業,https://www.slcs.co.jp/,,,,,,,,,
1090001009089,峡東ケーブルネット株式会社,19:山梨県,8人,G:情報通信業,,,,,,,,,,
1120901024704,りそなデジタル・アイ株式会社,27:大阪府,297人,G:情報通信業,,,,,,,,,,
1260001005566,ビジネスセンター岡山株式会社,33:岡山県,110人,G:情報通信業,,,,,,,,,,
3010401012318,株式会社ジェーエムエーシステムズ,13:東京都,344人,G:情報通信業,http://www.jmas.co.jp/,,,,,,,,,
3010401089298,ＮＴＴドコモビジネスエンジニアリング株式会社,13:東京都,2116人,G:情報通信業,https://www.nttceng.com/,,,,,,,,,
3011001024059,株式会社ユリーカ,20:長野県,58人,G:情報通信業,http://viva-eureka.com/,https://recruit.viva-eureka.com/,3人/3人/3人,0人/0人/0人,,1:有,1:有,1:有,1:有,
3011001025718,キリンビジネスシステム株式会社,13:東京都,329人,G:情報通信業,http://www.kirinbs.co.jp/,,,,,,,,,
3010601037759,株式会社フリーダムランド,13:東京都,63人,G:情報通信業,https://freedomland.jp/,,,,,,,,,
3010401142024,株式会社コドモン,13:東京都,355人,G:情報通信業,,,,,,,,,,
3010401158607,Ｍｕｓａｒｕｂｒａ　Ｊａｐａｎ株式会社,13:東京都,125人,G:情報通信業,,,,,,,,,,
3010401094918,ＮＥＣセキュリティ株式会社,13:東京都,206人,G:情報通信業,,,,,,,,,,
3011001123876,ＢＳＴ株式会社,13:東京都,22人,G:情報通信業,https://bstinc.co.jp/,,,,,,,,,
3020001065574,富士フイルムソフトウエア株式会社,14:神奈川県,556人,G:情報通信業,https://www.fujifilm.com/ffs/ja/careers/topic,,,,,,,,,
3013201019037,株式会社モンスターラボ,13:東京都,250人,G:情報通信業,,,,,,,,,,
3120001045434,中央システムサービス株式会社,27:大阪府,117人,G:情報通信業,,,,,,,,,,
3120001042051,株式会社オージス総研,27:大阪府,1725人,G:情報通信業,https://www.ogis-ri.co.jp/csr/workbalance/,,,,,,,,,
3120001042456,関西総合システム株式会社,27:大阪府,66人,G:情報通信業,,,,,,,,,,
3130001024445,株式会社ブリッジコーポレーション,26:京都府,40人,G:情報通信業,https://www.bridge-net.co.jp/,,,,,,,,,
3180001113565,株式会社ｃｒｅａｔｏ,23:愛知県,19人,G:情報通信業,http://www.creato-c.jp/,,,,,,,,,
3180003009365,株式会社イーポート,23:愛知県,6人,G:情報通信業,https://e-port.co.jp/,,,,,,,,,
3290001007855,ＳＣＳＫ九州株式会社,40:福岡県,221人,G:情報通信業,https://www.scsk-kyushu.co.jp/,,,,,,,,,
3290001018175,株式会社ペンシル,40:福岡県,102人,G:情報通信業,http://www.pencil.co.jp/,,,,,,,,,
8010001094693,株式会社ＭＯＮＯ‐Ｘ,13:東京都,63人,G:情報通信業,http://www.omni-s.co.jp,,,,,,,,,
3290001022251,株式会社ガンバリオン,40:福岡県,107人,G:情報通信業,https://www.ganbarion.co.jp/company/,,,,,,,,,
3290001020370,株式会社ゲット,40:福岡県,72人,G:情報通信業,,,,,,,,,,
6370001021556,株式会社アソシエートソリューションズ,04:宮城県,24人,G:情報通信業,,,,,,,,,,
4010001017427,株式会社産業経済新聞社,13:東京都,1350人,G:情報通信業,http://sankei.jp/,,,,,,,,,
4010001053447,双日テックイノベーション株式会社,13:東京都,819人,G:情報通信業,https://www.sojitz-ti.com/,,,,,,,,,
4010001027327,ピー・シー・エー株式会社,13:東京都,625人,G:情報通信業,https://pca.jp/,,,,,,,,,
4010001174292,株式会社システムフロンティア,13:東京都,269人,G:情報通信業,https://www.sfrontier.co.jp,,,,,,,,,
4010001115346,エイチ・シー・ネットワークス株式会社,13:東京都,392人,G:情報通信業,,,,,,,,,,
4010001213843,ジオテクノロジーズ株式会社,13:東京都,481人,G:情報通信業,https://geot.jp/,,,,,,,,,
4010601028617,株式会社ＮＴＴデータＳＢＣ,27:大阪府,400人,G:情報通信業,https://www.nttdata-sbc.co.jp/,,,,,,,,,
4010401052932,司システム株式会社,13:東京都,135人,G:情報通信業,https://www.tsukasasys.co.jp/,,,,,,,,,
4010401125416,ダイナミックマッププラットフォーム株式会社,13:東京都,80人,G:情報通信業,,,,,,,,,,
4013301007758,株式会社テクノカルチャー,13:東京都,92人,G:情報通信業,https://www.t-next.com/,https://recruit.t-next.com/,,,,1:有,1:有,1:有,1:有,
4013301009283,日本電算株式会社,13:東京都,96人,G:情報通信業,https://www.nd-inc.co.jp/action_plans.html,,,,,,,,,
4013201018698,株式会社ビットエー,13:東京都,204人,G:情報通信業,https://bita.jp/,,,,,,,,,
4021001054979,株式会社アイディオット,13:東京都,28人,G:情報通信業,https://aidiot.jp/,,,,,,,,,
4013301041880,トレードログ株式会社,13:東京都,4人,G:情報通信業,https://trade-log.io/,,,,,,,,,
4011101041647,株式会社ＲＳコネクト,13:東京都,38人,G:情報通信業,,,,,,,,,,
4130001004198,株式会社京都放送,26:京都府,163人,G:情報通信業,http://www.kbs-kyoto.co.jp/,,,,,,,,,
4120001083747,株式会社ＤＡＣＳ,27:大阪府,343人,G:情報通信業,https://www.dacs.co.jp,,,,,,,,,
7010401097553,株式会社スパイク・チュンソフト,13:東京都,262人,G:情報通信業,http://www.spike-chunsoft.co.jp/,,,,,,,,,
4120001117554,株式会社エスピーネット,27:大阪府,57人,G:情報通信業,http://www.spnet.jp/,,,,,,,,,
7012701009502,株式会社マーシー,13:東京都,5人,G:情報通信業,,,,,,,,,,
4160001000590,キステム株式会社,25:滋賀県,235人,G:情報通信業,http://www.kistem.co.jp,,,,,,,,,
4430001011065,テレ・マーカーグループ株式会社,01:北海道,250人,G:情報通信業,,,,,,,,,,
7010503006131,合同会社Ｍｏｎｏｉｄ,13:東京都,18人,G:情報通信業,https://www.monoid.co.jp/ja-JP/,,,,,,,,,
7011101079619,ニフティ株式会社,13:東京都,456人,G:情報通信業,http://www.nifty.co.jp/,,,,,,,,,
5010001151332,株式会社エバーセンス,13:東京都,26人,G:情報通信業,,,,,,,,,,
5010001023688,株式会社テリロジー,13:東京都,103人,G:情報通信業,,,,,,,,,,
5010601058019,ＢＩＰＲＯＧＹ株式会社,13:東京都,4359人,G:情報通信業,https://biprogy.disclosure.site/ja/themes/107,,,,,,,,,
4010401049813,株式会社ＤＧフィナンシャルテクノロジー,13:東京都,249人,G:情報通信業,https://www.dgft.jp/company/,,,,,,,,,
5011001061661,株式会社ティーガイア,13:東京都,4609人,G:情報通信業,http://www.t-gaia.co.jp/,,,,,,,,,
5010601039365,明治安田システム・テクノロジー株式会社,13:東京都,1468人,G:情報通信業,https://www.i-note.jp/mytecno/newgrad/environment/wellbeing.html,,,,,,,,,
5011101016383,日本総合システム株式会社,13:東京都,254人,G:情報通信業,https://www.nssys.co.jp/,,,,,,,,,
5011001091907,株式会社ＳＡＫＵＲＵＧ,13:東京都,64人,G:情報通信業,https://sakurug.co.jp/,,,,,,,,,
5011101032199,株式会社ネットリンクス,13:東京都,122人,G:情報通信業,,,,,,,,,,
5010802006412,有限会社三美商工,13:東京都,4人,G:情報通信業,https://morotdice.asia/company/,,,,,,,,,
5020001040360,株式会社アローズ・システムズ,14:神奈川県,150人,G:情報通信業,https://www.arrows-systems.co.jp/,,,,,,,,,
7010001099280,株式会社オープントーン,13:東京都,40人,G:情報通信業,,,,,,,,,,
7010001217610,庄司商事株式会社,13:東京都,3人,G:情報通信業,,,,,,,,,,
9290001075228,株式会社ネイリー,13:東京都,21人,G:情報通信業,,,,,,,,,,
5011101042099,兼松グランクス株式会社,13:東京都,61人,G:情報通信業,https://www.granks.co.jp/,,,,,,,,,
5013301030387,株式会社ウェブブランディング,13:東京都,2人,G:情報通信業,https://webbranding.pro/,,,,,,,,,
5120001041704,株式会社エクス,27:大阪府,118人,G:情報通信業,https://www.xeex.co.jp/,,,,,,,,,
5060001002844,株式会社ＴＫＣ,09:栃木県,2589人,G:情報通信業,,,,,,,,,,
8011001051172,株式会社ＮＥＯＰＡ,13:東京都,19人,G:情報通信業,http://www.neopa.jp/,,,,,,,,,
5180001034966,岡谷システム株式会社,23:愛知県,188人,G:情報通信業,http://www.okaya-system.co.jp/,,,,,,,,,
5180001070607,シーズウェブ株式会社,23:愛知県,20人,G:情報通信業,https://www.seasweb.com/diversity,,,,,,,,,
5180301021177,株式会社ルーコ,23:愛知県,6人,G:情報通信業,https://rou-co.com/overtimework0/flex.html,,,,,,,,,
9390001018011,株式会社パルティード,06:山形県,,G:情報通信業,https://partido.co.jp/,,,,,,,,,
5290001083878,いとぐち株式会社,40:福岡県,2人,G:情報通信業,,,,,,,,,,
5290001088670,株式会社ＯｎｅＳｍａｌｌＳｔｅｐ,40:福岡県,2人,G:情報通信業,,,,,,,,,,
5360002013570,有限会社プローサム,47:沖縄県,7人,G:情報通信業,,,,,,,,,,
6010001028348,フラクタルシステムズ株式会社,13:東京都,85人,G:情報通信業,https://www.fractal.co.jp/corporate-initiatives/,,,,,,,,,
6010001073534,株式会社ＮＴＴデータグローバル・サービス,13:東京都,200人,G:情報通信業,,,,,,,,,,
6010001127884,株式会社ユビレジ,13:東京都,78人,G:情報通信業,https://corp.ubiregi.jp/acceptance/,,,,,,,,,
6010801009068,ＪＢＣＣホールディングス株式会社,13:東京都,2137人,G:情報通信業,,,,,,,,,,
6010701025710,株式会社日立システムズ,13:東京都,10285人,G:情報通信業,https://www.hitachi-systems.com/,,,,,,,,,
6010501015820,株式会社ライトウェル,13:東京都,228人,G:情報通信業,https://www.lightwell.co.jp/,,,,,,,,,
6010401078785,三井情報株式会社,13:東京都,2020人,G:情報通信業,http://www.mki.co.jp/index.html,,,,,,,,,
6010401059802,株式会社ブロードバンドタワー,13:東京都,150人,G:情報通信業,https://www.bbtower.co.jp/,,,,,,,,,
7013301030344,エヌアイシィ株式会社,13:東京都,210人,G:情報通信業,,,,,,,,,,
6011001029641,鉄道情報システム株式会社,13:東京都,717人,G:情報通信業,https://www.jrs.co.jp/challenge/,,,,,,,,,
6011001060019,株式会社ギークピクチュアズ,13:東京都,271人,G:情報通信業,,,,,,,,,,
6010401099690,株式会社フリックフィット,13:東京都,8人,G:情報通信業,,,,,,,,,,
6012701004917,株式会社インテージリサーチ,13:東京都,247人,G:情報通信業,http://www.intage-research.co.jp/,,,,,,,,,
6012301009473,株式会社コネクター・ジャパン,13:東京都,180人,G:情報通信業,http://cnctor.jp/,,,,,,,,,
6020001022218,株式会社エーアイネット・テクノロジ,14:神奈川県,194人,G:情報通信業,https://www.a-inet.jp/,,,,,,,,,
6011001122000,株式会社Ｂｌｏｏｍ,13:東京都,33人,G:情報通信業,,,,,,,,,,
6011801029196,株式会社コアシーケンス,13:東京都,8人,G:情報通信業,https://coresequence.jp/,,,,,,,,,
6021001038410,株式会社アクアリーフ,14:神奈川県,27人,G:情報通信業,https://www.aqualeaf.co.jp/,,,,,,,,,
6011103012727,株式会社Ｋｉｅｉ,13:東京都,21人,G:情報通信業,,,,,,,,,,
6040001034649,株式会社エフシーアールシステム,13:東京都,32人,G:情報通信業,,,,,,,,,,
6120101002687,株式会社スマートバリュー,27:大阪府,102人,G:情報通信業,https://www.smartvalue.ad.jp/,,,,,,,,,
6110001002383,株式会社シアンス,15:新潟県,65人,G:情報通信業,https://www.siance.co.jp/,,,,,,,,,
3010401128741,株式会社Ｋｎｏｍａｋ,13:東京都,30人,G:情報通信業,,,,,,,,,,
6120001056148,Ｓｋｙ株式会社,27:大阪府,4668人,G:情報通信業,http://www.skygroup.jp/,,,,,,,,,
6120901026282,株式会社ディンプス,27:大阪府,356人,G:情報通信業,,,,,,,,,,
6120001101936,株式会社ベルチャイルド,27:大阪府,211人,G:情報通信業,https://bell-c.co.jp/,,,,,,,,,
6130001060181,株式会社データグリッド,26:京都府,20人,G:情報通信業,https://datagrid.co.jp/,,,,,,,,,
7010801003185,株式会社キャドマック,13:東京都,37人,G:情報通信業,,,,,,,,,,
6180001029354,株式会社クロップス,23:愛知県,740人,G:情報通信業,https://www.crops.co.jp/,,,,,,,,,
9140001129510,おはし総研株式会社,28:兵庫県,1人,G:情報通信業,,,,,,,,,,
6220001021918,株式会社ＭｉｒａｉｅＣｏｍｐａｎｙ,17:石川県,25人,G:情報通信業,,,,,,,,,,
6290001049738,株式会社ユー・エス・イー,40:福岡県,876人,G:情報通信業,https://www.use-ebisu.co.jp/,,,,,,,,,
6300001000509,株式会社サガテレビ,41:佐賀県,60人,G:情報通信業,https://www.sagatv.co.jp/,,,,,,,,,
1010401179613,株式会社Ｂａｃｋｌｉｎｋ,13:東京都,2人,G:情報通信業,https://backlink.co.jp/initiatives/,,,,,,,,,
6290001020830,株式会社九州ＤＴＳ,40:福岡県,172人,G:情報通信業,https://www.q-dts.co.jp/,,,,,,,,,
6360001000486,ＯＴＮｅｔ株式会社,47:沖縄県,148人,G:情報通信業,https://www.otnet.co.jp/recruit/workplace/,,,,,,,,,
6300001013725,株式会社ＳＨＩＧＥＮＯＶＡ,41:佐賀県,2人,G:情報通信業,,,,,,,,,,
7010001134137,株式会社ラック,13:東京都,1924人,G:情報通信業,https://www.lac.co.jp/,,,,,,,,,
7010001087640,メディカル・データ・ビジョン株式会社,13:東京都,170人,G:情報通信業,http://www.mdv.co.jp/,,,,,,,,,
7010001130664,株式会社ＮＴＴデータ先端技術,13:東京都,1000人,G:情報通信業,,,,,,,,,,
7010001012020,株式会社エス・エス・シー,13:東京都,155人,G:情報通信業,,,,,,,,,,
7010001017011,三和電子株式会社,13:東京都,389人,G:情報通信業,,,,,,,,,,
5011401023006,株式会社レアウェル,13:東京都,1人,G:情報通信業,https://rarewell.co.jp/,,,,,,,,,
7010701007922,ネットワンシステムズ株式会社,13:東京都,2367人,G:情報通信業,https://www.netone.co.jp/,,,,,,,,,
7010401022924,ＮＥＣネクサソリューションズ株式会社,13:東京都,1975人,G:情報通信業,http://www.nec-nexs.com/,,,,,,,,,
7120001060149,株式会社アステム,27:大阪府,90人,G:情報通信業,,,,,,,,,,
7010001184347,株式会社アクシス・クリエイト,13:東京都,832人,G:情報通信業,http://www.axiscreate.com/index.html,,,,,,,,,
7120001048689,日本コムシンク株式会社,27:大阪府,206人,G:情報通信業,https://www.comthink.co.jp/index.php,,,,,,,,,
7010401017486,第一法規株式会社,13:東京都,1056人,G:情報通信業,,,,,,,,,,
7010401158504,株式会社ワークスアプリケーションズ・フロンティア,13:東京都,80人,G:情報通信業,https://www.wapf.co.jp/,,,,,,,,,
7010401087406,株式会社ジーニー,13:東京都,500人,G:情報通信業,,,,,,,,,,
2013201012397,ロジックファクトリー株式会社,13:東京都,18人,G:情報通信業,,,,,,,,,,
7011101051032,株式会社エス・エー・アイ,13:東京都,11人,G:情報通信業,,,,,,,,,,
7012301008086,株式会社ティーエスシー,13:東京都,39人,G:情報通信業,https://www.kk-tsc.com/,,,,,,,,,
7011101032123,株式会社ベリサーブ,13:東京都,1306人,G:情報通信業,http://www.veriserve.co.jp/,,,,,,,,,
7011001065223,スタディプラス株式会社,13:東京都,95人,G:情報通信業,,,,,,,,,,
7110001002663,株式会社ジャパンネット,15:新潟県,101人,G:情報通信業,,,,,,,,,,
5011601004953,株式会社永岡書店,13:東京都,119人,G:情報通信業,,,,,,,,,,
7010001150464,株式会社アンヴィル,13:東京都,30人,G:情報通信業,https://www.anvil.ne.jp,,,,,,,,,
7180301013635,アイシン・ソフトウェア株式会社,23:愛知県,998人,G:情報通信業,https://www.aisin.com/jp/group/aisin-software/sustainability/social/diversity.html,,,,,,,,,
7240001026006,株式会社ジャネス,34:広島県,51人,G:情報通信業,,,,,,,,,,
7470001002974,株式会社ドコモＣＳ四国,37:香川県,497人,G:情報通信業,http://www.docomo-cs-shikoku.co.jp/,,,,,,,,,
7370001013734,株式会社アイムワン,04:宮城県,64人,G:情報通信業,https://www.imone.co.jp/,,,,,,,,,
8010001086427,株式会社アドービジネスコンサルタント,13:東京都,667人,G:情報通信業,https://www.addo.co.jp/,,,,,,,,,
8010001137782,株式会社大和総研インフォメーションシステムズ,13:東京都,576人,G:情報通信業,http://www.dir-is.co.jp/,,,,,,,,,
3011703003013,合同会社Ｃｏｎｖｅｙ,13:東京都,5人,G:情報通信業,,,,,,,,,,
8010701019462,株式会社日立ソリューションズ,13:東京都,5129人,G:情報通信業,https://www.hitachi-solutions.co.jp/company/sustainability/worklifebalance/,,,,,,,,,
8011101028104,ＮＴＴ東日本株式会社,13:東京都,14652人,G:情報通信業,http://www.ntt-east.co.jp/,,,,,,,,,
8011005000968,日本放送協会,13:東京都,10268人,G:情報通信業,http://www.nhk.or.jp,,,,,,,,,
8011101005838,株式会社クロステレビ,13:東京都,320人,G:情報通信業,http://www.crosstv.co.jp/,,,,,,,,,
8011001102173,Ｓｕｐｅｒｓｈｉｐ株式会社,13:東京都,384人,G:情報通信業,https://supership.jp/,,,,,,,,,
8010701006873,東邦流通システム株式会社,13:東京都,30人,G:情報通信業,,,,,,,,,,
3120001196814,株式会社エヌ・ケイ・カスタマイズ,46:鹿児島県,14人,G:情報通信業,https://nkcustomize.co.jp/,,,,,,,,,
8020001086566,株式会社プリマジェスト,13:東京都,2417人,G:情報通信業,https://www.primagest.co.jp/company/,,,,,,,,,
8120001097116,株式会社経営情報センター,27:大阪府,163人,G:情報通信業,http://www.mic-west.co.jp,,,,,,,,,
8100001024930,株式会社エイ・ティ・エフ,20:長野県,6人,G:情報通信業,,,,,,,,,,
8260001007077,株式会社両備システムズ,33:岡山県,1966人,G:情報通信業,http://www.ryobi.co.jp/,,,,,,,,,
8280001002811,株式会社アキュートシスコム,32:島根県,54人,G:情報通信業,https://www.acute-sc.co.jp/,https://www.acute-sc.co.jp/recruit/index.html,2人/0人/3人,1人/0人/0人,,1:有,0:無,1:有,0:無,
1120001102658,株式会社グローバル・コミュニケーションズ,27:大阪府,9人,G:情報通信業,,,,,,,,,,
8180301025753,ユニファ株式会社,13:東京都,217人,G:情報通信業,,,,,,,,,,
7180001055960,株式会社アイガ,23:愛知県,160人,G:情報通信業,https://aiga.jp/company/,,,,,,,,,
8410001002814,株式会社トラパンツ,05:秋田県,47人,G:情報通信業,https://www.torapants.co.jp/,,,,,,,,,
8310001011131,株式会社ディーソルＨＰＩ,42:長崎県,259人,G:情報通信業,,,,,,,,,,
3020001091166,株式会社ヴァンガードテクノロジー,14:神奈川県,8人,G:情報通信業,,,,,,,,,,
9010001056156,株式会社山口シネマ,13:東京都,456人,G:情報通信業,http://www.yamaguchi-cinema.co.jp/,,,,,,,,,
9010001146618,株式会社ギークフィード,13:東京都,39人,G:情報通信業,https://www.geekfeed.co.jp/,,,,,,,,,
9010001222996,株式会社郁文堂,13:東京都,6人,G:情報通信業,,,,,,,,,,
9010001173216,株式会社ＪｏｂＲａｉｎｂｏｗ,13:東京都,14人,G:情報通信業,,,,,,,,,,
9011101028202,ＮＴＴアドバンステクノロジ株式会社,13:東京都,2135人,G:情報通信業,https://www.ntt-at.co.jp/,,,,,,,,,
9010901015459,日興通信株式会社,13:東京都,544人,G:情報通信業,https://www.nikkotelecom.co.jp/,,,,,,,,,
9011301012468,株式会社スタジオ・アルカナ,13:東京都,31人,G:情報通信業,,,,,,,,,,
9010401049503,エス・エー・エス株式会社,13:東京都,144人,G:情報通信業,,,,,,,,,,
9011001111231,株式会社あどばる,13:東京都,40人,G:情報通信業,,,,,,,,,,
9011001127590,株式会社ｃａｕｓｅ,13:東京都,2人,G:情報通信業,,,,,,,,,,
9013301019435,株式会社ＳＲＡ,13:東京都,857人,G:情報通信業,https://www2.sra.co.jp/,,,,,,,,,
9030001049868,フォーシーズンズ株式会社,11:埼玉県,34人,G:情報通信業,https://www.0004s.com,https://recruit.0004s.com/,,,,1:有,1:有,1:有,0:無,
9020001117832,株式会社デジタルフォルン,14:神奈川県,411人,G:情報通信業,,,,,,,,,,
9011701013677,株式会社Ｒｅｓｏｒｚ,13:東京都,20人,G:情報通信業,,,,,,,,,,
9080001003639,株式会社テレビ静岡,22:静岡県,150人,G:情報通信業,https://www.sut-tv.com/,,,,,,,,,
9120001101248,日鉄ソリューションズ関西株式会社,27:大阪府,397人,G:情報通信業,,,,,,,,,,
9120001166308,株式会社ユニアース,27:大阪府,7人,G:情報通信業,,,,,,,,,,
9180001021606,ＮＴＰシステム株式会社,23:愛知県,297人,G:情報通信業,http://www.ntp-system.com/,,,,,,,,,
9290001086836,株式会社Ｇｒａｎｔ,27:大阪府,35人,G:情報通信業,,,,,,,,,,
9350001001879,株式会社宮崎日日新聞社,45:宮崎県,253人,G:情報通信業,http://www.the-miyanichi.co.jp,,,,,,,,,
9380001006520,株式会社福島放送,07:福島県,88人,G:情報通信業,https://www.kfb.co.jp/company/kurumin.html,,,,,,,,,
9430001034425,株式会社ニボー,01:北海道,17人,G:情報通信業,https://niveau.co.jp,,,,,,,,,
1011101054346,株式会社クロステレビビジョン,13:東京都,160人,G:情報通信業,http://www.crosstvv.co.jp/,,,,,,,,,
1013201018866,ＦＩＴＥＣ株式会社,13:東京都,318人,G:情報通信業,http://www.fitec.co.jp/recruit/spirit/woman/index.html,,,,,,,,,
1010401116252,アイ・インテグレーション株式会社,13:東京都,31人,G:情報通信業,http://www.i-integration.co.jp,,10人/2人/1人,1人/1人/1人,,1:有,0:無,1:有,1:有,
1010401084788,株式会社ＦＩＸＥＲ,13:東京都,358人,G:情報通信業,,,,,,,,,,
1011001014417,株式会社ＴＳＰ,13:東京都,195人,G:情報通信業,,,,,,,,,,
8470001001876,株式会社四國新聞社,37:香川県,112人,G:情報通信業,https://www.shikoku-np.co.jp/,,,,,,,,,
1010001022850,ＡＳロカス株式会社,12:千葉県,52人,G:情報通信業,https://www.as-locus.jp/,https://www.as-locus.jp/recruit/,,,,1:有,0:無,1:有,0:無,
3011001111633,株式会社サムライソード,13:東京都,9人,G:情報通信業,https://samuraisword.co.jp/,https://en-gage.net/samuraisword_team/,,,,1:有,1:有,0:無,0:無,
1012301007770,株式会社アスラボ,14:神奈川県,12人,G:情報通信業,,,,,,,,,,
2011001148445,ミート株式会社,13:東京都,29人,G:情報通信業,,,,,,,,,,
7430001015237,フュージョン株式会社,01:北海道,83人,G:情報通信業,,,,,,,,,,
4120001115673,株式会社Ｂｅｅ,27:大阪府,51人,G:情報通信業,http://www.bee-u.com/,https://job.mynavi.jp/27/pc/search/corp105911/outline.html,2人//,0人//,,1:有,1:有,1:有,1:有,
1120001250556,株式会社レオンアーツ,27:大阪府,13人,G:情報通信業,https://www.leonarts.co.jp/welfare/,,,,,,,,,
5011001045012,株式会社クーシー,13:東京都,41人,G:情報通信業,https://coosy.co.jp/,https://coosy.co.jp/recruit/,,,,1:有,1:有,1:有,1:有,
2010001176679,アライズイノベーション株式会社,13:東京都,15人,G:情報通信業,,,,,,,,,,
1500001023023,株式会社オフィス・クラフト,38:愛媛県,8人,G:情報通信業,https://office-craft.co.jp/,,,,,,,,,
1010005000984,エヌ・ティ・ティ労働組合,13:東京都,268人,G:情報通信業,,,,,,,,,,
9013301047155,株式会社ＮＥＸＥＲ　Ｇｒｏｕｐ,13:東京都,216人,G:情報通信業,,,,,,,,,,
8120001221559,エコノハブレイン株式会社,27:大阪府,8人,G:情報通信業,,,,,,,,,,
6011101050489,株式会社全音楽譜出版社,13:東京都,133人,G:情報通信業,https://www.zen-on.co.jp/,,,,,,,,,
2020001155335,ティアンドエス株式会社,14:神奈川県,292人,G:情報通信業,https://www.tecsvc.co.jp/,,,,,,,,,
2010601020939,株式会社ベスト・システム・リサーチ,13:東京都,36人,G:情報通信業,,,,,,,,,,
2122001018949,センコー情報システム株式会社,27:大阪府,229人,G:情報通信業,https://www.sis-recruit.senko.co.jp/,,,,,,,,,
2010901032543,株式会社トレタ,13:東京都,70人,G:情報通信業,https://corp.toreta.in/,,,,,,,,,
4040001109535,株式会社ＧＲＩＰＳ,12:千葉県,6人,G:情報通信業,https://www.grips.co.jp/,,,,,,,,,
2010401056679,ＳＢエンジニアリング株式会社,13:東京都,370人,G:情報通信業,,,,,,,,,,
2013201013817,株式会社トリスター,13:東京都,6人,G:情報通信業,,,,,,,,,,
2013301022866,株式会社システム・クリエート,13:東京都,55人,G:情報通信業,,,,,,,,,,
2010401129047,株式会社フリークアウト,13:東京都,108人,G:情報通信業,,,,,,,,,,
4011001113645,株式会社ＡＲＥＴＥＣＯ　ＨＯＬＤＩＮＧＳ,13:東京都,22人,G:情報通信業,,,,,,,,,,
2100001003411,株式会社インテージテクノスフィア,20:長野県,668人,G:情報通信業,http://www.intage-technosphere.co.jp/,,,,,,,,,
4120001212215,株式会社ズーノ,29:奈良県,1人,G:情報通信業,,,,,,,,,,
7180001119963,株式会社オールワン,23:愛知県,2人,G:情報通信業,,,,,,,,,,
4011101024791,株式会社テクノトップ,13:東京都,112人,G:情報通信業,https://www.ttop.co.jp/,,,,,,,,,
8010401157983,ＥＤＧＥ株式会社,13:東京都,13人,G:情報通信業,,,,,,,,,,
4010001094689,株式会社サウンズネクスト,13:東京都,89人,G:情報通信業,https://www.soundsnext.co.jp/,,,,,,,,,
2290001015735,株式会社クレイトソリューションズ,13:東京都,192人,G:情報通信業,https://www.creitsol.co.jp/,https://www.creitsol.co.jp/recruit/job-description/#new-graduates,9人/9人/4人,1人/1人/1人,,1:有,1:有,1:有,1:有,
3010401028082,パナソニックソリューションテクノロジー株式会社,13:東京都,317人,G:情報通信業,http://panasonic.co.jp/pstc/,,,,,,,,,
5210001011755,こしの都ネットワーク株式会社,18:福井県,37人,G:情報通信業,https://www.t-catv.co.jp,,,,,,,,,
6010401080139,富士フイルムメディカルＩＴソリューションズ株式会社,13:東京都,250人,G:情報通信業,,,,,,,,,,
9180001066502,トビラシステムズ株式会社,23:愛知県,89人,G:情報通信業,,,,,,,,,,
3010003034966,キンドリルジャパン・スタッフオペレーションズ株式会社,13:東京都,230人,G:情報通信業,,,,,,,,,,
3010001177445,ＮＲＩデジタル株式会社,13:東京都,80人,G:情報通信業,https://www.nri-digital.jp/,,,,,,,,,
3010401088283,ＧＭＯデザインワン株式会社,13:東京都,118人,G:情報通信業,,,,,,,,,,
3010001128547,株式会社インテグリティ・ヘルスケア,13:東京都,46人,G:情報通信業,,,,,,,,,,
9010401112962,株式会社キッズライン,13:東京都,10人,G:情報通信業,,,,,,,,,,
2400001001748,株式会社リードコナン,03:岩手県,99人,G:情報通信業,https://www.leadkonan.co.jp/,,,,,,,,,
1400001002185,株式会社イーアールアイ,03:岩手県,33人,G:情報通信業,https://www.erii.co.jp/,https://mid-holdings.co.jp/recruit/,1人/0人/0人,0人/0人/0人,,1:有,1:有,1:有,1:有,
9010401144782,株式会社ムセンコネクト,13:東京都,15人,G:情報通信業,https://www.musen-connect.co.jp/,https://mid-holdings.co.jp/recruit/,1人/0人/0人,0人/0人/0人,,1:有,1:有,1:有,1:有,
3011101068187,株式会社バーネット,13:東京都,21人,G:情報通信業,http://www.barnet.co.jp/,,,,,,,,,
3021001046135,株式会社分析屋,14:神奈川県,305人,G:情報通信業,https://analytics-jp.com/,,,,,,,,,
8010701026434,株式会社ＤＹＭ,13:東京都,500人,G:情報通信業,http://dym.asia/,,,,,,,,,
3010601042726,株式会社エスピック,13:東京都,520人,G:情報通信業,,,,,,,,,,
3010701012661,ブリタニカ・ジャパン株式会社,13:東京都,11人,G:情報通信業,https://www.britannica.co.jp/,,,,,,,,,
4011001105114,株式会社ＡｂｅｍａＴＶ,13:東京都,391人,G:情報通信業,,,,,,,,,,
3011101002154,株式会社イマージュ,13:東京都,119人,G:情報通信業,,,,,,,,,,
6010401158496,株式会社Ｊａｐａｎ　Ｔｅｃｈｎｏｌｏｇｙ,13:東京都,23人,G:情報通信業,https://j-tech.co.jp,https://j-tech.co.jp/recruit/,5人/4人/3人,2人/3人/2人,,1:有,1:有,1:有,0:無,
2010001138786,大東廣告株式会社,13:東京都,2人,G:情報通信業,,,,,,,,,,
5010601032155,株式会社ライトストーン,13:東京都,21人,G:情報通信業,https://www.lightstone.co.jp/,,,,,,,,,
3120001089729,株式会社出前館,13:東京都,3208人,G:情報通信業,,,,,,,,,,
1010701030021,ジョイズ株式会社,14:神奈川県,18人,G:情報通信業,,,,,,,,,,
3120001077956,株式会社キャピタル・アセット・プランニング,27:大阪府,338人,G:情報通信業,https://www.cap-net.co.jp/,,,,,,,,,
3490001006127,株式会社ソフテック,39:高知県,214人,G:情報通信業,http://www.softec-inc.co.jp/,,,,,,,,,
4010001185422,株式会社ビビッドソウル,13:東京都,7人,G:情報通信業,,,,,,,,,,
4011001046358,株式会社ネオマーケティング,13:東京都,150人,G:情報通信業,https://neo-m.jp/,,,,,,,,,
2011001041781,株式会社オーケーウェブ,13:東京都,176人,G:情報通信業,https://www.okwave.co.jp/,,,,,,,,,
4010003018828,株式会社ｒｅｘｃｏｒｎｕ,13:東京都,17人,G:情報通信業,,,,,,,,,,
3430001027491,株式会社つうけんアドバンスシステムズ,01:北海道,443人,G:情報通信業,https://www.tads.co.jp/,,,,,,,,,
4010001051681,東海ビジネスサービス株式会社,13:東京都,260人,G:情報通信業,https://www.tokai-bs.co.jp/sustainability/,,,,,,,,,
4010401128187,シルタス株式会社,13:東京都,4人,G:情報通信業,https://corp.sirutasu.com/news/about/,,,,,,,,,
4010601036512,テモナ株式会社,13:東京都,75人,G:情報通信業,,,,,,,,,,
4010401017530,株式会社第一コンピュータサービス,13:東京都,375人,G:情報通信業,,,,,,,,,,
4010001196130,Ｗｅｅｋｌｙ＆Ｍｏｎｔｈｌｙ株式会社,01:北海道,11人,G:情報通信業,,,,,,,,,,
6120001201661,株式会社ＲＥＣＯＲＥ,27:大阪府,29人,G:情報通信業,,,,,,,,,,
3230001018073,株式会社ＭＡＲＢＬＥ,16:富山県,3人,G:情報通信業,http://marble-heroes.com/,,,,,,,,,
7020001124079,株式会社エイチビーラボジャパン,13:東京都,35人,G:情報通信業,https://hblab.co.jp/,,,,,,,,,
8010401160830,Ｋａｌｏｎａｄｅ株式会社,13:東京都,3人,G:情報通信業,https://kalonade.co.jp/#top-about,,,,,,,,,
4011101027035,株式会社マイティテクノ,13:東京都,61人,G:情報通信業,,https://www.waretec.co.jp/recruit,,,,1:有,1:有,1:有,1:有,
7120001041792,株式会社エヌズ,27:大阪府,5人,G:情報通信業,,,,,,,,,,
4011101088944,トークンエクスプレス株式会社,13:東京都,4人,G:情報通信業,,,,,,,,,,
1230001005585,株式会社ブレインファクトリー,16:富山県,30人,G:情報通信業,https://www.brain-factory.jp,https://brain-factory.jp/recruit/,3人/0人/0人,1人/0人/0人,,1:有,1:有,1:有,0:無,
4021001004769,アデリープランニング株式会社,47:沖縄県,4人,G:情報通信業,https://www.e-adeliae.com/news/2025/121899/,,,,,,,,,
3390001000230,株式会社ＪｉｍｏＴｅｃ,06:山形県,14人,G:情報通信業,https://www.jimotec.co.jp/,,1人/1人/,0人/1人/,,1:有,0:無,1:有,0:無,
1010401016139,創研情報株式会社,13:東京都,78人,G:情報通信業,https://www.souken.co.jp/,,,,,1:有,1:有,1:有,1:有,
4011001123958,株式会社ＭＵＮＩＣＡ,13:東京都,5人,G:情報通信業,https://corp.rite.co.jp/,,,,,,,,,
5010001081067,株式会社アークシステム,13:東京都,209人,G:情報通信業,https://www.arksystems.co.jp/,,,,,,,,,
4120001130771,株式会社Ｐｅｎｓｅｕｒ,27:大阪府,80人,G:情報通信業,,,,,,,,,,
5140001092076,株式会社Ｇｅｏｆｅｎｃｅ　Ｇｌｏｂａｌ,28:兵庫県,23人,G:情報通信業,,,,,,,,,,
8290001089030,株式会社ＣＯＮＣＯＮ,40:福岡県,4人,G:情報通信業,,,,,,,,,,
5020001074177,株式会社ソフテム,14:神奈川県,150人,G:情報通信業,https://www.softem.co.jp/,,,,,,,,,
5010401080379,株式会社ｋａｚｅｎｉｗａ,13:東京都,14人,G:情報通信業,,,,,,,,,,
6010001127835,ディー・アール・テクノロジー株式会社,13:東京都,56人,G:情報通信業,https://www.drtech.jp/,,,,,,,,,
7010001089876,株式会社ナビット,13:東京都,51人,G:情報通信業,https://www.navit-j.com/,,,,,,,,,
5011201013272,株式会社アクシス,13:東京都,16人,G:情報通信業,https://www.axisjp.co.jp/action-plan,,,,,,,,,
3010401123536,株式会社ＨＲＢｒａｉｎ,13:東京都,230人,G:情報通信業,,,,,,,,,,
5010001113943,株式会社ラックテクノロジーズ,13:東京都,270人,G:情報通信業,https://www.lac-technologies.co.jp/,,,,,,,,,
4430001063585,株式会社シーエスアイ,01:北海道,207人,G:情報通信業,https://www.csiinc.co.jp/,,,,,,,,,
5010001101502,株式会社ホロンシステム,13:東京都,373人,G:情報通信業,,,,,,,,,,
5011001090314,株式会社ＪＴＯＷＥＲ,13:東京都,143人,G:情報通信業,https://www.jtower.co.jp/,,,,,,,,,
9020001153852,株式会社ウィステ,14:神奈川県,2人,G:情報通信業,,,,,,,,,,
5011001103678,株式会社スリーシェイク,13:東京都,105人,G:情報通信業,https://3-shake.com/,,,,,,,,,
1011001115413,株式会社ＶＡＳＥ　ＫＵＪＵ,44:大分県,35人,G:情報通信業,https://shogo.co.jp/,,,,,,,,,
5010001234574,株式会社ＥＬＩＳＴＡ,13:東京都,75人,G:情報通信業,,,,,,,,,,
6040001112660,株式会社Ａｓｔｒｏ　Ｐｒｏｄｕｃｔｉｏｎ,12:千葉県,100人,G:情報通信業,https://astropro.co.jp/,,,,,,,,,
7180001066066,株式会社エッコ,23:愛知県,9人,G:情報通信業,,,,,,,,,,
8110001021159,株式会社オスポック,15:新潟県,129人,G:情報通信業,,,,,,,,,,
1180001058143,株式会社フェアウィンド,23:愛知県,18人,G:情報通信業,https://www.fair-wind.co.jp,,0人/0人/0人,0人/0人/0人,,1:有,0:無,1:有,1:有,
5390001001417,株式会社東北バンキングシステムズ,06:山形県,39人,G:情報通信業,http://www.tb-system.co.jp/,,,,,1:有,0:無,1:有,0:無,
2010001155749,株式会社エーフォース,13:東京都,4人,G:情報通信業,https://aforce.co.jp,https://aforce.co.jp/recruit/index.php,0人/4人/5人,0人/4人/4人,,1:有,0:無,1:有,0:無,
2430001028796,株式会社アイビーソリューションズ,01:北海道,33人,G:情報通信業,https://www.ib-s.co.jp,https://www.ib-s.co.jp/recruit/,2人/1人/4人,0人/0人/2人,,1:有,1:有,1:有,1:有,
5462501000147,中央コンピューターサービス株式会社,01:北海道,98人,G:情報通信業,https://www.ccs1981.jp/,,,,,,,,,
5500001005843,株式会社アイサイト,38:愛媛県,66人,G:情報通信業,https://www.i-site.co.jp/,,,,,,,,,
6010001010322,株式会社アルカディアソフト開発,13:東京都,43人,G:情報通信業,https://www.arcadia-soft.co.jp/,,,,,,,,,
5290001093357,株式会社まちのわ,40:福岡県,36人,G:情報通信業,,,,,,,,,,
2200001030924,情報セキュリティ株式会社,28:兵庫県,15人,G:情報通信業,,,,,,,,,,
1011401013613,株式会社オンマックス,13:東京都,13人,G:情報通信業,https://www.onmax.co.jp,https://onmax.co.jp/recruit/,0人/0人/0人,,,1:有,1:有,1:有,0:無,
6050001037106,株式会社茨城新聞社,08:茨城県,207人,G:情報通信業,https://ibarakinews.jp/top.php,,,,,,,,,
6011001005411,ＧＭＯペイメントゲートウェイ株式会社,13:東京都,594人,G:情報通信業,https://www.gmo-pg.com/corp/sustainability/social/,,,,,,,,,
6050001023774,株式会社日立産業制御ソリューションズ,13:東京都,3538人,G:情報通信業,http://www.hitachi-ics.co.jp,,,,,,,,,
6011001065018,株式会社オルトプラス,13:東京都,124人,G:情報通信業,,,,,,,,,,
6021001037073,日産車体コンピュータサービス株式会社,14:神奈川県,291人,G:情報通信業,https://www.ncs-net.co.jp/,,,,,,,,,
6010401088644,株式会社ガッコム,13:東京都,8人,G:情報通信業,,,,,,,,,,
6011501017674,株式会社ＩＴＳＮ,13:東京都,17人,G:情報通信業,,,,,,,,,,
6030001159769,株式会社パルシベイト,13:東京都,1人,G:情報通信業,https://www.pulsiv8.com/,,,,,,,,,
6010401094238,株式会社Ａｓｓｅｍｂｌａｇｅ,13:東京都,2人,G:情報通信業,,,,,,,,,,
6012401010232,株式会社汎企画,13:東京都,2人,G:情報通信業,,,,,,,,,,
6320003003417,バナナラボ合同会社,44:大分県,3人,G:情報通信業,,,1人/0人/0人,0人/0人/,1%/0%/0%,,,,,
6140001007719,コベルコソフトサービス株式会社,28:兵庫県,577人,G:情報通信業,http://www.kobelcosoft-service.co.jp/,,,,,,,,,
6290001042164,株式会社アイキューブドシステムズ,40:福岡県,139人,G:情報通信業,https://www.i3-systems.com/careers/diversity.html,,,,,,,,,
6180001121235,株式会社ティアフォー,13:東京都,400人,G:情報通信業,,,,,,,,,,
6430001022390,北海道放送株式会社,01:北海道,276人,G:情報通信業,http://www.hbc.jp/,,,,,,,,,
1010001122898,クリエーションライン株式会社,14:神奈川県,104人,G:情報通信業,,,,,,,,,,
1010401061762,プライマルホールディングス株式会社,13:東京都,10人,G:情報通信業,,,,,,,,,,
7010401069585,株式会社日本データコントロール,13:東京都,314人,G:情報通信業,https://www.ndc-net.co.jp/,,,,,,,,,
7010801019941,株式会社フォーバルカエルワーク,13:東京都,125人,G:情報通信業,https://www.kaeruwork.co.jp/,,,,,,,,,
1010001226063,株式会社ＳａＲ,13:東京都,42人,G:情報通信業,,,,,,,,,,
7011101033773,ＳＢテクノロジー株式会社,13:東京都,1165人,G:情報通信業,https://www.softbanktech.co.jp/corp/hr/personnel-policies/women-careers/,,,,,,,,,
1010401185009,株式会社サウンド＆ヴィジョンテクノロジーズ,13:東京都,15人,G:情報通信業,,,,,,,,,,
7010001001114,株式会社ＳＩＧグループ,13:東京都,40人,G:情報通信業,https://www.sig-group.co.jp/,,,,,,,,,
7011001116975,株式会社Ｕ‐ＮＥＸＴ,13:東京都,659人,G:情報通信業,https://www.unext.co.jp/ja,,,,,,,,,
7010401152721,ｃｙｃａｌｔｒｕｓｔ株式会社,13:東京都,6人,G:情報通信業,https://cycaltrust.co.jp/,,,,,,,,,
7010401117699,株式会社ＬｉｖｅＰａｒｋ,13:東京都,21人,G:情報通信業,,,,,,,,,,
7010001002715,株式会社こぐま社,13:東京都,17人,G:情報通信業,,,,,,,,,,
7010001033371,日本ソフトウエア株式会社,13:東京都,100人,G:情報通信業,https://www.nsk-japan.co.jp/challenge30/,,,,,,,,,
7010601001075,株式会社スタジオーネ,13:東京都,65人,G:情報通信業,,,,,,,,,,
7011701004273,スターツ出版株式会社,13:東京都,258人,G:情報通信業,https://starts-pub.jp/,,,,,,,,,
2300001004042,株式会社イーダブリュエムファクトリー,41:佐賀県,56人,G:情報通信業,,,,,,,,,,
3040001006477,株式会社ファソテック,12:千葉県,224人,G:情報通信業,,,,,,,,,,
7290801010765,株式会社ＹＥ　ＤＩＧＩＴＡＬ,40:福岡県,568人,G:情報通信業,https://www.ye-digital.com/,,,,,,,,,
2010401125178,株式会社ステップクラウド,13:東京都,17人,G:情報通信業,http://www.stepxcloud.com/,,,,,,,,,
7370001021927,イー・ガーディアン東北株式会社,04:宮城県,285人,G:情報通信業,https://www.eg-tohoku.co.jp/,,,,,,,,,
3010701023799,株式会社ケイズ・ソフトウェア,13:東京都,30人,G:情報通信業,,,,,,,,,,
7240002024578,有限会社ネットプロンプト,34:広島県,2人,G:情報通信業,https://www.netprompt.jp/,,,,,,,,,
2700150006757,モベルコミュニケーションズリミテッド,13:東京都,45人,G:情報通信業,,,,,,,,,,
8011201001828,株式会社コンピュータネットワーク,13:東京都,138人,G:情報通信業,http://www.cnt.co.jp/,,,,,,,,,
8010601028274,株式会社ＣＬＩＳ,13:東京都,420人,G:情報通信業,https://www.clis.co.jp,,,,,,,,,
8010501033325,株式会社シンメトリクス,13:東京都,65人,G:情報通信業,https://symmetrix.co.jp,https://recruit.symmetrix.co.jp,,,,1:有,0:無,1:有,0:無,
8010501033374,株式会社アイティシステム,13:東京都,167人,G:情報通信業,https://itsystem.co.jp/,,0人/2人/,0人/0人/,,1:有,0:無,1:有,1:有,
8010401066870,株式会社シンカーミクセル,13:東京都,280人,G:情報通信業,http://xincormixell.jp/,,,,,,,,,
8011001029796,株式会社クロステックソリューションズ,14:神奈川県,45人,G:情報通信業,,,,,,,,,,
4011001071298,株式会社ユービーセキュア,13:東京都,117人,G:情報通信業,,,,,,,,,,
8010001129689,Ｏｎｅ人事株式会社,13:東京都,351人,G:情報通信業,https://onehr.co.jp/,,,,,,,,,
8011801032561,ストックマーク株式会社,13:東京都,115人,G:情報通信業,https://stockmark.co.jp/,,,,,,,,,
8011001116248,ＮｅｕｒｏＴｅｃｈ株式会社,13:東京都,14人,G:情報通信業,https://neuro-tech.jp,,,,,,,,,
8011101028351,株式会社文芸社,13:東京都,90人,G:情報通信業,,,,,,,,,,
8011401023647,株式会社テクノイド,13:東京都,2人,G:情報通信業,https://technoid.co.jp/,,,,,,,,,
8011001099443,株式会社フィールドキャスター,13:東京都,5人,G:情報通信業,https://fieldcaster.net/japan/,,,,,,,,,
8140001024943,株式会社ユーシステム,28:兵庫県,25人,G:情報通信業,,,,,,,,,,
8040001019326,日本企画株式会社,12:千葉県,785人,G:情報通信業,,,,,,,,,,
4130001037140,株式会社Ｓｔｒｏｌｙ,26:京都府,20人,G:情報通信業,,,,,,,,,,
4040001118981,株式会社ソフトメディカ,13:東京都,14人,G:情報通信業,,,,,,,,,,
8140001122895,株式会社クインクエ,28:兵庫県,7人,G:情報通信業,,,,,,,,,,
8290801011432,株式会社ビー・エス・エス,40:福岡県,48人,G:情報通信業,https://www.bssnet.co.jp,,,,,,,,,
5180001032012,日本システム開発株式会社,23:愛知県,514人,G:情報通信業,https://www.nskint.co.jp/,https://www.nskint.co.jp/recruitment/,,,,1:有,1:有,1:有,0:無,
8350001004081,株式会社フェニックスシステム研究所,45:宮崎県,175人,G:情報通信業,https://www.psl-em.co.jp/,,,,,,,,,
8370001012280,東杜シーテック株式会社,04:宮城県,127人,G:情報通信業,https://www.tctec.co.jp,,,,,,,,,
8190001000873,株式会社ビーイング,24:三重県,332人,G:情報通信業,https://www.beingcorp.co.jp/corporate/,,,,82%/71%/74%,,,,,
5011001105360,株式会社Ｒａｂｏ,13:東京都,13人,G:情報通信業,,,,,,,,,,
5010001250407,株式会社エース,13:東京都,140人,G:情報通信業,,,,,,,,,,
9011001022577,ミツイワ株式会社,13:東京都,840人,G:情報通信業,https://www.mitsuiwa.co.jp/,,,,,,,,,
3013301043507,株式会社カナグ,13:東京都,5人,G:情報通信業,https://kanagu-inc.jp/,,,,,,,,,
9011001029688,株式会社アバン,13:東京都,84人,G:情報通信業,http://www.avant.co.jp/,,,,,,,,,
6011101002408,ヴェルト株式会社,13:東京都,139人,G:情報通信業,,,,,,,,,,
9011201010381,株式会社フォー・ジェイ,13:東京都,129人,G:情報通信業,https://www.four-j.com/,,,,,,,,,
5250001009473,Ｋビジョン株式会社,35:山口県,43人,G:情報通信業,,,,,,,,,,
9020001024285,株式会社ビット,14:神奈川県,85人,G:情報通信業,,,,,,,,,,
6011001055506,株式会社エルティ,13:東京都,96人,G:情報通信業,,,,,,,,,,
9011101093964,ＡＩＱＶＥ　ＯＮＥ株式会社,13:東京都,320人,G:情報通信業,,,,,,,,,,
9011101047870,株式会社ＪＯＮ,13:東京都,37人,G:情報通信業,,,,,,,,,,
9010601039411,株式会社イクシア,13:東京都,31人,G:情報通信業,,,,,,,,,,
9180001032198,株式会社ネオ,23:愛知県,276人,G:情報通信業,https://www.neo-s.jp/,,,,,,,,,
9120001078263,ＮＣＤソリューションズ株式会社,27:大阪府,247人,G:情報通信業,https://www.ncdsol.co.jp/,,,,,,,,,
5080001011208,株式会社トランク,22:静岡県,122人,G:情報通信業,,,,,,,,,,
9200001013823,株式会社ソフィア総合研究所,21:岐阜県,44人,G:情報通信業,https://www.sri-net.jp,,,,,,,,,
9360001012223,クオリサイトテクノロジーズ株式会社,47:沖縄県,220人,G:情報通信業,https://www.qualysite.co.jp,,,,,,,,,
6200005011553,一般財団法人岐阜県市町村行政情報センター,21:岐阜県,130人,G:情報通信業,,,,,,,,,,
8290001034036,株式会社スミリオン,40:福岡県,16人,G:情報通信業,,,,,,,,,,
7010001143047,株式会社プリンシプル,13:東京都,88人,G:情報通信業,,,,,,,,,,
9120001287772,株式会社うつろい,27:大阪府,2人,G:情報通信業,https://utsuroi-inc.jp/,,,,,,,,,
7010001224458,株式会社Ａｒｃｈｉ　Ｖｉｌｌａｇｅ,13:東京都,116人,G:情報通信業,,,,,,,,,,
7010401057458,株式会社バスキュール,13:東京都,19人,G:情報通信業,,,,,,,,,,
8010401129702,株式会社ミツモア,13:東京都,92人,G:情報通信業,,,,,,,,,,
9010001095749,アットテック株式会社,13:東京都,11人,G:情報通信業,,,,,,,,,,
8040001098188,株式会社カミナシ,13:東京都,192人,G:情報通信業,,,,,,,,,,
6030001003828,ＡＧＳビジネスコンピューター株式会社,11:埼玉県,122人,G:情報通信業,https://www.ags-bc.co.jp,,,,,,,,,
1011001109084,アルサーガパートナーズ株式会社,13:東京都,400人,G:情報通信業,https://www.arsaga.jp/,,,,,,,,,
7290001060000,株式会社ｕｚｕｆａｃｔｏｒｙ,40:福岡県,11人,G:情報通信業,http://www.uzuuzu.jp/,,,,,,,,,
5010001081125,株式会社ゾネシステムズ,13:東京都,250人,G:情報通信業,http://www.zonesystems.co.jp/,,,,,,,,,
1011501003547,日本ノーベル株式会社,13:東京都,148人,G:情報通信業,https://www.jnovel.co.jp/,,,,,,,,,
1150001001717,キステム株式会社,29:奈良県,60人,G:情報通信業,http://www.kistem.com/index.php,,,,,,,,,
1180001031538,東海ソフト株式会社,23:愛知県,544人,G:情報通信業,,,,,,,,,,
1490001000619,株式会社高知新聞社,39:高知県,260人,G:情報通信業,https://corporate.kochinews.co.jp/,,,,,,,,,
2010701007869,ＮＣＤ株式会社,13:東京都,1131人,G:情報通信業,https://www.ncd.co.jp/company/society/,,,,,,,,,
2011001062349,ＣＴＣファーストコンタクト株式会社,13:東京都,508人,G:情報通信業,http://www.firstcontact.co.jp/,,,,,,,,,
2010801013247,ＪＢエキスパート株式会社,13:東京都,183人,G:情報通信業,,,,,,,,,,
2011001099523,ＨＲクラウド株式会社,13:東京都,149人,G:情報通信業,https://hr-cloud.co.jp/,,,,,,,,,
2010401106079,株式会社ＧａｍｅＷｉｔｈ,13:東京都,125人,G:情報通信業,,,,,,,,,,
2010401059681,三菱電機デジタルイノベーション株式会社,13:東京都,2790人,G:情報通信業,,,,,,,,,,
8130001023450,日本テレネット株式会社,26:京都府,234人,G:情報通信業,,,,,,,,,,
2020001137936,ＴＩＳ千代田システムズ株式会社,14:神奈川県,231人,G:情報通信業,https://www.tc-systems.co.jp/,,,,,,,,,
2013401002479,株式会社コスモシステムサービス,13:東京都,3人,G:情報通信業,,,,,,,,,,
2011001127135,株式会社ファインズ,13:東京都,249人,G:情報通信業,,,,,,,,,,
7180001050870,株式会社サイコーポレーション,23:愛知県,2人,G:情報通信業,,,,,,,,,,
2110001027079,株式会社ソフト・ドゥ,15:新潟県,17人,G:情報通信業,,,,,,,,,,
1140001056885,株式会社ハイファイブ,28:兵庫県,35人,G:情報通信業,,,,,,,,,,
2210001003689,福井テレビジョン放送株式会社,18:福井県,115人,G:情報通信業,https://www.fukui-tv.co.jp/,,,,,,,,,
2200001001347,株式会社岐阜新聞社,21:岐阜県,167人,G:情報通信業,https://www.gifu-np.co.jp/,,,,,,,,,
2180001036585,株式会社シーアイエス,23:愛知県,145人,G:情報通信業,,,,,,,,,,
1011001144981,株式会社ライフ,13:東京都,4人,G:情報通信業,https://life-enterprise.net/,,,,,,,,,
3010001058678,株式会社ムサシ・エービーシー,13:東京都,186人,G:情報通信業,http://www.musashi-abc.co.jp/,,,,,,,,,
2400001009337,イーストライズ株式会社,03:岩手県,149人,G:情報通信業,,,,,,,,,,
6010001179876,株式会社ライトエデュケーション,13:東京都,0人,G:情報通信業,,,,,,,,,,
3011101023530,ユーソナー株式会社,13:東京都,230人,G:情報通信業,https://usonar.co.jp/,,,,,,,,,
3011201005528,株式会社矢野経済研究所,13:東京都,264人,G:情報通信業,,,,,,,,,,
3010501021854,株式会社コアソフト,13:東京都,120人,G:情報通信業,,,,,,,,,,
3013301022865,日本データベース開発株式会社,13:東京都,158人,G:情報通信業,http://www.ndk.co.jp/,,,,,,,,,
9011101092306,株式会社ｅｎｇｉｎｅｐｏｔ,27:大阪府,0人,G:情報通信業,,,,,,,,,,
7013301016236,株式会社エイ・エス・シー,13:東京都,43人,G:情報通信業,http://www.asc-net.co.jp,,,,,1:有,1:有,1:有,1:有,
6010501042088,株式会社ダイバーシーズ,13:東京都,1人,G:情報通信業,,,,,,,,,,
4010001095076,株式会社ファイブドライブ,13:東京都,52人,G:情報通信業,,,,,,,,,,
4010001189902,株式会社Ｓｙｎｓｐｅｃｔｉｖｅ,13:東京都,159人,G:情報通信業,,,,,,,,,,
4010001167338,株式会社ＤｅＮＡ　Ｇａｍｅｓ　Ｔｏｋｙｏ,13:東京都,137人,G:情報通信業,,,,,,,,,,
4010001025727,株式会社日経映像,13:東京都,136人,G:情報通信業,https://www.nikkeivi.co.jp/,,,,,,,,,
4010003029619,デロイトトーマツサイバー合同会社,13:東京都,567人,G:情報通信業,,,,,,,,,,
4010401180535,株式会社Ｕｎｚｉｐ,13:東京都,40人,G:情報通信業,,,,,,,,,,
4011201019114,株式会社ＧＥＮＺ,13:東京都,250人,G:情報通信業,,https://www.genz.jp/,,,,1:有,1:有,1:有,0:無,
4120001085818,株式会社ビジブル,27:大阪府,138人,G:情報通信業,,,,,,,,,,
4120001130359,システムスクエア株式会社,27:大阪府,279人,G:情報通信業,,,,,,,,,,
4290001023455,株式会社Ｆｕｓｉｃ,40:福岡県,146人,G:情報通信業,https://fusic.co.jp/,,,,,,,,,
5010701020150,株式会社リンクアット・ジャパン,13:東京都,112人,G:情報通信業,https://www.la-j.com/,,,,,,,,,
5011001069481,株式会社インフォ・クリエイツ,13:東京都,23人,G:情報通信業,https://www.infocreate.co.jp/,,,,,,,,,
5011001095619,ＭＭＤＬａｂｏ株式会社,13:東京都,24人,G:情報通信業,https://www.mmdlabo.co.jp/,,,,,,,,,
5010401002614,株式会社イズアソシエイツ,13:東京都,8人,G:情報通信業,,,,,,,,,,
4700150002449,ファクトセット・パシフィック・インコーポレーテッド,13:東京都,70人,G:情報通信業,,,,,,,,,,
2011001132829,株式会社エルバークＪｏｈｎ,13:東京都,7人,G:情報通信業,,,,,,,,,,
5010001059641,ユアサシステムソリューションズ株式会社,13:東京都,78人,G:情報通信業,,,,,,,,,,
5013301007666,株式会社ディック・アルファ,13:東京都,105人,G:情報通信業,,,,,,,,,,
5040001046876,株式会社ジィ・シィ企画,12:千葉県,131人,G:情報通信業,https://www.gck.co.jp/,,,,,,,,,
5011201013586,株式会社イード,13:東京都,135人,G:情報通信業,https://www.iid.co.jp/company/,,,,,,,,,
5130001038914,株式会社ラプラス・システム,26:京都府,224人,G:情報通信業,http://www.lapsys.co.jp/,,,,,,,,,
5120001048484,レイシスソフトウエアーサービス株式会社,27:大阪府,104人,G:情報通信業,https://rasis-soft.co.jp,,,,,,,,,
5120001131463,株式会社パイ・アール,27:大阪府,87人,G:情報通信業,,,,,,,,,,
5120901008546,株式会社メクゼス,27:大阪府,165人,G:情報通信業,https://www.mexess.co.jp/,,,,,,,,,
5370001008075,株式会社コンピュータシステム研究所,04:宮城県,523人,G:情報通信業,https://www.cstnet.co.jp,,,,,,,,,
6010001193638,株式会社ＪＤＳＣ,13:東京都,110人,G:情報通信業,,,,,,,,,,
6013301021476,株式会社エクストリーム,13:東京都,486人,G:情報通信業,http://www.e-xtreme.co.jp,,,,,,,,,
6011101062212,中央システム株式会社,13:東京都,404人,G:情報通信業,http://www.chuosystem.co.jp/,,,,,,,,,
6011001105541,株式会社Ｇｉｚｕｍｏ,13:東京都,364人,G:情報通信業,http://gizumo-inc.jp/,,,,,,,,,
3010001009986,株式会社アートボックス,13:東京都,18人,G:情報通信業,,,,,,,,,,
6013301020734,ユー・アイ・ソリューションズ株式会社,13:東京都,112人,G:情報通信業,https://www.ui-solutions.com,,,,,,,,,
6180001016220,株式会社エスワイシステム,23:愛知県,554人,G:情報通信業,,,,,,,,,,
6120001112512,株式会社ホットファクトリー,27:大阪府,168人,G:情報通信業,,,,,,,,,,
1011001124942,株式会社ＩＢ,13:東京都,14人,G:情報通信業,,,,,,,,,,
3010401009628,株式会社工業市場研究所,13:東京都,86人,G:情報通信業,http://www.kohken-net.co.jp/,,,,,,,,,
8011001168900,株式会社ＬｕｍｉＮｙｔｅ,13:東京都,0人,G:情報通信業,,,,,,,,,,
8350001007316,旭化成ネットワークス株式会社,45:宮崎県,100人,G:情報通信業,https://www.aknws.com/,,,,,,,,,
5010001141507,株式会社ウインライト,13:東京都,34人,G:情報通信業,,,,,,,,,,
4460101006607,株式会社Ｆａｎｔ,01:北海道,1人,G:情報通信業,https://fant.jp/,,,,,,,,,
5010101015528,株式会社クリックフォーユー,13:東京都,7人,G:情報通信業,https://www.click4u.jp/,,,,,,,,,
5010401168331,リレイズブリッジ株式会社,13:東京都,1人,G:情報通信業,,,,,,,,,,
5010401183066,ＨＡＲＵＫＡ株式会社,13:東京都,1人,G:情報通信業,,,,,,,,,,
5012401013731,株式会社プロックス,13:東京都,5人,G:情報通信業,https://www.proxsoft.co.jp,,,,,,,,,
5011101086674,バークリー・ジャパン株式会社,13:東京都,4人,G:情報通信業,,,,,,,,,,
5020001119436,株式会社Ｈｅａｒｂｅｓｔ,14:神奈川県,26人,G:情報通信業,,,,,,,,,,
5010001234038,Ｐｒａｘｉｓ　Ｄｅｓｉｇｎ株式会社,35:山口県,3人,G:情報通信業,,,,,,,,,,
5011101049417,クロスフィールド株式会社,13:東京都,10人,G:情報通信業,,,,,,,,,,
5010001168599,株式会社ステラネット,13:東京都,6人,G:情報通信業,,,,,,,,,,
5012801008488,アクティブブレインズ株式会社,13:東京都,9人,G:情報通信業,,,,,,,,,,
9013301032594,株式会社冬寂,13:東京都,28人,G:情報通信業,,,,,,,,,,
5380001034153,株式会社ニボシ,07:福島県,12人,G:情報通信業,https://www.niboshi.co.jp,,,,,,,,,
6120001098925,株式会社エス・シー・アイ,27:大阪府,49人,G:情報通信業,,,,,,,,,,
6010501034754,株式会社Ｆｕｎｋｉｔ,13:東京都,164人,G:情報通信業,,,,,,,,,,
6020001119682,株式会社グリーミン・ビッグウェル,22:静岡県,4人,G:情報通信業,,,,,,,,,,
6010901041788,ＦＩＦＴＹ－ＦＩＦＴＹ株式会社,13:東京都,2人,G:情報通信業,,,,,,,,,,
6011001037859,株式会社ルクレ,13:東京都,114人,G:情報通信業,,,,,,,,,,
6011001124252,株式会社アクセル,13:東京都,2人,G:情報通信業,,,,,,,,,,
6011001036183,株式会社飯島情報企画,13:東京都,20人,G:情報通信業,https://www.iijima-jk.co.jp,,,,,,,,,
6011003017636,株式会社Ｒｅｃｅｐｔ,13:東京都,10人,G:情報通信業,https://recept.earth/,,,,,,,,,
6013301044329,株式会社ミルフィ,13:東京都,14人,G:情報通信業,,,,,,,,,,
6010001219079,衛星データサービス株式会社,13:東京都,6人,G:情報通信業,,,,,,,,,,
6120002070429,株式会社ｓｗｉｔｚ,27:大阪府,1人,G:情報通信業,,,,,,,,,,
6110001010452,株式会社ＵＸビジョン,15:新潟県,18人,G:情報通信業,,,,,,,,,,
6120001103321,株式会社アルク,27:大阪府,137人,G:情報通信業,,,,,,,,,,
9160001006922,日本ソフト開発株式会社,25:滋賀県,134人,G:情報通信業,,,,,,,,,,
9180001126909,株式会社ＩＴ　Ｗｏｒｌｄ,13:東京都,20人,G:情報通信業,,,,,,,,,,
6180002092368,有限会社デー・シー・テクノロジー,23:愛知県,3人,G:情報通信業,,,,,,,,,,
7010401075294,株式会社フォイス,13:東京都,70人,G:情報通信業,http://www.fois.co.jp,,,,,,,,,
9200001013773,株式会社セイノー情報サービス,21:岐阜県,510人,G:情報通信業,https://www.seino.co.jp/sis/recruit/welfare/,,,,,,,,,
6260001022607,株式会社アイティーシー,33:岡山県,12人,G:情報通信業,https://www.itccorp.co.jp,,,,,,,,,
9290001094590,株式会社Ｔ－ＯＮＥ,40:福岡県,38人,G:情報通信業,,,,,,,,,,
7010901027134,株式会社グローブ・エンターブレインズ,13:東京都,2人,G:情報通信業,,,,,,,,,,
7021001078117,株式会社ＭＩＹＡＢＩ,13:東京都,2人,G:情報通信業,,,,,,,,,,
7012401021179,株式会社ＧＵＮしすてむ,13:東京都,15人,G:情報通信業,,,,,,,,,,
7110001019055,上越ケーブルビジョン株式会社,15:新潟県,123人,G:情報通信業,,,,,,,,,,
1011101068817,株式会社ＳＥＲＥＮＤＥＣ,13:東京都,3人,G:情報通信業,,,,,,,,,,
1150003000741,ＶｉＨａｃｋ合同会社,29:奈良県,1人,G:情報通信業,,,,,,,,,,
1010001265739,株式会社ＡＫＵＲＡＳ,13:東京都,5人,G:情報通信業,https://aku-ras.co.jp/,,,,,0:無,0:無,0:無,0:無,
2180001113731,株式会社ＬＯＣ,23:愛知県,10人,G:情報通信業,,,,,,,,,,
4010401092383,株式会社ソフィアリアル,13:東京都,2人,G:情報通信業,,,,,,,,,,
7180001149812,株式会社Ｄｅｖｏｔｉｏｎ,23:愛知県,1人,G:情報通信業,,https://devotion-co.jp/,,,,,,,,
8010001214061,ＰＬＡＹＬＡＮＤ株式会社,13:東京都,10人,G:情報通信業,,,,,,,,,,
7430001064911,株式会社パディンハウス,01:北海道,0人,G:情報通信業,,,,,,,,,,
5010001227322,株式会社ＤｅｌｔａＸ,13:東京都,33人,G:情報通信業,,,,,,,,,,
7011701020527,株式会社ナピル,13:東京都,60人,G:情報通信業,https://www.enapir.com/index.html,,,,,,,,,
8011101112709,ファイナンスメディア株式会社,13:東京都,8人,G:情報通信業,https://finance-media.jp/,,,,,1:有,0:無,0:無,0:無,
1011301019289,ＡＲＣＨＩＰＥＬＡＧＯ株式会社,13:東京都,19人,G:情報通信業,,,,,,,,,,
8010801005180,シーシーエー株式会社,13:東京都,22人,G:情報通信業,,,,,,,,,,
1010701038535,株式会社Ｔｅｃｈ　Ｒｅｉｓ,13:東京都,14人,G:情報通信業,,,,,,,,,,
8010401092165,スマートシェア株式会社,13:東京都,45人,G:情報通信業,,,,,,,,,,
7360001023131,フォーシーズ株式会社,47:沖縄県,10人,G:情報通信業,,,,,,,,,,
8011101090806,株式会社ムビコ,13:東京都,1人,G:情報通信業,,,,,,,,,,
8011101054760,株式会社ＰｒｏＵＰ,13:東京都,6人,G:情報通信業,https://proup.co.jp/,,,,,,,,,
2010701043154,株式会社Ｇｌｉｇｈｔ,13:東京都,4人,G:情報通信業,https://glight.jp/,,,,,,,,,
8011101095821,ＯＬＩＥＮＴ　ＴＥＣＨ株式会社,13:東京都,21人,G:情報通信業,,,,,,,,,,
2011101047134,株式会社ａｓｋｅｎ,13:東京都,92人,G:情報通信業,https://www.asken.inc/health-management,,,,,,,,,
8120001162035,株式会社ビズベース,27:大阪府,14人,G:情報通信業,https://www.bizbase.co.jp,,,,,,,,,
1470001002575,株式会社ＤｙｎａｘＴ,37:香川県,51人,G:情報通信業,https://wp.dynaxt.co.jp/,,,,,,,,,
1180001148530,株式会社三福,23:愛知県,10人,G:情報通信業,,,,,,,,,,
2010501023942,株式会社テックパワー,13:東京都,20人,G:情報通信業,,,,,,,,,,
2010403036191,株式会社Ｓｔａｎｄｅｌｌａ,13:東京都,1人,G:情報通信業,https://standella.jp,,,,,,,,,
8120903005654,合同会社ＳＳＷ,27:大阪府,1人,G:情報通信業,,,,,,,,,,
2010701035465,Ｈｉｇｈ　Ｊｕｎｋ株式会社,13:東京都,35人,G:情報通信業,https://highjunk.co.jp/,,,,,,,,,
2010401056737,ロアインターナショナル株式会社,13:東京都,22人,G:情報通信業,,,,,,,,,,
8210001015935,株式会社ネットソリューション,18:福井県,23人,G:情報通信業,https://www.netsolution.biz/company/index.html,,,,,,,,,
6011001094074,株式会社ＡＬｉＮＫインターネット,13:東京都,12人,G:情報通信業,,,,,,,,,,
9011001174559,株式会社Ａｕｔｅｓｔ,13:東京都,1人,G:情報通信業,,,,,,,,,,
9011001068488,株式会社Ｃｉｒｃｕｌａｔｅ　Ｌｉｎｅ,13:東京都,19人,G:情報通信業,,,,,,,,,,
9011001158066,株式会社うぐいすソリューションズ,13:東京都,6人,G:情報通信業,https://www.uguisu-solutions.com,,,,,,,,,
2090001017181,ｐ．ｃ．ｃ．メディアマーケティング株式会社,19:山梨県,5人,G:情報通信業,https://www.bestsalonreport.jp/,,,,,,,,,
9120001045560,株式会社ディー・オー・エス,27:大阪府,292人,G:情報通信業,https://recruit.dos-osaka.co.jp/systems/,,,,,,,,,
1380001001504,福島テレビ株式会社,07:福島県,108人,G:情報通信業,http://www.fukushima-tv.co.jp/,,,,,,,,,
2140001045004,ＢＡＮ－ＢＡＮネットワークス株式会社,28:兵庫県,65人,G:情報通信業,,,,,,,,,,
1010001213631,株式会社ＨＡＤＯ,13:東京都,25人,G:情報通信業,,,,,,,,,,
9013301053401,株式会社ＮＯＡ,13:東京都,2人,G:情報通信業,https://noa1114.jp/,,,,,,,,,
2180001162670,ＷＯＮＤＥＲ　ＷＯＭＡＮ株式会社,23:愛知県,0人,G:情報通信業,,,,,,,,,,
2122003001003,合同会社しばふ,27:大阪府,2人,G:情報通信業,http://www.shibafu.biz,,,,,,,,,
3011201000768,株式会社エスシーシー,13:東京都,800人,G:情報通信業,,,,,,,,,,
9120001191363,株式会社デバイスエージェンシー,27:大阪府,8人,G:情報通信業,,,,,,,,,,
2310001017266,株式会社スライベックス,42:長崎県,5人,G:情報通信業,https://thrivex.co.jp/,,,,,,,,,
3010501010543,日本ナレッジ株式会社,13:東京都,470人,G:情報通信業,,,,,,,,,,
3010401150415,クレジットエンジン株式会社,13:東京都,130人,G:情報通信業,https://creditengine.jp/general-employers-action-plan,,,,,,,,,
3010901055394,Ａｘｙ　Ｍｅｄｉａ　Ｐａｒｔｎｅｒｓ株式会社,13:東京都,3人,G:情報通信業,https://axy-inc.tokyo/,,,,,,,,,
3010401178902,株式会社スペースシャワーネットワーク,13:東京都,158人,G:情報通信業,,,,,,,,,,
2360001020034,株式会社セキュアイノベーション,47:沖縄県,146人,G:情報通信業,,,,,,,,,,
3011301002326,株式会社佼成出版社,13:東京都,114人,G:情報通信業,,,,,,,,,,
2290003018273,合同会社ルクセリオ,40:福岡県,0人,G:情報通信業,,,,,,,,,,
3012801020008,ＰＯＣ－ＤＣ株式会社,13:東京都,6人,G:情報通信業,https://poc-dc.com/,,,,,,,,,
9160001022465,株式会社アチェロ,25:滋賀県,5人,G:情報通信業,https://acero-book.com/,,,,,,,,,
3010001075236,株式会社アイエイエフコンサルティング,13:東京都,101人,G:情報通信業,,,,,,,,,,
3010401154102,ＬｉＮＫＸ株式会社,13:東京都,130人,G:情報通信業,,,,,,,,,,
9130001051277,株式会社Ｎｅｘｔａｔ,26:京都府,15人,G:情報通信業,,,,,,,,,,
3020001161191,株式会社ＭｏｂｉＳａｖｉ,14:神奈川県,5人,G:情報通信業,,,,,,,,,,
9360001022783,ちゅらデータ株式会社,47:沖縄県,107人,G:情報通信業,https://churadata.okinawa/,,,,,,,,,
3010401185378,株式会社トライフォース,13:東京都,1人,G:情報通信業,https://tri-force.co.jp/the-team/,,,,,,,,,
9320001017952,イジゲングループ株式会社,44:大分県,48人,G:情報通信業,,,,,,,,,,
9370001048514,株式会社エフエムなとり,04:宮城県,4人,G:情報通信業,,,,,,,,,,
9250002001888,有限会社アルカディア,35:山口県,9人,G:情報通信業,,,,,,,,,,
9450001013749,Ｒａｍｐｓ株式会社,01:北海道,8人,G:情報通信業,https://ramps.jp,,,,,,,,,
5010001022137,株式会社三菱ケミカルリサーチ,13:東京都,138人,G:情報通信業,,,,,,,,,,
3270002002378,有限会社ワークステーション,31:鳥取県,3人,G:情報通信業,,,,,,,,,,
3150003002851,株式会社ＡＷＬＬ,13:東京都,16人,G:情報通信業,https://www.awll.jp/,,,,,,,,,
4010801014648,株式会社Ｐｒｏ－ＳＰＩＲＥ,13:東京都,130人,G:情報通信業,https://www.pro-spire.co.jp/action-plan,,,,,,,,,
4010001113201,アルフレッサシステム株式会社,13:東京都,100人,G:情報通信業,,,,,,,,,,
4020001116698,株式会社にゃー,13:東京都,7人,G:情報通信業,,,,,,,,,,
4011001127372,株式会社ワンモーメント,13:東京都,10人,G:情報通信業,https://1mmt.jp/,,,,,,,,,
5010701049289,株式会社ＴＯＫＹＯ　ＴＡＢＬＥ,13:東京都,1人,G:情報通信業,https://www.tokyotable.co.jp,,,,,,,,,
5013301031963,日本企業支援センター株式会社,13:東京都,20人,G:情報通信業,https://www.j-shien.co.jp/,,,,,,,,,
6010401058119,株式会社キーウォーカー,13:東京都,87人,G:情報通信業,https://recruit.keywalker.co.jp/#data,,,,,,,,,
5360001004983,琉球Ｓｏｆｔｗａｒｅ株式会社,47:沖縄県,20人,G:情報通信業,https://www.ryukyusoftware.co.jp/,https://job.mynavi.jp/23/pc/search/corp77736/outline.html,0人/1人/0人,0人/0人/0人,,1:有,0:無,1:有,1:有,
6011101000948,株式会社アドテックシステム,13:東京都,12人,G:情報通信業,,,,,,,,,,
6010001214113,株式会社フィンデクス,13:東京都,1人,G:情報通信業,,,,,,,,,,
6021001070776,ランチパッドテクノロジー＆パートナー株式会社,14:神奈川県,6人,G:情報通信業,,,,,,,,,,
6011001112356,株式会社カジヤ,13:東京都,5人,G:情報通信業,,,,,,,,,,
3210001002137,株式会社天晴データネット,18:福井県,110人,G:情報通信業,,,,,,,,,,
9011001100630,株式会社ユニケシステムサポート,13:東京都,31人,G:情報通信業,http://www.unike-ss.co.jp/index.html,,,,,,,,,
4011001110840,株式会社テレパシー,13:東京都,5人,G:情報通信業,,,,,,,,,,
5010001072207,サイボウズ株式会社,13:東京都,1096人,G:情報通信業,https://cybozu.co.jp/company/work-style/,,,,,,,,,
4440001004547,株式会社ミュートネット,01:北海道,9人,G:情報通信業,https://www.mutenet.co.jp/,https://www.mutenet.co.jp/recruit/,0人/0人/1人,0人/0人/1人,,1:有,0:無,1:有,1:有,
1010601042810,株式会社ｅｘｕｓ,13:東京都,14人,G:情報通信業,,,,,,,,,,
1140001025997,株式会社ネクストページ,28:兵庫県,19人,G:情報通信業,,,,,,,,,,
4120001029808,株式会社報道通信社,27:大阪府,10人,G:情報通信業,,,,,,,,,,
3010401099784,株式会社内田洋行ＩＴソリューションズ,13:東京都,600人,G:情報通信業,https://www.uchida-it.co.jp/corporate/employeractionplan/nextgeneration/,,,,,,,,,
4010401061529,エフファイブ・ネットワークス・ジャパン合同会社,13:東京都,150人,G:情報通信業,,,,,,,,,,
1030001160525,株式会社あんきち工房,11:埼玉県,10人,G:情報通信業,,,,,,,,,,
4010701029878,株式会社Ｐｈｏｔｏｓｙｎｔｈ,13:東京都,190人,G:情報通信業,,,,,,,,,,
5011001064508,ＧＭＯフィナンシャルゲート株式会社,13:東京都,92人,G:情報通信業,,,,,,,,,,
4011501011695,株式会社ゴンウェブイノベーションズ,13:東京都,5人,G:情報通信業,,,,,,,,,,
8010401008344,株式会社クエスト,13:東京都,1051人,G:情報通信業,https://www.quest.co.jp/,,,,40.0%/43.0%/53.0%,,,,,
6010001143254,株式会社ＭａｙＬｉｇｈｔ,13:東京都,19人,G:情報通信業,,,,,,,,,,
7012801016877,株式会社ＩＰＴ,13:東京都,22人,G:情報通信業,,,,,0.0%/50.0%/33.0%,,,,,
6021001068738,株式会社ＳＭＡ,14:神奈川県,3人,G:情報通信業,https://sm-a.co.jp/,,,,,,,,,
7130001055148,スマートアップ株式会社,26:京都府,4人,G:情報通信業,,,,,100.0%/100.0%/80.0%,,,,,
5140001125802,ｖｅｒｂａｌ　ａｎｄ　ｄｉａｌｏｇｕｅ株式会社,14:神奈川県,1人,G:情報通信業,,,,,,,,,,
9012401001154,東芝システムテクノロジー株式会社,13:東京都,775人,G:情報通信業,https://www3.toshiba.co.jp/tst/,,,,53%/53%/6%,,,,,
9010001097951,株式会社ＫａｓｐｅｒｓｋｙＬａｂｓＪａｐａｎ,13:東京都,64人,G:情報通信業,,,,,,,,,,
5013301030271,株式会社イージス,13:東京都,37人,G:情報通信業,https://aegis.cx/,,3人/3人/8人,0人/0人/7人,,1:有,1:有,1:有,1:有,
4420001000102,株式会社エービッツ,02:青森県,88人,G:情報通信業,https://www.a-bits.co.jp,https://job.mynavi.jp/27/pc/search/corp220683/outline.html,//3人,//1人,,1:有,0:無,1:有,0:無,
1011101058289,株式会社ＺＥＲＯ,13:東京都,12人,G:情報通信業,,,,,,,,,,
5010001089192,株式会社サイビーンズ,13:東京都,75人,G:情報通信業,http://www.cybeans.co.jp/,,,,,,,,,
5360001024511,株式会社エアクル,47:沖縄県,28人,G:情報通信業,https://alpacalab.jp/,,,,,,,,,
2010401083715,日本コンピュータシステム株式会社,13:東京都,606人,G:情報通信業,https://www.ncsx.co.jp/company-information/ease-of-work/#wadvance-actionplan,,,,,,,,,
7220001008014,株式会社建設ドットウェブ,17:石川県,104人,G:情報通信業,https://www.kendweb.net/,,,,,,,,,
1011101048447,コンバイン株式会社,13:東京都,40人,G:情報通信業,,,,,,,,,,
1011001098377,ＡＬＨ株式会社,13:東京都,1788人,G:情報通信業,,,,,,,,,,
1010401113852,株式会社ＣＬＵＥ,13:東京都,42人,G:情報通信業,,,,,,,,,,
1180001041842,株式会社リオ,23:愛知県,48人,G:情報通信業,https://www.rio.ne.jp/,,,,,,,,,
1120001041939,エブリ株式会社,27:大阪府,130人,G:情報通信業,http://www.every365.co.jp/,,,,,,,,,
1120001189638,Ｇａｔｅテクノロジーズ株式会社,27:大阪府,87人,G:情報通信業,https://www.gatecs.co.jp,,,,,,,,,
5020001123215,株式会社ＮＴＳ,14:神奈川県,20人,G:情報通信業,,,,,,,,,,
1320001017002,ＫｅｅｐＷｅｉｒｄ株式会社,44:大分県,1人,G:情報通信業,,,,,,,,,,
3010401051654,ソースネクスト株式会社,13:東京都,139人,G:情報通信業,,,,,,,,,,
1330001015062,天草ケーブルネットワーク株式会社,43:熊本県,38人,G:情報通信業,https://www.acn-tv.co.jp/,,,,,,,,,
3260001009020,株式会社マッシュルームソフト,33:岡山県,12人,G:情報通信業,http://www.msrsoft.com/,,,,,1:有,1:有,1:有,0:無,
2011001054148,レッドハット株式会社,13:東京都,457人,G:情報通信業,,,,,,,,,,
2130001056175,株式会社ＣｏｅＮｏｖａ,26:京都府,53人,G:情報通信業,,,,,,,,,,
2010501016343,株式会社システムハウス．アイエヌジー,13:東京都,200人,G:情報通信業,,,,,,,,,,
1410001000345,株式会社アキタシステムマネジメント,05:秋田県,43人,G:情報通信業,,,,,,,,,,
2140001034246,メディプライム株式会社,13:東京都,6人,G:情報通信業,,,,,0.0%/100.0%/0.0%,,,,,
4230001010418,高岡ケーブルネットワーク株式会社,16:富山県,37人,G:情報通信業,,,,,,,,,,
3011101025642,株式会社ニーズウェル,13:東京都,587人,G:情報通信業,https://www.needswell.com/ir/sdgs,,,,,,,,,
3013301014169,株式会社テンダ,13:東京都,254人,G:情報通信業,,,,,,,,,,
3010001154403,ＳｅｒｖｉｃｅＮｏｗ　Ｊａｐａｎ合同会社,13:東京都,492人,G:情報通信業,,,,,,,,,,
3010401038057,東京ソフトウェア株式会社,13:東京都,156人,G:情報通信業,,,,,,,,,,
3010401115681,株式会社Ｉ・Ｃ・Ｓ,27:大阪府,30人,G:情報通信業,,,,,,,,,,
3180001059486,株式会社プライムソフトサービス,23:愛知県,72人,G:情報通信業,https://www.primesoftservice.com/,https://www.primesoftservice.com/recruit.html,0人/0人/0人,0人/0人/0人,,1:有,0:無,1:有,1:有,
4040001129120,使えるニュース株式会社,12:千葉県,1人,G:情報通信業,,,,,,,,,,
7010401148224,株式会社クラッチ,13:東京都,15人,G:情報通信業,,,,,,,,,,
4010001009886,株式会社アゼスト,13:東京都,38人,G:情報通信業,,,,,,,,,,
4030001084721,株式会社埼玉電算センター,11:埼玉県,200人,G:情報通信業,,,,,,,,,,
4290001012466,株式会社データプラス,41:佐賀県,200人,G:情報通信業,http://www.data-p.co.jp/,,,,,,,,,
4290001017713,株式会社ディジテック,40:福岡県,58人,G:情報通信業,http://www.digitech.co.jp/,,1人/0人/0人,0人/0人/0人,,1:有,1:有,1:有,1:有,
4180001056623,株式会社オープンセサミ・テクノロジー,23:愛知県,210人,G:情報通信業,,,,,,,,,,
4470001000428,株式会社穴吹カレッジサービス,37:香川県,179人,G:情報通信業,http://www.anabuki.gr.jp/,,,,,,,,,
9013301043583,株式会社ＫＴＹ,13:東京都,3人,G:情報通信業,,,,,,,,,,
5010401047403,アイエックス・ナレッジ株式会社,13:東京都,1428人,G:情報通信業,http://www.ikic.co.jp/,,,,,,,,,
4500001005571,株式会社デジタルピア,38:愛媛県,55人,G:情報通信業,,,,,,,,,,
4390001010047,株式会社ニューメディア,06:山形県,150人,G:情報通信業,,,,,,,,,,
7011001052386,サクラサクマーケティング株式会社,13:東京都,30人,G:情報通信業,,,,,,,,,,
5010001169382,株式会社カタルチア,13:東京都,7人,G:情報通信業,,,,,,,,,,
5020001027267,株式会社ＳＯＬＵＭＩＮＡ,14:神奈川県,150人,G:情報通信業,http://solumina.co.jp,,,,,,,,,
5013301014266,株式会社日本ブレーン,13:東京都,150人,G:情報通信業,https://www.jbc.co.jp,,,,,,,,,
4011001149350,株式会社Ｌｕｎａ,13:東京都,11人,G:情報通信業,,,,,,,,,,
5010903001584,日本シノプシス合同会社,13:東京都,280人,G:情報通信業,,,,,,,,,,
4010003039980,アドラフ合同会社,13:東京都,0人,G:情報通信業,,,,,,,,,,
1011101063198,クリエイティブソフト株式会社,13:東京都,76人,G:情報通信業,http://www.cr-soft.co.jo,,,,,,,,,
7010401038045,芝情報株式会社,13:東京都,57人,G:情報通信業,https://www.shibajoho.co.jp/,,,,,,,,,
7011002024863,有限会社エール,13:東京都,110人,G:情報通信業,,,,,,,,,,
8290001017676,九州地理情報株式会社,40:福岡県,120人,G:情報通信業,,,,,,,,,,
9011001099582,株式会社ワットエバー,13:東京都,25人,G:情報通信業,,,,,,,,,,
5290001046091,株式会社イーサポート,40:福岡県,60人,G:情報通信業,https://www.e-sapo.co.jp/,,,,,,,,,
9010801012548,株式会社ランド・ホー,13:東京都,108人,G:情報通信業,,,,,,,,,,
9070001004869,株式会社ベイシアグループソリューションズ,10:群馬県,170人,G:情報通信業,,,,,,,,,,
9390001014670,株式会社ＺＡＩＣＯ,06:山形県,5人,G:情報通信業,,,,,,,,,,
1013302016042,有限会社トライイット,13:東京都,5人,G:情報通信業,,,,,,,,,,
9010701001312,株式会社ＷＯＷ　ＷＯＲＬＤ,13:東京都,124人,G:情報通信業,,,,,,,,,,
1010401084689,虎の穴ラボ株式会社,13:東京都,62人,G:情報通信業,https://toranoana-lab.co.jp/,,,,,,,,,
1020001148166,ファスト株式会社,13:東京都,10人,G:情報通信業,https://thefast.co.jp/,,,,,,,,,
1010601041779,株式会社ＡＺＥＡＬＢＲＡＮＤＩＮＧ,13:東京都,5人,G:情報通信業,https://www.tvc-web.com/,,,,,,,,,
4180001090184,０１フィラメント株式会社,23:愛知県,4人,G:情報通信業,,,,,,,,,,
1011003011791,株式会社ＣＩＶＩＱ,13:東京都,2人,G:情報通信業,https://www.civiq.ai/,,,,,,,,,
6011101063359,株式会社マネーフォワード,13:東京都,1020人,G:情報通信業,,,,,,,,,,
6020001116218,株式会社アルファスト,13:東京都,25人,G:情報通信業,,,,,,,,,,
1013301031364,株式会社アンカーポジション,13:東京都,1人,G:情報通信業,,,,,,,,,,
1010001238216,株式会社ＢＡＮＫＥＹ,13:東京都,4人,G:情報通信業,,,,,,,,,,
1010401179134,株式会社Ｔｉｋａｒａｓ,13:東京都,2人,G:情報通信業,,,,,,,,,,
1012401023387,シンギ株式会社,13:東京都,3人,G:情報通信業,https://sng.co.jp,,,,,,,,,
6020001009165,株式会社ネオジャパン,14:神奈川県,170人,G:情報通信業,https://www.neo.co.jp/corp/outline/plans.html,,,,,,,,,
1010001136147,株式会社ブレイントラスト,13:東京都,40人,G:情報通信業,,,,,,,,,,
1030001131170,株式会社Ｔａｙｌｏｒ　Ｍｏｄｅ,13:東京都,1人,G:情報通信業,,,,,,,,,,
6060001030902,株式会社中屋,09:栃木県,11人,G:情報通信業,,,,,,,,,,
1010001086474,マンダイシステムズ株式会社,13:東京都,50人,G:情報通信業,,,,,,,,,,
1290001096925,株式会社ｌｉｆｅｔｉｍｅカンパニー,40:福岡県,7人,G:情報通信業,,,,,,,,,,
1200001025677,飛騨高山ケーブルネットワーク株式会社,21:岐阜県,34人,G:情報通信業,,,,,,,,,,
7010801025650,株式会社モエモリン,13:東京都,1人,G:情報通信業,,,,,,,,,,
1180001102124,株式会社Ｂｒｏｓ．,23:愛知県,15人,G:情報通信業,,,,,,,,,,
6360001022720,ＦＰＴニアショアジャパン株式会社,47:沖縄県,236人,G:情報通信業,,,,,,,,,,
7020001091897,株式会社ＮＴＣシステム,13:東京都,294人,G:情報通信業,https://www.ntc-s.co.jp/female-success-promotion/,,,,,,,,,
2120901041310,ＡＳＨ株式会社,27:大阪府,4人,G:情報通信業,,,,,,,,,,
2130001020016,株式会社エクザム,26:京都府,35人,G:情報通信業,https://www.ekzm.co.jp/company/,,,,,,,,,
7020001070100,株式会社富士通ディフェンスシステムエンジニアリング,14:神奈川県,316人,G:情報通信業,,,,,,,,,,
7010701011841,アドビ株式会社,13:東京都,560人,G:情報通信業,,,,,,,,,,
2250001012703,シンテック株式会社,35:山口県,22人,G:情報通信業,https://shintechoptics.com,,,,,,,,,
2370001045922,株式会社ＭａｐｌｅＳＲＩ,04:宮城県,14人,G:情報通信業,,,,,,,,,,
7010601032434,株式会社ＤＥＰ,13:東京都,6人,G:情報通信業,,,,,,,,,,
3010501017844,株式会社コラボネット,13:東京都,5人,G:情報通信業,,,,,,,,,,
3010401144929,ＩＶＡ株式会社,13:東京都,26人,G:情報通信業,https://www.iva-corp.com/company,,,,,,,,,
3010901046146,株式会社ＬＩＬＩＣＡ,13:東京都,1人,G:情報通信業,,,,,,,,,,
3010701040506,株式会社Ｏｒｔｈｏｐｉｃｋｓ,13:東京都,2人,G:情報通信業,,,,,,,,,,
3011001057554,株式会社スロウ,13:東京都,5人,G:情報通信業,https://s-low.jp,,,,,,,,,
5180001125848,株式会社ＳＴＩＭ,24:三重県,2人,G:情報通信業,,,,,,,,,,
3010001171431,株式会社ＴＨＩＲＤ,13:東京都,174人,G:情報通信業,https://third-inc.co.jp/,,,,,,,,,
3011001174861,株式会社ＣＡＪＩＣＯ,13:東京都,1人,G:情報通信業,https://cajico.com,,,,,,,,,
7330001030469,株式会社アイリング,43:熊本県,1人,G:情報通信業,,,,,,,,,,
3013301052292,株式会社Ｂａｎａｎａ,13:東京都,12人,G:情報通信業,,,,,,,,,,
3011101085546,株式会社セラクＣＣＣ,13:東京都,357人,G:情報通信業,,,,,,,,,,
3010001263988,エムリーガル株式会社,13:東京都,1人,G:情報通信業,,,,,,,,,,
3021001047372,株式会社シーイーシーカスタマサービス,14:神奈川県,170人,G:情報通信業,,,,,,,,,,
8010401025918,株式会社文化科学研究所,13:東京都,18人,G:情報通信業,,,,,,,,,,
8010001176797,株式会社ファンギルド,13:東京都,70人,G:情報通信業,,,,,,,,,,
3180001124224,株式会社ＰＲＥＶＥＮＴ,23:愛知県,111人,G:情報通信業,,,,,,,,,,
3220001001195,株式会社イノセンス,17:石川県,23人,G:情報通信業,,,,,,,,,,
3220001008455,株式会社ティー・エス・エル北陸,17:石川県,27人,G:情報通信業,,,,,,,,,,
8080001002006,株式会社静鉄情報センター,22:静岡県,107人,G:情報通信業,https://shizutetsu-info.com/,,,,,,,,,
3410001003214,株式会社アルファシステム,05:秋田県,57人,G:情報通信業,https://www.alpha-sy.jp/,,,,,,,,,
4010401090073,株式会社ネクストアイ,13:東京都,11人,G:情報通信業,https://www.next-eye.jp/,,,,,,,,,
4010401066825,プライマル株式会社,13:東京都,91人,G:情報通信業,,,,,,,,,,
2010001145519,アメージングアクティビティ株式会社,13:東京都,3人,G:情報通信業,,,,,,,,,,
2010601040953,東京オータス株式会社,13:東京都,43人,G:情報通信業,,,,,,,,,,
4010001232579,ホワイトハット株式会社,13:東京都,3人,G:情報通信業,,,,,,,,,,
4040001085066,Ｋ＆Ｋソリューション株式会社,13:東京都,54人,G:情報通信業,https://kksol.co.jp/message/philosophy/,,,,,,,,,
4030003027414,合同会社皆立,11:埼玉県,4人,G:情報通信業,,,,,,,,,,
4013301043051,Ｍｏｒｎｉｎｇ　Ｐｒｏｊｅｃｔ　Ｓａｍｕｒａｉ株式会社,13:東京都,2人,G:情報通信業,,,,,,,,,,
8010901016994,株式会社サンカクカンパニー,13:東京都,52人,G:情報通信業,,,,,,,,,,
8011101054323,株式会社ヴェス,13:東京都,235人,G:情報通信業,,,,,,,,,,
1010601050334,株式会社ソアーズ,13:東京都,2人,G:情報通信業,https://soarz.co.jp,,,,,,,,,
8011001122997,株式会社リセ,13:東京都,101人,G:情報通信業,https://lisse-law.com/company/,,,,,,,,,
4120001233723,株式会社エイト,13:東京都,2人,G:情報通信業,,,,,,,,,,
9350001016084,ＡＧＲＩＳＴ株式会社,45:宮崎県,30人,G:情報通信業,https://agrist.com/,,,,,,,,,
2290001078336,株式会社Ｂａｍｂｏｏ,40:福岡県,7人,G:情報通信業,,,,,,,,,,
8290001022593,株式会社インフォセンス,40:福岡県,443人,G:情報通信業,,,,,,,,,,
2010401140895,株式会社イエソド,13:東京都,19人,G:情報通信業,,,,,,,,,,
9012401036068,株式会社Ｃｏｏｐｅｒｓ,13:東京都,3人,G:情報通信業,,,,,,,,,,
3010401153327,株式会社シンシア,13:東京都,23人,G:情報通信業,,,,,,,,,,
9010401127151,シンプレクス株式会社,13:東京都,840人,G:情報通信業,https://www.simplex.holdings/sustainability/,,,,,,,,,
9011801029144,株式会社アイ・ディ・エイチ,11:埼玉県,470人,G:情報通信業,https://idh-net.co.jp/,,,,,,,,,
9013303004930,合同会社サインポスト,12:千葉県,2人,G:情報通信業,,,,,,,,,,
1120001242446,株式会社メディアリーチ,27:大阪府,1人,G:情報通信業,,,,,,,,,,
9020001054621,株式会社ｄｃＷＯＲＫＳ,14:神奈川県,27人,G:情報通信業,,,,,,,,,,
4010401136470,レックス株式会社,13:東京都,107人,G:情報通信業,,,,,,,,,,
9130001017781,株式会社ＤＴＳ　ＷＥＳＴ,26:京都府,294人,G:情報通信業,https://www.dtswest.co.jp/,,,,,,,,,
5370001042223,株式会社クラウドスミス,04:宮城県,31人,G:情報通信業,,,,,,,,,,
4010601064067,株式会社日本免税,13:東京都,1人,G:情報通信業,,,,,,,,,,
9120001112757,日本ウェブサービス株式会社,27:大阪府,413人,G:情報通信業,,,,,,,,,,
9120001064932,株式会社アイセル,13:東京都,150人,G:情報通信業,https://www.aisel.ne.jp/,,,,,,,,,
9350001013800,株式会社ソリューションズ,45:宮崎県,11人,G:情報通信業,,,,,,,,,,
9420001006144,株式会社デーリー東北新聞社,02:青森県,195人,G:情報通信業,,,,,,,,,,
2030001006999,株式会社ビジネスサポート,11:埼玉県,15人,G:情報通信業,https://bs-saitama.jp/,,,,,,,,,
3011101039304,株式会社Ｆａｉｔｈ　Ｐｌａｎｎｉｎｇ　Ｄｅｓｉｇｎ,13:東京都,11人,G:情報通信業,http://www.faith-pd.co.jp/,,,,,,,,,
3012701016361,株式会社ぱんぷきんラボ,13:東京都,3人,G:情報通信業,,,,,,,,,,
3240001014030,アスカ株式会社,13:東京都,80人,G:情報通信業,,,,,,,,,,
5011101073342,株式会社ＫＡＴＡＣＨＩ,13:東京都,3人,G:情報通信業,http://www.katachi.tokyo/,,,,,,,,,
6011102029409,有限会社アドホリック,13:東京都,1人,G:情報通信業,,,,,,,,,,
8010501042086,株式会社プレイビット,13:東京都,2人,G:情報通信業,,,,,,,,,,
9011101062028,株式会社ＩＬＧ,13:東京都,4人,G:情報通信業,,,,,,,,,,
9070002021302,有限会社レッドマジック,10:群馬県,4人,G:情報通信業,,,,,,,,,,
1070001004827,株式会社エクスブレーン,10:群馬県,48人,G:情報通信業,http://www.exbrain.jp/,,,,,,,,,
1010401108134,株式会社デジタルハーツホールディングス,13:東京都,79人,G:情報通信業,,,,,,,,,,
1010901037923,株式会社ブレイブ,13:東京都,52人,G:情報通信業,,,,,,,,,,
1010001233951,株式会社Ｊａｐａｎ　Ｎｅｘｕｓ　Ｉｎｔｅｌｌｉｇｅｎｃｅ,13:東京都,17人,G:情報通信業,,,,,,,,,,
8120101035396,株式会社デジタルキャピタル,27:大阪府,12人,G:情報通信業,https://www.digitalcapital.co.jp,,,,,,,,,
3010001012453,株式会社エフエムディービー,13:東京都,24人,G:情報通信業,,,,,,,,,,
1010001226609,株式会社ＴｏｃｏＮａｎａ,13:東京都,20人,G:情報通信業,https://toconana.com/,,,,,,,,,
2010001163289,株式会社ＫＡＤＯＫＡＷＡ,13:東京都,2309人,G:情報通信業,https://www.kadokawa.co.jp/,,,,,,,,,
2020001048423,ネットチャート株式会社,14:神奈川県,196人,G:情報通信業,http://www.ncj.co.jp/,,,,,,,,,
2030001010159,株式会社ＮＴＴ東日本‐関信越,11:埼玉県,1261人,G:情報通信業,http://www.kanshinetsu.ntt-east.co.jp/,,,,,,,,,
2010501032951,マルスコア株式会社,13:東京都,30人,G:情報通信業,https://mars-c.co.jp/,,,,,,,,,
2011001093988,株式会社ＰＴＳ,13:東京都,32人,G:情報通信業,,,,,,,,,,
2180001114779,株式会社エステージ,23:愛知県,5人,G:情報通信業,,,,,,,,,,
2120001218206,株式会社エンプレイ,27:大阪府,52人,G:情報通信業,,,,,,,,,,
9011001072762,株式会社オールアバウトライフマーケティング,13:東京都,103人,G:情報通信業,https://www.lifemarketing.co.jp/,,,,,,,,,
3350001014283,株式会社オロ宮崎,45:宮崎県,79人,G:情報通信業,https://www.oro-miyazaki.com/,,,,,,,,,
3260001007759,株式会社マーズ,33:岡山県,22人,G:情報通信業,,,,,,,,,,
4030001149904,株式会社ホンシツシコウ,11:埼玉県,6人,G:情報通信業,https://essential-thinking.jp,,,,,,,,,
4180001017641,株式会社トヨタシステムズ,23:愛知県,3422人,G:情報通信業,https://www.toyotasystems.com/,,,,,,,,,
5010701020605,ＢＥＥＮＯＳ株式会社,13:東京都,850人,G:情報通信業,,,,,,,,,,
5180001132002,株式会社スマテン,23:愛知県,50人,G:情報通信業,,,,,,,,,,
5290801027134,株式会社リベルテ,40:福岡県,4人,G:情報通信業,,,,,,,,,,
5140001074792,株式会社ギフトパッド,27:大阪府,142人,G:情報通信業,https://corp.giftpad.co.jp/,,,,,,,,,
6011001113692,ニキ株式会社,13:東京都,49人,G:情報通信業,,,,,,,,,,
6260001036111,株式会社和,33:岡山県,1人,G:情報通信業,,,,,,,,,,
6340003004603,合同会社Ｍｙ０１,46:鹿児島県,1人,G:情報通信業,,,,,,,,,,
7120001077523,ＮＴＴ西日本株式会社,27:大阪府,13209人,G:情報通信業,https://sub.www.ntt-west.co.jp/diversity/women/,,,,,,,,,
7013301002038,株式会社エフ・エム,13:東京都,207人,G:情報通信業,https://www.fmget.co.jp/,,,,,,,,,
7120001131973,株式会社リアズ,27:大阪府,103人,G:情報通信業,,,,,,,,,,
7011001118278,えむすび株式会社,27:大阪府,7人,G:情報通信業,,,,,,,,,,
7010701013986,株式会社ビーブレイクシステムズ,13:東京都,148人,G:情報通信業,,,,,,,,,,
7200001012075,株式会社アクシス,21:岐阜県,25人,G:情報通信業,https://www.axis-corp.com/,,,,,,,,,
8010601024653,ユニアデックス株式会社,13:東京都,2507人,G:情報通信業,https://www.uniadex.co.jp/sustainability/,,,,,,,,,
8011001106991,株式会社ワンキャリア,13:東京都,478人,G:情報通信業,https://onecareer.co.jp/,,,,,,,,,
8430001000493,株式会社アジェンダ,01:北海道,75人,G:情報通信業,https://www.agenda.co.jp/,,,,,,,,,
9010001145867,株式会社モバイルファクトリー,13:東京都,82人,G:情報通信業,https://www.mobilefactory.jp/,,,,,,,,,
2010901026512,フロッグウェル株式会社,13:東京都,8人,G:情報通信業,,,,,,,,,,
4330001024390,株式会社アイディ,40:福岡県,17人,G:情報通信業,,,,,,,,,,
9011001095607,ＵＵＵＭ株式会社,13:東京都,364人,G:情報通信業,,,,,,,,,,
9180301006884,株式会社ヒミカ,23:愛知県,130人,G:情報通信業,https://www.himika.co.jp/,,,,,,,,,
9150001007302,株式会社るーぷ,29:奈良県,13人,G:情報通信業,http://www.web-loop.com/,,,,,,,,,
9490001004389,株式会社ビーウェーブ,39:高知県,23人,G:情報通信業,https://www.be-wave.jp/careers/environment/,,,,,,,,,
8090001002302,株式会社山梨文化会館,19:山梨県,898人,G:情報通信業,http://www.sannichi-ybs.co.jp/,,,,,,,,,
7011201009970,株式会社ネクステージ,13:東京都,68人,G:情報通信業,,,,,,,,,,
5011001056678,株式会社ウィルズ,13:東京都,89人,G:情報通信業,,,,,,,,,,
1011101064097,ディヴォートソリューション株式会社,13:東京都,5人,G:情報通信業,,,,,,,,,,
9010701030468,株式会社Ｌｉｓ　Ｒｉｃｈｅ,13:東京都,5人,G:情報通信業,,,,,,,,,,
3010001229031,株式会社リードパス,13:東京都,1人,G:情報通信業,,,,,,,,,,
5200001013050,株式会社ゴッタライド,21:岐阜県,10人,G:情報通信業,,,,,,,,,,
6011002035416,有限会社オフィス・スタック,13:東京都,8人,G:情報通信業,,,,,,,,,,
3120001020882,タイホー通信工業株式会社,27:大阪府,32人,G:情報通信業,,https://taiho-tsushin.com/,1人/0人/1人,0人/0人/1人,,1:有,1:有,1:有,1:有,
6010001102581,シスココンサルティング株式会社,13:東京都,60人,G:情報通信業,https://www.sisco-consulting.co.jp/,https://www.sisco-consulting.co.jp/recruit,,,,1:有,1:有,1:有,1:有,
5011501019457,株式会社ｙｅｐ,13:東京都,27人,G:情報通信業,https://www.ye-p.co.jp/,,,,,,,,,
3180001033937,株式会社アドテックス,23:愛知県,19人,G:情報通信業,http://www.addtechs.co.jp,http://www.addtechs.co.jp,,,,1:有,0:無,1:有,0:無,
4013301036641,株式会社ＧＣＵ,13:東京都,65人,G:情報通信業,,,,,,,,,,
5010001034537,Ｃ‐ＨＲＣ株式会社,13:東京都,69人,G:情報通信業,https://c-hrc.jp/,,,,,,,,,
2040001020339,首都圏システム開発株式会社,12:千葉県,53人,G:情報通信業,,,,,,,,,,
2020003014200,ＺＥＲＯＵＭ株式会社,13:東京都,4人,G:情報通信業,https://www.zeroum.co.jp/,,,,,,,,,
2021001018606,株式会社ウィザード,14:神奈川県,36人,G:情報通信業,https://wiz-t.co.jp/,,,,,,,,,
3011001098045,株式会社Ｃａｌｌ　ｔｏ　Ｂｅａｕｔｙ,13:東京都,10人,G:情報通信業,https://corp-call-to-beauty.com/,,,,,,,,,
6010401170195,株式会社ＬＩＧＮＥＡ,13:東京都,6人,G:情報通信業,https://lignea.co.jp/company/,,,,100.0%/0.0%/0.0%,1:有,1:有,1:有,0:無,
4180001049692,株式会社セブン・ワイズ,23:愛知県,33人,G:情報通信業,,,,,,,,,,
8140001109141,株式会社ＮＯＧＩＣ,13:東京都,5人,G:情報通信業,https://www.nogic.co.jp/,,,,,,,,,
1180001143341,マーケットハック株式会社,23:愛知県,3人,G:情報通信業,https://www.sodanshitsu.co.jp/about-us/,,,,,,,,,
6010001246296,株式会社ｉｆ,13:東京都,3人,G:情報通信業,https://itfrontier.co.jp/,https://itfrontier.co.jp/recruit/,,,,,1:有,,,
5080101019877,株式会社フォレスタ,22:静岡県,4人,G:情報通信業,https://telwarp.co.jp/corporate/,,,,,,,,,
8010001225496,株式会社Ｌｕｕｍ,13:東京都,1人,G:情報通信業,,,,,,,,,,
6420001005917,株式会社サン・コンピュータ,02:青森県,84人,G:情報通信業,https://www.sancom.co.jp/,https://www.sancom.co.jp/saiyou/,,,,1:有,0:無,1:有,1:有,
5040001024832,株式会社ネクステージ,12:千葉県,31人,G:情報通信業,https://www.nextage.co.jp/,https://www.nextage.co.jp/recruit/,,,,1:有,1:有,1:有,1:有,
8120001210859,株式会社ＣｏｎｔｅｘｔＪａｐａｎ,27:大阪府,3人,G:情報通信業,https://contextneo.jp/,https://contextneo.jp/recruit,,,,0:無,0:無,0:無,0:無,
3011001006354,株式会社キャンドゥコンセプト,13:東京都,69人,G:情報通信業,https://www.cando.co.jp/,https://www.cando.co.jp/recruit/,0人/0人/0人,0人/0人/0人,,1:有,1:有,1:有,0:無,
3011001093731,日本プロジェクトソリューションズ株式会社,13:東京都,49人,G:情報通信業,https://www.japan-project-solutions.com/,https://www.japan-project-solutions.com/recruit,,,,1:有,1:有,1:有,0:無,
7200001000690,エム・ビー・エス株式会社,21:岐阜県,14人,G:情報通信業,https://www.mbs-net.co.jp/,https://recruit.mbs-net.co.jp/,,,,1:有,0:無,0:無,0:無,
7011103006125,株式会社リクエストエージェント,13:東京都,1人,G:情報通信業,https://request-agent.co.jp,https://request-agent.co.jp/recruit/,,,0.0%/0.0%/0.0%,1:有,1:有,0:無,0:無,
9011001023179,メディアミックスソリューションズ株式会社,13:東京都,164人,G:情報通信業,https://www.mm-p.co.jp/,,,,,1:有,1:有,1:有,1:有,
1010001167456,株式会社さきラボ,13:東京都,1人,G:情報通信業,https://xn--w8jp02bub.jp,https://xn--w8jp02bub.jp/recruit/,,,,1:有,1:有,0:無,0:無,
7320001001594,大分デジタルソリューションズ株式会社,44:大分県,78人,G:情報通信業,http://www.oct-net.ne.jp/dcs/,,,,,,,,,
1290001019299,株式会社ネオス,40:福岡県,44人,G:情報通信業,https://www.neos.ne.jp/,,,,,,,,,
6180001154490,オールブルー株式会社,13:東京都,18人,G:情報通信業,,,,,,,,,,
2010401095108,株式会社ヒトクセ,13:東京都,17人,G:情報通信業,,,,,,,,,,
4011401015326,株式会社オルスタックソフト販売,13:東京都,3人,G:情報通信業,,,,,,,,,,
7021001009146,システムワークスジャパン株式会社,14:神奈川県,48人,G:情報通信業,https://swj.co.jp/,,,,,,,,,
2010501033768,株式会社デジタルアトラクション,13:東京都,4人,G:情報通信業,,,,,,,,,,
1011001150229,ＢＥＦＦＹ株式会社,13:東京都,0人,G:情報通信業,,,,,,,,,,
7010001004348,ソフトム株式会社,13:東京都,22人,G:情報通信業,http://www.softom.co.jp/,,,,,,,,,
7360001000394,株式会社沖縄映像センター,47:沖縄県,15人,G:情報通信業,,,,,,,,,,
9100001001004,株式会社コスモテック,20:長野県,63人,G:情報通信業,,,,,,,,,,
2290001085571,キャンプ女子株式会社,40:福岡県,2人,G:情報通信業,,,,,,,,,,
3013301020761,株式会社アリーナ・プロフェッショナル,13:東京都,70人,G:情報通信業,http://www.arena-pro.co.jp,,,,,,,,,
4390002000204,株式会社アンク,06:山形県,4人,G:情報通信業,,,,,,,,,,
3010401159514,株式会社ＳＰＬ,13:東京都,38人,G:情報通信業,,,,,,,,,,
3010001002520,株式会社コアード,13:東京都,109人,G:情報通信業,,,,,,,,,,
5030001140580,株式会社グリーンメチル,11:埼玉県,5人,G:情報通信業,,,,,,,,,,
1140001117357,株式会社エレメント,27:大阪府,1人,G:情報通信業,,,,,,,,,,
8040001092281,株式会社ｔｒｙ　ｆｏｒｃｅ,12:千葉県,5人,G:情報通信業,,,,,,,,,,
8010901033255,株式会社フクロウラボ,13:東京都,89人,G:情報通信業,,,,,,,,,,
9012401023041,株式会社コンテンシャル,13:東京都,2人,G:情報通信業,https://www.contencial.co.jp/,,,,,,,,,
6290001084660,株式会社ＺＥＬＸＵＳ,40:福岡県,12人,G:情報通信業,,,,,,,,,,
5010001096404,株式会社ファーストビット,13:東京都,19人,G:情報通信業,,,,,,,,,,
9011101086852,株式会社シムランド,13:東京都,0人,G:情報通信業,,,,,,,,,,
5180001046805,株式会社名古屋リビング新聞社,23:愛知県,26人,G:情報通信業,http://rh-group.web.co.jp/NL.html,,,,,,,,,
6011301024953,株式会社ＧＯＯＤＲＥＩ,13:東京都,4人,G:情報通信業,https://goodrei.tokyo/,,,,,,,,,
7013301042835,株式会社アイ・イーグループ,13:東京都,488人,G:情報通信業,https://www.ie-group.co.jp/index.html,,,,,,,,,
4021001040764,株式会社ティー・エム・シー,14:神奈川県,28人,G:情報通信業,,,,,,,,,,
7013301022300,株式会社ジェイティーエス,13:東京都,48人,G:情報通信業,,,,,,,,,,
7011001034525,システムセンス株式会社,13:東京都,31人,G:情報通信業,,,,,,,,,,
4122001036767,Ａｐｓｅｌｌ株式会社,29:奈良県,2人,G:情報通信業,,,,,,,,,,
3080101022619,スノーリーズ株式会社,22:静岡県,2人,G:情報通信業,https://www.snowlys.co.jp/,,,,,,,,,
5010001013631,株式会社ケーメックスＯＮＥ,13:東京都,40人,G:情報通信業,,,,,,,,,,
1021002028134,株式会社ジーツーゲイト,13:東京都,7人,G:情報通信業,https://g2gate.co.jp/,,,,,,,,,
5240003004184,合同会社アーステックネクスト,34:広島県,2人,G:情報通信業,,,,,,,,,,
5010401044516,デルタ電子株式会社,13:東京都,300人,G:情報通信業,,,,,,,,,,
8120001122889,株式会社ビヨンド,27:大阪府,77人,G:情報通信業,,,,,,,,,,
6020001105922,株式会社ｗｏｏｐ,13:東京都,2人,G:情報通信業,http://wp-web.biz/,,,,,,,,,
1021001013186,株式会社ＴＥＳ,14:神奈川県,65人,G:情報通信業,https://www.tes.co.jp/,,,,,,,,,
9010001139729,株式会社やんかわ商店,13:東京都,6人,G:情報通信業,,,,,,,,,,
4011001166503,株式会社ＪＱＩＴ,13:東京都,125人,G:情報通信業,https://jqit.co.jp/,,,,,,,,,
1011001101603,ブルームストリート株式会社,13:東京都,5人,G:情報通信業,https://www.bloomstreet.jp/,https://www.bloomstreet.jp/recruit/,,,,0:無,1:有,0:無,0:無,
5470001016407,株式会社アップ・パートナーズ,37:香川県,3人,G:情報通信業,,,,,,,,,,
8011301016189,株式会社サンダータービュランス,13:東京都,80人,G:情報通信業,,,,,,,,,,
7040001097570,株式会社アリエ,12:千葉県,14人,G:情報通信業,https://www.aryeh.co.jp,,,,,,,,,
9010101009245,ＳＯＴシステムコミュニティ株式会社,13:東京都,7人,G:情報通信業,,,,,,,,,,
4290001035392,サンケンフォーキャスト株式会社,40:福岡県,74人,G:情報通信業,,,,,,,,,,
3030001129477,Ｇｉｏ　Ｔｅｃｈ株式会社,11:埼玉県,3人,G:情報通信業,,,,,,,,,,
1040001069716,株式会社ノア・テクノ,13:東京都,27人,G:情報通信業,,,,,,,,,,
4010001086298,ケイレックス・テクノロジー株式会社,13:東京都,55人,G:情報通信業,https://www.keirex.com/,,,,,,,,,
7010003037536,ＡＳＩＡ　ＳＯＲＡ株式会社,13:東京都,5人,G:情報通信業,,,,,,,,,,
3240001012034,山根木材ライフパートナー株式会社,34:広島県,10人,G:情報通信業,,,,,,,,,,
8140001136961,株式会社ケタケタ,28:兵庫県,2人,G:情報通信業,https://ketaketa.co.jp/,,,,,,,,,
2011001125246,株式会社ＭＯＳＨＢＩＴ．,13:東京都,1人,G:情報通信業,,,,,,,,,,
6470001001597,株式会社三光システム,37:香川県,35人,G:情報通信業,https://sankou-sys.co.jp/,,1人/0人/2人,0人/0人/0人,,,,,,
1420001016571,青森ネット広告株式会社,02:青森県,0人,G:情報通信業,https://aomori-netkoukoku.com,,,,,,,,,
2010001227845,株式会社リヴァーレ,13:東京都,4人,G:情報通信業,,,,,,,,,,
1011101031931,再春館システム株式会社,13:東京都,109人,G:情報通信業,https://www.saishunkansys.com/,,,,,,,,,
4010401104980,株式会社ＣＯＬＯＲＦＵＬＬＹ,13:東京都,18人,G:情報通信業,,,,,,,,,,
4020001069830,株式会社東計電算,14:神奈川県,842人,G:情報通信業,,,,,,,,,,
6011801018835,株式会社エスセーダ,13:東京都,1人,G:情報通信業,,,,,,,,,,
9050001042292,株式会社ゲームシスト,08:茨城県,5人,G:情報通信業,https://gameciste.com/company,,,,,,,,,
6290001028270,株式会社日本画像配信,40:福岡県,49人,G:情報通信業,https://j-id.co.jp/,,,,,,,,,
3011001046689,株式会社マイクロウェーブ,13:東京都,57人,G:情報通信業,,,,,,,,,,
8220001004160,株式会社谷印刷,17:石川県,30人,G:情報通信業,,,,,,,,,,
4012703002136,アルマンビズ合同会社,13:東京都,1人,G:情報通信業,,,,,,,,,,
7140001121873,株式会社ＩＴ,27:大阪府,5人,G:情報通信業,,,,,,,,,,
9140001087857,ｌｅａｒｎｉｎｇＢＯＸ株式会社,28:兵庫県,71人,G:情報通信業,,,,,,,,,,
2011603002561,ｆａｒｍ　ｉｎ合同会社,02:青森県,3人,G:情報通信業,,,,,,,,,,
8200003004359,合同会社Ｃ７,23:愛知県,6人,G:情報通信業,https://c7-int.co.jp/,,,,,,,,,
3010401121168,株式会社Ｓｕｂｏｔ,13:東京都,2人,G:情報通信業,,,,,,,,,,
5050001036843,常陽新聞株式会社,08:茨城県,20人,G:情報通信業,http://joyonews.jp,,,,,,,,,
6200001013553,グレートインフォメーションネットワーク株式会社,21:岐阜県,39人,G:情報通信業,http://www.ginet.jp/,,,,,,,,,
6010403013154,株式会社アイグル,13:東京都,13人,G:情報通信業,https://eyegle-design.co.jp/,,,,,,,,,
7010501008410,株式会社ティー・エス・イー,13:東京都,85人,G:情報通信業,,,,,,,,,,
9290001017023,株式会社メディアシステム,40:福岡県,30人,G:情報通信業,https://www.media-system.co.jp/,,,,,,,,,
4010501037791,アプリワークス株式会社,13:東京都,10人,G:情報通信業,http://www.appworks.co.jp,,,,,,,,,
2010001085459,株式会社ケーエムケーワールド,13:東京都,75人,G:情報通信業,http://www.kmkworld.com/,,,,,,,,,
3010703004137,ラーニンギフト株式会社,13:東京都,62人,G:情報通信業,,,,,,,,,,
8120001007396,株式会社ゲンダイ出版,27:大阪府,9人,G:情報通信業,http://www.gendai-press.co.jp/,,,,,,,,,
2040001096742,ｍｉｒａｃｌｅａｖｅ株式会社,13:東京都,27人,G:情報通信業,,,,,,,,,,
8020001110474,ジャパンネクス株式会社,14:神奈川県,5人,G:情報通信業,,,,,,,,,,
3010001102130,住友化学システムサービス株式会社,13:東京都,200人,G:情報通信業,,,,,,,,,,
1020001078108,株式会社ジーアール,13:東京都,22人,G:情報通信業,,,,,,,,,,
8010501037887,ＩＮＥＸＴ株式会社,13:東京都,26人,G:情報通信業,http://innovationnext.jp/,,,,,,,,,
6010401079775,ＧＨ株式会社,13:東京都,4人,G:情報通信業,https://www.ghjapan.jp/,,,,,,,,,
7120001123244,株式会社ニチワシステム,27:大阪府,51人,G:情報通信業,https://www.nichiwa-system.co.jp/,,,,,,,,,
4010001220889,株式会社ＳＩＭＢＡ,13:東京都,1人,G:情報通信業,,,,,,,,,,
2120001173401,株式会社ＢＯＡＴＳ,27:大阪府,9人,G:情報通信業,,,,,,,,,,
1120001132309,株式会社Ｓ・Ｍ・Ｇ,27:大阪府,50人,G:情報通信業,,,,,,,,,,
3040001092113,株式会社シーエムエス,13:東京都,6人,G:情報通信業,,,,,,,,,,
2470001009396,株式会社ビデオコム,37:香川県,6人,G:情報通信業,,,,,,,,,,
3210001017151,株式会社Ｏｎｅ　Ｌｉｆｅ　Ｊａｐａｎ,18:福井県,3人,G:情報通信業,,,,,,,,,,
1120001139700,株式会社タイタン・アート,27:大阪府,43人,G:情報通信業,http://titan-art.com,,,,,,,,,
5030001050276,株式会社クリエイテラ,13:東京都,8人,G:情報通信業,,,,,,,,,,
3011101069598,株式会社ステップＩＴソリューション,13:東京都,27人,G:情報通信業,https://www.step-its.com/,,,,,,,,,
5200001008579,株式会社ちらし屋ドットコム,21:岐阜県,17人,G:情報通信業,,,,,,,,,,
8010401134314,株式会社レッジ,13:東京都,9人,G:情報通信業,,,,,,,,,,
9210001010407,株式会社アクトシステム,18:福井県,6人,G:情報通信業,,,,,,,,,,
4080101006447,株式会社Ｇｅｏｌｏｃａｔｉｏｎ　Ｔｅｃｈｎｏｌｏｇｙ,22:静岡県,41人,G:情報通信業,,,,,,,,,,
5130001067450,株式会社ＳＯＬ,27:大阪府,11人,G:情報通信業,,,,,,,,,,
1130001017624,株式会社ＫＩＮＳＨＡオプティムス,26:京都府,6人,G:情報通信業,,,,,,,,,,
6011001106754,ＳＨＯＷＲＯＯＭ株式会社,13:東京都,105人,G:情報通信業,,,,,,,,,,
1010601033611,株式会社タンタカ,13:東京都,5人,G:情報通信業,,,,,,,,,,
9011001070171,株式会社Ｂｌｕｅ　Ｓｔａｒ,13:東京都,40人,G:情報通信業,,,,,,,,,,
5021001014726,株式会社フランクリン・ジャパン,14:神奈川県,23人,G:情報通信業,,,,,,,,,,
7120001063589,公冠株式会社,27:大阪府,9人,G:情報通信業,,,,,,,,,,
3011103007960,シエルプレザン合同会社,13:東京都,12人,G:情報通信業,,,,,,,,,,
9120001116262,アシストアップ株式会社,27:大阪府,9人,G:情報通信業,,,,,,,,,,
6120001105838,シーレイシステム株式会社,27:大阪府,24人,G:情報通信業,http://www.searay.co.jp/,,,,,,,,,
4120001218030,株式会社エンコネクト,27:大阪府,1人,G:情報通信業,,,,,,,,,,
3360001024034,ＯＫＴコミュニケーションズ株式会社,47:沖縄県,3人,G:情報通信業,,,,,,,,,,
2010901038061,Ｔｒｉｐｌｅｔ　Ｒ＆Ｄ株式会社,04:宮城県,20人,G:情報通信業,,,,,,,,,,
7200001038500,株式会社ＳＡＫＵＲＡ通信,21:岐阜県,9人,G:情報通信業,,,,,,,,,,
2220001005585,株式会社フィックス,17:石川県,49人,G:情報通信業,,,,,,,,,,
3011001073873,Ｃｒｅｖｏ株式会社,13:東京都,34人,G:情報通信業,,,,,,,,,,
1012803001197,プロストライル合同会社,13:東京都,5人,G:情報通信業,,,,,,,,,,
4010403016877,株式会社ＰＩＤ,13:東京都,25人,G:情報通信業,,,,,,,,,,
4140001107413,株式会社ｇｌｅａｍ－ｋ,28:兵庫県,7人,G:情報通信業,,,,,,,,,,
2320001000106,株式会社大分建設新聞社,44:大分県,13人,G:情報通信業,,,,,,,,,,
2010001167694,ＣＡＳＴ株式会社,13:東京都,16人,G:情報通信業,,,,,,,,,,
8030001003818,株式会社シークエンス,11:埼玉県,34人,G:情報通信業,,,,,,,,,,
8010001085701,株式会社スリーエイト,13:東京都,12人,G:情報通信業,,,,,,,,,,
3430001058751,株式会社ビビット,01:北海道,33人,G:情報通信業,,,,,,,,,,
9013301044029,株式会社リヤン,13:東京都,4人,G:情報通信業,https://rise-co.info/,,,,,,,,,
6011001153581,株式会社ディレクションズ,13:東京都,68人,G:情報通信業,,,,,,,,,,
8290001089121,株式会社ＢＩＧＳＴＯＮＥ,40:福岡県,3人,G:情報通信業,,,,,,,,,,
2010001156838,株式会社アドニティ,13:東京都,10人,G:情報通信業,,,,,,,,,,
3020001103788,エスキューブライフ株式会社,13:東京都,8人,G:情報通信業,,,,,,,,,,
7010901016450,株式会社エスパーク,13:東京都,10人,G:情報通信業,,,,,,,,,,
1010801020748,株式会社ヤン,13:東京都,10人,G:情報通信業,,,,,,,,,,
1120001170300,株式会社アクセスブリッジ,27:大阪府,193人,G:情報通信業,http://www.access-bridge.co.jp/,,,,,,,,,
7430001042215,株式会社Ｉ－ＰＲＯ,01:北海道,9人,G:情報通信業,,,,,,,,,,
6011401002636,株式会社算法,13:東京都,6人,G:情報通信業,,,,,,,,,,
7360003013205,合同会社ＷＩＬＬ　Ｐｏｃｋｅｔ,47:沖縄県,1人,G:情報通信業,,,,,,,,,,
8010401166497,株式会社びーよん,13:東京都,5人,G:情報通信業,,,,,,,,,,
7010401155971,株式会社Ｐｉｏｎｅｒｏ,13:東京都,0人,G:情報通信業,,,,,,,,,,
2010401111797,株式会社いろはにぽぺと,13:東京都,18人,G:情報通信業,,,,,,,,,,
4130001062956,株式会社ラ・ブラーチェ,26:京都府,3人,G:情報通信業,,,,,,,,,,
6010601046872,株式会社カブス,13:東京都,12人,G:情報通信業,,,,,,,,,,
7370003005614,株式会社デュナミス,04:宮城県,18人,G:情報通信業,,,,,,,,,,
8010401131550,株式会社ラパウオレ・ア,14:神奈川県,26人,G:情報通信業,,,,,,,,,,
4010401092821,株式会社ｋｍ２ｙ,13:東京都,5人,G:情報通信業,,,,,,,,,,
2230001003019,株式会社北陸チューリップ,16:富山県,37人,G:情報通信業,,,,,,,,,,
9480001000851,四国放送株式会社,36:徳島県,105人,G:情報通信業,,,,,,,,,,
5180001061226,株式会社アイエスティ,23:愛知県,53人,G:情報通信業,,,,,,,,,,
6011101066527,ＶｉｄｅｏＴｏｕｃｈ株式会社,13:東京都,57人,G:情報通信業,http://viibar.com/,,,,,,,,,
9450001002883,株式会社北海道通信特機,01:北海道,93人,G:情報通信業,,,,,,,,,,
6010001130673,株式会社コパイロツト,13:東京都,25人,G:情報通信業,,,,,,,,,,
3010001170912,アガサ株式会社,13:東京都,80人,G:情報通信業,,,,,,,,,,
6021001069380,株式会社ｌｏｇ　ｂｕｉｌｄ,14:神奈川県,26人,G:情報通信業,https://www.log-build.com/,,,,,,,,,
8010001072641,株式会社アイラックソリューション,13:東京都,3人,G:情報通信業,,,,,,,,,,
8013301045837,株式会社ＴｗｉｎＢｅｅ,13:東京都,28人,G:情報通信業,,,,,,,,,,
5040001004850,株式会社千葉日報社,12:千葉県,125人,G:情報通信業,,,,,,,,,,
1010001200514,株式会社Ｑｏｎｃｅｐｔ,13:東京都,12人,G:情報通信業,,,,,,,,,,
3370001031384,株式会社イトナブ,04:宮城県,25人,G:情報通信業,https://itnav.co.jp/,,,,,,,,,
4010401108148,株式会社アバント,13:東京都,439人,G:情報通信業,,,,,,,,,,
1140001029511,株式会社アクレット,28:兵庫県,7人,G:情報通信業,,,,,,,,,,
8340001022365,Ｇｒｏｗｃａｌ株式会社,46:鹿児島県,2人,G:情報通信業,https://growcal.jp/,,,,,,,,,
9290001097338,アクシズ株式会社,40:福岡県,5人,G:情報通信業,,,,,,,,,,
5013301045633,テックベース株式会社,13:東京都,7人,G:情報通信業,,,,,,,,,,
9011001065980,株式会社Ｇｅｎｇｏ,14:神奈川県,30人,G:情報通信業,https://gengo.com/ja/,,,,,,,,,
8010401089475,株式会社ユニット・ワン,13:東京都,1人,G:情報通信業,,,,,,,,,,
6013301023605,株式会社リスペクツ,13:東京都,25人,G:情報通信業,http://www.rspct.co.jp,,,,,,,,,
6010401124424,ＷＡｍａｚｉｎｇ株式会社,13:東京都,257人,G:情報通信業,,,,,,,,,,
4011001166206,エッジクラフテック株式会社,13:東京都,200人,G:情報通信業,,,,,,,,,,
1011101029661,株式会社プロフェッショナル・ネットワークス,13:東京都,131人,G:情報通信業,,,,,,,,,,
8010901002078,カリブレイトジャパン株式会社,13:東京都,10人,G:情報通信業,,,,,,,,,,
8010401023764,ハウスコムテクノロジーズ株式会社,13:東京都,6人,G:情報通信業,http://www.jsee.com/,,,,,,,,,
7011601021591,株式会社コーピー,13:東京都,59人,G:情報通信業,https://corpy.co.jp/,,,,,,,,,
7120001224637,株式会社Ｐｉｖ,27:大阪府,13人,G:情報通信業,,,,,,,,,,
3010001095399,株式会社グラヴィタス,13:東京都,0人,G:情報通信業,,,,,,,,,,
1011001017799,日本情報産業株式会社,13:東京都,2300人,G:情報通信業,,,,,,,,,,
2010001134975,株式会社エクスラント,13:東京都,10人,G:情報通信業,,,,,,,,,,
5010401087234,株式会社アムス,13:東京都,64人,G:情報通信業,https://ams-j.co.jp/company/,,,,,,,,,
3030005012927,一般社団法人ＧｒｏｗＡｓＰｅｏｐｌｅ,13:東京都,4人,G:情報通信業,http://www.growaspeople.org,,,,,,,,,
3100001016346,株式会社マイネットシステム,20:長野県,79人,G:情報通信業,,,,,,,,,,
5010001233824,ＦａｖｅＵ株式会社,13:東京都,2人,G:情報通信業,,,,,,,,,,
1040003026698,ヒルクレスト合同会社,12:千葉県,2人,G:情報通信業,https://hillcrest.jp/,,,,,0:無,1:有,0:無,0:無,
8010401101520,株式会社インタードリーム,13:東京都,6人,G:情報通信業,,,,,,,,,,
3011001116921,株式会社Ｖエルバーク,13:東京都,19人,G:情報通信業,,,,,,,,,,
5010001101493,株式会社ムーンファクトリー,13:東京都,27人,G:情報通信業,,,,,,,,,,
2240001044879,株式会社セームページ,13:東京都,0人,G:情報通信業,,,,,,,,,,
9080401006423,株式会社ソフィア,22:静岡県,51人,G:情報通信業,,,,,,,,,,
4010001205873,株式会社エドテク,13:東京都,6人,G:情報通信業,,,,,,,,,,
7020002064241,有限会社ビー・アイ,14:神奈川県,21人,G:情報通信業,,,,,,,,,,
2010601004124,六三グラフィックス株式会社,13:東京都,24人,G:情報通信業,,,,,,,,,,
8350001000048,アクティヴ情報システム株式会社,45:宮崎県,22人,G:情報通信業,,,,,,,,,,
4010401084579,株式会社ユーエムイー,13:東京都,65人,G:情報通信業,,,,,,,,,,
3011001151167,株式会社システムスプレンデンス,13:東京都,3人,G:情報通信業,,,,,,,,,,
6010401127963,メトロエンジン株式会社,13:東京都,35人,G:情報通信業,,,,,,,,,,
8011103006157,ブルーミン・デジタル・アンド・ストラテジー株式会社,13:東京都,1人,G:情報通信業,,,,,,,,,,
9010001210753,クロスクラウド株式会社,13:東京都,5人,G:情報通信業,,,,,,,,,,
2180001003395,株式会社イントリニティー,23:愛知県,9人,G:情報通信業,,,,,,,,,,
6010001122522,株式会社玲企画,13:東京都,13人,G:情報通信業,,,,,,,,,,
7010001123651,ｇｒｏｘｉ株式会社,13:東京都,209人,G:情報通信業,https://groxi.jp,,,,,,,,,
9010401139857,ハイマネージャー株式会社,13:東京都,2人,G:情報通信業,https://himanager.me/about,,,,,,,,,
9011001046758,ＩＩＮＡ株式会社,13:東京都,14人,G:情報通信業,https://ii-na.jp/,,,,,,,,,
9010001004718,ダンサイエンス株式会社,13:東京都,15人,G:情報通信業,,,,,,,,,,
9010001145000,株式会社ｂｉｓａｒｄ,13:東京都,4人,G:情報通信業,,,,,,,,,,
6120001090989,株式会社はぴロジ,13:東京都,32人,G:情報通信業,http://www.bwave.co.jp/,,,,,,,,,
8290001059900,ソリューションアライブ株式会社,13:東京都,19人,G:情報通信業,,,,,,,,,,
3430001068593,株式会社スクデット・ソフトウェア,01:北海道,34人,G:情報通信業,,,,,,,,,,
1011101045361,株式会社フリーウェイジャパン,13:東京都,9人,G:情報通信業,http://freeway-japan.com/,,,,,,,,,
9010401146952,株式会社ココロザシ,13:東京都,135人,G:情報通信業,https://kokorozashi-japan.co.jp/,,,,,,,,,
5010601041718,株式会社プラネッタ,13:東京都,6人,G:情報通信業,http://pla-neta.co.jp/,,,,,,,,,
5011101039913,フォスターリンク株式会社,13:東京都,52人,G:情報通信業,,,,,,,,,,
9110001013634,株式会社ＭＩＫＡＤＯ,15:新潟県,18人,G:情報通信業,,,,,,,,,,
6010601021677,株式会社東京シー・エム・シー,13:東京都,16人,G:情報通信業,http://www.tcmc.co.jp/index.html,,,,,,,,,
5011001067080,株式会社Ｇａｊｉ－Ｌａｂｏ,13:東京都,8人,G:情報通信業,,,,,,,,,,
3010001203597,ＮＯＴ　Ａ　ＨＯＴＥＬ２ｎｄ株式会社,13:東京都,3人,G:情報通信業,,,,,,,,,,
1011101085267,株式会社Ｆｌａｔ　Ｅｎｇｉｎｅ,13:東京都,2人,G:情報通信業,,,,,,,,,,
5011101032777,アウリガ・コンサルティング株式会社,13:東京都,29人,G:情報通信業,http://www.auriga.co.jp/,,,,,,,,,
6040003012215,Ｌｉｌａｃ合同会社,13:東京都,1人,G:情報通信業,,,,,,,,,,
3010001048605,株式会社ソフトウェアコントロール,13:東京都,260人,G:情報通信業,,,,,,,,,,
4013301026816,株式会社ＺＥＡＬＯＴ,13:東京都,17人,G:情報通信業,https://zealot.co.jp,,,,,,,,,
4180001058553,株式会社ベステム,23:愛知県,4人,G:情報通信業,,,,,,,,,,
6010401088660,株式会社ＰＲＯＦＥＳＳＹ,13:東京都,16人,G:情報通信業,,,,,,,,,,
1290001090060,株式会社ラインズウェア,40:福岡県,7人,G:情報通信業,https://www.linesware.co.jp,,,,,,,,,
7180001007821,株式会社オルタナティブコミュニケーションズ,23:愛知県,16人,G:情報通信業,,,,,,,,,,
2020003015272,合同会社ＲＳＡテクノロジーズ,14:神奈川県,1人,G:情報通信業,,,,,,,,,,
8010401159781,株式会社ファブリカ,13:東京都,18人,G:情報通信業,,,,,,,,,,
5012401025677,アーティサン株式会社,13:東京都,30人,G:情報通信業,https://www.artisan.jp.net/,,,,,,,,,
3180001090912,株式会社日本ＩＴソリューションズ,23:愛知県,29人,G:情報通信業,https://jitsol.co.jp/,,,,,,,,,
2011001028993,株式会社Ｃｈｅｒｉｓｈｕ,13:東京都,11人,G:情報通信業,,,,,,,,,,
8040001022734,株式会社ＢＥ　ＰＲＯＵＤ,13:東京都,23人,G:情報通信業,,,,,,,,,,
4021001038593,株式会社アシスコ,14:神奈川県,13人,G:情報通信業,http://www.asysco.co.jp,,,,,,,,,
4120001221232,株式会社ウェイバック,27:大阪府,3人,G:情報通信業,https://wayback.co.jp/,,,,,,,,,
2030001009127,株式会社アローシステム,13:東京都,37人,G:情報通信業,http://www.allow.co.jp/,,,,,,,,,
9030001091928,株式会社アイスプリング,13:東京都,14人,G:情報通信業,http://ispr.co.jp/,,,,,,,,,
9010001125621,株式会社アクワイア,13:東京都,157人,G:情報通信業,,,,,,,,,,
2120101053916,株式会社Ｐｌｅｄｇｅ　Ｃｌｏｖｅｒ,27:大阪府,14人,G:情報通信業,,,,,,,,,,
8010001133328,３Ｄ　Ｌｉｆｅ　Ｗｏｒｋｓ株式会社,13:東京都,10人,G:情報通信業,https://www.3dlifeworks.co.jp/,,,,,,,,,
9011701024889,株式会社クォロ,13:東京都,1人,G:情報通信業,,,,,,,,,,
4011001139748,株式会社ＳＡＭＡＮＳＡ,13:東京都,4人,G:情報通信業,,,,,,,,,,
9130001064477,株式会社Ｓｐａｃｅ　Ｐｏｗｅｒ　Ｔｅｃｈｎｏｌｏｇｉｅｓ,26:京都府,15人,G:情報通信業,,,,,,,,,,
8010001164752,ｔａｌｅｎｔｂｏｏｋ株式会社,13:東京都,77人,G:情報通信業,https://prtable.com/,,,,,,,,,
3020001025644,図研エルミック株式会社,14:神奈川県,52人,G:情報通信業,http://www.elwsc.co.jp/,,,,,,,,,
5010701024705,株式会社ゆめも,13:東京都,25人,G:情報通信業,http://www.yumemo.co.jp/,,,,,,,,,
5290001104683,株式会社利屋,40:福岡県,0人,G:情報通信業,,,,,,,,,,
6010901047414,株式会社テックウィザード,11:埼玉県,3人,G:情報通信業,,,,,,,,,,
5011003005410,株式会社ポテパン,13:東京都,5人,G:情報通信業,,,,,,,,,,
3011001101072,株式会社ＡＳＷ,13:東京都,51人,G:情報通信業,https://a-sw.jp,,,,,,,,,
3180301030551,ＺＡＺＡ株式会社,23:愛知県,300人,G:情報通信業,https://metoree.com/company/,,,,,,,,,
3080101018831,株式会社アイ・ネクスト,22:静岡県,6人,G:情報通信業,https://i-next.tech,,,,,,,,,
9010001142336,株式会社ゴーズウェル,13:東京都,6人,G:情報通信業,,,,,,,,,,
5010001181065,フライソフト株式会社,13:東京都,22人,G:情報通信業,,,,,,,,,,
6011101074117,株式会社ＺＥＮＳＩＮＧ,13:東京都,2人,G:情報通信業,,,,,,,,,,
9012301001353,デンセイシリウス株式会社,14:神奈川県,180人,G:情報通信業,https://www.denseisirius.com/,,,,,,,,,
7011001142955,株式会社ＤｒｕｎｋｅｎＢｉｒｄ,13:東京都,0人,G:情報通信業,,,,,,,,,,
3140001129854,株式会社ＮＭＳ,28:兵庫県,2人,G:情報通信業,,,,,,,,,,
4013301031857,株式会社レッドコンサルティング,13:東京都,0人,G:情報通信業,https://red-consulting.jp/,,,,,,,,,
8290001020069,株式会社キャム,40:福岡県,31人,G:情報通信業,https://www.cam-net.co.jp/,,,,,,,,,
3160001021712,株式会社ＣＯＭＡＲＳ,25:滋賀県,5人,G:情報通信業,,,,,,,,,,
8011303002047,ラパントラック合同会社,13:東京都,25人,G:情報通信業,,,,,,,,,,
6130001067499,株式会社Ｂｅａｕｔｙ　Ｔｅｒｍｉｎａｌ,26:京都府,4人,G:情報通信業,,,,,,,,,,
5010401172390,ｉｋｅｂａ株式会社,13:東京都,1人,G:情報通信業,,,,,,,,,,
7011001131603,株式会社ＳＵＰＷＡＴ,13:東京都,11人,G:情報通信業,,,,,,,,,,
5011001140663,株式会社ｃｌｕｔｃｈ　ｃｏｍｍｕｎｉｃａｔｉｏｎ,13:東京都,15人,G:情報通信業,,,,,,,,,,
2010001069602,デンタルシステムズ株式会社,13:東京都,74人,G:情報通信業,https://www.dentalsystems.jp/,,,,,,,,,
2120001227677,株式会社グレッジ,27:大阪府,20人,G:情報通信業,,,,,,,,,,
2430001072290,株式会社Ｏｌｉｖｉｅｒ,01:北海道,18人,G:情報通信業,http://olivier.co.jp/,,,,,,,,,
6011001145125,ｍｏｖ株式会社,13:東京都,1人,G:情報通信業,https://corp.mov.movie/,,,,,,,,,
3180001151532,ワープステクノロジー株式会社,23:愛知県,31人,G:情報通信業,,,,,,,,,,
1010603006441,リュネット合同会社,13:東京都,9人,G:情報通信業,,,,,,,,,,
7011001103115,３ｂｉｔｔｅｒ株式会社,13:東京都,13人,G:情報通信業,,,,,,,,,,
5130001029070,株式会社アドインテ,26:京都府,190人,G:情報通信業,https://adinte.co.jp/,,,,,,,,,
9010401139048,株式会社ライベックス,13:東京都,2人,G:情報通信業,,,,,,,,,,
9010501038389,株式会社共盈システム,13:東京都,55人,G:情報通信業,,,,,,,,,,
3010401088317,株式会社ウゴトル,13:東京都,0人,G:情報通信業,,,,,,,,,,
2030001155994,ＣＲＡＦＴＣＯＤＥ株式会社,11:埼玉県,6人,G:情報通信業,,,,,,,,,,
7180001143609,株式会社Ｍｉｙａｍｏｔｏ,23:愛知県,0人,G:情報通信業,,,,,,,,,,
6011101076030,エーバイスリーセキュアシステム株式会社,13:東京都,35人,G:情報通信業,,,,,,,,,,
6011101093182,株式会社クリームネオ,13:東京都,6人,G:情報通信業,,,,,,,,,,
7120001132724,株式会社アズアッシュコンサルティング,27:大阪府,0人,G:情報通信業,,,,,,,,,,
3010601056998,株式会社ＡｉＣＡＮ,14:神奈川県,27人,G:情報通信業,https://www.aican-inc.com/,,,,,,,,,
8011001132393,株式会社フライル,13:東京都,17人,G:情報通信業,,,,,,,,,,
5011001098621,キャリアフィールドマーケティング株式会社,13:東京都,1人,G:情報通信業,,,,,,,,,,
3010501037652,Ａｉｄｅｒ　ｌａｂ株式会社,13:東京都,1人,G:情報通信業,,,,,,,,,,
4011701026238,株式会社Ｎａｍｅｒａｋａ,13:東京都,3人,G:情報通信業,,,,,,,,,,
1120101058569,株式会社ＣＥＢＲＩＤＧＥ,27:大阪府,2人,G:情報通信業,,,,,,,,,,
2010003024068,合同会社Ｗｅｅｙｂｒｉｄ,13:東京都,1人,G:情報通信業,https://weeybrid.co.jp/,,,,,,,,,
8010401114010,株式会社Ｇｒｒｏｗ,13:東京都,14人,G:情報通信業,,,,,,,,,,
4011001121284,株式会社コミチ,13:東京都,30人,G:情報通信業,,,,,,,,,,
7011001137492,株式会社Ｓｕｍａｐｌａ,13:東京都,7人,G:情報通信業,,,,,,,,,,
4010001219279,株式会社ローコードテック,13:東京都,1人,G:情報通信業,,,,,,,,,,
1040001070517,株式会社フラットフィールド,12:千葉県,3人,G:情報通信業,https://www.f-field.jp/,,,,,,,,,
2120001173005,株式会社ヒューゴ,27:大阪府,2人,G:情報通信業,,,,,,,,,,
4360001011881,株式会社プロペディア,13:東京都,1人,G:情報通信業,https://propedia.co.jp/,,,,,,,,,
1010001181630,リアルワールドゲームス株式会社,13:東京都,5人,G:情報通信業,,,,,,,,,,
9020001036875,ワールドピーコム株式会社,14:神奈川県,37人,G:情報通信業,https://www.worldpicom.com/,,,,,,,,,
6011001134268,メディカルギーク株式会社,13:東京都,6人,G:情報通信業,,,,,,,,,,
6010001104149,株式会社ホットリンク,13:東京都,132人,G:情報通信業,,,,,,,,,,
1360001008550,沖縄設計サービス株式会社,47:沖縄県,30人,G:情報通信業,,,,,,,,,,
3290001046151,株式会社ネットワークソリューション,40:福岡県,181人,G:情報通信業,https://www.nw-solution.co.jp/,,,,,,,,,
4420001007477,株式会社サンライズ・エー・イー,02:青森県,29人,G:情報通信業,,,,,,,,,,
6011002036199,株式会社トゥルーステージ,13:東京都,8人,G:情報通信業,,,,,,,,,,
5010401104055,ＩＳＨグループ株式会社,13:東京都,28人,G:情報通信業,,,,,,,,,,
7010001206588,株式会社ＤＢＭ,13:東京都,0人,G:情報通信業,,,,,,,,,,
3100001000093,株式会社アクテック,20:長野県,49人,G:情報通信業,,,,,,,,,,
8011001052939,株式会社Ｋ－ｒｅｌａｔｉｏｎｓ,13:東京都,1人,G:情報通信業,https://k-relations.com/wp/wp-content/uploads/2018/12/g_model.pdf,,,,,,,,,
7010001241288,株式会社Ａｆｆａｉｒ,13:東京都,1人,G:情報通信業,https://affair.co.jp/,,,,,,,,,
6010001139161,グローバルイノベーションコンサルティング株式会社,13:東京都,240人,G:情報通信業,https://gicjp.com/,,,,,,,,,
9120003015479,合同会社ラオラオホールディングス,27:大阪府,1人,G:情報通信業,https://raorao.co.jp,,,,,,,,,
4010001170119,シーテックソフト株式会社,13:東京都,58人,G:情報通信業,,,,,,,,,,
9012301009355,株式会社ＢＯＡＴＲＩＰ,13:東京都,3人,G:情報通信業,,,,,,,,,,
3120101066784,株式会社ＥｎｊｏｙＥｎｇｉｎｅｅｒｉｎｇＣｌｕｂ,27:大阪府,0人,G:情報通信業,,,,,,,,,,
9010901015649,株式会社ピー・アイ・シー,13:東京都,3人,G:情報通信業,,,,,,,,,,
7220001010738,株式会社ジェイテック,17:石川県,32人,G:情報通信業,,,,,,,,,,
2011001126888,株式会社ガクシー,13:東京都,37人,G:情報通信業,,,,,,,,,,
7011101082143,株式会社オモロー,13:東京都,2人,G:情報通信業,,,,,,,,,,
3290001078293,株式会社セキュアサイクル,40:福岡県,24人,G:情報通信業,,,,,,,,,,
9011101057085,株式会社エイプリルナイツ,13:東京都,40人,G:情報通信業,,,,,,,,,,
1010401098094,日本アールアンドイー株式会社,13:東京都,5人,G:情報通信業,,,,,,,,,,
8020001125068,株式会社アジアンドキュメンタリーズ,13:東京都,1人,G:情報通信業,,,,,,,,,,
2250001014880,株式会社アワセルブス,35:山口県,3人,G:情報通信業,https://ourselves.jp,,,,,,,,,
2290001099712,株式会社ｋ‐ｓｐａｃｅ,40:福岡県,10人,G:情報通信業,,,,,,,,,,
5310001018352,株式会社ｆｏｕｒｓ,42:長崎県,3人,G:情報通信業,,,,,,,,,,
4010401059151,京セラ丸善システムインテグレーション株式会社,13:東京都,321人,G:情報通信業,http://www.kmsi.co.jp/,,,,,,,,,
6010001242824,株式会社Ｌｉｖｅｔｏｏｎ,13:東京都,7人,G:情報通信業,https://livetoon.net/,,,,,,,,,
2100001020233,株式会社アットランド,20:長野県,7人,G:情報通信業,,,,,,,,,,
7011201018583,株式会社ロフタル,13:東京都,13人,G:情報通信業,,,,,,,,,,
6011101084784,株式会社ＲＵＮＷＡＹＳ,13:東京都,2人,G:情報通信業,https://runways.co.jp/,,,,,,,,,
4010401172672,株式会社ミツケ,01:北海道,2人,G:情報通信業,,,,,,,,,,
1120001059320,日本インターシステムズ株式会社,27:大阪府,145人,G:情報通信業,,,,,,,,,,
7200001024970,株式会社高山市民時報社,21:岐阜県,14人,G:情報通信業,,,,,,,,,,
9013301045217,株式会社それだ,13:東京都,5人,G:情報通信業,,,,,,,,,,
8020001060166,株式会社ＸＹＺ,14:神奈川県,2人,G:情報通信業,https://xyz-ltd.co.jp/,,,,,,,,,
5010501048425,ＫＱＳＣｌｏｕｄ株式会社,13:東京都,21人,G:情報通信業,,,,,,,,,,
2011001048760,株式会社アカリ,13:東京都,3人,G:情報通信業,,,,,,,,,,
3260001019498,アサクラソフト株式会社,33:岡山県,36人,G:情報通信業,,,,,,,,,,
6290001084859,株式会社Ｇｅｉｓｉａ,13:東京都,7人,G:情報通信業,,,,,,,,,,
6013301016501,株式会社サンタエンタテイメント,13:東京都,75人,G:情報通信業,,,,,,,,,,
6010001221183,スペリス株式会社,13:東京都,20人,G:情報通信業,,,,,,,,,,
5120002030821,有限会社四月社,27:大阪府,30人,G:情報通信業,,,,,,,,,,
4010501024410,株式会社ディーワークス,13:東京都,7人,G:情報通信業,https://www.d-wks.jp,,,,,,,,,
1010701041670,グリービズ株式会社,13:東京都,1人,G:情報通信業,,,,,,,,,,
1120001117458,株式会社ミュートス,27:大阪府,40人,G:情報通信業,https://www.mythos-jp.com/,,,,,,,,,
9010001206900,株式会社ＳＯＲＣＩＥＲ,13:東京都,1人,G:情報通信業,https://sorcier.co.jp/,,,,,,,,,
5010001030775,株式会社メディアクリエイト,13:東京都,12人,G:情報通信業,http://www.m-create.com/,,,,,,,,,
4011001136984,株式会社ｖａｒ,13:東京都,9人,G:情報通信業,https://var.co.jp,,,,,,,,,
5010601058167,株式会社ＩＴＢＡＮＫ,13:東京都,6人,G:情報通信業,,,,,,,,,,
1040002007955,株式会社デジタルコア,12:千葉県,2人,G:情報通信業,,,,,,,,,,
7013301030765,株式会社サイゼント,13:東京都,27人,G:情報通信業,,,,,,,,,,
1120901045238,株式会社ランデスト,13:東京都,0人,G:情報通信業,https://www.landest.co.jp,,,,,,,,,
1010501042919,株式会社Ｔｒａｖｅｌ　Ａｉ　Ｌａｂｏ,13:東京都,1人,G:情報通信業,,,,,,,,,,
2180001055412,株式会社アベイル,23:愛知県,21人,G:情報通信業,https://www.avail-ltd.com/,,,,,,,,,
9010001093686,株式会社トータル・エンゲージメント・グループ,13:東京都,1人,G:情報通信業,,,,,,,,,,
6010401144892,株式会社ＣｉｎｅｍａＬｅａｐ,13:東京都,38人,G:情報通信業,https://cinemaleap.com/,,,,,,,,,
8011001112206,ＦＴエンタテインメント株式会社,13:東京都,13人,G:情報通信業,https://www.fte.co.jp/,,,,,,,,,
2011001045428,ナレッジオンデマンド株式会社,13:東京都,23人,G:情報通信業,https://kodnet.co.jp/,,,,,,,,,
1011001143059,株式会社ｓｔｕｄｉｏ　Ｓｈｉｏ‐ｓｉｄｅ,13:東京都,1人,G:情報通信業,,,,,,,,,,
3011101084969,株式会社ＦｒｏｍＴｏ,13:東京都,2人,G:情報通信業,,,,,,,,,,
3360001016824,株式会社アザナ,47:沖縄県,15人,G:情報通信業,,,,,,,,,,
7013301030815,株式会社シーズ,13:東京都,2人,G:情報通信業,,,,,,,,,,
5160001000276,株式会社エフエム滋賀,25:滋賀県,18人,G:情報通信業,http://www.e-radio.co.jp/,,,,,,,,,
7011801021508,ソホビービー株式会社,13:東京都,43人,G:情報通信業,,,,,,,,,,
7260001000140,アイピーシステム株式会社,33:岡山県,118人,G:情報通信業,,,,,,,,,,
1011602023964,有限会社スプレッドワークス,13:東京都,2人,G:情報通信業,,,,,,,,,,
9220001025817,株式会社スリーシーコレクト,17:石川県,5人,G:情報通信業,https://www.3c-correct.com,,,,,,,,,
5013301042325,株式会社オリーブドットネット,13:東京都,25人,G:情報通信業,,,,,,,,,,
6010401104203,株式会社ヤプリ,13:東京都,270人,G:情報通信業,https://yappli.co.jp/,,,,,,,,,
4260002012427,有限会社ティーエムジェイ,33:岡山県,27人,G:情報通信業,,,,,,,,,,
5011001057742,株式会社ディレクターズ,13:東京都,20人,G:情報通信業,,,,,,,,,,
8030001044936,東京メールサービス株式会社,11:埼玉県,274人,G:情報通信業,,,,,,,,,,
9410001000379,株式会社秋田情報センター,05:秋田県,20人,G:情報通信業,http://www.ainfoc.co.jp/,,,,,,,,,
4010602029886,クロテッコ有限会社,13:東京都,10人,G:情報通信業,https://www.kurotekko.co.jp/,,,,,,,,,
2011101048636,株式会社フレアシステム,13:東京都,28人,G:情報通信業,,,,,,,,,,
7013301021509,株式会社アグリコミュニケーションズ,13:東京都,49人,G:情報通信業,,,,,,,,,,
4010401093365,株式会社ＷＯＯＲＯＭ．,13:東京都,30人,G:情報通信業,http://www.woorom.com/,,,,,,,,,
4011001050649,株式会社プロジェクトゼロ,13:東京都,4人,G:情報通信業,http://www.projectzero.jp/,,,,,,,,,
2020001121997,Ｔ’ｚＣｏｍ株式会社,14:神奈川県,30人,G:情報通信業,,,,,,,,,,
2011001102749,株式会社アドストリームジャパン,13:東京都,11人,G:情報通信業,,,,,,,,,,
2010403027439,合同会社ｂｒｅａｋ９,13:東京都,1人,G:情報通信業,,,,,,,,,,
2120001201095,株式会社ＡＫＩＮＡＩ,27:大阪府,100人,G:情報通信業,,,,,,,,,,
6290801020781,エスジョイシー株式会社,40:福岡県,28人,G:情報通信業,,,,,,,,,,
2240001016713,株式会社クロガネコミュニケーションズ,34:広島県,11人,G:情報通信業,,,,,,,,,,
7010001087896,株式会社つなぐネットコミュニケーションズ,13:東京都,115人,G:情報通信業,https://www.tsunagunet.com/files/user/actplan/koudou.pdf,,,,,,,,,
3120001105551,株式会社エクストランス,27:大阪府,48人,G:情報通信業,,,,,,,,,,
9020001143523,株式会社Ｂｌｕｅｐｅａｋｓ,13:東京都,5人,G:情報通信業,,,,,,,,,,
7010701020487,ＦｕｔｕｒｅＯｎｅ株式会社,13:東京都,273人,G:情報通信業,https://www.future-one.co.jp/recruit/environment.html,,,,,,,,,
6180001105865,ＺＥＲＯＮＥＸＴ株式会社,40:福岡県,43人,G:情報通信業,,,,,,,,,,
9010901050051,株式会社ハガツサ,13:東京都,3人,G:情報通信業,,,,,,,,,,
2011601021340,ハイラブル株式会社,13:東京都,15人,G:情報通信業,,,,,,,,,,
2010701022595,株式会社ＩＰ　ＤＲＥＡＭ,13:東京都,37人,G:情報通信業,https://www.ip-dream.co.jp/,,,,,,,,,
3011001051425,株式会社ムーブ,13:東京都,18人,G:情報通信業,,,,,,,,,,
5430001064723,株式会社アレクト,01:北海道,45人,G:情報通信業,https://www.arect.co.jp/,,,,,,,,,
8020001104336,株式会社ブライトログ,13:東京都,3人,G:情報通信業,,,,,,,,,,
5450001005832,エイエステック株式会社,01:北海道,6人,G:情報通信業,http://as-tecs.co.jp/,,,,,,,,,
7011201021257,ちょっと株式会社,13:東京都,12人,G:情報通信業,,,,,,,,,,
6011501013145,Ｓテクノロジー株式会社,13:東京都,60人,G:情報通信業,,,,,,,,,,
9120001213332,スキルシステムズ株式会社,27:大阪府,30人,G:情報通信業,https://www.skill-systems.co.jp/recruit/benefits/,,,,,,,,,
9011101050560,株式会社ロングワン,13:東京都,3人,G:情報通信業,,,,,,,,,,
4240001021661,株式会社レスポンス,34:広島県,27人,G:情報通信業,,,,,,,,,,
4170001013996,株式会社サードイノベーション,30:和歌山県,8人,G:情報通信業,,,,,,,,,,
5010701034877,株式会社コードベース,13:東京都,4人,G:情報通信業,,,,,,,,,,
8011001066154,株式会社ＡＳ　ＦＯＲＭ,13:東京都,6人,G:情報通信業,,,,,,,,,,
7010703002525,合同会社Ｕｐｗａｒｄ,13:東京都,5人,G:情報通信業,,,,,,,,,,
1340001016547,株式会社ユニマル,46:鹿児島県,12人,G:情報通信業,https://unimal.jp,,,,,,,,,
5010601049348,株式会社モアネクスト,13:東京都,9人,G:情報通信業,http://www.morenext.co.jp,,,,,,,,,
6013301032770,株式会社アイティーフューチャー,13:東京都,23人,G:情報通信業,,,,,,,,,,
4500001004870,株式会社コモテック,38:愛媛県,11人,G:情報通信業,https://www.comotec.ne.jp/index.shtml,,,,,,,,,
2011101051524,株式会社リポグラム,13:東京都,4人,G:情報通信業,,,,,,,,,,
9040001105109,株式会社ＯｎｅＰｌａｎｅｔ,12:千葉県,2人,G:情報通信業,,,,,,,,,,
5120001240685,株式会社オサラキカク,27:大阪府,2人,G:情報通信業,https://www.osarakikaku.co.jp/jewelry/,,,,,,,,,
8120901007982,株式会社バーブワイヤー,27:大阪府,7人,G:情報通信業,,,,,,,,,,
9011001105084,株式会社クォンタムリレーション,13:東京都,18人,G:情報通信業,,,,,,,,,,
8010001157491,株式会社アラヤ,13:東京都,100人,G:情報通信業,,,,,,,,,,
1130001019546,日本ソフトウエアサービス株式会社,26:京都府,18人,G:情報通信業,,,,,,,,,,
9130001072422,株式会社ａｄｄ９,26:京都府,1人,G:情報通信業,,,,,,,,,,
4010401133303,株式会社Ｊｉｔｅｒａ,13:東京都,23人,G:情報通信業,,,,,,,,,,
1011003016329,ＤＸ　ＭＯＮＳＴＥＲ合同会社,13:東京都,2人,G:情報通信業,,,,,,,,,,
1013301039928,アップトレンド株式会社,13:東京都,3人,G:情報通信業,,,,,,,,,,
3010401082476,キャスタリア株式会社,13:東京都,9人,G:情報通信業,,,,,,,,,,
2140002024849,有限会社サンクリエイツ,28:兵庫県,3人,G:情報通信業,,,,,,,,,,
6250001014753,イチマルイチデザイン株式会社,40:福岡県,15人,G:情報通信業,,,,,,,,,,
5010401177638,株式会社Ｂｌｏｃｑ，Ｉｎｃ．,13:東京都,0人,G:情報通信業,,,,,,,,,,
2080001002721,株式会社静岡教育出版社,22:静岡県,42人,G:情報通信業,http://www.shizedpu.co.jp/,,,,,,,,,
7340001004265,株式会社南日本情報処理センター,46:鹿児島県,416人,G:情報通信業,,,,,,,,,,
9011001136377,株式会社Ｆｉｒｓｔ‐Ｌａｂ,13:東京都,10人,G:情報通信業,,,,,,,,,,
8120003012741,ファンクションスタジオ合同会社,27:大阪府,2人,G:情報通信業,,,,,,,,,,
1010401087832,株式会社ユーエムイーネッツ,13:東京都,42人,G:情報通信業,https://www.umenetts.co.jp/,,,,,,,,,
9011001132938,ＲｅＢｏｏｔ　Ｔｅｃｈ株式会社,13:東京都,13人,G:情報通信業,,,,,,,,,,
8400001003656,岩手インフォメーション・テクノロジー株式会社,03:岩手県,38人,G:情報通信業,https://iwate-it.co.jp/,,,,,,,,,
4010601027461,ウチダエスコ株式会社,13:東京都,600人,G:情報通信業,https://www.esco.co.jp/actionplan/,,,,,,,,,
5240001030554,株式会社コアシステムズ,34:広島県,25人,G:情報通信業,http://www.coasystems.net/,,,,,,,,,
9010401040544,株式会社ドゥプレスト,13:東京都,26人,G:情報通信業,http://www.do-prest.co.jp,,,,,,,,,
3011001117903,株式会社アンドゲート,13:東京都,42人,G:情報通信業,,,,,,,,,,
7010701014258,株式会社ディライトテクノロジー,13:東京都,42人,G:情報通信業,https://www.delight-tec.jp/,,,,,,,,,
2010401075423,ＵＱコミュニケーションズ株式会社,13:東京都,260人,G:情報通信業,http://www.uqwimax.jp/,,,,,,,,,
1011001150055,株式会社喜喜企画,13:東京都,3人,G:情報通信業,,,,,,,,,,
2130001021286,セブンシステム株式会社,26:京都府,29人,G:情報通信業,https://www.seven-sys.co.jp/,,,,,,,,,
1120001114612,株式会社イー・ビー・エル,27:大阪府,50人,G:情報通信業,,,,,,,,,,
8330001011237,株式会社ＣＯネット,43:熊本県,8人,G:情報通信業,http://net-co.jp/,,,,,,,,,
5021001058244,株式会社コミットグロース,13:東京都,4人,G:情報通信業,https://commitgrowth.co.jp/,,,,,,,,,
5140001089155,株式会社エックスラボ,27:大阪府,28人,G:情報通信業,,,,,,,,,,
8350001015855,株式会社ＯＮＥ　ＷＯＲＫＳ,45:宮崎県,3人,G:情報通信業,,,,,,,,,,
1180001059645,株式会社テクニカルアンサー,23:愛知県,28人,G:情報通信業,http://www.t-answer.jp/index.htm,,,,,,,,,
2390001008373,株式会社フェイバーエンジニアリング,06:山形県,10人,G:情報通信業,,,,,,,,,,
6290801026639,株式会社ＮＥＸＴＲＡＹ,40:福岡県,7人,G:情報通信業,https://www.nextray.biz/,,,,,,,,,
4290001088275,株式会社ＴＯＭＯ　ＰＬＵＳ,12:千葉県,10人,G:情報通信業,,,,,,,,,,
7130005014018,一般社団法人京都システムデザイン研究所,26:京都府,1人,G:情報通信業,,,,,,,,,,
8290003001141,ケイアール合同会社,40:福岡県,1人,G:情報通信業,,,,,,,,,,
4010001009515,株式会社アイネット,13:東京都,117人,G:情報通信業,,,,,,,,,,
2010401144186,株式会社ＯＶＥＲ　ＤＲＩＶＥ,13:東京都,2人,G:情報通信業,http://o-drive.co.jp/,,,,,,,,,
1010801028799,株式会社ＢＲＩＤＧＥＸ,13:東京都,26人,G:情報通信業,,,,,,,,,,
4010401099230,株式会社アイ・ファクトリー,13:東京都,70人,G:情報通信業,,,,,,,,,,
2011101028134,株式会社レグラス,13:東京都,41人,G:情報通信業,https://www.reglus.co.jp/,,,,,,,,,
4010001055410,株式会社富士経済グループ本社,13:東京都,34人,G:情報通信業,https://www.fuji-keizai.co.jp/group/profile/fkm.html,,,,,,,,,
8010801032670,株式会社ＣｒｏｗｄＣｈｅｍ,13:東京都,19人,G:情報通信業,,,,,,,,,,
6290001013611,シンエイ・テクノ株式会社,40:福岡県,10人,G:情報通信業,,,,,,,,,,
8010801028677,株式会社ＴＨＩＮＱ,13:東京都,1人,G:情報通信業,,,,,,,,,,
4010401097671,Ｃｏｎｎｅｈｉｔｏ株式会社,13:東京都,84人,G:情報通信業,https://connehito.com/about/,,,,,,,,,
2011101051887,タワーシステムズ株式会社,13:東京都,42人,G:情報通信業,,,,,,,,,,
5010401114376,株式会社ｒｏｏｔ　ｉｐ,13:東京都,7人,G:情報通信業,https://rootip.co.jp/,,,,,,,,,
5010001175835,株式会社ホーダウン,13:東京都,11人,G:情報通信業,,,,,,,,,,
5040001070901,株式会社ティーファブワークス,12:千葉県,8人,G:情報通信業,,,,,,,,,,
3010401058014,データインデックス株式会社,13:東京都,23人,G:情報通信業,http://www.data-index.co.jp/,,,,,,,,,
5010401138730,ＭＥＫＡＳＭＩＴＨ株式会社,13:東京都,2人,G:情報通信業,,,,,,,,,,
4010401094999,４７株式会社,13:東京都,47人,G:情報通信業,https://47co.jp/about/47co,,,,,,,,,
4010401062626,株式会社Ｄ４ｃプレミアム,13:東京都,80人,G:情報通信業,,,,,,,,,,
7020001015864,株式会社フジシステムズ,14:神奈川県,110人,G:情報通信業,,,,,,,,,,
4040001041762,株式会社フロップ,13:東京都,6人,G:情報通信業,,,,,,,,,,
6290801021284,株式会社コンピュータサイエンス研究所,40:福岡県,16人,G:情報通信業,,,,,,,,,,
5180001057819,株式会社トライアンフ,23:愛知県,106人,G:情報通信業,,,,,,,,,,
5011101077046,株式会社ＡＸＬ　ＴＯＫＹＯ,13:東京都,10人,G:情報通信業,,,,,,,,,,
7320001005059,株式会社ケーブルネットサービス,44:大分県,10人,G:情報通信業,,,,,,,,,,
9011003012337,株式会社ヒューリズム,40:福岡県,1人,G:情報通信業,https://heurithm-service.com/,,,,,,,,,
2340001003750,富士電通株式会社,46:鹿児島県,40人,G:情報通信業,http://www.fujidentsu.co.jp/,,,,,,,,,
2350001005093,株式会社グローアップ,45:宮崎県,43人,G:情報通信業,https://growup-un.com/,,,,,,,,,
4011001128890,Ｐｅｓｔａｌｏｚｚｉ　Ｔｅｃｈｎｏｌｏｇｙ株式会社,13:東京都,45人,G:情報通信業,https://pestalozzi-tech.com/,,,,,,,,,
3010403011185,株式会社トリクル,13:東京都,11人,G:情報通信業,,,,,,,,,,
7010902025954,有限会社フードページ,13:東京都,5人,G:情報通信業,https://food-page.com/,https://food-page.com/?page_id=2984,,,,,,,,
9240001012318,株式会社データホライゾン,34:広島県,261人,G:情報通信業,http://www.dhorizon.co.jp/,,,,,,,,,
9011101088122,株式会社Ｆｅｅｌｉｎｇ　Ｇｏｏｄ,27:大阪府,10人,G:情報通信業,,,,,,,,,,
2280001000738,株式会社マツケイ,32:島根県,121人,G:情報通信業,,,,,,,,,,
8120001041115,株式会社アルタス情報システム,27:大阪府,49人,G:情報通信業,,,,,,,,,,
8060001014440,テレビ小山放送株式会社,09:栃木県,48人,G:情報通信業,,,,,,,,,,
6240001031188,株式会社プレスシード,34:広島県,16人,G:情報通信業,,,,,,,,,,
8290801010896,データキューブ株式会社,40:福岡県,26人,G:情報通信業,,,,,,,,,,
7180301003768,ソニックシステム株式会社,23:愛知県,26人,G:情報通信業,,,,,,,,,,
4120001189115,西都速記株式会社,27:大阪府,8人,G:情報通信業,,,,,,,,,,
7220001001514,株式会社ＩＣＣデータプラス,17:石川県,135人,G:情報通信業,https://www.idtp.jp/index.html,https://www.idtp.jp/recruit.html,0人/0人/0人,0人/0人/0人,,1:有,1:有,1:有,0:無,
6011001107199,ＳＡＴＯＲＩ株式会社,13:東京都,107人,G:情報通信業,,,,,,,,,,
6120001144679,株式会社アド・リード,27:大阪府,37人,G:情報通信業,,,,,,,,,,
7010601039529,クラウンコンサルティング株式会社,13:東京都,10人,G:情報通信業,https://www.clown.co.jp/,,,,,,,,,
4010001219080,Ｌｉｕｍｅ株式会社,13:東京都,7人,G:情報通信業,,,,,,,,,,
8180001064622,株式会社ホウバイ,23:愛知県,3人,G:情報通信業,,,,,,,,,,
2120001191485,株式会社ＣＣＲ,27:大阪府,18人,G:情報通信業,,,,,,,,,,
9030001119489,株式会社Ｈｅｒ’ｓ,13:東京都,30人,G:情報通信業,,,,,,,,,,
1210003000719,合同会社ＴＥＡＭ－Ｔ,18:福井県,5人,G:情報通信業,,,,,,,,,,
9011005000067,一般社団法人輿論科学協会,13:東京都,11人,G:情報通信業,http://www.yoron-kagaku.or.jp/,,,,,,,,,
6013301042167,株式会社ナノグラム,13:東京都,8人,G:情報通信業,,,,,,,,,,
5180003022952,ＩＤＥＡＢＯＸ　ＩＴ株式会社,23:愛知県,3人,G:情報通信業,,,,,,,,,,
4011001067486,株式会社ダブルクロップ,13:東京都,79人,G:情報通信業,https://www.double-crop.jp/,,,,,,,,,
9110001001366,株式会社ウイング,15:新潟県,91人,G:情報通信業,https://www.weing.co.jp/,,,,,,,,,
2010403024601,フロレレカンパニー合同会社,13:東京都,1人,G:情報通信業,,,,,,,,,,
7050001000888,株式会社ケーシーエス,08:茨城県,200人,G:情報通信業,,,,,,,,,,
7010001139482,クロスシステムサービス株式会社,13:東京都,59人,G:情報通信業,,,,,,,,,,
3140001105120,株式会社ＳＣＮＥＴ,28:兵庫県,7人,G:情報通信業,,,,,,,,,,
9010401008260,株式会社共同通信社,13:東京都,65人,G:情報通信業,,,,,,,,,,
8010403026600,合同会社アキューズ,13:東京都,1人,G:情報通信業,,,,,,,,,,
1020001150337,株式会社ドマノマド,14:神奈川県,1人,G:情報通信業,,,,,,,,,,
2240001021770,シン企画株式会社,34:広島県,7人,G:情報通信業,,,,,,,,,,
2120001163831,クローバーラボ株式会社,27:大阪府,52人,G:情報通信業,,,,,,,,,,
1021001071705,株式会社リレクチャー,14:神奈川県,33人,G:情報通信業,,,,,,,,,,
7010701016485,スマートシステム株式会社,13:東京都,5人,G:情報通信業,,,,,,,,,,
8011101031454,フォルシア株式会社,13:東京都,140人,G:情報通信業,,,,,,,,,,
3430001080854,Ｌｉｂｅｒｔｙ株式会社,01:北海道,5人,G:情報通信業,https://libertyinc.jp/,,,,,,,,,
5012703002259,合同会社ヘルステック東京,13:東京都,2人,G:情報通信業,,,,,,,,,,
4011601016058,株式会社アジャストワン,13:東京都,25人,G:情報通信業,,,,,,,,,,
5290003014807,合同会社西野商事,13:東京都,2人,G:情報通信業,,,,,,,,,,
8120001188591,株式会社Ｒｅｇａｌｏ,27:大阪府,14人,G:情報通信業,,,,,,,,,,
4010901015991,株式会社デイジー,13:東京都,23人,G:情報通信業,,,,,,,,,,
8011001111397,株式会社エストリエ,13:東京都,8人,G:情報通信業,,,,,,,,,,
1220001001734,株式会社刊広社,17:石川県,141人,G:情報通信業,http://map.jp/,,,,,,,,,
1180001090022,株式会社Ｓ＆Ａ,23:愛知県,20人,G:情報通信業,,,,,,,,,,
4011001109668,株式会社Ｍｅｌｌｏｗ,13:東京都,57人,G:情報通信業,,,,,,,,,,
8010001064374,株式会社エイチ・アイ・ティ,13:東京都,25人,G:情報通信業,,,,,,,,,,
3040001051614,株式会社イーエスケイ,12:千葉県,76人,G:情報通信業,http://www.eskfw.co.jp,,,,,,,,,
3020001115701,株式会社ＪＡＣＯＦ,14:神奈川県,7人,G:情報通信業,http://jacof.co.jp/,,,,,,,,,
8011601021970,株式会社ｈｏｋａｎ,13:東京都,47人,G:情報通信業,,,,,,,,,,
8130001064247,株式会社クロスリアリティ,26:京都府,5人,G:情報通信業,,,,,,,,,,
4070001033526,株式会社ＷＯＮＥＴ,10:群馬県,3人,G:情報通信業,,,,,,,,,,
6011101030805,マッシュコーポレーション株式会社,11:埼玉県,16人,G:情報通信業,https://www.mash-inc.co.jp/,,,,,,,,,
8010001140753,株式会社カヤックボンド,13:東京都,96人,G:情報通信業,https://kayac.bond/,,,,,,,,,
7011101043921,株式会社アットファイブ,13:東京都,31人,G:情報通信業,,,,,,,,,,
1360002019043,有限会社レキオコム,47:沖縄県,4人,G:情報通信業,,,,,,,,,,
4010001152538,株式会社ポストシステムズ,13:東京都,44人,G:情報通信業,,,,,,,,,,
5013301027235,株式会社グローバルシンキング,13:東京都,26人,G:情報通信業,,,,,,,,,,
1010401132621,株式会社ペイミー,13:東京都,12人,G:情報通信業,https://payme.tokyo/,,,,,,,,,
5010001217703,株式会社パンハウス,13:東京都,6人,G:情報通信業,,,,,,,,,,
8010901018322,株式会社エスタイル,13:東京都,70人,G:情報通信業,https://estyle.co.jp/,,,,,,,,,
7290001085419,株式会社あどすぺ,40:福岡県,3人,G:情報通信業,,,,,,,,,,
8010001145604,株式会社リベル・エンタテインメント,13:東京都,105人,G:情報通信業,,,,,,,,,,
6370001042949,株式会社ＳＯＲＡＢＩＴＯ,04:宮城県,34人,G:情報通信業,,,,,,,,,,
7010401112023,Ｍｉｒｏｋｕ　Ｗｅｂｃａｓｈ　Ｉｎｔｅｒｎａｔｉｏｎａｌ株式会社,13:東京都,20人,G:情報通信業,,,,,,,,,,
2430001032039,株式会社ブレインソフト,01:北海道,20人,G:情報通信業,http://www.brainsoft-net.co.jp,,,,,,,,,
9010401058776,株式会社アクセントキーテクノロジー,13:東京都,45人,G:情報通信業,,,,,,,,,,
8010701031153,株式会社Ｄ．Ｇ．Ｍ．,13:東京都,5人,G:情報通信業,,,,,,,,,,
8012401022705,Ｋｅｎｐａｌ株式会社,13:東京都,17人,G:情報通信業,,,,,,,,,,
6021001071824,株式会社ＷＥＢＭＡＲＫＳ,14:神奈川県,1人,G:情報通信業,,,,,,,,,,
1010001026595,株式会社パーフェクトマニージ,13:東京都,25人,G:情報通信業,https://www.perfect-m.co.jp,https://www.perfect-m.co.jp,,,,1:有,0:無,1:有,1:有,
8090001001477,株式会社テレビ山梨,19:山梨県,130人,G:情報通信業,http://uty.jp,,,,,,,,,
8120001190639,ネクストライブ株式会社,27:大阪府,22人,G:情報通信業,https://nextribe.co.jp/,,,,,,,,,
6430001000231,株式会社アイビーウェア,01:北海道,48人,G:情報通信業,http://www.ibw.co.jp/,,,,,,,,,
3020001112789,株式会社ネクストツー,14:神奈川県,2人,G:情報通信業,,,,,,,,,,
7350001012218,株式会社ウェブサイト,45:宮崎県,7人,G:情報通信業,https://www.web3110.jp/,,,,,,,,,
8011101060882,スマートツー株式会社,13:東京都,15人,G:情報通信業,http://www.smart2j.com/,,,,,,,,,
1120001218207,株式会社セキサ,27:大阪府,3人,G:情報通信業,https://sekisa.co.jp/,,,,,,,,,
8010001239785,株式会社コンビベース,13:東京都,39人,G:情報通信業,,,,,,,,,,
6140001021240,株式会社ジュピテック,28:兵庫県,15人,G:情報通信業,,,,,,,,,,
1390001016170,株式会社ｒｅｂｏｎｄ,13:東京都,3人,G:情報通信業,,,,,,,,,,
5011101042074,アイプレックス株式会社,13:東京都,2人,G:情報通信業,,,,,,,,,,
1500001004543,株式会社フェローシステム,38:愛媛県,45人,G:情報通信業,http://www.fellow.co.jp/,,,,,,,,,
8050001047375,株式会社クレバーラクーン,08:茨城県,4人,G:情報通信業,https://clever-racoon.com/,,,,,,,,,
3180001040074,株式会社美容文化社,23:愛知県,5人,G:情報通信業,,,,,,,,,,
6010401147516,ＣＧＭ　Ｉｎｎｏｖａｔｉｏｎ株式会社,13:東京都,7人,G:情報通信業,,,,,,,,,,
4010501002853,株式会社笠倉出版社,13:東京都,40人,G:情報通信業,,,,,,,,,,
6070001035719,株式会社ｋａｏｉｒｉ,10:群馬県,13人,G:情報通信業,https://kaoiri.co.jp/,,,,,,,,,
3011001041913,株式会社ＡＸＳＥＥＤ,13:東京都,43人,G:情報通信業,,,,,,,,,,
2120001219369,株式会社ウェルスペック,27:大阪府,27人,G:情報通信業,,,,,,,,,,
9010501045410,株式会社ＡＮＥＷ,09:栃木県,9人,G:情報通信業,https://anewinc.co.jp/,,,,,,,,,
7010401175160,クレイ・テクノロジーズ株式会社,13:東京都,3人,G:情報通信業,,,,,,,,,,
7180001126753,株式会社マルニチ,23:愛知県,3人,G:情報通信業,,,,,,,,,,
4010401143517,Ｓｔｕｄｉｏ　Ｒ株式会社,27:大阪府,21人,G:情報通信業,,,,,,,,,,
8010001013505,株式会社加賀ライズ,13:東京都,40人,G:情報通信業,,,,,,,,,,
1011701021019,株式会社ｍ－Ｌａｂ,13:東京都,7人,G:情報通信業,,,,,,,,,,
4020001123439,株式会社ハックルベリー,13:東京都,26人,G:情報通信業,,,,,,,,,,
5011801032928,ジャパンクレール株式会社,13:東京都,1人,G:情報通信業,http://japan-claire.com/,,,,,,,,,
1122001027926,株式会社イメディア,27:大阪府,2人,G:情報通信業,https://sns-support.com/,,,,,,,,,
3010403026877,合同会社ＤＭＵＸ,13:東京都,2人,G:情報通信業,,,,,,,,,,
5011701025255,Ｒｅｇｉｔ株式会社,13:東京都,3人,G:情報通信業,,,,,,,,,,
9180001140406,株式会社Ｃａｄｅｎｚａ,23:愛知県,3人,G:情報通信業,,,,,,,,,,
7010402024481,有限会社クワデータ,13:東京都,100人,G:情報通信業,https://www.kuwadata.com/,,,,,,,,,
1010901039886,富士智能株式会社,13:東京都,17人,G:情報通信業,,,,,,,,,,
6011101092853,株式会社ゴーストイッチ,13:東京都,2人,G:情報通信業,,,,,,,,,,
2080001024212,アップスカイ株式会社,22:静岡県,10人,G:情報通信業,,,,,,,,,,
3010401159480,ｉｓｓｉｎ株式会社,13:東京都,13人,G:情報通信業,https://issin.cc,,,,,,,,,
4140002002299,有限会社紅屋,28:兵庫県,15人,G:情報通信業,,,,,,,,,,
7010401131064,スイングバイテクノロジー株式会社,13:東京都,32人,G:情報通信業,,,,,,,,,,
9010901043055,株式会社シーエスティーグレイス,13:東京都,1人,G:情報通信業,,,,,,,,,,
3120001082865,株式会社創元社,27:大阪府,53人,G:情報通信業,,,,,,,,,,
4140001032859,兵庫エフエム放送株式会社,28:兵庫県,17人,G:情報通信業,,,,,,,,,,
5180001021832,株式会社コスモルート,23:愛知県,193人,G:情報通信業,,,,,,,,,,
2010503006301,同釜エージェンシー合同会社,13:東京都,0人,G:情報通信業,,,,,,,,,,
3020001119198,ラーナーズ株式会社,14:神奈川県,1人,G:情報通信業,,,,,,,,,,
8010401140130,Ｆｒｅｅｃｒａｃｙ株式会社,13:東京都,0人,G:情報通信業,,,,,,,,,,
9030001126270,株式会社Ｇホールディングス,13:東京都,13人,G:情報通信業,https://www.gholdings.co.jp/,,,,,,,,,
1120001212556,株式会社ライトコア,27:大阪府,16人,G:情報通信業,,,,,,,,,,
2120001168252,株式会社キューブ,27:大阪府,8人,G:情報通信業,,,,,,,,,,
8100001023965,ヒューマンエンジニアリング株式会社,20:長野県,60人,G:情報通信業,,,,,,,,,,
1011001129181,株式会社ＳＵＮＹＳＩＤＥ,13:東京都,3人,G:情報通信業,,,,,,,,,,
4011001121557,株式会社ＧＯＯＤ　ＶＩＢＥＳ　ＯＮＬＹ,13:東京都,5人,G:情報通信業,https://goodvibesonly.jp/,,,,,,,,,
1020001144058,株式会社オケマル,14:神奈川県,1人,G:情報通信業,,,,,,,,,,
8011101042897,株式会社エーエルジェイ,13:東京都,140人,G:情報通信業,https://www.al-j.co.jp,,,,,,,,,
5370001048229,リリアソリューション株式会社,04:宮城県,49人,G:情報通信業,,,,,,,,,,
7120001169527,株式会社トレンドゲート,27:大阪府,15人,G:情報通信業,,,,,,,,,,
4011001132950,株式会社ＡＮＢＹ,13:東京都,1人,G:情報通信業,,,,,,,,,,
6012401040080,ＦＬＵＣＴ株式会社,13:東京都,3人,G:情報通信業,,,,,,,,,,
7010001207751,株式会社リブレス,13:東京都,9人,G:情報通信業,,,,,,,,,,
7010401085888,富士インフォックス・ネット株式会社,13:東京都,190人,G:情報通信業,https://www.infoxnet.co.jp/,,,,,,,,,
3060001022167,株式会社シバラス,09:栃木県,2人,G:情報通信業,,,,,,,,,,
8010401070559,株式会社テレビ朝日メディアプレックス,13:東京都,107人,G:情報通信業,,,,,,,,,,
7010001204947,株式会社Ｑｕａｎｔｏｍｉｃｓ,13:東京都,5人,G:情報通信業,https://quantomics.co.jp/,,,,,,,,,
5010001233519,株式会社ミルポ,13:東京都,1人,G:情報通信業,,,,,,,,,,
3010401128031,株式会社ＥｘＫｅｙ,13:東京都,13人,G:情報通信業,,,,,,,,,,
7020001136297,ＣＯＮＯＣ株式会社,13:東京都,7人,G:情報通信業,https://conoc.co.jp/,,,,,,,,,
1040001004838,千葉テレビ放送株式会社,12:千葉県,71人,G:情報通信業,https://www.chiba-tv.com/,https://job.mynavi.jp/26/pc/search/corp89868/outline.html,,,,1:有,0:無,1:有,0:無,
1010001126544,株式会社ＳＹＮＣＨＲＯ,13:東京都,21人,G:情報通信業,,,,,,,,,,
1011003011668,ＳｕｒｐａｓｓＯｎｅ株式会社,13:東京都,7人,G:情報通信業,https://about.surpassone.com/,,,,,,,,,
9290001100992,株式会社Ｘｒｏｎｏｔｅｃｈ,40:福岡県,3人,G:情報通信業,,,,,,,,,,
1180001044928,株式会社プラス・アルファ,23:愛知県,24人,G:情報通信業,,,,,,,,,,
9140001125039,株式会社メタライフ,28:兵庫県,0人,G:情報通信業,,,,,,,,,,
6140001120447,株式会社ｆｉｘＵ,28:兵庫県,7人,G:情報通信業,,,,,,,,,,
2010601054458,ＦｕｔｕｒｅＳｏｆｔ株式会社,13:東京都,5人,G:情報通信業,,,,,,,,,,
1010401015149,スペースシャワーＳＫＩＹＡＫＩホールディングス株式会社,13:東京都,210人,G:情報通信業,http://www.spaceshower.net/,,,,,,,,,
1011001131212,Ｅｄｖ　Ｆｕｔｕｒｅ株式会社,13:東京都,6人,G:情報通信業,,,,,,,,,,
7040001060933,株式会社全栄プロモーション,12:千葉県,2人,G:情報通信業,http://www.zenei-pro.jp/,,,,,,,,,
9400001007318,三陸ブロードネット株式会社,03:岩手県,14人,G:情報通信業,,,,,,,,,,
3011001095637,アスニカ株式会社,13:東京都,9人,G:情報通信業,,,,,,,,,,
1122001026424,株式会社テックエデュケイションカンパニー,27:大阪府,83人,G:情報通信業,,,,,,,,,,
1011601027124,株式会社Ｏｒｉｇｉｎａｔｅ,13:東京都,6人,G:情報通信業,,,,,,,,,,
1180001119077,株式会社Ｍ－ａｉｄ,23:愛知県,10人,G:情報通信業,,,,,,,,,,
4011803005214,イエン合同会社,13:東京都,1人,G:情報通信業,,,,,,,,,,
6010701036988,株式会社ｃａｎｕｕ,13:東京都,2人,G:情報通信業,,,,,,,,,,
5011001070547,株式会社バレクセル,13:東京都,15人,G:情報通信業,,,,,,,,,,
2011301023182,株式会社Ｆｅｒｅｐｌｅ,13:東京都,10人,G:情報通信業,,,,,,,,,,
7011003015382,株式会社Ｐｉｘｅｌ　Ｔｏｋｙｏ,13:東京都,0人,G:情報通信業,,,,,,,,,,
8180001033783,アクティブシステム株式会社,23:愛知県,18人,G:情報通信業,https://activesystem.co.jp/,,,,,,,,,
8020001155016,Ｂｅｇｉｎｎｅｒｓ　Ｔｅｃｈ株式会社,13:東京都,1人,G:情報通信業,,,,,,,,,,
1120001236407,株式会社ＭＯＮＪＵ,27:大阪府,4人,G:情報通信業,https://monju-inc.jp/,,,,,,,,,
6170001001487,シティコンピュータ株式会社,30:和歌山県,251人,G:情報通信業,http://www.cck.co.jp/,,,,,,,,,
4011101065720,Ｏｍｉ　Ｊａｐａｎ株式会社,13:東京都,21人,G:情報通信業,,,,,,,,,,
8020001151527,株式会社Ｑｕａｒｋ,13:東京都,2人,G:情報通信業,,,,,,,,,,
9010001137798,株式会社エムユー情報システム,13:東京都,20人,G:情報通信業,,,,,,,,,,
9240002026911,有限会社アクシーズプラス,34:広島県,1人,G:情報通信業,,,,,,,,,,
2140001086535,エムリンク株式会社,27:大阪府,30人,G:情報通信業,,,,,,,,,,
7490001008623,株式会社ＭＡＧＬＡＢ,39:高知県,3人,G:情報通信業,,,,,,,,,,
3010601030549,株式会社スーパーリージョナル,13:東京都,80人,G:情報通信業,http://www.super-r.net/,,,,,,,,,
8430001024435,株式会社らむれす,01:北海道,6人,G:情報通信業,,,,,,,,,,
8180001149415,株式会社ナゴウェブ,23:愛知県,1人,G:情報通信業,https://nagoweb.co.jp/koudou-keikaku/,,,,,,,,,
8280001000006,株式会社ペンタスネット,32:島根県,46人,G:情報通信業,,,,,,,,,,
4010401119921,株式会社Ａｌｉｃｅ,13:東京都,24人,G:情報通信業,https://www.aliceinc.co.jp/,,,,,,,,,
1010001156558,株式会社ＯＮＥ　ＡＣＴ,13:東京都,17人,G:情報通信業,,,,,,,,,,
4010001006966,株式会社文理,13:東京都,147人,G:情報通信業,https://www.bunri.co.jp/,,,,,,,,,
7290001055363,株式会社Ｇ－ｃｕｂｅ,40:福岡県,10人,G:情報通信業,,,,,,,,,,
4120001163920,キャル株式会社,27:大阪府,2973人,G:情報通信業,https://www.wantedly.com/companies/company_9662504,,,,,,,,,
3010401084654,Ｆａｃｅｂｏｏｋ　Ｊａｐａｎ合同会社,13:東京都,116人,G:情報通信業,,,,,,,,,,
2011001133356,株式会社アーバンエックステクノロジーズ,13:東京都,25人,G:情報通信業,https://www.urbanx-tech.com,,,,,,,,,
2010001236747,株式会社グローバル・ファイナンス,13:東京都,7人,G:情報通信業,https://global-finance.co.jp/,,,,,,,,,
8700150014424,ＫｏｎａｍｉＧａｍｉｎｇ，Ｉｎｃ．,14:神奈川県,59人,G:情報通信業,,,,,,,,,,
7013101007303,株式会社森未来,13:東京都,5人,G:情報通信業,https://shin-mirai.co.jp/,,,,,,,,,
8011201015431,株式会社スマイルマイスター,13:東京都,92人,G:情報通信業,,,,,,,,,,
1140001067255,株式会社日本システムプロデュース,28:兵庫県,3人,G:情報通信業,,,,,,,,,,
5310001016505,株式会社プロヴァシス,42:長崎県,2人,G:情報通信業,,,,,,,,,,
2011101076323,株式会社コムレイド,13:東京都,110人,G:情報通信業,,,,,,,,,,
4120001074242,株式会社ソウテン,27:大阪府,8人,G:情報通信業,,,,,,,,,,
3120001060929,株式会社インテグレート,27:大阪府,4人,G:情報通信業,,,,,,,,,,
4180001059766,株式会社アイコン,23:愛知県,22人,G:情報通信業,,,,,,,,,,
6011001108560,株式会社セキュアライズ,13:東京都,45人,G:情報通信業,,,,,,,,,,
5330001016288,株式会社システムフォレスト,43:熊本県,35人,G:情報通信業,,,,,,,,,,
1490001003893,株式会社ふりぃぼっくす,39:高知県,4人,G:情報通信業,,,,,,,,,,
8010401176307,株式会社ドットマークス,13:東京都,2人,G:情報通信業,,,,,,,,,,
3010001096117,デジタルアーツ株式会社,13:東京都,300人,G:情報通信業,http://www.daj.jp/,,,,,,,,,
8011001152821,株式会社エクス,13:東京都,6人,G:情報通信業,,,,,,,,,,
5011001099495,株式会社Ｖクォンタム,13:東京都,10人,G:情報通信業,,,,,,,,,,
5270001000562,日本海ケーブルネットワーク株式会社,31:鳥取県,70人,G:情報通信業,,,,,,,,,,
4010901048439,株式会社リバーサル,13:東京都,3人,G:情報通信業,,,,,,,,,,
8010401099788,株式会社Ｔｉｍｅｒｓ,13:東京都,63人,G:情報通信業,https://timers-inc.com/,,,,,,,,,
8060001005084,エス・トータルサポート株式会社,09:栃木県,52人,G:情報通信業,,,,,,,,,,
7011001073548,株式会社セキュアイノベーション,13:東京都,28人,G:情報通信業,,,,,,,,,,
4011001109255,株式会社セキュアアクシス,13:東京都,11人,G:情報通信業,,,,,,,,,,
6011001095849,株式会社セキュアサスティーン,13:東京都,19人,G:情報通信業,,,,,,,,,,
9011001103410,株式会社セキュアオプティマイズ,13:東京都,26人,G:情報通信業,,,,,,,,,,
5011001112729,株式会社セキュアトリニティ,13:東京都,20人,G:情報通信業,,,,,,,,,,
5140001026694,株式会社グッド・フィール,13:東京都,137人,G:情報通信業,,,,,,,,,,
4010901038910,株式会社Ｔａｎｄｅｍｓ,13:東京都,16人,G:情報通信業,,,,,,,,,,
6070001032749,株式会社ウェブスタイル,10:群馬県,0人,G:情報通信業,,,,,,,,,,
6010601065468,株式会社フローリー,13:東京都,3人,G:情報通信業,,,,,,,,,,
9010001203831,Ｓｔａｔｉｏｎ　Ｊａｐａｎ株式会社,13:東京都,5人,G:情報通信業,,,,,,,,,,
2290001080366,株式会社ＨＡＬ,13:東京都,18人,G:情報通信業,,,,,,,,,,
2010701034723,株式会社Ａｓｏｂｉｃａ,13:東京都,110人,G:情報通信業,https://asobica.co.jp/,,,,,,,,,
4010401093761,株式会社イソリア,13:東京都,8人,G:情報通信業,,,,,,,,,,
8260001035391,株式会社ＰｈａｒＴｅｃｈ,33:岡山県,6人,G:情報通信業,,,,,,,,,,
7010501031701,株式会社コンテライド,13:東京都,19人,G:情報通信業,,,,,,,,,,
3030001014786,株式会社ワールドリンク,11:埼玉県,24人,G:情報通信業,http://world-link-system.com/index.html,,,,,,,,,
8010601042572,株式会社サポータス,13:東京都,168人,G:情報通信業,https://supportas.co.jp,,,,,,,,,
9010401110784,株式会社チカク,13:東京都,13人,G:情報通信業,https://www.chikaku.co.jp/,,,,,,,,,
3120001232569,株式会社ＭｅｄｉａＸ,27:大阪府,2人,G:情報通信業,,,,,,,,,,
7120001178379,株式会社ＮＥＸＴＡＳ,27:大阪府,28人,G:情報通信業,,,,,,,,,,
3290001073922,株式会社くりぼー,40:福岡県,2人,G:情報通信業,,,,,,,,,,
2010801022504,株式会社プロサイト,13:東京都,6人,G:情報通信業,,,,,,,,,,
5020001011485,株式会社システム・キープ・ヤード,14:神奈川県,51人,G:情報通信業,,,,,,,,,,
1010401136408,ワンスタッド株式会社,13:東京都,7人,G:情報通信業,,,,,,,,,,
3011001046953,株式会社ビー・プライム,13:東京都,27人,G:情報通信業,,,,,,,,,,
8260001034105,アクター株式会社,33:岡山県,7人,G:情報通信業,https://ac-tor.co/,,,,,,,,,
7390001010127,株式会社マイ・コンピュータ・ソフト,06:山形県,23人,G:情報通信業,,,,,,,,,,
4011601018582,株式会社ＣＰＲ,13:東京都,9人,G:情報通信業,,,,,,,,,,
8011103007782,キャレット合同会社,13:東京都,23人,G:情報通信業,,,,,,,,,,
5011702003342,有限会社共栄商事,13:東京都,1人,G:情報通信業,,,,,,,,,,
9010001035721,株式会社アセンダント,13:東京都,11人,G:情報通信業,,,,,,,,,,
4290001024783,ＮＥＸＴシステムズ株式会社,40:福岡県,4人,G:情報通信業,http://www.next-jp.net/,,,,,,,,,
5011301025688,株式会社プレグロ,13:東京都,10人,G:情報通信業,https://pregro.jp/,,,,,,,,,
6040001033527,株式会社ｎｅｗ　ｃｒｅａｔｅ,10:群馬県,6人,G:情報通信業,https://newcreate.co.jp/,,,,,,,,,
4010001083576,株式会社パセリ,13:東京都,28人,G:情報通信業,,,,,,,,,,
7011001119532,ハマナス株式会社,13:東京都,10人,G:情報通信業,https://www.hermanus.co.jp/,https://www.hermanus.co.jp/,2人/1人/0人,1人/0人/0人,,1:有,1:有,1:有,1:有,
1010701022159,株式会社ガイアックス,13:東京都,140人,G:情報通信業,http://www.gaiax.co.jp/jp/,,,,,,,,,
9011001071335,株式会社デジタル・フロンティア,13:東京都,219人,G:情報通信業,https://www.dfx.co.jp/,,,,,,,,,
2010001140866,嘉創株式会社,13:東京都,21人,G:情報通信業,,,,,,,,,,
2011001072447,株式会社トリニアス,13:東京都,45人,G:情報通信業,,,,,,,,,,
3010001051055,株式会社ティ・ティ・アイ,13:東京都,15人,G:情報通信業,,,,,,,,,,
9050001016544,株式会社ＪＥＭＳ,08:茨城県,363人,G:情報通信業,https://www.j-ems.jp/,,,,,,,,,
9011701014469,株式会社ｆ４ｓａｍｕｒａｉ,13:東京都,145人,G:情報通信業,https://www.f4samurai.jp/,,,,,,,,,
9360001018468,株式会社ＰＩＡＬａｂ．,36:徳島県,64人,G:情報通信業,https://pialab.co.jp/,,,,,,,,,
9011001063308,株式会社リブセンス,13:東京都,295人,G:情報通信業,,,,,,,,,,
2011001073288,株式会社ティーアンジュ,13:東京都,17人,G:情報通信業,,,,,,,,,,
9010001074372,株式会社アイセルネットワークス,13:東京都,140人,G:情報通信業,,,,,,,,,,
7011001054309,シーオス株式会社,13:東京都,200人,G:情報通信業,https://www.seaos.co.jp/,,,,,,,,,
4360001011808,株式会社フューテックシステム,47:沖縄県,109人,G:情報通信業,,,,,,,,,,
7180001123734,株式会社トライエッティング,23:愛知県,20人,G:情報通信業,http://www.tryeting.jp,,,,,,,,,
9011601020220,株式会社ＭＥＢＵＫＵ,13:東京都,7人,G:情報通信業,,,,,,,,,,
5011101048609,アンリミ株式会社,13:東京都,101人,G:情報通信業,https://unlimi.co.jp/,,,,,,,,,
4430001067487,株式会社月虹製作,01:北海道,8人,G:情報通信業,,,,,,,,,,
8011001115010,株式会社アップシーク,13:東京都,28人,G:情報通信業,,,,,,,,,,
1010401152116,株式会社ユニヴァ・ジャイロン,13:東京都,29人,G:情報通信業,,,,,,,,,,
7011001118402,株式会社クォンタムフリント,13:東京都,7人,G:情報通信業,,,,,,,,,,
9500001000205,株式会社アイクコーポレーション,38:愛媛県,99人,G:情報通信業,https://www.aic.co.jp/,,,,,,,,,
4010401092904,株式会社イー・コミュニケーションズ,13:東京都,30人,G:情報通信業,https://www.e-coms.co.jp/,,,,,,,,,
7010401022998,株式会社日経ラジオ社,13:東京都,63人,G:情報通信業,https://www.radionikkei.jp/,,,,,,,,,
8011001114292,ＥＡＧＬＹＳ株式会社,13:東京都,7人,G:情報通信業,https://eaglys.co.jp,,,,,,,,,
6290001024245,株式会社パーソン,40:福岡県,12人,G:情報通信業,http://www.person3.com/,,,,,,,,,
1210001015371,Ｂｉｇｍａｃ株式会社,18:福井県,31人,G:情報通信業,,,,,,,,,,
2430001032732,株式会社ネットジャパン,01:北海道,18人,G:情報通信業,http://www.net-japan.jp/index.html,,,,,,,,,
4010001070401,株式会社ウェブインパクト,13:東京都,27人,G:情報通信業,https://www.webimpact.co.jp/,,,,,,,,,
5010001070136,フューチャー・エクシィード株式会社,13:東京都,45人,G:情報通信業,https://www.fexd.co.jp/,,,,,,,,,
9120001106924,株式会社ピークアドバンス,27:大阪府,41人,G:情報通信業,,,,,,,,,,
5500001010042,株式会社セイバンス,38:愛媛県,2人,G:情報通信業,,,,,,,,,,
2080401018664,株式会社ＮＯＫＩＯＯ,22:静岡県,17人,G:情報通信業,https://www.nokioo.jp/,,,,,,,,,
4120001170099,株式会社ＭＲＳ,27:大阪府,97人,G:情報通信業,http://mrs-inc.jp/,,,,,,,,,
4010001098649,株式会社エイジング,13:東京都,57人,G:情報通信業,https://www.azing.co.jp/,,,,,,,,,
9010005006504,一般社団法人ＪＰＣＥＲＴコーディネーションセンター,13:東京都,45人,G:情報通信業,,,,,,,,,,
3110001005307,株式会社マルス,15:新潟県,68人,G:情報通信業,,,,,,,,,,
3140001108759,株式会社アイピア,28:兵庫県,15人,G:情報通信業,https://aippearnet.com/company/,,,,,,,,,
8120001070139,株式会社プロネット,27:大阪府,50人,G:情報通信業,,,,,,,,,,
9011003018103,投資顧問ランキング合同会社,13:東京都,2人,G:情報通信業,,,,,,,,,,
3340001025323,株式会社ＧＩＮ,46:鹿児島県,2人,G:情報通信業,,,,,,1:有,1:有,0:無,0:無,
3010403020789,ＭＤＰＩ　Ｊａｐａｎ合同会社,13:東京都,12人,G:情報通信業,,,,,,,,,,
3030003011550,株式会社エキセント,13:東京都,1人,G:情報通信業,,,,,,,,,,
3013401002461,インフィニティメディカルソフト株式会社,13:東京都,23人,G:情報通信業,https://inf-medicalsoft.co.jp/recruit/,,,,,,,,,
6120001133335,株式会社リアルキャスト,27:大阪府,2人,G:情報通信業,,,,,,,,,,
6040001100599,株式会社ＷＩＣＨ,13:東京都,5人,G:情報通信業,https://wich.co.jp/,,,,,,,,,
9290001097668,株式会社ピコラボ,40:福岡県,1人,G:情報通信業,https://pico.inc/,https://pico.inc/,,,,0:無,1:有,1:有,0:無,
9160001013092,株式会社ビイサイドプランニング,25:滋賀県,29人,G:情報通信業,https://www.b-side.co.jp/about/#section_reason,,,,,,,,,
2010001009335,株式会社アイ・エヌ情報センター,13:東京都,56人,G:情報通信業,,,,,,,,,,
9180001065363,シースリーインデックス株式会社,23:愛知県,53人,G:情報通信業,,,,,,,,,,
1120901043381,株式会社ＡＢＡＢＡ,13:東京都,12人,G:情報通信業,,,,,,,,,,
4160001016174,株式会社ＰＫＢソリューション,25:滋賀県,35人,G:情報通信業,,,,,,,,,,
5011001056843,株式会社ビジネスアプリケーションシステムズ,13:東京都,10人,G:情報通信業,http://www.basystems.co.jp,,,,,,,,,
4010401031713,ルウガルソン株式会社,13:東京都,91人,G:情報通信業,,,,,,,,,,
4010001196873,株式会社ビズパ,13:東京都,12人,G:情報通信業,,,,,,,,,,
4340001006009,株式会社ＷＩＳＨシステムコンサルティング,46:鹿児島県,100人,G:情報通信業,http://wish-sc.co.jp/,,,,,,,,,
4020001128545,株式会社ｄｏｔＤ,13:東京都,32人,G:情報通信業,,,,,,,,,,
4011001104504,株式会社ＭＡＩＳＯＮ　ＭＡＲＣ,13:東京都,34人,G:情報通信業,,,,,,,,,,
4040001029527,株式会社サクラ情報システム,13:東京都,22人,G:情報通信業,http://www.e-cis.co.jp/,,,,,,,,,
5011101081907,株式会社グリーンライト,14:神奈川県,4人,G:情報通信業,,,,,,,,,,
9050002031039,有限会社ドリームズ・カム・トゥルー,08:茨城県,28人,G:情報通信業,,,,,,,,,,
4290801006246,九州システムコンサルティング株式会社,40:福岡県,19人,G:情報通信業,http://www.k-s-c.co.jp/,,,,,,,,,
6360001018058,株式会社グローバルイノベーション,47:沖縄県,20人,G:情報通信業,,,,,,,,,,
9140001129881,ＣＨＡＮＴＯ株式会社,28:兵庫県,10人,G:情報通信業,https://chanto.design/,,,,,,,,,
8290003008954,合同会社イーマージ,40:福岡県,2人,G:情報通信業,,,,,,,,,,
5010401124334,株式会社ｈｉｔｏｃｏｌｏｒ,13:東京都,39人,G:情報通信業,,,,,,,,,,
1010401031666,株式会社菱友システムビジネス,13:東京都,140人,G:情報通信業,,,,,,,,,,
3013301041997,株式会社ＥＮＧＲＯＷ,13:東京都,7人,G:情報通信業,,,,,,,,,,
4011601022320,ファーストループテクノロジー株式会社,13:東京都,14人,G:情報通信業,,,,,,,,,,
4400001013452,クラリスアート株式会社,03:岩手県,31人,G:情報通信業,,,,,,,,,,
1010001113055,株式会社リアルプロモーション,13:東京都,5人,G:情報通信業,,,,,,,,,,
6010501037757,株式会社ＡＤＳＯＵＬ,13:東京都,9人,G:情報通信業,https://adsoul.jp/,,,,,,,,,
5010701040462,株式会社Ｔｉｍｅｗｉｔｃｈ,13:東京都,19人,G:情報通信業,,,,,,,,,,
7430001039194,株式会社オプテック北海道,01:北海道,25人,G:情報通信業,,,,,,,,,,
9011101085664,株式会社ＡＩＬＥＳ,13:東京都,15人,G:情報通信業,,,,,,,,,,
8010401110736,ＬＩＦＥ　ＳＴＹＬＥ株式会社,13:東京都,10人,G:情報通信業,https://l-s.co.jp/,,,,,,,,,
2010701030796,比較サイト株式会社,13:東京都,1人,G:情報通信業,,,,,,,,,,
3020003015412,株式会社ヤックル,13:東京都,5人,G:情報通信業,,,,,,,,,,
5430002036449,株式会社エスイーギルド,01:北海道,17人,G:情報通信業,http://seguild.com/,,,,,,,,,
6010001156297,株式会社シーテクホールディングス,13:東京都,233人,G:情報通信業,,,,,,,,,,
7011301019036,株式会社ラフルール,13:東京都,5人,G:情報通信業,,,,,,,,,,
8010401002859,インタービジヨン株式会社,13:東京都,6人,G:情報通信業,,,,,,,,,,
7010601060187,ＫＹＯ株式会社,13:東京都,3人,G:情報通信業,,,,,,,,,,
6180001106095,ライフドクター株式会社,14:神奈川県,6人,G:情報通信業,,,,,,,,,,
8010001199971,株式会社スマートホスピタル,13:東京都,4人,G:情報通信業,,,,,,,,,,
5020001118776,株式会社フィエスタプロジェクト,12:千葉県,3人,G:情報通信業,,,,,,,,,,
5010001150061,サークレイス株式会社,13:東京都,259人,G:情報通信業,,,,,,,,,,
3013301033739,株式会社ＧＯＩＮＧ,27:大阪府,7人,G:情報通信業,,,,,,,,,,
7010001022317,株式会社ダンクソフト,13:東京都,28人,G:情報通信業,https://www.dunksoft.com/,,,,,,,,,
5011101084967,株式会社Ｋｉｎｇ　Ｑｕｅｓｔ,14:神奈川県,2人,G:情報通信業,,,,,,,,,,
8011001154974,株式会社ＫａＫａ　Ｃｒｅａｔｉｏｎ,13:東京都,1人,G:情報通信業,,,,,,,,,,
8090001012755,勝沼ＣＡＴＶ株式会社,19:山梨県,6人,G:情報通信業,,,,,,,,,,
2010401071678,株式会社ＵＰＤＡＴＡ,13:東京都,2人,G:情報通信業,https://updata.tech/,,,,,,,,,
2010601049929,グレートウェア株式会社,13:東京都,13人,G:情報通信業,,,,,,,,,,
3010903005273,合同会社セイチ,13:東京都,1人,G:情報通信業,https://seichi.site/,,,,,,,,,
5010001150573,ＡｓｉａｎＳｔｒｅａｍ株式会社,13:東京都,69人,G:情報通信業,https://asianstream.co.jp/recruit/climate.html,,,,,,,,,
6240001006009,株式会社ダイセック,34:広島県,50人,G:情報通信業,https://www.disec.co.jp/recruit/welfare/,,,,,,,,,
1290001001769,シンカ株式会社,40:福岡県,180人,G:情報通信業,,,,,,,,,,
5010401081856,エンパワーヘルスケア株式会社,13:東京都,115人,G:情報通信業,https://www.empower-hc.com/,,,,,,,,,
9100003004384,株式会社ヤツガタケシゴトニン,20:長野県,8人,G:情報通信業,,,,,,,,,,
6180001060227,デジタルミックス株式会社,23:愛知県,51人,G:情報通信業,http://www.digitalmix.jp/,,,,,,,,,
6010001080514,アイビーシー株式会社,13:東京都,74人,G:情報通信業,,,,,,,,,,
8470001005076,株式会社フリップロジック,37:香川県,5人,G:情報通信業,,,,,,,,,,
9050001022914,株式会社茨城計算センター,08:茨城県,276人,G:情報通信業,,,,,,,,,,
1140001069045,新明和ソフトテクノロジ株式会社,28:兵庫県,182人,G:情報通信業,,,,,,,,,,
9050001023490,株式会社日立データーセンター,08:茨城県,153人,G:情報通信業,,,,,,,,,,
9013301019047,株式会社光通信,13:東京都,5人,G:情報通信業,http://www.hikari.co.jp/,,,,,,,,,
7220001019003,株式会社トリニティコアシステム,17:石川県,10人,G:情報通信業,http://asahicorp.info/index.php/,,,,,,,,,
5010001175141,株式会社ホリデイ,13:東京都,2人,G:情報通信業,,,,,,,,,,
3120101056629,株式会社ザイドパートナーズ,27:大阪府,8人,G:情報通信業,,,,,,,,,,
1010001103634,株式会社クロスパワー,13:東京都,160人,G:情報通信業,,,,,,,,,,
7230001005415,株式会社リアライズ,16:富山県,12人,G:情報通信業,,,,,,,,,,
2250001014146,株式会社地域情報新聞しものせき,35:山口県,7人,G:情報通信業,https://www.hop-s.jp/,,,,,,,,,
6020001149382,株式会社ｒｉｐｐｌｅｓ,13:東京都,2人,G:情報通信業,,,,,,,,,,
5010401000691,株式会社アイテック,13:東京都,94人,G:情報通信業,https://itecgr-portal.sakura.ne.jp/forums/topic/%e4%b8%a1%e7%ab%8b%e6%94%af%e6%8f%b4%e3%83%91%e3%83%b3%e3%83%952025/,,,,,,,,,
2120001053066,株式会社メトロ,27:大阪府,139人,G:情報通信業,,,,,,,,,,
4010401174652,株式会社マーキュリー,13:東京都,25人,G:情報通信業,https://mercvry.jp/about/,,,,,,,,,
8011201018624,株式会社ＢｔｏＡ,13:東京都,0人,G:情報通信業,https://betterengage.ai/,,,,,,,,,
1011101047390,株式会社ノヴィータ,13:東京都,34人,G:情報通信業,,,,,,,,,,
1290001091422,株式会社東海岸,40:福岡県,4人,G:情報通信業,,,,,,,,,,
1430001041759,株式会社調和技研,01:北海道,57人,G:情報通信業,http://www.chowagiken.co.jp/,,,,,,,,,
1320001011624,株式会社ドリームプロモーション,44:大分県,18人,G:情報通信業,,,,,,,,,,
8180001158663,株式会社ファブリカコミュニケーションズ,23:愛知県,159人,G:情報通信業,https://www.fabrica-com.co.jp/,,,,,,,,,
9350002007982,株式会社ポップミックス,45:宮崎県,4人,G:情報通信業,,,,,,,,,,
5120001146742,株式会社リアルナ,27:大阪府,25人,G:情報通信業,https://www.realna.co.jp,,,,,,,,,
1011001048349,株式会社ケープロジェクト,13:東京都,40人,G:情報通信業,,,,,,,,,,
5011101079934,株式会社デブリ,13:東京都,2人,G:情報通信業,,,,,,,,,,
4010001207721,株式会社華飛,13:東京都,1人,G:情報通信業,,,,,,,,,,
4020001136465,ＳＯＡＲＩＮ株式会社,13:東京都,19人,G:情報通信業,,,,,,,,,,
3010001174624,株式会社Ｒｅｓｐａｗｎ,13:東京都,86人,G:情報通信業,,,,,,,,,,
8120901048770,株式会社ＶＯＬＴＭＩＮＤ,27:大阪府,6人,G:情報通信業,https://voltmind.jp/,,,,,,,,,
7340002000098,有限会社ダイアン,46:鹿児島県,2人,G:情報通信業,,,,,,,,,,
1290001080219,株式会社まいぺんらい,40:福岡県,2人,G:情報通信業,https://maipenrai-inc.co.jp/,,,,,0:無,1:有,0:無,0:無,
4011001144938,株式会社ＶＥＮＥ　ＢＡＳＥ,13:東京都,40人,G:情報通信業,,,,,,,,,,
3010401041548,ＢＴＤ　ＳＴＵＤＩＯ株式会社,13:東京都,13人,G:情報通信業,,,,,,,,,,
4120001196367,株式会社テイルズ,27:大阪府,1人,G:情報通信業,,,,,,,,,,
6430001087038,株式会社ｅｅｋ,01:北海道,4人,G:情報通信業,,,,,,,,,,
3010001249822,カコムスＳＩＴ株式会社,27:大阪府,200人,G:情報通信業,,,,,,,,,,
7010501049776,株式会社Ｓｕｅｅｅｎ,13:東京都,2人,G:情報通信業,,,,,,,,,,
8500001014453,株式会社フロントエンド,38:愛媛県,17人,G:情報通信業,https://www.frontend.co.jp/,,,,,,,,,
3011001153584,株式会社ＰＡＬＡＣＥ　ＥＤＧＥ,13:東京都,3人,G:情報通信業,,,,,,,,,,
5010401084611,株式会社Ｓｐｅｅｅ,13:東京都,740人,G:情報通信業,,,,,,,,,,
9130001005101,株式会社淡交社,26:京都府,130人,G:情報通信業,http://www.tankosha.co.jp,,,,,,,,,
8010401121023,ナーブ株式会社,13:東京都,30人,G:情報通信業,,,,,,,,,,
3011001134980,Ｉｎｔｅｇｒａｌ　Ｊａｐａｎ株式会社,13:東京都,9人,G:情報通信業,,,,,,,,,,
5011001069507,ＫＦ－Ｗｏｒｋｓ株式会社,13:東京都,8人,G:情報通信業,,,,,,,,,,
5120001193685,株式会社メイクスビュー,27:大阪府,38人,G:情報通信業,https://www.makes-view.co.jp/,https://www.makes-view.co.jp/recruitment/,,,,0:無,0:無,0:無,0:無,
7120001230107,ＲＥＭＯＤＥＬＡ株式会社,27:大阪府,6人,G:情報通信業,,,,,,,,,,
5360003005988,楽しいメディアカンパニーＯＫＩＮＡＷＡ合同会社,47:沖縄県,11人,G:情報通信業,,,,,,,,,,
5060001026273,ならでわ株式会社,09:栃木県,8人,G:情報通信業,https://naradewa.co.jp/,,,,,,,,,
3010601044532,株式会社ＱＵＩＣＫトレーディングテクノロジーズ,13:東京都,2人,G:情報通信業,,,,,,,,,,
6130001062822,株式会社ＣＨＩＬＬＮＮ,26:京都府,10人,G:情報通信業,,,,,,,,,,
2010401131382,Ｓｏｍｅ　Ｍｉｇｈｔ　Ｓａｙ株式会社,13:東京都,6人,G:情報通信業,,,,,,,,,,
4020001124684,株式会社わんわんわん,40:福岡県,2人,G:情報通信業,https://wanwanwan.co.jp/,,,,,,,,,
5430001075828,ビジネスサポート株式会社,01:北海道,3人,G:情報通信業,,,,,,,,,,
3011601011712,株式会社サイバーシーン,13:東京都,3人,G:情報通信業,,,,,,,,,,
3013301046666,株式会社ホシテックス,13:東京都,3人,G:情報通信業,,,,,,,,,,
5010001138107,株式会社スタンフット,13:東京都,8人,G:情報通信業,,,,,,,,,,
5010401166814,株式会社リチェルカ,13:東京都,10人,G:情報通信業,,,,,,,,,,
5020001022540,株式会社エフネット,14:神奈川県,98人,G:情報通信業,,,,,,,,,,
9180001111984,ビクシア株式会社,23:愛知県,5人,G:情報通信業,,,,,,,,,,
1011003010876,合同会社ｈａｒｕｚｉｏｎ,13:東京都,2人,G:情報通信業,,,,,,,,,,
1011001152712,株式会社ヘアモデルバンク,13:東京都,3人,G:情報通信業,,,,,,,,,,
8011101077497,株式会社ミックス,13:東京都,3人,G:情報通信業,,,,,,,,,,
7010601032657,株式会社高昇,13:東京都,240人,G:情報通信業,,,,,,,,,,
4010401087722,エクイニクス・ジャパン株式会社,13:東京都,223人,G:情報通信業,,,,,,,,,,
9430001027008,株式会社ソフテック,01:北海道,11人,G:情報通信業,https://libmax.com,,,,,,,,,
5010701031718,株式会社ＳＦＭ,13:東京都,25人,G:情報通信業,,,,,,,,,,
5010001227066,ＥＸ４Ｅｎｅｒｇｙ株式会社,13:東京都,6人,G:情報通信業,,,,,,,,,,
5011001093779,きびだんご株式会社,13:東京都,16人,G:情報通信業,https://kibidango.com/,https://www.wantedly.com/companies/kibidango,,,93%/    %/    %,1:有,1:有,1:有,0:無,"採用担当者がオンボーディングを行います。
メンター制度があり、ランチをしながらメンターと面談ができます。その際のランチ代を支給します。"
1040001126946,株式会社ＢｏｒｄｅｒＴｅｃｈ,12:千葉県,1人,G:情報通信業,https://www.bordertech.co.jp,,,,,,,,,
6010401095871,株式会社ＦＲＡＭＥＬＵＮＣＨ,13:東京都,28人,G:情報通信業,http://framelunch.jp/,,,,,,,,,
2011101105247,株式会社ＨＡＤＡ,13:東京都,0人,G:情報通信業,,,,,,,,,,
9011401002162,株式会社国書刊行会,13:東京都,50人,G:情報通信業,,,,,,,,,,
4010401120747,ＮＨＮ　ＰｌａｙＡｒｔ株式会社,13:東京都,240人,G:情報通信業,https://www.nhn-playart.com/index.nhn,,,,,,,,,
9500001013529,インターコネクト株式会社,38:愛媛県,6人,G:情報通信業,http://interconnect.cc,,,,,,,,,
5010401093810,株式会社アクシス,13:東京都,26人,G:情報通信業,https://axi.co.jp/,,,,,,,,,
8011101017866,株式会社ビービーシー,13:東京都,35人,G:情報通信業,,,,,,,,,,
7120901039408,株式会社グローイングアップ,27:大阪府,3人,G:情報通信業,,,,,,,,,,
8011001147656,株式会社Ｐｕｒｐｏｍ　Ｍｅｄｉａ　Ｌａｂ,13:東京都,7人,G:情報通信業,,,,,,,,,,
3011001151134,株式会社ＤｒｕｍＲｏｌｅ,13:東京都,3人,G:情報通信業,https://drumrole.jp/,,,,,,,,,
8011001150057,株式会社Ａｒｃｈｅｄａ,13:東京都,0人,G:情報通信業,,,,,,,,,,
6010501043342,テンル株式会社,13:東京都,80人,G:情報通信業,,,,,,,,,,
4010001225855,日本総合技術株式会社,13:東京都,8人,G:情報通信業,,,,,,,,,,
1011101083477,株式会社ａｂｃｏｍｐａｎｙ,13:東京都,3人,G:情報通信業,,,,,,,,,,
5010401095419,株式会社アンビシャス,40:福岡県,3人,G:情報通信業,,,,,,,,,,
4011101066933,ＨＡＩＲＣＡＭＰ株式会社,13:東京都,17人,G:情報通信業,,,,,,,,,,
6010401083620,ＢＲＡＮＵ株式会社,13:東京都,55人,G:情報通信業,https://branu.jp/,,,,,,,,,
9010601032977,株式会社ブルー,13:東京都,52人,G:情報通信業,,,,,,,,,,
6013301022838,株式会社パルシス,13:東京都,78人,G:情報通信業,,,,,,,,,,
1120001251752,裏方ハック株式会社,27:大阪府,2人,G:情報通信業,,,,,,,,,,
4011801032648,株式会社ＳＵＩ,13:東京都,2人,G:情報通信業,https://sui.co.jp/,,,,,,,,,
5011601018648,株式会社Ｌａｙ－ｄｕｃｅ,13:東京都,23人,G:情報通信業,,,,,,,,,,
8010001231255,株式会社ＡｃｃｅｌＨａｃｋ,13:東京都,12人,G:情報通信業,,,,,,,,,,
7040003009202,テクロ株式会社,13:東京都,103人,G:情報通信業,,,,,,,,,,
2013301037261,株式会社ＲＥＩ,13:東京都,48人,G:情報通信業,,,,,,,,,,
3040001009983,株式会社ちばテレビメディアネット,12:千葉県,25人,G:情報通信業,,,,,,,,,,
2010401163434,株式会社データフォーシーズ,13:東京都,40人,G:情報通信業,,,,,,,,,,
2010401171338,株式会社ＡＬＩＣＯＲＮ,13:東京都,1人,G:情報通信業,,,,,,,,,,
2180301026385,株式会社ＧＡＦＳ,23:愛知県,20人,G:情報通信業,,,,,,,,,,
9010001118708,グロースエクスパートナーズ株式会社,13:東京都,282人,G:情報通信業,https://www.gxp-group.co.jp/,,,,,,,,,
6011201018155,株式会社ＥＧＧ　ＦＩＲＭ,13:東京都,7人,G:情報通信業,,,,,,,,,,
3010001163965,株式会社ＬＯＢＯ,13:東京都,2人,G:情報通信業,,,,,,,,,,
5013301017946,株式会社アドバンスト・メディア,13:東京都,281人,G:情報通信業,https://www.advanced-media.co.jp/,,,,,,,,,
2340001010086,株式会社クローバーシステム,46:鹿児島県,26人,G:情報通信業,,,,,,,,,,
1020001127822,株式会社アクラボ,14:神奈川県,10人,G:情報通信業,,,,,,,,,,
2120001073097,株式会社アイアンドディ,27:大阪府,46人,G:情報通信業,https://www.aidi.co.jp/,,,,,,,,,
1010403020196,合同会社エムズ,17:石川県,2人,G:情報通信業,,,,,,,,,,
5010501027544,株式会社ウィルド,13:東京都,10人,G:情報通信業,http://wyrd.co.jp/,,,,,,,,,
6370001014394,株式会社シムネット,04:宮城県,122人,G:情報通信業,,,,,,,,,,
8010401170004,ＸＲＯＳＳ　ＰＯＩＮＴ株式会社,13:東京都,6人,G:情報通信業,,,,,,,,,,
8430001007019,株式会社シー・エー・ティー,01:北海道,20人,G:情報通信業,https://www.kkcat.co.jp/,,,,,,,,,
4011101031796,株式会社インターエデュ・ドットコム,13:東京都,50人,G:情報通信業,https://corporate.inter-edu.com/,,,,,,,,,
2180001068439,株式会社インフィニティ,23:愛知県,9人,G:情報通信業,,,,,,,,,,
4010001139808,株式会社ワイヤ・アンド・ワイヤレス,13:東京都,42人,G:情報通信業,https://wi2.co.jp/,,,,,,,,,
1120001207515,株式会社セブンオーシャン,27:大阪府,15人,G:情報通信業,http://seven-ocean7.com,,,,,,,,,
8120001046709,株式会社ＢＳＣ,27:大阪府,136人,G:情報通信業,,,,,,,,,,
7021001043129,株式会社Ｐｏｌｅｓｔａｒ－ＩＤ,13:東京都,130人,G:情報通信業,,,,,,,,,,
1010001145924,株式会社口コミ広場,13:東京都,23人,G:情報通信業,https://kuchikomi-official.com/,,,,,,,,,
5122001014912,株式会社ナツバ,27:大阪府,50人,G:情報通信業,,,,,,,,,,
6010001125814,株式会社グッドビジョン,13:東京都,5人,G:情報通信業,,,,,,,,,,
2020001122079,株式会社Ａｐｒｅｎｄｅｒ,40:福岡県,11人,G:情報通信業,https://aprender-inc.notion.site/Aprender-114cc9819bfe80b5b812ee476cc0e77d,,,,,,,,,
7010001121374,株式会社ディートレーダー,13:東京都,6人,G:情報通信業,,,,,,,,,,
4230001000030,株式会社アイドママーケティングコミュニケーション,16:富山県,239人,G:情報通信業,https://www.e-aidma.co.jp/,,,,,,,,,
4013201016719,日本映像クリエイティブ株式会社,13:東京都,35人,G:情報通信業,,,,,,,,,,
5011001031004,株式会社エス・エス・エス,13:東京都,27人,G:情報通信業,http://www.3si.co.jp/,,,,,,,,,
5050001005682,株式会社夢工房,04:宮城県,18人,G:情報通信業,,,,,,,,,,
5040001110954,株式会社ＴｅｃｈＡｍｂｉｔｉｏｎ,13:東京都,2人,G:情報通信業,,,,,,,,,,
5013301036351,株式会社ｐ－ｗａｖｅ,13:東京都,9人,G:情報通信業,,,,,,,,,,
7030001160189,株式会社エフシステム,11:埼玉県,8人,G:情報通信業,,,,,,,,,,
5010001148221,東京インタープレイ株式会社,13:東京都,8人,G:情報通信業,http://www.tokyo-ip.co.jp/,,,,,,,,,
1010401047596,株式会社オサマジョール,13:東京都,16人,G:情報通信業,,,,,,,,,,
9010001051264,ＭＴワールドヴィジョン株式会社,13:東京都,3人,G:情報通信業,,,,,,,,,,
4010001187856,株式会社ＡＣＥＳ,13:東京都,90人,G:情報通信業,,,,,,,,,,
6010701033498,株式会社ＱＯＬＥＴ,13:東京都,75人,G:情報通信業,,,,,,,,,,
8020001128970,株式会社アイラボ,13:東京都,4人,G:情報通信業,,,,,,,,,,
6010701039900,株式会社ＢＡＦ,13:東京都,0人,G:情報通信業,,,,,,,,,,
4430001012996,株式会社ネイビーズ・クリエイション,01:北海道,11人,G:情報通信業,http://navys.co.jp/,,,,,,,,,
9110001016983,ドコドア株式会社,15:新潟県,43人,G:情報通信業,https://docodoor.com/recruit/,,,,,,,,,
1010001206890,株式会社Ｂａｓｅｅｄ,13:東京都,8人,G:情報通信業,,,,,,,,,,
8010001220332,フレンズ株式会社,13:東京都,0人,G:情報通信業,,,,,,,,,,
4010003032853,合同会社ＬＧＬ,13:東京都,5人,G:情報通信業,https://lgl.co.jp/,,,,,,,,,
6410001000407,株式会社あきたタウン情報,05:秋田県,15人,G:情報通信業,http://www.akitatj.co.jp,,,,,,,,,
1011001142688,株式会社アクシス,13:東京都,85人,G:情報通信業,,,,,,,,,,
3011001056358,アクシスルートホールディングス株式会社,13:東京都,15人,G:情報通信業,https://axisroot-holdings.co.jp/,,,,,,,,,
3430001062811,アクシスイノベーション株式会社,13:東京都,30人,G:情報通信業,,,,,,,,,,
3260001015365,株式会社Ｗｏｒｌｄ　Ｗｉｄｅ　Ｓｙｓｔｅｍ,33:岡山県,41人,G:情報通信業,,,,,,,,,,
4010401103149,株式会社ＮＪＳ,13:東京都,4人,G:情報通信業,https://n-j-s.co.jp/,,,,,,,,,
9011001148488,株式会社フィオクラブ,13:東京都,2人,G:情報通信業,,,,,,,,,,
3010401111425,株式会社ＳＯ－ＺＯ,13:東京都,4人,G:情報通信業,,,,,,,,,,
4010701007776,日本通信株式会社,13:東京都,114人,G:情報通信業,,,,,,,,,,
2011001102352,株式会社ＴＥＣＨＦＵＮＤ,13:東京都,4人,G:情報通信業,,,,,,,,,,
5011001100964,株式会社Ｓｐｉｎｃｏａｓｔｅｒ,13:東京都,25人,G:情報通信業,https://spincoaster.co.jp,,,,,,,,,
2010501045210,株式会社ＣＢＡ,13:東京都,8人,G:情報通信業,,,,,,,,,,
5010501034805,Ｃｒｉｃｏ株式会社,13:東京都,37人,G:情報通信業,,,,,,,,,,
5011601019159,イノビジョン株式会社,13:東京都,8人,G:情報通信業,http://www.innovision.co.jp/,,,,,,,,,
4010001230137,トモラク株式会社,13:東京都,5人,G:情報通信業,,,,,,,,,,
9010701040178,株式会社地球の歩き方,13:東京都,42人,G:情報通信業,,,,,,,,,,
4012401025810,後藤ブランド株式会社,13:東京都,15人,G:情報通信業,,,,,,,,,,
8013301038345,株式会社ＥＰＡＲＫリラク＆エステ,13:東京都,169人,G:情報通信業,https://mitsuraku.jp/,,,,,,,,,
6140001038152,株式会社パスカル,28:兵庫県,9人,G:情報通信業,http://www.pascal-kobe.co.jp/,,,,,,,,,
6011101029987,株式会社メディアフォース,13:東京都,222人,G:情報通信業,https://www.mforce.co.jp,,,,,,,,,
1011001156911,株式会社グロースピリット,13:東京都,4人,G:情報通信業,https://growspirit.jp/,https://growspirit.jp/,,,,1:有,1:有,1:有,0:無,
4011101073054,株式会社ＯｎｅＡＩ,40:福岡県,30人,G:情報通信業,https://hitobito.co.jp/,,,,,,,,,
4011001070985,株式会社アドグローブ,13:東京都,305人,G:情報通信業,,,,,,,,,,
4260001029455,株式会社ＹＥＢＩＳＵ　ｊａｐａｎ,33:岡山県,3人,G:情報通信業,,,,,,,,,,
9010001155701,株式会社Ｄ２ＣＸ,13:東京都,34人,G:情報通信業,,,,,,,,,,
5200001029253,リップルネット株式会社,21:岐阜県,6人,G:情報通信業,http://www.rip-ple.com/,,,,,,,,,
9011201015488,株式会社フーモア,13:東京都,155人,G:情報通信業,https://whomor.com/,,,,,,,,,
1260003001943,システムエンジニア合同会社,33:岡山県,9人,G:情報通信業,https://sellc.jp/,,0人/0人/1人,0人/0人/1人,,1:有,1:有,0:無,0:無,
8011101045347,株式会社クロスゲームズ,13:東京都,130人,G:情報通信業,https://www.cross-games.jp/,,,,,,,,,
3160001014410,株式会社アクセル,25:滋賀県,14人,G:情報通信業,https://axl.co.jp/,,,,,,,,,
2011001151168,株式会社アクシスピークス,13:東京都,1人,G:情報通信業,,,,,,,,,,
8220001008038,株式会社エイ・ティ情報研,17:石川県,90人,G:情報通信業,https://www.at-j.co.jp/,,,,,,,,,
3011001097105,株式会社サンカ,13:東京都,5人,G:情報通信業,https://sanka.io/ja,,,,,,,,,
3250001001325,株式会社ＹＫプランニング,35:山口県,46人,G:情報通信業,https://www.yk-planning.com/,https://www.yk-planning.com/recruit/index.html,12人/5人/0人,0人/0人/0人,,1:有,1:有,1:有,1:有,
2011001127077,株式会社ＭＵＦＡＳＡ　Ｔｅｃｈｎｏｌｏｇｙ,13:東京都,10人,G:情報通信業,,,,,,,,,,
4010501046181,株式会社ニュー,13:東京都,2人,G:情報通信業,,,,,,,,,,
7011002027767,有限会社ミーツファクトリー,13:東京都,5人,G:情報通信業,,,,,,,,,,
5013301044775,株式会社アンノーン,13:東京都,2人,G:情報通信業,https://unoun.co.jp/,,,,,,,,,
9010401164970,じぶんノート株式会社,13:東京都,33人,G:情報通信業,,,,,,,,,,
1010001162333,Ａｎｚｏｆ株式会社,13:東京都,4人,G:情報通信業,http://radicalad.co.jp/,,,,,,,,,
2011201012888,株式会社ねこじゃらし,13:東京都,25人,G:情報通信業,,,,,,,,,,
4010401148838,Ｄｅｌｔａｎ株式会社,13:東京都,7人,G:情報通信業,,,,,,,,,,
4200001003507,株式会社テクノシステム,21:岐阜県,35人,G:情報通信業,https://www.technosys.co.jp/,,,,,,,,,
7010001096088,アシアル株式会社,13:東京都,40人,G:情報通信業,http://www.asial.co.jp/,,,,,,,,,
5140001086730,株式会社ロジカルスタジオ,27:大阪府,32人,G:情報通信業,,,,,,,,,,
2010601047049,株式会社ドリームアカデミー,12:千葉県,37人,G:情報通信業,,,,,,,,,,
8340001020955,株式会社しーま,46:鹿児島県,9人,G:情報通信業,,,,,,,,,,
5290001026969,株式会社ダイヤグラムシステム,40:福岡県,19人,G:情報通信業,https://diagram.co.jp/,,,,,,,,,
2200001031385,サン・中部株式会社,21:岐阜県,3人,G:情報通信業,,,,,,,,,,
9011001106347,株式会社９課,13:東京都,7人,G:情報通信業,,,,,,,,,,
8290001076607,株式会社Ｊａｐｏｎｌｉｎｅ,40:福岡県,8人,G:情報通信業,,,,,,,,,,
4011103009304,ＩＮＰＡ株式会社,13:東京都,3人,G:情報通信業,https://inpa.jp/,,,,,1:有,1:有,1:有,0:無,
9030001141022,株式会社ＦＵＥＬＨＡＳＨ,11:埼玉県,6人,G:情報通信業,,,,,,,,,,
8010501050106,Ｌｉｇｈｔ　Ｓｔｕｄｉｏ株式会社,13:東京都,3人,G:情報通信業,https://www.lightstudio.co.jp/,,,,,,,,,
6010401081673,株式会社ピーブイシステムズ,12:千葉県,57人,G:情報通信業,,,,,,,,,,
1040001112434,株式会社ガーネットコンサルティング,12:千葉県,5人,G:情報通信業,,,,,,,,,,
6120001233523,株式会社トライデント企画,27:大阪府,0人,G:情報通信業,,,,,,,,,,
4011001143774,株式会社Ｌｅｏ　Ｓｏｐｈｉａ　Ｇｒｏｕｐ,13:東京都,56人,G:情報通信業,,,,,,,,,,
7310001003575,株式会社ドゥアイネット,42:長崎県,12人,G:情報通信業,http://www.doinet.co.jp/,,,,,,,,,
2380001006502,株式会社福島中央テレビ,07:福島県,114人,G:情報通信業,,,,,,,,,,
1290001058322,エルディーフォース株式会社,40:福岡県,0人,G:情報通信業,,,,,,,,,,
9120001123416,テレマート株式会社,27:大阪府,33人,G:情報通信業,,,,,,,,,,
3011701020869,トゥ株式会社,13:東京都,6人,G:情報通信業,,,,,,,,,,
9010401148239,ＬＤＴ株式会社,13:東京都,45人,G:情報通信業,,,,,,,,,,
9030001050132,株式会社ウェイブ,13:東京都,193人,G:情報通信業,https://wwwave.jp/,,,,,,,,,
5190001022061,株式会社サザンダイア,23:愛知県,14人,G:情報通信業,https://southerndia.co.jp/,,,,,,,,,
2290001063651,グラウド株式会社,40:福岡県,120人,G:情報通信業,http://www.glowd.co.jp/,,,,,,,,,
3430001074261,株式会社ＦＲＡＳＣＯ,01:北海道,4人,G:情報通信業,,,,,,,,,,
4011601015547,Ｍｏｇｉｃ株式会社,13:東京都,19人,G:情報通信業,http://www.mogic.jp/,,,,,,,,,
4010501047568,アイセンス株式会社,11:埼玉県,15人,G:情報通信業,,,,,,,,,,
1120001190892,株式会社ＯＭＮＩＢＵＳ,27:大阪府,12人,G:情報通信業,,,,,,,,,,
5011001135283,株式会社Ｍｉｎｅｄ,13:東京都,3人,G:情報通信業,,,,,,,,,,
3011001118224,株式会社プラウドリンク,13:東京都,7人,G:情報通信業,http://proud-g.jp/,,,,,,,,,
7010901033041,株式会社エスカドラ,13:東京都,15人,G:情報通信業,,,,,,,,,,
6010001079903,株式会社チエ・オプティマム・ソリューションズ,13:東京都,15人,G:情報通信業,,,,,,,,,,
1120001057290,株式会社ナレッジソフトウェア,27:大阪府,36人,G:情報通信業,http://www.knsw.co.jp,,,,,,,,,
3010501045812,Ｌｉｅｎ株式会社,14:神奈川県,12人,G:情報通信業,,,,,,,,,,
3180001122830,株式会社ＤＣＧ　Ｅｎｔｅｒｔａｉｎｍｅｎｔ,23:愛知県,57人,G:情報通信業,,,,,,,,,,
3010001081473,株式会社日立フーズ＆ロジスティクスシステムズ,13:東京都,161人,G:情報通信業,http://www.hitachi-fls.co.jp/,,,,,,,,,
5010001089614,Ｑｕｅｓｔ－Ｃｏｍ株式会社,13:東京都,60人,G:情報通信業,https://www.quest-com.co.jp,,,,,,,,,
6011101083712,株式会社ファンガッシュ,13:東京都,2人,G:情報通信業,,,,,,,,,,
1013401000046,株式会社アドバンスト・ソフト,13:東京都,25人,G:情報通信業,,,,,,,,,,
4120001199114,ＯｎｅＤａｔａ株式会社,27:大阪府,48人,G:情報通信業,,,,,,,,,,
5440005001399,ハコレコドットコム株式会社,01:北海道,8人,G:情報通信業,https://www.hakoreco.com/,,,,,,,,,
3180301028447,株式会社グリットウェブ,23:愛知県,4人,G:情報通信業,https://gritweb.co.jp/,,,,,,,,,
5010401085989,株式会社ガジェログ,13:東京都,18人,G:情報通信業,,,,,,,,,,
8010501019316,株式会社ジオテック情報システム,13:東京都,36人,G:情報通信業,https://www.geoteck.co.jp,https://www.geoteck.co.jp/recruit/,,,,1:有,1:有,1:有,1:有,
4290001016954,株式会社未来工房亞主,40:福岡県,13人,G:情報通信業,https://mirai-asu.co.jp/,,,,,,,,,
8140001031774,株式会社スワールコミュニケーションズ,28:兵庫県,7人,G:情報通信業,,,,,,,,,,
5011501023863,株式会社ＡＬＬ　ＩＮ,13:東京都,1人,G:情報通信業,,,,,,,,,,
1010001127179,株式会社ウマニティ,13:東京都,13人,G:情報通信業,https://umanity.jp/,,,,,,,,,
4120001226231,株式会社ジャストリコメンド,27:大阪府,6人,G:情報通信業,,,,,,,,,,
1011001135667,株式会社ＬＥＧＡＲＥＡ,13:東京都,87人,G:情報通信業,,,,,,,,,,
6011001065323,合同会社イグニス,13:東京都,234人,G:情報通信業,http://1923.co.jp/,,,,,,,,,
1011101105586,キャンバスエッジ株式会社,13:東京都,166人,G:情報通信業,,,,,,,,,,
8120001100358,トモエリンク株式会社,27:大阪府,42人,G:情報通信業,http://tomoemedia.co.jp/,,,,,,,,,
3050001003341,日本システム・エイト株式会社,08:茨城県,235人,G:情報通信業,https://nse-inc.co.jp,,,,,,,,,
1011001096190,株式会社Ｗｉｄｓｌｅｙ,13:東京都,65人,G:情報通信業,,,,,,,,,,
1180001152516,株式会社オンジン,23:愛知県,1人,G:情報通信業,https://onjin.co.jp/company/csr/male-leaders,,,,,,,,,
1010401073048,オフィスカラーズ株式会社,13:東京都,4人,G:情報通信業,,,,,,,,,,
1010601040500,株式会社ジョイゾー,13:東京都,11人,G:情報通信業,,,,,,,,,,
1040003023407,合同会社ＢＯＮＫＩＣＨＩ,12:千葉県,2人,G:情報通信業,,,,,,,,,,
1010001210199,株式会社ネグゼス,13:東京都,76人,G:情報通信業,,,,,,,,,,
2120101007509,株式会社毎広,27:大阪府,0人,G:情報通信業,,,,,,,,,,
7010001145877,イナゾウ株式会社,13:東京都,60人,G:情報通信業,https://inazou.jp,,,,,,,,,
7430001064234,株式会社エイトビィ,01:北海道,28人,G:情報通信業,,,,,,,,,,
5180001124882,株式会社サニー情報システム,23:愛知県,19人,G:情報通信業,https://www.snny.co.jp/,,,,,,,,,
8370001043631,株式会社ｄｉｄｄｙｗｏｒｋｓ,04:宮城県,6人,G:情報通信業,,,,,,,,,,
3013401001281,株式会社多摩テレビ,13:東京都,43人,G:情報通信業,https://www.ttv.co.jp/,,,,,,,,,
2011001062943,株式会社アクセルエンターメディア,13:東京都,118人,G:情報通信業,,,,,,,,,,
1120001244500,株式会社ハイライト,27:大阪府,1人,G:情報通信業,https://highlight-inc-2022.com/,,,,,,,,,
5010401077722,ＰＡＳＯＬ．ＮＥＴ株式会社,13:東京都,2人,G:情報通信業,,,,,,,,,,
4010401079331,株式会社ｆ－ｍｅ,13:東京都,6人,G:情報通信業,https://f-me.co.jp/,,,,,,,,,
2290001011370,株式会社梓書院,40:福岡県,10人,G:情報通信業,,,,,,,,,,
9011001063035,株式会社リファイド,13:東京都,3人,G:情報通信業,https://llp.leaf-hide.jp/,,,,,,,,,
1010401074343,株式会社しんがり,13:東京都,3人,G:情報通信業,http://www.shingari.jp/,,,,,,,,,
3011001115758,ＣＣＪ株式会社,13:東京都,1人,G:情報通信業,,,,,,,,,,
7011001054110,株式会社カンナート,13:東京都,60人,G:情報通信業,,,,,,,,,,
8010001018933,株式会社小学館ミュージックアンドデジタルエンタテイメント,13:東京都,121人,G:情報通信業,,,,,,,,,,
4011101054590,株式会社ソニックムーブ,13:東京都,77人,G:情報通信業,,,,,,,,,,
1180001113930,株式会社Ｓｍａｌｌｉｔ,23:愛知県,45人,G:情報通信業,,,,,,,,,,
8010001067773,ラティス・テクノロジー株式会社,13:東京都,100人,G:情報通信業,,,,,,,,,,
8080102016301,有限会社アイ・プランニング,22:静岡県,9人,G:情報通信業,http://www.iplan-inc.com,,,,,1:有,1:有,1:有,1:有,
4011301008859,株式会社ウインネット,13:東京都,26人,G:情報通信業,,,,,,,,,,
5120001217865,株式会社ＨＯＧＵＧＵテクノロジーズ,27:大阪府,19人,G:情報通信業,,,,,,,,,,
9010001090584,株式会社スタイルズ,13:東京都,110人,G:情報通信業,,,,,,,,,,
4360001011989,株式会社ウィンリッヂ,13:東京都,18人,G:情報通信業,https://www.winridge.co.jp/,,,,,,,,,
1010001125678,ソシオネット株式会社,13:東京都,20人,G:情報通信業,,,,,,,,,,
2011001091975,株式会社クォンタムフレームワーク,13:東京都,18人,G:情報通信業,,,,,,,,,,
1360001008476,株式会社エフエム沖縄,47:沖縄県,23人,G:情報通信業,,,,,,,,,,
2010701026134,Ｔｒａｎｓｉｓｔｏｒ　Ｒｏｂｏｔｉｃｓ株式会社,13:東京都,2人,G:情報通信業,,,,,,,,,,
4011101095453,株式会社ユルリカ,13:東京都,3人,G:情報通信業,,,,,,,,,,
9030003009564,ＢｏｘＷｏｒｋ株式会社,13:東京都,15人,G:情報通信業,,,,,,,,,,
1360001015514,株式会社ストリズム,47:沖縄県,2人,G:情報通信業,,,,,,,,,,
2010701018552,エクスウェア株式会社,13:東京都,110人,G:情報通信業,,,,,,,,,,
6120001121109,株式会社スノウロビン,27:大阪府,42人,G:情報通信業,,,,,,,,,,
8011001119093,アズシス株式会社,13:東京都,5人,G:情報通信業,,,,,,,,,,
3020001115627,株式会社シスメトン,14:神奈川県,9人,G:情報通信業,http://cisumeton.com/,,,,,,,,,
1011101084087,株式会社ＫＵＲＯＴＯ,13:東京都,1人,G:情報通信業,,,,,,,,,,
2010001259153,株式会社ＴａｂｉＨｕｂ,13:東京都,1人,G:情報通信業,,,,,,,,,,
2010001239279,ＰｅｒｆＴｅｃｈ株式会社,13:東京都,1人,G:情報通信業,,,,,,,,,,
2120001055772,株式会社システムアイ,27:大阪府,5人,G:情報通信業,http://www.system-i.co.jp/,,,,,,,,,
5120001200788,株式会社プラットイン,27:大阪府,10人,G:情報通信業,,,,,,,,,,
7120001086945,株式会社パイオン,27:大阪府,27人,G:情報通信業,http://www.pion.co.jp/index.html,,,,,,,,,
3290001094704,株式会社ＥｉｇｈｔＯｎｅ,40:福岡県,3人,G:情報通信業,,,,,,,,,,
2010901010169,株式会社ヒューマンサイエンス,13:東京都,135人,G:情報通信業,,,,,,,,,,
3180001054702,株式会社ネットパーク２１,23:愛知県,70人,G:情報通信業,https://www.netpark21.co.jp/,,,,,,,,,
2012401010302,株式会社スタジオジブリ,13:東京都,230人,G:情報通信業,,,,,,,,,,
4400001004385,株式会社企作工舎,03:岩手県,17人,G:情報通信業,,,,,,,,,,
6180001026649,日本アドバンストリーダーズソフトウェア株式会社,23:愛知県,53人,G:情報通信業,https://www.nalsoft.co.jp/,,,,,1:有,1:有,1:有,1:有,
5180001035650,株式会社ゲイン,23:愛知県,39人,G:情報通信業,https://www.gain.co.jp/,,,,,,,,,
5240001008096,株式会社日本システムプラン,34:広島県,19人,G:情報通信業,,,,,,,,,,
8011001103808,株式会社クロステックラボ,13:東京都,3人,G:情報通信業,,,,,,,,,,
2080001026539,株式会社ＢＲＩＤＧＥ,22:静岡県,1人,G:情報通信業,,,,,,,,,,
2010701031191,株式会社森林ソフト,12:千葉県,2人,G:情報通信業,https://forest-soft.net/,,,,,,,,,
5120001082995,株式会社ブルーム,27:大阪府,23人,G:情報通信業,https://www.bloomco.net/,,,,,,,,,
2011101048297,エムシーツー株式会社,13:東京都,125人,G:情報通信業,https://www.mc2-ltd.jp/,,,,,,,,,
1020001140692,株式会社マスドライバー,13:東京都,0人,G:情報通信業,,,,,,,,,,
1160001013760,村岡通信建設株式会社,25:滋賀県,42人,G:情報通信業,,,,,,,,,,
1010001140297,株式会社ＤｅａｒＯｎｅ,13:東京都,99人,G:情報通信業,https://www.dearone.io/,,,,,,,,,
2011501019294,株式会社ワークスピーディー,13:東京都,1人,G:情報通信業,https://workspeedy.co.jp/,,,,,,,,,
6290001023635,株式会社ネットワーク応用技術研究所,40:福岡県,52人,G:情報通信業,,,,,,,,,,
1120001124231,株式会社キーザンキーザン,27:大阪府,21人,G:情報通信業,,,,,,,,,,
2190001006182,株式会社ビズヒッツ,24:三重県,2人,G:情報通信業,https://bizhits.co.jp/,,,,,,,,,
2011101048784,株式会社サンフラ,13:東京都,18人,G:情報通信業,https://fulltas.co.jp/,,,,,,,,,
9330001008570,株式会社テラ,43:熊本県,5人,G:情報通信業,,,,,,,,,,
3010001152563,株式会社インテージ,13:東京都,1067人,G:情報通信業,http://www.intage.co.jp/,,,,,,,,,
9010701020758,株式会社ＫＳＦ,13:東京都,78人,G:情報通信業,,,,,,,,,,
2010001123771,データウェアネットワーク株式会社,13:東京都,160人,G:情報通信業,,,,,,,,,,
6010001028100,株式会社フィスメック,13:東京都,27人,G:情報通信業,,,,,,,,,,
2120103003679,コンベンションクラウド合同会社,27:大阪府,4人,G:情報通信業,https://c-cloud.co.jp,,,,,,,,,
5430001030741,株式会社アンフィニ,01:北海道,32人,G:情報通信業,http://www.infini-crew.co.jp,,,,,,,,,
3110001016568,株式会社ルミネス,15:新潟県,4人,G:情報通信業,,,,,,,,,,
7010401093098,株式会社共同通信デジタル,13:東京都,87人,G:情報通信業,https://kyodo-d.recruitment.jp/workenvironment/#link005,,,,,,,,,
3140001117462,デジタルヒューマン株式会社,28:兵庫県,2人,G:情報通信業,,,,,,,,,,
4390002000030,有限会社エイブルシステム,06:山形県,1人,G:情報通信業,,,,,,,,,,
2120001171009,株式会社ＩＫＵＳＡ,13:東京都,75人,G:情報通信業,,,,,,,,,,
4010401013232,株式会社システムフロア,13:東京都,50人,G:情報通信業,http://www.systemfloor.co.jp/,,,,,,,,,
1011101040536,タウンライフ株式会社,13:東京都,137人,G:情報通信業,,,,,,,,,,
6010401164511,ぱんどら株式会社,13:東京都,1人,G:情報通信業,https://pandora.style/,,,,,,,,,
6010901047802,株式会社ベアラー,13:東京都,2人,G:情報通信業,https://bearer.co.jp,,,,,,,,,
3070001008933,株式会社シィオ,10:群馬県,22人,G:情報通信業,,,,,,,,,,
5011001148789,株式会社親孝行ドットコム,01:北海道,1人,G:情報通信業,,,,,,,,,,
1011101080103,トラストパワーシステム株式会社,13:東京都,22人,G:情報通信業,,,,,,,,,,
5010601037815,株式会社ビジネスフューチャーズ,13:東京都,16人,G:情報通信業,,,,,,,,,,
6370001040738,Ａｌｏｒｉｃａ　Ｊａｐａｎ株式会社,04:宮城県,200人,G:情報通信業,,,,,,,,,,
6010001011155,日本ケミカルデータベース株式会社,13:東京都,56人,G:情報通信業,,,,,,,,,,
5130003003940,テックマート株式会社,27:大阪府,19人,G:情報通信業,,,,,,,,,,
7020001112703,株式会社Ｎｅｘｔ　Ｓｔａｇｅ,13:東京都,9人,G:情報通信業,https://next-stage.biz/,,,,,,,,,
4260001005935,株式会社プライム,33:岡山県,42人,G:情報通信業,https://www.prime.co.jp/,,,,,,,,,
6030001065018,株式会社アルファプラス,11:埼玉県,29人,G:情報通信業,https://www.alphaplus.co.jp/,,,,,,,,,
3120001085158,株式会社ブレイン,27:大阪府,36人,G:情報通信業,,,,,,,,,,
4120901037975,株式会社アイティーエス,27:大阪府,29人,G:情報通信業,,,,,,,,,,
7120001101571,イードゥ株式会社,27:大阪府,5人,G:情報通信業,,,,,,,,,,
5420001013318,株式会社ヘプタゴン,02:青森県,12人,G:情報通信業,,,,,,,,,,
2011001032632,株式会社ダイヤモンド社,13:東京都,215人,G:情報通信業,https://www.diamond.co.jp/,,,,,,,,,
7011801026060,株式会社トリニティ,13:東京都,61人,G:情報通信業,,,,,,,,,,
6120001169825,株式会社ナレッジクリエイト,27:大阪府,4人,G:情報通信業,,,,,,,,,,
5011001031458,株式会社エスケイツー,13:東京都,24人,G:情報通信業,,,,,,1:有,1:有,1:有,1:有,
6420001018274,株式会社ＨＩＴ,02:青森県,0人,G:情報通信業,,,,,,,,,,
7290001085253,Ｃ３株式会社,40:福岡県,25人,G:情報通信業,,,,,,,,,,
5010001032846,株式会社日本医療企画,13:東京都,76人,G:情報通信業,,,,,,,,,,
8011301019084,株式会社デジタリフト,13:東京都,68人,G:情報通信業,,,,,,,,,,
8010401155062,株式会社セレブロ,13:東京都,7人,G:情報通信業,,,,,,,,,,
8013301046629,株式会社シーグリット,13:東京都,7人,G:情報通信業,,,,,,,,,,
8120001129265,株式会社はっぴー創造研究所,27:大阪府,1人,G:情報通信業,,,,,,,,,,
8010701041160,株式会社プロズデザイン,13:東京都,4人,G:情報通信業,,,,,,,,,,
8290001024136,株式会社ヒューマンセントリックス,40:福岡県,116人,G:情報通信業,,,,,,,,,,
2011101084771,株式会社バーチャルクラフト,13:東京都,7人,G:情報通信業,https://www.virtualcraft.jp/,,,,,,,,,
8120001244980,ＡＳＵＩＲＯ株式会社,27:大阪府,1人,G:情報通信業,,,,,,,,,,
8480002005306,有限会社ユー・テック,36:徳島県,30人,G:情報通信業,,,,,,,,,,
8240001005074,株式会社シリウス１,34:広島県,19人,G:情報通信業,,,,,,,,,,
7010401176308,株式会社ＡＩＭ,13:東京都,3人,G:情報通信業,https://ai-management.biz/,,,,,,,,,
6010701026568,株式会社ビジュアルリサーチ,13:東京都,260人,G:情報通信業,,,,,,,,,,
7010401046758,株式会社セプテムコミュニケーションズ,13:東京都,21人,G:情報通信業,,,,,,,,,,
9013301047907,株式会社Ｌｉｆｅ　Ｉｎｔｅｇｒａｌ,13:東京都,7人,G:情報通信業,,,,,,,,,,
9310001003078,アイティースペース株式会社,42:長崎県,28人,G:情報通信業,https://www.itspace.co.jp/,,,,,,,,,
9180001130019,株式会社ｌｅｆｔ４,23:愛知県,8人,G:情報通信業,,,,,,,,,,
2011001148081,株式会社ＳＥシェア,13:東京都,27人,G:情報通信業,,,,,,,,,,
8011001123483,ＳＬＡＳＨ株式会社,13:東京都,0人,G:情報通信業,,,,,,,,,,
2010401174927,株式会社ｈａｒｍｏｎｙ,13:東京都,4人,G:情報通信業,,,,,,,,,,
2013301038549,株式会社シスナビ,13:東京都,20人,G:情報通信業,,,,,,,,,,
2080001019369,株式会社ｏｒｉｇｉｎａｌ,13:東京都,9人,G:情報通信業,,,,,,,,,,
2010401171049,株式会社スタートアップコネクト,13:東京都,4人,G:情報通信業,,,,,,,,,,
1011001130346,株式会社クォンタムワンズ,13:東京都,1人,G:情報通信業,,,,,,,,,,
2013301046659,ペットシェルジュ株式会社,13:東京都,2人,G:情報通信業,,,,,,,,,,
2300001013852,株式会社ＶＥＲＳＥ,41:佐賀県,0人,G:情報通信業,,,,,,,,,,
7290801001616,株式会社三京広告社,40:福岡県,2人,G:情報通信業,,,,,,,,,,
2290001059071,株式会社ウェヴァード,13:東京都,24人,G:情報通信業,,,,,,,,,,
8050001007362,株式会社エスディーエル,08:茨城県,66人,G:情報通信業,,,,,,,,,,
1010401131350,ＳＥＩＭＥＩ株式会社,13:東京都,7人,G:情報通信業,,,,,,,,,,
8290001097495,株式会社ＣＯＭＮＥＣＴ,40:福岡県,4人,G:情報通信業,,,,,,,,,,
7120001108039,株式会社アルメディア・ネットワーク,27:大阪府,61人,G:情報通信業,https://www.allmedia.co.jp/company/,,,,,,,,,
5250002019496,株式会社アイティーキューブ,35:山口県,7人,G:情報通信業,,,,,,,,,,
1080001006310,株式会社ケアコネクトジャパン,22:静岡県,194人,G:情報通信業,https://www.carekarte.jp,,,,,,,,,
6013301031211,株式会社フォーエス,13:東京都,89人,G:情報通信業,,,,,,,,,,
3010401121416,ジニュージャパン株式会社,13:東京都,8人,G:情報通信業,,,,,,,,,,
3010401048287,Ｍｏｍｅｎｔｕｍ　Ａｒｃｈｉｔｅｃｔ株式会社,13:東京都,7人,G:情報通信業,,,,,,,,,,
3010001190365,Ｊ＆Ｗネクサス株式会社,13:東京都,32人,G:情報通信業,https://jw-nexus.com/?news/68.html=,,,,,,,,,
3011001163022,Ｐｒｏｘ　Ｉｎｄｕｓｔｒｉｅｓ株式会社,13:東京都,23人,G:情報通信業,https://prox-industries.jp/,,,,,,,,,
1140001023794,株式会社キャプサー,28:兵庫県,30人,G:情報通信業,http://capsor.com,,,,,,,,,
3120101059730,株式会社ビューティーＷＥＢハンター,27:大阪府,0人,G:情報通信業,http://beauty-web-hunter.com/,,,,,,,,,
9120901029209,株式会社キューブ・ソフト,27:大阪府,1人,G:情報通信業,https://www.cube-soft.jp/,,,,,,,,,
5290001017745,株式会社サンマーク,40:福岡県,83人,G:情報通信業,,,,,,,,,,
1010001137293,ワイドマーケティングス株式会社,47:沖縄県,21人,G:情報通信業,,,,,,,,,,
3010001127111,株式会社グッドワークス,13:東京都,268人,G:情報通信業,https://www.good-works.co.jp/,,,,,,,,,
5010001062587,株式会社日本リサーチセンター,13:東京都,120人,G:情報通信業,https://www.nrc.co.jp/,,,,,,,,,
9130001059394,株式会社ＩＣＥＳ,27:大阪府,1人,G:情報通信業,,,,,,,,,,
6010801025404,株式会社ＯＬＡＮＺ,12:千葉県,2人,G:情報通信業,,,,,,,,,,
3011001167072,株式会社ユーソレイド,13:東京都,3人,G:情報通信業,https://u-solaid.com/,,,,,,,,,
7011001014816,株式会社電気書院,13:東京都,21人,G:情報通信業,,,,,,,,,,
4050001007589,株式会社ティー・エイ・シー,08:茨城県,37人,G:情報通信業,,,,,,,,,,
1050001022756,株式会社ハイファクトリ,08:茨城県,26人,G:情報通信業,http://www.hifactory.co.jp/,https://recruit-hifactory.drecruiting.jp/,,,,1:有,1:有,0:無,0:無,
2010401128445,パロニム株式会社,13:東京都,30人,G:情報通信業,,,,,,,,,,
3020001137324,株式会社ＡＣＳＨＵ,14:神奈川県,20人,G:情報通信業,,,,,,,,,,
1320001002986,株式会社ウィルウェイ,44:大分県,3人,G:情報通信業,http://www.willway.co.jp,,,,,,,,,
6010601035322,株式会社プロメトル,13:東京都,4人,G:情報通信業,,,,,,,,,,
2330001007694,株式会社フルスケール,43:熊本県,5人,G:情報通信業,https://fullscale.jp,,,,,,,,,
7010401114993,株式会社ライナフ,13:東京都,45人,G:情報通信業,http://linough.com/,,,,,,,,,
9010001141627,株式会社ネットスターズ,13:東京都,152人,G:情報通信業,,,,,,,,,,
2010001227003,デジタルデザイン開発株式会社,13:東京都,1人,G:情報通信業,,,,,,,,,,
9120101047481,ＴＩＰＳシステム株式会社,27:大阪府,36人,G:情報通信業,,,,,,,,,,
3110001022995,株式会社エヌ・シィ・ティ,15:新潟県,131人,G:情報通信業,https://www.nct9.co.jp/about/activities/,,,,,,,,,
6120001203864,ＴＲＡＳＰ株式会社,27:大阪府,8人,G:情報通信業,,,,,,,,,,
8010701035427,株式会社ＳＰＡ,13:東京都,2人,G:情報通信業,,,,,,,,,,
7011101042353,株式会社クスール,13:東京都,6人,G:情報通信業,https://cshool.jp/,,,,,,,,,
2210001014736,株式会社イー・アイ・エル,18:福井県,46人,G:情報通信業,,,,,,,,,,
4010001157173,株式会社エンジョイ,13:東京都,30人,G:情報通信業,,,,,,,,,,
1120001102699,株式会社シーエスコミュニケーション,13:東京都,114人,G:情報通信業,https://www.cs-com.co.jp/index.html,,,,,,,,,
1120001047507,株式会社マックス,27:大阪府,73人,G:情報通信業,https://www.macs.co.jp/actionplan/actionplan_jisedai/,,,,,,,,,
1010401106229,株式会社アトムストーリー,13:東京都,7人,G:情報通信業,,,,,,,,,,
9010701011947,ビッグバン株式会社,13:東京都,2人,G:情報通信業,http://bbc.gr.jp,,,,,,,,,
3120001181881,株式会社ダトラ,27:大阪府,44人,G:情報通信業,,,,,,,,,,
9011001129389,株式会社ＳａｌｅｓＮｏｗ,13:東京都,8人,G:情報通信業,https://salesnow.jp/,,,,,,,,,
1290001032756,株式会社レクスト,40:福岡県,1人,G:情報通信業,,,,,,,,,,
6012401014927,株式会社プラスビジョン,13:東京都,3人,G:情報通信業,https://www.plusvision.co.jp,,,,,,,,,
6011101057617,株式会社メタリテール・コンサルティング,13:東京都,13人,G:情報通信業,,,,,,,,,,
2010901000145,株式会社アインシュタインインスティテュート,13:東京都,28人,G:情報通信業,,,,,,,,,,
9020001080502,株式会社ｉｓｕｂ,14:神奈川県,13人,G:情報通信業,,,,,,,,,,
1180001070759,株式会社Ｃ－ＵＮＩＴ　ＳＱＵＡＲＥ,23:愛知県,10人,G:情報通信業,https://www.c-unit.co.jp,,,,,,,,,
9011401001255,株式会社オフィス・ユニ,13:東京都,4人,G:情報通信業,,,,,,,,,,
3020001045436,株式会社Ｏ・Ｎ・Ｔ,14:神奈川県,30人,G:情報通信業,https://ont.co.jp/compliance/,,,,,,,,,
6012301012972,株式会社ダイレクトメッセンジャー,13:東京都,10人,G:情報通信業,,,,,,,,,,
4011001133379,株式会社カウシェ,13:東京都,21人,G:情報通信業,,,,,,,,,,
4390001002688,株式会社サム・コミュニケーションズ,06:山形県,8人,G:情報通信業,https://sam-com.co.jp/,,,,,,,,,
7180001104115,エイトビー株式会社,23:愛知県,16人,G:情報通信業,,,,,,,,,,
1240001043246,株式会社レイアウト,34:広島県,7人,G:情報通信業,https://www.layout-web.com/,,,,,,,,,
3300001014008,株式会社ｔｕｎｅＸ,41:佐賀県,0人,G:情報通信業,,,,,,,,,,
6430001000743,株式会社ＡＳＥ,01:北海道,113人,G:情報通信業,https://www.ase.co.jp/,,,,,,,,,
2011001135055,ミラーフィット株式会社,13:東京都,15人,G:情報通信業,,,,,,,,,,
6120001015252,株式会社ステップ,27:大阪府,50人,G:情報通信業,https://stepjapan.jp/,,,,,,,,,
3011001119263,株式会社ジャスミンシステム,13:東京都,14人,G:情報通信業,,,,,,,,,,
9180001078084,株式会社スケールフリーネットワーク,23:愛知県,40人,G:情報通信業,,,,,,,,,,
5010001148403,株式会社アジアンリザレクション,13:東京都,102人,G:情報通信業,https://www.asianresurrection.co.jp/,,,,,,,,,
4011003006657,ジョージ・アンド・ショーン株式会社,13:東京都,2人,G:情報通信業,,,,,,,,,,
4011001162444,株式会社ＪＩＬ,13:東京都,0人,G:情報通信業,https://jil-inc-japan.studio.site/,,,,,,,,,
7010001143666,ルームクリップ株式会社,13:東京都,150人,G:情報通信業,http://roomclip.jp/,,,,,,,,,
9130001023607,株式会社ＳＣＲＥＥＮシステムサービス,26:京都府,70人,G:情報通信業,http://www.jp.initout.com/,,,,,,,,,
4180001101569,株式会社ｌｉｆｅ　ｉｓ,23:愛知県,17人,G:情報通信業,http://lifeis-web.co.jp/,,,,,,,,,
4010401126281,株式会社デジタルシフト,13:東京都,15人,G:情報通信業,,,,,,,,,,
1010401089234,グーグル合同会社,13:東京都,2000人,G:情報通信業,,,,,,,,,,
2013301042220,株式会社ＴＯＤＯＲＯＫＩ,13:東京都,4人,G:情報通信業,,,,,,,,,,
1011001145567,株式会社レットビット,13:東京都,4人,G:情報通信業,,,,,,,,,,
9010701033611,株式会社ホロラボ,13:東京都,69人,G:情報通信業,https://hololab.co.jp/,,,,,,,,,
3011001103234,株式会社デプロイゲート,13:東京都,4人,G:情報通信業,,,,,,,,,,
4010001243205,株式会社サクッとカンパニー,13:東京都,2人,G:情報通信業,,,,,,,,,,
4010001135443,株式会社タイムクリエイターズ,13:東京都,100人,G:情報通信業,,,,,,,,,,
4120001178605,株式会社イデアルディレクションズ,27:大阪府,21人,G:情報通信業,,,,,,,,,,
2013101004692,株式会社ブレインコスモ,13:東京都,14人,G:情報通信業,,,,,,,,,,
6010401019327,株式会社東通,13:東京都,322人,G:情報通信業,,,,,,,,,,
3010901033466,パンパシフィック株式会社,13:東京都,7人,G:情報通信業,https://panpaci.com,,,,,,,,,
4020001060921,株式会社エルシーツー,13:東京都,60人,G:情報通信業,,,,,,,,,,
4020001119627,株式会社カマスラボ,14:神奈川県,5人,G:情報通信業,,,,,,,,,,
8011101096497,株式会社ザ・サードプレイス,13:東京都,3人,G:情報通信業,,,,,,,,,,
1320001005361,Ｓｐａｒｋｌｉｎｇ　Ｌｉｂｅｒｔｙ株式会社,44:大分県,2人,G:情報通信業,https://www.web-f.net/,,,,,,,,,
4120001234135,ストレンジブレイン株式会社,27:大阪府,5人,G:情報通信業,,,,,,,,,,
1480001004752,株式会社ケーブルネットおえ,36:徳島県,16人,G:情報通信業,,,,,,,,,,
4020003023562,Ｅｌｆ　Ｔｅｃｈ合同会社,14:神奈川県,14人,G:情報通信業,,,,,,,,,,
8430001011400,株式会社北海道新聞ＨｏｔＭｅｄｉａ,01:北海道,100人,G:情報通信業,,,,,,,,,,
9180001149463,株式会社レビュー,23:愛知県,1人,G:情報通信業,https://jafmate.co.jp/,,,,,,,,,
1010001041784,株式会社教育評論社,13:東京都,4人,G:情報通信業,https://www.kyohyo.co.jp/,,,,,,,,,
4080101015670,ＴＯＳＥＩ株式会社,22:静岡県,5人,G:情報通信業,http://www.tosei-japan.com,,,,,,,,,
9290001002108,株式会社ＦＣＣテクノ,40:福岡県,218人,G:情報通信業,,,,,,,,,,
1120001056037,株式会社シンプルソフトウェア研究所,27:大阪府,45人,G:情報通信業,http://www.simple-soft.co.jp/,,,,,,,,,
2010403012886,株式会社ＧＩＡＮＴ　ＳＷＩＮＧ　ＰＲＯＤＵＣＴＩＯＮＳ,13:東京都,8人,G:情報通信業,,,,,,,,,,
2011101079664,Ｔｐｌｕｓ株式会社,13:東京都,16人,G:情報通信業,https://tplus2017.co.jp,,,,,,,,,
4200001039138,アークグロー株式会社,21:岐阜県,5人,G:情報通信業,https://www.arcgrow.jp/initiatives-to-reform-work-styles-and-support-work-life-balance/,,,,,,,,,
3110001009084,株式会社プライムネット,15:新潟県,35人,G:情報通信業,http://primenet-group.com/,,,,,,,,,
6130001022207,バンネットワーク株式会社,26:京都府,154人,G:情報通信業,https://van-nw.jp/,,,,,,,,,
6010601041634,株式会社ジャパンエクスチェンジ,13:東京都,3人,G:情報通信業,,,,,,,,,,
5011501010135,株式会社アイブリッツ,13:東京都,6人,G:情報通信業,http://www.iblitz.co.jp/,,,,,,,,,
3020001106287,株式会社ＧＥＥＸ,13:東京都,28人,G:情報通信業,http://www.geexjp.com,,,,,,,,,
3011101082023,株式会社アイロリ・エンタテインメント,13:東京都,14人,G:情報通信業,,,,,,,,,,
1290001018771,株式会社フラウ,40:福岡県,15人,G:情報通信業,http://www.frau-net.com/,,,,,,,,,
3120001207042,株式会社ＳＥＶＥＮ　ＢＲＩＤＧＥ,27:大阪府,3人,G:情報通信業,,,,,,,,,,
8010001234992,株式会社デンタルコネクト,13:東京都,4人,G:情報通信業,https://kyosei-guide.co.jp/,https://kyosei-guide.co.jp/,,,,0:無,1:有,1:有,1:有,
4290801017136,株式会社アイライフ,13:東京都,7人,G:情報通信業,,,,,,,,,,
4130001079703,株式会社ヘルスケアイノベーションテクノロジー,26:京都府,10人,G:情報通信業,https://hc-i.tech/,,,,,,,,,
4350001001099,株式会社デンサン,45:宮崎県,210人,G:情報通信業,,,,,,,,,,
8012402022043,国際情報マネジメント有限会社,13:東京都,33人,G:情報通信業,,,,,,,,,,
8220002007121,株式会社シー・アイ・ティ,17:石川県,18人,G:情報通信業,,,,,,,,,,
4010001229229,Ｑｕｅｒｉ株式会社,13:東京都,1人,G:情報通信業,,,,,,,,,,
6030001013546,株式会社Ｍｉｒａｉｅ,13:東京都,48人,G:情報通信業,https://miraie-group.jp/,,,,,,,,,
7330001026095,ＳＩＭＰＬＥ株式会社,43:熊本県,10人,G:情報通信業,,,,,,,,,,
5010003035871,合同会社ＫＩＣＳ,13:東京都,10人,G:情報通信業,,,,,,,,,,
5010401089866,株式会社Ｊ．Ｃ．Ｓｙｓｔｅｍ,27:大阪府,5人,G:情報通信業,,,,,,,,,,
5010001120782,株式会社ＤｉｇｉＦｏｃｕｓ,13:東京都,13人,G:情報通信業,,,,,,,,,,
1180301011710,株式会社ＥｎｊｏｙＳｙｓｔｅｍ,23:愛知県,43人,G:情報通信業,https://enjoysystem.co.jp/,,,,,,,,,
4310001002299,ユニオンソフト株式会社,42:長崎県,19人,G:情報通信業,,,,,,,,,,
1011001091349,エンライズホールディングス株式会社,13:東京都,230人,G:情報通信業,http://www.enrise-corp.co.jp/,,,,,,,,,
7010001239191,株式会社レストルフ,13:東京都,,G:情報通信業,https://next-business.co.jp/,,,,,,,,,
4290001035153,株式会社システムニシツウ,40:福岡県,167人,G:情報通信業,,,,,,,,,,
2120101053404,株式会社ＧＲＯＯＶＥ,13:東京都,45人,G:情報通信業,,,,,,,,,,
5010001232751,株式会社ＡＣＰ,13:東京都,3人,G:情報通信業,https://www.acpc.co.jp,,,,,,,,,
8130001026767,株式会社Ｏｚ　ｌｉｎｋ＆ＳＴＹＬＥ,26:京都府,15人,G:情報通信業,,,,,,,,,,
3010001060378,三菱ケミカルシステム株式会社,13:東京都,687人,G:情報通信業,https://www.mitsubishichem-sys.co.jp/,,,,,,,,,
2140001092599,株式会社アイユース,28:兵庫県,40人,G:情報通信業,https://i-youth.co.jp/,,,,,,,,,
1010501041441,株式会社ＢＵＵＮＯ,13:東京都,2人,G:情報通信業,,,,,,,,,,
6010001221885,株式会社Ｆｉｇｕｒｏｕｔ,13:東京都,5人,G:情報通信業,,,,,,,,,,
6010401082688,株式会社テレビング,13:東京都,9人,G:情報通信業,,,,,,,,,,
3010001149650,バーズ・ビュー株式会社,13:東京都,8人,G:情報通信業,http://www.birdsview.jp,,,,,,,,,
6130001049811,パノラマ株式会社,26:京都府,2人,G:情報通信業,,,,,,,,,,
6010001087006,株式会社ベーシック,13:東京都,136人,G:情報通信業,,,,,,,,,,
3120001214914,株式会社ロジック・ブレイン,40:福岡県,3人,G:情報通信業,,,,,,,,,,
1030001113441,株式会社ＢｌｉｓｓＳｔｏｃｋ,13:東京都,7人,G:情報通信業,,,,,,,,,,
3260001020687,株式会社スタジオア・ビアント,33:岡山県,6人,G:情報通信業,,,,,,,,,,
3120001228187,株式会社ＡＲＵＴＥＧＡ,27:大阪府,4人,G:情報通信業,,,,,,,,,,
6380001001549,福島民友新聞株式会社,07:福島県,227人,G:情報通信業,,,,,,,,,,
3310001016291,株式会社ｉｔｏｑ,13:東京都,88人,G:情報通信業,https://www.itoq.co.jp/,,,,,,,,,
3010401099586,株式会社ＴＯＤＯ,13:東京都,11人,G:情報通信業,https://todo.co.jp/,,,,,,,,,
3010401116812,株式会社ＺＯＯＯＧ,13:東京都,34人,G:情報通信業,,,,,,,,,,
6011001116555,株式会社クォンタムアステリア,13:東京都,22人,G:情報通信業,,,,,,,,,,
6120001261953,Ｓｕｐｅｒ　Ｉｎｔｅｒａｃｔｉｃａ株式会社,27:大阪府,5人,G:情報通信業,https://www.superinteractica.ai/,,,,,,,,,
3130001059334,株式会社ｙｕｃｃａ,13:東京都,6人,G:情報通信業,https://www.yucca.co.jp/,,,,,,,,,
2430001021958,株式会社北海道総合技術研究所,01:北海道,65人,G:情報通信業,https://www.hit-giken.jp/,,,,,,,,,
5010901045377,株式会社ＰＲＵＭ,13:東京都,76人,G:情報通信業,,,,,,,,,,
5010701030190,ウリドキ株式会社,13:東京都,20人,G:情報通信業,,,,,,,,,,
8011101041214,株式会社ペンタイン,13:東京都,29人,G:情報通信業,,,,,,,,,,
1120001183426,株式会社ＵＭＡ,27:大阪府,2人,G:情報通信業,,,,,,,,,,
1020001009954,光洋システム株式会社,14:神奈川県,42人,G:情報通信業,,,,,,,,,,
6180003023289,オオアケイ株式会社,13:東京都,16人,G:情報通信業,https://ooak.jp/jp,,,,,,,,,
9010001101432,株式会社Ｇ‐ｇｅｎ,13:東京都,145人,G:情報通信業,,,,,,,,,,
7050001047698,ＳＬＴ株式会社,13:東京都,2人,G:情報通信業,,,,,,,,,,
6010401105325,株式会社ＳＡＮＡＳ,23:愛知県,5人,G:情報通信業,,,,,,,,,,
6010001201945,株式会社テックドクター,13:東京都,41人,G:情報通信業,,,,,,,,,,
7120001196562,ＭＡＳＨＴＡＫＥ株式会社,27:大阪府,6人,G:情報通信業,http://mashtake.jp/,,,,,,,,,
9120001093287,日本ソフトウェアデザイン株式会社,27:大阪府,125人,G:情報通信業,,,,,,,,,,
5011501009978,ＦＣＲ株式会社,13:東京都,5人,G:情報通信業,,,,,,,,,,
3180001118465,株式会社アイティークロス,23:愛知県,30人,G:情報通信業,,,,,,,,,,
7011001073390,株式会社セキュアインフラストラクチャー,13:東京都,53人,G:情報通信業,,,,,,,,,,
7010401032601,株式会社パオネットワーク,13:東京都,28人,G:情報通信業,,,,,,,,,,
3360001013680,株式会社プラスナレッジ,47:沖縄県,104人,G:情報通信業,,,,,,,,,,
6010501042617,ピーオーザイル株式会社,13:東京都,1人,G:情報通信業,,,,,,,,,,
6280001000494,株式会社テクノプロジエクト,32:島根県,248人,G:情報通信業,https://www.tpj.co.jp/,,,,,,,,,
7010001023752,株式会社帝京システム,13:東京都,101人,G:情報通信業,,,,,,,,,,
9011501025856,株式会社ＦＩＬ,13:東京都,10人,G:情報通信業,,,,,,,,,,
1011001038424,株式会社ニックス,13:東京都,48人,G:情報通信業,https://www.nics.co.jp/,,,,,,,,,
6250001017764,株式会社ｅｔｉｋａ,40:福岡県,5人,G:情報通信業,,,,,,,,,,
2120903002723,合同会社ＡｒｓＣｅｌｓｕｓ,27:大阪府,2人,G:情報通信業,,,,,,,,,,
6410001001504,株式会社シグマソリューションズ,05:秋田県,165人,G:情報通信業,,,,,,,,,,
5010401154166,株式会社エニーアップ,13:東京都,9人,G:情報通信業,,,,,,,,,,
4010501040556,株式会社Ｈｕｕｕｕ,20:長野県,3人,G:情報通信業,https://huuuu.jp/,,,,,,,,,
3130003006994,株式会社Ｒｉｎ９,26:京都府,2人,G:情報通信業,https://rin9.jp/,,,,,,,,,
8140001114216,株式会社ＲＡＬＬＹ,28:兵庫県,5人,G:情報通信業,,,,,,,,,,
2020001106412,ＲａｙｄＴｅｃｈ株式会社,14:神奈川県,10人,G:情報通信業,,,,,,,,,,
7010902022456,有限会社トランスミュート,12:千葉県,3人,G:情報通信業,,,,,,,,,,
3220001023215,株式会社ＡＳＬ,17:石川県,5人,G:情報通信業,,,,,,,,,,
7010501023161,アクセンチュア・テック・ドライブ株式会社,13:東京都,27人,G:情報通信業,http://www.popular-soft.com/ja/,,,,,,,,,
3011101074532,株式会社アウクセシア,13:東京都,5人,G:情報通信業,,,,,,,,,,
7010401177165,ＮＩＫＳＥＮＴ株式会社,13:東京都,1人,G:情報通信業,https://niksent.com,,,,,,,,,
4120001136868,株式会社イーライフ,27:大阪府,1人,G:情報通信業,,,,,,,,,,
1360001018021,株式会社スタークラウン,47:沖縄県,8人,G:情報通信業,http://starcrown.co.jp/,,,,,,,,,
7011101090724,アセンド株式会社,13:東京都,37人,G:情報通信業,,,,,,,,,,
9010001205563,アルテミス株式会社,13:東京都,60人,G:情報通信業,,,,,,,,,,
6010501029416,株式会社Ｃ．Ｄ．ＵＮＩＴＥＤ,13:東京都,30人,G:情報通信業,https://www.cdunited.net/,,,,,,,,,
5011101043477,株式会社メディア・ゲート・ジャパン,13:東京都,13人,G:情報通信業,http://mediagate-japan.com/,,,,,,,,,
1010501023794,テクニカルブレイン株式会社,13:東京都,34人,G:情報通信業,,,,,,,,,,
7011701025889,Ｏｄｍ株式会社,12:千葉県,2人,G:情報通信業,https://odm.homes/,,,,,,,,,
7430001078481,株式会社テクレア,01:北海道,30人,G:情報通信業,,,,,,,,,,
3430001020604,中央コンピューターサービス株式会社,01:北海道,72人,G:情報通信業,,,,,,,,,,
2011001094747,フリーサイン株式会社,13:東京都,62人,G:情報通信業,,,,,,,,,,
6400001016627,株式会社山海畑,03:岩手県,2人,G:情報通信業,https://yamaumihatake.com/,,,,,,,,,
8290001082761,株式会社ＯＲＥＮＣＨ,40:福岡県,3人,G:情報通信業,,,,,,,,,,
5010401147946,ランク王株式会社,13:東京都,95人,G:情報通信業,,,,,,,,,,
7012403006418,ｗｅｅｋｅｎｄｓ合同会社,13:東京都,1人,G:情報通信業,,,,,,,,,,
7010401180235,株式会社スタートアップサポーター,13:東京都,2人,G:情報通信業,https://startup-supporter.com/,,,,,,,,,
1240001044608,株式会社ＩＴＺ,34:広島県,25人,G:情報通信業,,,,,,,,,,
7140001028400,株式会社パインフィールズ,28:兵庫県,32人,G:情報通信業,,,,,,,,,,
9010501031600,株式会社グランドユニット,13:東京都,16人,G:情報通信業,https://www.grandunit.com/japan/index.html,,,,,,,,,
1180301034587,株式会社メイン,23:愛知県,7人,G:情報通信業,,,,,,,,,,
4010701041800,株式会社エンジーニアス,13:東京都,38人,G:情報通信業,,,,,,,,,,
3120001023324,株式会社コルモ,27:大阪府,58人,G:情報通信業,,,,,,,,,,
4010401175758,株式会社Ｎｂａｓｅ,13:東京都,8人,G:情報通信業,,,,,,,,,,
8012801008460,株式会社ＧｏＡ,13:東京都,12人,G:情報通信業,https://www.goa-corp.com/sdgs/,,,,,,,,,
2170001002472,ニュース和歌山株式会社,30:和歌山県,26人,G:情報通信業,,,,,,,,,,
7120001228910,株式会社ＶｉＶＮＡＬ,27:大阪府,20人,G:情報通信業,,,,,,,,,,
7040001111703,フラクタル株式会社,12:千葉県,10人,G:情報通信業,,,,,,,,,,
3470001000610,株式会社ウィザード,37:香川県,35人,G:情報通信業,https://www.wizardinc.co.jp/,,,,,1:有,1:有,1:有,1:有,
9011401015379,株式会社ＰＬＡＮＥＴ　ＫＩＤＳ　ＥＮＴＥＲＴＡＩＮＭＥＮＴ,13:東京都,7人,G:情報通信業,,,,,,,,,,
8080001025238,株式会社アンドパッソ,22:静岡県,2人,G:情報通信業,,,,,,,,,,
8180001143574,株式会社中日映像,23:愛知県,2人,G:情報通信業,,,,,,,,,,
1011001153826,Ｃｒｏｐ＆Ｋｅｒｎ株式会社,13:東京都,4人,G:情報通信業,,,,,,,,,,
7120001250732,株式会社シナジー総研,27:大阪府,10人,G:情報通信業,,,,,,,,,,
3010401056265,株式会社グラフネットワーク,13:東京都,9人,G:情報通信業,http://www.graphnetwork.com/,,,,,,,,,
2011602002620,株式会社皆人,13:東京都,4人,G:情報通信業,,,,,,,,,,
4010401110062,株式会社マミーゴー,13:東京都,3人,G:情報通信業,http://mammy-go.jp/,,,,,,,,,
2010401083558,株式会社コアアセットマネジメント,13:東京都,156人,G:情報通信業,http://www.iflag.co.jp/,,,,,,,,,
6011001106309,株式会社Ｙ＆Ｐコーポレーション,27:大阪府,2人,G:情報通信業,,,,,,,,,,
4120001223443,エテルナキャピタル株式会社,13:東京都,470人,G:情報通信業,,,,,,,,,,
8290001027857,エモーションウエーブ株式会社,40:福岡県,46人,G:情報通信業,http://www.uewave.com/,,,,,,,,,
4120001270774,ブルズアイ株式会社,27:大阪府,1人,G:情報通信業,,,,,,,,,,
1010801010542,株式会社ブレーン,13:東京都,64人,G:情報通信業,,,,,,,,,,
4010001067331,株式会社エスエイシー総研,13:東京都,15人,G:情報通信業,https://www.sacsoken.com/,,,,,,,,,
4011001059319,株式会社ジャックアンドビーンズ,13:東京都,38人,G:情報通信業,http://www.j-mamenoki.co.jp/,,,,,,,,,
8430001031729,株式会社Ｍａｍｍｙ　Ｐｒｏ,01:北海道,46人,G:情報通信業,,,,,,,,,,
8011001129357,株式会社Ａｉｒｚ,13:東京都,4人,G:情報通信業,https://airz.co.jp/,,,,,,,,,
8120002069675,有限会社オブ・ユース,27:大阪府,15人,G:情報通信業,,,,,,,,,,
9011001052285,株式会社ポラライズ,13:東京都,16人,G:情報通信業,https://www.polarize.co.jp/company/,,,,,,,,,
1010001154438,株式会社あつまる,40:福岡県,44人,G:情報通信業,,,,,,,,,,
9290001091118,株式会社Ｍモード・イノベーション,40:福岡県,22人,G:情報通信業,https://m-modeinnv.co.jp,,,,,,,,,
9010401040916,株式会社プラス,13:東京都,25人,G:情報通信業,https://www.plus21.net/,,,,,,,,,
1010601042736,タイセイＢＰＯ支援株式会社,13:東京都,8人,G:情報通信業,,,,,,,,,,
4010001197608,株式会社ラポールスター,13:東京都,49人,G:情報通信業,,,,,,,,,,
9011001151450,整体なび株式会社,13:東京都,1人,G:情報通信業,,,,,,,,,,
7010701028299,株式会社ＦＯＲＣＥＳ,13:東京都,39人,G:情報通信業,,,,,,,,,,
7180001149135,株式会社ノブレス,23:愛知県,27人,G:情報通信業,https://nobles.co.jp/,,,,,,,,,
9011101055221,ＤａｔａＢｅｅ株式会社,13:東京都,45人,G:情報通信業,,,,,,,,,,
3350001001439,株式会社ひむか流通ネットワーク,45:宮崎県,40人,G:情報通信業,https://www.hdnc.jp/,,,,,,,,,
7011201020465,株式会社ＭＴＳ,13:東京都,0人,G:情報通信業,,,,,,,,,,
4010001199728,株式会社Ｊ－ＱｕＡＤ　ＤＹＮＡＭＩＣＳ,13:東京都,630人,G:情報通信業,https://www.j-quad.co.jp/workplace/,,,,,,,,,
3011203002457,株式会社ＢＧ,13:東京都,0人,G:情報通信業,,,,,,,,,,
4480001011250,株式会社ナイスシステム,36:徳島県,20人,G:情報通信業,,,,,,,,,,
7011201014839,株式会社エイトバルーン,13:東京都,3人,G:情報通信業,https://8balloons.co.jp/,,,,,,,,,
6140001070262,株式会社フルノソフテック,28:兵庫県,64人,G:情報通信業,https://www.furunosoftech.co.jp,,,,,,,,,
4130001045523,ＮＩＣ株式会社,26:京都府,5人,G:情報通信業,,,,,,,,,,
1120001169094,トンガルマン株式会社,27:大阪府,15人,G:情報通信業,https://tongullman.co.jp/,,,,,,,,,
1140001020164,株式会社ジャム・デザイン,28:兵庫県,17人,G:情報通信業,,,,,,,,,,
7010001052628,株式会社ドワンゴ,13:東京都,1273人,G:情報通信業,,,,,,,,,,
9210001011363,株式会社Ｉｎｔｅｒｆａｃｅ,18:福井県,3人,G:情報通信業,https://interface-inc.jp/,,,,,,,,,
9011103009101,合同会社ＥａｓｙＤｉａｌｏｇ,14:神奈川県,5人,G:情報通信業,,,,,,,,,,
8011101001746,株式会社アイビーシー,13:東京都,5人,G:情報通信業,,,,,,,,,,
4360001017474,株式会社オムニバスワンダーラボ,47:沖縄県,7人,G:情報通信業,https://omwonlab.com/,,,,,,,,,
5120001199385,株式会社ＲＥＡＲＳ,27:大阪府,9人,G:情報通信業,,,,,,,,,,
4011101078417,株式会社ＩＭＴ,13:東京都,25人,G:情報通信業,,,,,,,,,,
2010001153331,株式会社アズールドットネット,13:東京都,93人,G:情報通信業,,,,,,,,,,
6430001077088,Ｒｅｎｏ株式会社,01:北海道,6人,G:情報通信業,https://reno-m.jp/company,,,,,,,,,
4200001041390,株式会社ＤＡＯＷＯＲＫＳ,21:岐阜県,2人,G:情報通信業,https://daoworks.co.jp/,,,,,,,,,
4290001085421,株式会社ＣＵＢＥ,40:福岡県,6人,G:情報通信業,,,,,,,,,,
8021001008106,株式会社ＦＶコンサルティング,14:神奈川県,1人,G:情報通信業,https://fv-shonan.com/,,,,,,,,,
6011101009568,株式会社ジャコム,13:東京都,178人,G:情報通信業,,,,,,,,,,
4010601019582,株式会社ぺいじず,13:東京都,5人,G:情報通信業,https://pages.co.jp,,,,,,,,,
6010401084791,株式会社フロンティアコンサルティング,13:東京都,8人,G:情報通信業,http://frontier-pr.jp/,,,,,,,,,
9011101054223,ＹＩＤＡＴＥＣ日本株式会社,13:東京都,38人,G:情報通信業,,,,,,,,,,
7010401080609,株式会社三晃社ＢＢデジタル,13:東京都,4人,G:情報通信業,,,,,,,,,,
2011101086917,株式会社Ｇｌｏｖａｌ,13:東京都,1人,G:情報通信業,,,,,,,,,,
8011001148357,株式会社テクノスタンダード,13:東京都,1人,G:情報通信業,,,,,,,,,,
4010401059705,株式会社バリューソフトウエア,13:東京都,73人,G:情報通信業,https://www.valuenet.co.jp/,,,,,,,,,
7010001063732,株式会社日本デジコム,13:東京都,32人,G:情報通信業,https://www.jdc.ne.jp/,,,,,,,,,
4010001226804,Ｂｏｏｓｔ　Ｈｅａｌｔｈ株式会社,13:東京都,0人,G:情報通信業,,,,,,,,,,
7011001148242,ＳｈｅｅｐＭｅｄｉｃａｌ　Ｔｅｃｈｎｏｌｏｇｉｅｓ株式会社,13:東京都,24人,G:情報通信業,,,,,,,,,,
3370301001483,メディアテック株式会社,04:宮城県,14人,G:情報通信業,,,,,,,,,,
1120001188929,株式会社シグナル,27:大阪府,85人,G:情報通信業,,,,,,,,,,
2180001097149,株式会社サンテック,23:愛知県,70人,G:情報通信業,,,,,,,,,,
4130001071445,ＤｅｅｐＦｏｒｅｓｔ　Ｔｅｃｈｎｏｌｏｇｉｅｓ株式会社,26:京都府,31人,G:情報通信業,,,,,,,,,,
9230001015321,アドミル株式会社,13:東京都,2人,G:情報通信業,,,,,,,,,,
8010701033554,株式会社ＲＩＬＡＲＣ,13:東京都,2人,G:情報通信業,https://rilarc.co.jp/ryouritsu/,,,,,,,,,
9340001019294,株式会社Ｎｅｘｔａｇｅ,46:鹿児島県,3人,G:情報通信業,,,,,,,,,,
8011101109639,株式会社ＢＵＺＺ,13:東京都,3人,G:情報通信業,,,,,,,,,,
2080401011603,株式会社フーリエ,22:静岡県,14人,G:情報通信業,,,,,,,,,,
8010601053165,メーロン株式会社,14:神奈川県,10人,G:情報通信業,,,,,,,,,,
1011001060089,株式会社クリエイターズマッチ,13:東京都,40人,G:情報通信業,https://c-m.co.jp/,,,,,,,,,
8010901020666,株式会社ＥｎＭａｎ　Ｃｏｒｐｏｒａｔｉｏｎ,13:東京都,23人,G:情報通信業,,,,,,,,,,
6180001127802,株式会社ＭＥＢＡＩＳ,13:東京都,4人,G:情報通信業,,,,,,,,,,
6010001144830,株式会社キーワードマーケティング,13:東京都,37人,G:情報通信業,,,,,,,,,,
8010401098105,株式会社ガッツエンターテイメント,13:東京都,9人,G:情報通信業,,,,,,,,,,
3010001101280,株式会社ウェイ,13:東京都,3人,G:情報通信業,,,,,,,,,,
3010401170017,株式会社ウェルフォート,13:東京都,11人,G:情報通信業,,,,,,,,,,
7010701007410,日軽情報システム株式会社,13:東京都,141人,G:情報通信業,http://group.nikkeikin.co.jp/nis/,,,,,,,,,
3330001023468,株式会社Ｖｉｚｅｒｓ,43:熊本県,1人,G:情報通信業,,,,,,,,,,
9140001122250,株式会社Ｒｅｃｏｙａ,28:兵庫県,1人,G:情報通信業,,,,,,,,,,
6011001097829,株式会社ＣＵＲＩＯＵＳ　ＰＲＯＤＵＣＴＩＯＮＳ,13:東京都,60人,G:情報通信業,,,,,,,,,,
1010501006766,株式会社セル,13:東京都,79人,G:情報通信業,https://www.sel-net.co.jp,https://www.sel-net.co.jp,,,,1:有,0:無,1:有,0:無,
2260001000319,株式会社ネクシア,33:岡山県,137人,G:情報通信業,,,,,,,,,,
2011001106766,株式会社アルファラック,13:東京都,3人,G:情報通信業,http://alpha-luck.com,,,,,,,,,
9010401163394,株式会社Ｆａｃｉｌｏ,13:東京都,59人,G:情報通信業,,,,,,,,,,
5011001047784,株式会社ネットサポート,13:東京都,227人,G:情報通信業,https://www.n-support.jp,,,,,,,,,
8011001136741,Ｈａｂｉｔａｔ株式会社,13:東京都,7人,G:情報通信業,,,,,,,,,,
3120001235191,株式会社ＡＳ　ＯＮＥ,27:大阪府,21人,G:情報通信業,https://asone-osaka.com/,,,,,,,,,
5011101103446,株式会社エスエムエス,13:東京都,3人,G:情報通信業,,,,,,,,,,
4040001087062,株式会社ＲＥＴＩＣＥ,08:茨城県,18人,G:情報通信業,http://retice.biz,,,,,,,,,
5220002003180,株式会社ジョイテル,17:石川県,34人,G:情報通信業,http://www.joy-tel.co.jp/index.html,,,,,,,,,
7290001068142,株式会社Ｉｎｆｉｄｅｘ,40:福岡県,8人,G:情報通信業,,,,,,,,,,
8120001206824,株式会社メディアパートナーズ,27:大阪府,51人,G:情報通信業,https://media-partners.co.jp/,,,,,,,,,
2010001193831,株式会社ビッグツリーテクノロジー＆コンサルティング,13:東京都,469人,G:情報通信業,https://www.bigtreetc.com,,,,,,,,,
2010401082114,サイブリッジグループ株式会社,13:東京都,45人,G:情報通信業,http://www.cybridge.jp/,,,,,,,,,
7013301024040,株式会社ＥＰＡＲＫ,13:東京都,231人,G:情報通信業,,,,,,,,,,
8220001000639,アイビーシステム株式会社,17:石川県,13人,G:情報通信業,,,,,,,,,,
8120001174872,株式会社エボルワン,27:大阪府,2人,G:情報通信業,,,,,,,,,,
2011001050741,株式会社レプレ,13:東京都,6人,G:情報通信業,https://www.lepre.co.jp/,,,,,,,,,
1370001009291,データコム株式会社,04:宮城県,91人,G:情報通信業,,,,,,,,,,
6120001120754,株式会社イフデザイン,27:大阪府,23人,G:情報通信業,,,,,,,,,,
1440002006082,マークネクスト株式会社,01:北海道,19人,G:情報通信業,http://www.h-maneki.net/,,,,,,,,,
2010901015622,ブリッジインターナショナルグループ株式会社,13:東京都,579人,G:情報通信業,,,,,,,,,,
3250001003445,株式会社常盤商会,35:山口県,73人,G:情報通信業,http://www.siy.co.jp,,,,,,,,,
1260001024087,株式会社ワイズ,33:岡山県,7人,G:情報通信業,,,,,,,,,,
2011601021324,株式会社Ｍ．ａｎｄ．Ａｇｅｎｃｙ,13:東京都,6人,G:情報通信業,https://m-and-agency.com/,,,,,,,,,
1011001095283,株式会社フライヤー,13:東京都,7人,G:情報通信業,,,,,,,,,,
8300001011958,株式会社ＡＮＤＣＯ,41:佐賀県,47人,G:情報通信業,https://andco-web.jp/,,,,,,,,,
8011003013947,合同会社ＳｅｃｔｉＯＮ,13:東京都,4人,G:情報通信業,,,,,,,,,,
3011101070845,株式会社ＧＯＳＰＡ,13:東京都,3人,G:情報通信業,,,,,,,,,,
2010001120513,ＮＥ東京株式会社,13:東京都,25人,G:情報通信業,,,,,,,,,,
7011501003104,東京書籍株式会社,13:東京都,500人,G:情報通信業,,,,,,,,,,
5011001093093,株式会社ジェーエーシーリンクス,13:東京都,2人,G:情報通信業,,,,,,,,,,
8013301030987,株式会社むしか,13:東京都,2人,G:情報通信業,,,,,,,,,,
6010403020976,ＷＷＣ株式会社,13:東京都,3人,G:情報通信業,,,,,,,,,,
4011001090389,株式会社ｍａｇｉｃｎｕｍｂｅｒ,13:東京都,24人,G:情報通信業,http://magicnumber.co.jp/,,,,,,,,,
7011401018367,株式会社Ａｍａｎｅ,13:東京都,83人,G:情報通信業,https://amne.co.jp/,,,,,,,,,
7011001114062,ユニーカ株式会社,13:東京都,4人,G:情報通信業,,,,,,,,,,
7011001097373,株式会社マスクマン,13:東京都,9人,G:情報通信業,https://maskman.co.jp,,,,,,,,,
5130002020516,有限会社アリカ,26:京都府,8人,G:情報通信業,,,,,,,,,,
8360001011275,株式会社スピードライン,47:沖縄県,11人,G:情報通信業,,,,,,,,,,
4140001006524,株式会社エマーテック,28:兵庫県,36人,G:情報通信業,https://www.emertech.co.jp/,,,,,,,,,
2013201007991,株式会社アクティブ・ブレインズ,14:神奈川県,30人,G:情報通信業,https://www.activebrains.co.jp/,,,,,,,,,
3120001105510,株式会社リプロス,27:大阪府,15人,G:情報通信業,https://www.repros.co.jp/,,,,,,,,,
9010701009710,株式会社メトロ,13:東京都,378人,G:情報通信業,https://www.metro.co.jp/,,,,,,,,,
9011001137425,ＴＨＥ　Ｑ株式会社,13:東京都,2人,G:情報通信業,,,,,,,,,,
9011001073901,株式会社ハニカムラボ,13:東京都,20人,G:情報通信業,https://www.honeycomb-lab.co.jp/,,,,,,,,,
5290001084587,ダーウィン株式会社,13:東京都,2人,G:情報通信業,,,,,,,,,,
5011003007927,株式会社ｂｅｙｏｎｄＳ,13:東京都,4人,G:情報通信業,,,,,,,,,,
9010001198188,株式会社ＤＡＴＡＦＬＵＣＴ,13:東京都,10人,G:情報通信業,,,,,,,,,,
9011403002598,エモティア合同会社,13:東京都,3人,G:情報通信業,https://emotier.com/,,,,,,,,,
6010501010029,株式会社インフォーテック,13:東京都,56人,G:情報通信業,http://www.infortech.co.jp,,,,,,,,,
2320001011152,株式会社ＦＭなかつ,44:大分県,12人,G:情報通信業,,,,,,,,,,
9010001100228,株式会社ストラテジックマーケティング,13:東京都,6人,G:情報通信業,https://www.strategic-m.jp,,,,,,,,,
7020001056891,株式会社アルテック,14:神奈川県,17人,G:情報通信業,https://altech-co.net/,,,,,,,,,
1013301028880,株式会社リヴィティエ,13:東京都,17人,G:情報通信業,,,,,,,,,,
8280001003396,株式会社出雲王国,32:島根県,3人,G:情報通信業,,,,,,,,,,
9010003036783,合同会社クオドラント,13:東京都,3人,G:情報通信業,,,,,,,,,,
5120001180840,株式会社イズイズ,27:大阪府,10人,G:情報通信業,http://www.wins-lb.org/,,,,,,,,,
3440001007633,株式会社クロス・プロップワークス,13:東京都,110人,G:情報通信業,https://www.propworks.co.jp/,,,,,,,,,
3011101083715,株式会社ハルメクホールディングス,13:東京都,34人,G:情報通信業,https://halmek-holdings.co.jp/,,,,,,,,,
5180001165720,株式会社ＮａｎｏＡｃｔ,23:愛知県,1人,G:情報通信業,,,,,,,,,,
1080101006210,マイクロ・データ株式会社,22:静岡県,32人,G:情報通信業,,,,,,,,,,
1470001006353,アド・セイル株式会社,37:香川県,21人,G:情報通信業,https://www.ad-sail.jp,,,,,,,,,
7012401021476,アークスクェア株式会社,13:東京都,4人,G:情報通信業,,,,,,,,,,
7021001068745,株式会社体験入社,14:神奈川県,3人,G:情報通信業,,,,,,,,,,
7140001032328,株式会社デジプレート,28:兵庫県,14人,G:情報通信業,https://www.digiplate.co.jp/,,,,,,,,,
5010001198943,株式会社ＡＺＣＡＬ,13:東京都,5人,G:情報通信業,,,,,,,,,,
6010403024647,合同会社マムシステム,13:東京都,0人,G:情報通信業,https://mamu-system.sytes.net/,,,,,,,,,
3120001161504,株式会社アイビスエージェンシー,27:大阪府,16人,G:情報通信業,,,,,,,,,,
3120001143592,株式会社アイビスデザイン,27:大阪府,28人,G:情報通信業,http://ibis.gs/company/,,,,,,,,,
4180001013046,名電通株式会社,23:愛知県,48人,G:情報通信業,https://www.meidentsu.co.jp/,,,,,,,,,
1120001186726,株式会社デジャヴ・ラボ,27:大阪府,2人,G:情報通信業,,,,,,,,,,
2011001150525,株式会社ＴＦ,13:東京都,2人,G:情報通信業,https://omosuku.co.jp,https://omosuku.co.jp,,,,0:無,0:無,0:無,0:無,
5010401128995,株式会社ＡＩゴリラ,13:東京都,1人,G:情報通信業,,,,,,,,,,
6130001074256,株式会社おだやか,14:神奈川県,3人,G:情報通信業,,,,,,,,,,
8011401021733,株式会社ＢＲＩＮＧＲＯＷ,13:東京都,5人,G:情報通信業,,,,,,,,,,
9080101017084,ＨＬ株式会社,14:神奈川県,92人,G:情報通信業,,,,,,,,,,
6012801002127,株式会社サブスリー,13:東京都,67人,G:情報通信業,https://subthree.co.jp/,,,,,,,,,
1120001105537,株式会社ＡＳＳｙｓｔｅｍｓ,27:大阪府,15人,G:情報通信業,,,,,,,,,,
9260001039383,株式会社ｋａｎｍｅｉ,33:岡山県,6人,G:情報通信業,,,,,,,,,,
9210001018557,株式会社Ａｉｔｈｒａ,18:福井県,3人,G:情報通信業,,,,,,,,,,
6010003022051,グーグル・クラウド・ジャパン合同会社,13:東京都,600人,G:情報通信業,,,,,,,,,,
8270001003050,株式会社インフロー,31:鳥取県,7人,G:情報通信業,,,,,,,,,,
9010001178479,株式会社ｂａｌｓｓ,13:東京都,6人,G:情報通信業,,,,,,,,,,
6010701009168,株式会社マイクロテック,13:東京都,77人,G:情報通信業,,,,,,,,,,
6120001246203,株式会社Ｓｃｏｔｔ,27:大阪府,1人,G:情報通信業,,,,,,,,,,
1470001004043,株式会社メディアミックス研究所,37:香川県,20人,G:情報通信業,http://www.mmlab.co.jp,,,,,,,,,
9011601019956,株式会社リソースクリエイション,13:東京都,16人,G:情報通信業,,,,,,,,,,
4290001074952,株式会社シーエイティ,40:福岡県,4人,G:情報通信業,https://cat-jpn.com/,,,,,,,,,
9410001012168,スリー株式会社,05:秋田県,1人,G:情報通信業,,,,,,,,,,
5490001009706,株式会社ふるプロ,39:高知県,5人,G:情報通信業,,,,,,,,,,
7010001150539,株式会社ゼンリンマーケティングソリューションズ,13:東京都,100人,G:情報通信業,https://www.zenrin-ms.co.jp/,,,,,,,,,
7400001004416,株式会社ノーザンシステムサービス,03:岩手県,31人,G:情報通信業,,,,,,,,,,
1010401052638,株式会社シャノン,13:東京都,247人,G:情報通信業,https://www.shanon.co.jp/,,,,,,,,,
8010901040854,ヴィヴィッド・ビジョン・アジア株式会社,13:東京都,1人,G:情報通信業,,,,,,,,,,
4011001113736,株式会社クォンタムセオリー,13:東京都,20人,G:情報通信業,,,,,,,,,,
9013201013694,株式会社ＡＭＳ,13:東京都,110人,G:情報通信業,,,,,,,,,,
1010001119093,株式会社ナレッジクリエーションテクノロジー,13:東京都,10人,G:情報通信業,https://www.jpkct.com/,,,,,,,,,
7011103013170,合同会社世界散歩,13:東京都,8人,G:情報通信業,https://sekai-sanpo.com/administrator/company/,,,,,,,,,
8010101010864,デマンドリンク株式会社,13:東京都,40人,G:情報通信業,,,,,,,,,,
8430001088380,株式会社フルコ,01:北海道,1人,G:情報通信業,https://furuco.jp/,,,,,,,,,
6360001019799,株式会社沖縄ハイシンク,47:沖縄県,116人,G:情報通信業,,,,,,,,,,
6090001014373,株式会社コークッキング,11:埼玉県,8人,G:情報通信業,,,,,,,,,,
7011002033501,有限会社キューポイント,13:東京都,7人,G:情報通信業,,,,,,,,,,
7230003001098,合同会社アント,16:富山県,10人,G:情報通信業,https://ant-llc.co.jp/,https://ant-llc.co.jp/contact/,,,,0:無,0:無,0:無,0:無,
8120001064958,東京アカデミー七賢出版株式会社,27:大阪府,3人,G:情報通信業,,,,,,,,,,
3010001098113,株式会社写易,12:千葉県,48人,G:情報通信業,http://www.xieyi.co.jp/,,,,,,,,,
8021001065353,株式会社Ｌｉｂｅｒｔａｄ,14:神奈川県,4人,G:情報通信業,https://libertad-inc.co.jp/wp/company/,,,,,,,,,
9010401018474,データ・マネージメント株式会社,13:東京都,608人,G:情報通信業,https://www.dmk.co.jp/,,,,,,,,,
1011101056945,株式会社ＮＴＴ東日本－南関東,13:東京都,2721人,G:情報通信業,http://www.minamikanto.ntt-east.co.jp/,,,,,,,,,
3011101037464,アクアコンピュータサービス株式会社,13:東京都,40人,G:情報通信業,http://www.e-aqua.biz/,,,,,,,,,
3120001041152,アルフアコンピユーターシステム株式会社,27:大阪府,10人,G:情報通信業,,,,,,,,,,
4020001024331,株式会社ファルコン,14:神奈川県,71人,G:情報通信業,http://www.kk-falcon.co.jp/,,,,,,,,,
6011001038592,ＧＭＯメディア株式会社,13:東京都,146人,G:情報通信業,,,,,,,,,,
7050001023583,日本システムハウス株式会社,13:東京都,101人,G:情報通信業,http://www.systemhouse-co.com/,,,,,,,,,
4011201019213,ＪＩＮ株式会社,13:東京都,11人,G:情報通信業,,,,,,,,,,
5011001149985,株式会社オルトクラウド,13:東京都,30人,G:情報通信業,,,,,,,,,,
9013301035531,株式会社リアルインベント,13:東京都,28人,G:情報通信業,,,,,,,,,,
9260001000262,株式会社アストロ,33:岡山県,33人,G:情報通信業,https://www.astroinc.co.jp,,,,,,,,,
7120001044184,株式会社ＤＮＰプランニングネットワーク,13:東京都,121人,G:情報通信業,,,,,,,,,,
8150001007872,株式会社アドスペース,29:奈良県,6人,G:情報通信業,,,,,,,,,,
4010401113180,株式会社ファンチップ,14:神奈川県,5人,G:情報通信業,,,,,,,,,,
7020001131827,モノックス株式会社,14:神奈川県,30人,G:情報通信業,,,,,,,,,,
1013301038707,株式会社ウィモーション,13:東京都,60人,G:情報通信業,,,,,,,,,,
4290801026277,株式会社ジテンオン,40:福岡県,4人,G:情報通信業,,,,,,,,,,
1011101031436,株式会社アジャスト,13:東京都,24人,G:情報通信業,,,,,,,,,,
1011003009415,合同会社アシスト,13:東京都,2人,G:情報通信業,,,,,,,,,,
3140001057964,株式会社サイプレス・ソリューションズ,13:東京都,500人,G:情報通信業,http://www.cypress-sol.co.jp/,,,,,,,,,
7011601000389,コンピュータシステム株式会社,13:東京都,137人,G:情報通信業,https://www.computer-system.jp/,,,,,,,,,
3010001165094,株式会社シンメトリア,13:東京都,41人,G:情報通信業,,,,,,,,,,
1020001033203,株式会社ティー・アール・シー,14:神奈川県,116人,G:情報通信業,,,,,,,,,,
7010001005049,株式会社テイハン,13:東京都,19人,G:情報通信業,,,,,,,,,,
7120001154834,あっとクリエーション株式会社,27:大阪府,4人,G:情報通信業,,,,,,,,,,
3010401102787,株式会社タスタス,13:東京都,12人,G:情報通信業,,,,,,,,,,
2370001022582,株式会社ＲＡＰｉＣ,04:宮城県,4人,G:情報通信業,,,,,,,,,,
7010001241767,株式会社ありあまる,13:東京都,6人,G:情報通信業,https://ariamaru.co.jp/about/,,,,,,,,,
4010601030820,株式会社エディスグローヴ,13:東京都,22人,G:情報通信業,,,,,,,,,,
7010001208007,東進ソリューションズ株式会社,13:東京都,56人,G:情報通信業,,,,,,,,,,
5010401038988,オリコン株式会社,13:東京都,30人,G:情報通信業,http://www.oricon.jp/,,,,,,,,,
1110001009615,株式会社テルベル,15:新潟県,21人,G:情報通信業,http://telvel.main.jp/,,,,,,,,,
4140002065718,有限会社幹通信,28:兵庫県,29人,G:情報通信業,,,,,,,,,,
1011101070319,シェルフィー株式会社,13:東京都,40人,G:情報通信業,,,,,,,,,,
9140001006040,アルファテクノロジー株式会社,28:兵庫県,34人,G:情報通信業,http://www.alpha-tec.co.jp/,,,,,,,,,
7010401064446,株式会社アイエスエイプラン,13:東京都,100人,G:情報通信業,https://isa-plan.jp/,,,,,,,,,
3010003034842,株式会社ＰＫＳＨＡ　Ｃｏｍｍｕｎｉｃａｔｉｏｎ,13:東京都,97人,G:情報通信業,https://prazna.com/,,,,,,,,,
9010001167399,アイピーエス株式会社,13:東京都,81人,G:情報通信業,,,,,,,,,,
8010401012610,株式会社シー・キューブド・アイ・システムズ,13:東京都,183人,G:情報通信業,http://www.c3is.co.jp,,,,,,,,,
6120001116331,株式会社アクターリアリティー,27:大阪府,160人,G:情報通信業,,,,,,,,,,
4010603004723,クラリスビジュアライズワークス合同会社,13:東京都,4人,G:情報通信業,,,,,,,,,,
7010001086345,株式会社ワンブリッジ,13:東京都,55人,G:情報通信業,http://www.1bridge.co.jp/,,,,,,,,,
6013301026921,ネットメイク株式会社,13:東京都,10人,G:情報通信業,https://www.net-make.com/,https://www.net-make.com/,,,,1:有,0:無,1:有,0:無,
3011001122770,株式会社Ｐｏｎｔｅｌｙ,13:東京都,2人,G:情報通信業,,,,,,,,,,
3290001028141,富士通Ｊａｐａｎソリューションズ九州株式会社,40:福岡県,150人,G:情報通信業,https://www.fujitsu.com/jp/group/fjjq/,,,,,,,,,
2011801039298,ＫＡＫＵＭＥＩ株式会社,13:東京都,5人,G:情報通信業,,,,,,,,,,
1120001176149,株式会社Ｄｅｆ　ｔｒｉｂｅ,27:大阪府,150人,G:情報通信業,https://www.e-deftribe.com/,,,,,,,,,
5013303004785,ＤｅｅｐＢｒａｉｎ合同会社,22:静岡県,3人,G:情報通信業,http://deepbrain.jp/,,,,,,,,,
6080101001198,株式会社コサウェル,22:静岡県,316人,G:情報通信業,http://www.cosawell.co.jp,,,,,,,,,
5010001155614,株式会社ヒュークラボ,13:東京都,14人,G:情報通信業,http://www.huclab.com/,,,,,,,,,
6010401077201,ゼビオコーポレート株式会社,13:東京都,249人,G:情報通信業,,,,,,,,,,
2011401022340,株式会社ＣｏＬａｂＭｉｘ,13:東京都,7人,G:情報通信業,,,,,,,,,,
1140001055549,株式会社ＮＳＩＴ,27:大阪府,37人,G:情報通信業,https://www.nsit.co.jp,,,,,,,,,
5010501022198,ジェネロ株式会社,13:東京都,9人,G:情報通信業,https://genero.jp,,,,,,,,,
8011101084881,株式会社サンナレッジ,13:東京都,15人,G:情報通信業,https://s-knowledge.co.jp/company/,,,,,,,,,
6330001005224,株式会社城屋コンピュータ,43:熊本県,3人,G:情報通信業,,,,,,,,,,
3011401015979,株式会社リバイバル,13:東京都,4人,G:情報通信業,,,,,,,,,,
7010001033883,株式会社ＢＳ日テレ,13:東京都,74人,G:情報通信業,,,,,,,,,,
8010001243416,ＥａｓｔＣｌｏｕｄ株式会社,13:東京都,15人,G:情報通信業,,,,,,,,,,
2010701013941,コンピュータリピート株式会社,13:東京都,60人,G:情報通信業,,,,,,,,,,
9010901042123,株式会社Ｍａｔｔｏ,13:東京都,6人,G:情報通信業,https://matto-md.jp/,,,,,,,,,
8011001160064,株式会社ｉｚａｎａｍｉ,14:神奈川県,13人,G:情報通信業,https://iznm.tech/,,,,,,,,,
6010401072978,株式会社エアトリ,13:東京都,158人,G:情報通信業,,,,,,,,,,
8010401153446,トグルホールディングス株式会社,13:東京都,115人,G:情報通信業,,,,,,,,,,
1140002064796,有限会社ブルードット,28:兵庫県,9人,G:情報通信業,,,,,,,,,,
7011001154521,Ｔｕｒｉｎｇ　Ｊａｐａｎ株式会社,13:東京都,1人,G:情報通信業,,,,,,,,,,
8410001009074,株式会社デジタル・ウント・メア,05:秋田県,17人,G:情報通信業,,,,,,,,,,
8010801031929,株式会社ジオプラス,13:東京都,4人,G:情報通信業,,,,,,,,,,
8020001143862,株式会社Ｒ２,14:神奈川県,4人,G:情報通信業,https://remoterobotics.co.jp/,,,,,,,,,
8040001046238,富士トレーディングインターナショナル株式会社,12:千葉県,5人,G:情報通信業,,,,,,,,,,
8010401055923,グリーホールディングス株式会社,13:東京都,126人,G:情報通信業,,,,,,,,,,
6010001087146,リアルシス株式会社,13:東京都,85人,G:情報通信業,https://www.realsys.co.jp/,,,,,,,,,
9012401033759,株式会社Ｆａｔｅ,13:東京都,80人,G:情報通信業,http://fate-corp.co.jp/,,,,,,,,,
1010901047518,ＯＮＥＷＯＲＤ株式会社,13:東京都,1人,G:情報通信業,,,,,,,,,,
1230001000405,株式会社エーティーワークス,16:富山県,76人,G:情報通信業,,,,,,,,,,
4080401002831,株式会社だいいちビデオ,22:静岡県,3人,G:情報通信業,,,,,,,,,,
3011001107573,４７ホールディングス株式会社,13:東京都,55人,G:情報通信業,https://47co.jp/about/47holdings,,,,,,,,,
9010001134969,Ｋｅｅｐｄａｔａ株式会社,13:東京都,4人,G:情報通信業,,,,,,,,,,
3011001120007,４７内装株式会社,13:東京都,47人,G:情報通信業,https://47co.jp/about/47naiso,,,,,,,,,
1360001019977,４７インキュベーション株式会社,13:東京都,28人,G:情報通信業,https://47co.jp/about/47incubation,,,,,,,,,
1120001206673,未知株式会社,27:大阪府,30人,G:情報通信業,https://www.mchs.co.jp/,https://www.mchs.co.jp/recruit/,,,,1:有,1:有,1:有,1:有,
9011001122591,株式会社セキュアギークス,13:東京都,27人,G:情報通信業,,,,,,,,,,
5010501024467,株式会社フォーイーチ,13:東京都,8人,G:情報通信業,,,,,,,,,,
4011301021944,株式会社ＰＡＣＩＦＩＣ　ＳＹＳＴＥＭ,13:東京都,2人,G:情報通信業,,,,,,,,,,
9010001200564,株式会社ワールドプレミア,13:東京都,3人,G:情報通信業,https://worldpremiere.co.jp/contact/,,,,,,,,,
4010401033115,オープンテキスト株式会社,13:東京都,202人,G:情報通信業,,,,,,,,,,
3120001131011,株式会社ユーエムイー,27:大阪府,9人,G:情報通信業,http://www.ume-group.jp/index.html,,,,,,,,,
3490001001004,高知さんさんテレビ株式会社,39:高知県,68人,G:情報通信業,https://www.sunsuntv.co.jp/,,,,,,,,,
1370001007295,株式会社ＮＴＴ東日本‐東北,04:宮城県,1103人,G:情報通信業,http://www.tohoku.ntt-east.co.jp/,,,,,,,,,
7470001006901,日本ユー・エス・アール株式会社,37:香川県,19人,G:情報通信業,,,,,,,,,,
5011301024574,株式会社ＧＥＮＥＶＩＳ,13:東京都,5人,G:情報通信業,,,,,,,,,,
8011101070766,株式会社ＭＧＭ,13:東京都,2人,G:情報通信業,,,,,,,,,,
8010001134251,株式会社トレジャーリンク,13:東京都,13人,G:情報通信業,,,,,,,,,,
9130001026171,アートム株式会社,26:京都府,24人,G:情報通信業,,,,,,,,,,
4040001131919,株式会社オンサーフェス,12:千葉県,7人,G:情報通信業,,,,,,,,,,
4010401039368,ウィルソフト株式会社,13:東京都,59人,G:情報通信業,,,,,,,,,,
8040001003619,住友林業情報システム株式会社,12:千葉県,189人,G:情報通信業,http://www.sumirin.co.jp/,,,,,,,,,
8290001048952,株式会社システムエイト,40:福岡県,10人,G:情報通信業,,,,,,,,,,
4010001120255,株式会社ＬａｉｎＺ,13:東京都,203人,G:情報通信業,,,,,,,,,,
8100001018222,エルシーブイ株式会社,20:長野県,142人,G:情報通信業,,,,,,,,,,
7080401018783,株式会社くまふメディア制作事務所,22:静岡県,6人,G:情報通信業,,,,,,,,,,
3010501040854,株式会社ファーストステップ,11:埼玉県,30人,G:情報通信業,,,,,,,,,,
6010401152474,株式会社Ｒｏｂｏｔ　Ｃｏｎｓｕｌｔｉｎｇ,13:東京都,12人,G:情報通信業,,,,,,,,,,
9011001039638,株式会社メディア・ラボ,13:東京都,10人,G:情報通信業,,,,,,,,,,
6010601004120,株式会社スポーツニッポン新聞社,13:東京都,674人,G:情報通信業,,,,,,,,,,
1011703000747,株式会社ドリームＩＴ研究所,13:東京都,2人,G:情報通信業,,,,,,,,,,
3010001015547,株式会社芸術新聞?,13:東京都,15人,G:情報通信業,,,,,,,,,,
6290001026241,株式会社ネクストシステム,40:福岡県,51人,G:情報通信業,,,,,,,,,,
2010601041448,株式会社ドミニオン,13:東京都,12人,G:情報通信業,,,,,,,,,,
9011001122030,株式会社ＣｙｂｅｒＡＣＥ,13:東京都,134人,G:情報通信業,,,,,,,,,,
8011001056064,株式会社ＹＡＺ,13:東京都,87人,G:情報通信業,https://www.yaz.co.jp/,,,,,,,,,
2390001010651,株式会社日本ケアコミュニケーションズ,06:山形県,50人,G:情報通信業,https://www.care-com.co.jp/,,,,,,,,,
9010001069298,株式会社ネクステージコンサルティング,13:東京都,25人,G:情報通信業,http://www.nextage-c.jp/,,,,,,,,,
8011101032948,株式会社メタフェイズ,13:東京都,30人,G:情報通信業,https://www.metaphase.co.jp/,,,,,,,,,
5010701023558,株式会社ユーエスエル,13:東京都,60人,G:情報通信業,,,,,,,,,,
5290002016399,株式会社電調社,47:沖縄県,26人,G:情報通信業,,,,,,,,,,
6013301027671,株式会社ウェブライト,13:東京都,20人,G:情報通信業,,,,,,,,,,
1010401122259,Ｋｅｎｊａ株式会社,13:東京都,8人,G:情報通信業,,,,,,,,,,
2010401062090,株式会社プラージュ,13:東京都,13人,G:情報通信業,http://www.prage.jp,,,,,,,,,
9010001063425,株式会社ウイズ・ワン,13:東京都,230人,G:情報通信業,https://wiss1.co.jp,,,,,,,,,
3040001096576,株式会社ＳＨＯＴＴ,13:東京都,20人,G:情報通信業,,,,,,,,,,
4120001073260,アイランド株式会社,13:東京都,26人,G:情報通信業,,,,,,,,,,
2010001117468,アルファパートナーズ株式会社,13:東京都,30人,G:情報通信業,https://en-gage.net/al-p/,,,,,,,,,
2010001137937,丸善出版株式会社,13:東京都,74人,G:情報通信業,,,,,,,,,,
1040001009201,株式会社ジャンガ・テック,12:千葉県,12人,G:情報通信業,,,,,,,,,,
6700150012917,ケイデンス・デザイン・システムズ（ジャパン）ビー・ヴィ,14:神奈川県,216人,G:情報通信業,,,,,,,,,,
3013203001835,株式会社システートソリューションズ,13:東京都,10人,G:情報通信業,,,,,,,,,,
8120001042187,株式会社ＣＡＣオルビス,27:大阪府,100人,G:情報通信業,,,,,,,,,,
7040001040101,株式会社システムシェアード,13:東京都,340人,G:情報通信業,,,,,,,,,,
5010401071972,株式会社イルミネート・ジャパン,13:東京都,2人,G:情報通信業,,,,,,,,,,
6010001066950,オープンリソース株式会社,13:東京都,194人,G:情報通信業,http://www.orc-net.com/,,,,,,,,,
7010401057986,ＶＩＰソフトウェア株式会社,13:東京都,40人,G:情報通信業,http://www.vip-soft.jp/,,,,,,,,,
8011001105333,株式会社マツリカ,13:東京都,58人,G:情報通信業,,,,,,,,,,
1430003013483,期間工合同会社,01:北海道,4人,G:情報通信業,https://kikankou.co.jp/,,,,,,,,,
1011101060930,株式会社ワンプルーフ,13:東京都,46人,G:情報通信業,,,,,,,,,,
5120001172086,ブレーメン株式会社,28:兵庫県,10人,G:情報通信業,http://bre-men.jp/,,,,,,,,,
1010001069108,株式会社イーブックイニシアティブジャパン,13:東京都,211人,G:情報通信業,,,,,,,,,,
2010001127112,株式会社プロフェース・システムズ,13:東京都,47人,G:情報通信業,https://www.proface-sys.com/,,,,,,,,,
2180001130578,株式会社ダンデライオンズ,23:愛知県,23人,G:情報通信業,https://dandelions.co.jp/,,,,,,,,,
7120001008115,テクノラボ株式会社,27:大阪府,15人,G:情報通信業,http://www.technolabo.co.jp/,,,,,,,,,
4011001073311,株式会社アライバルクオリティー,13:東京都,28人,G:情報通信業,,,,,,,,,,
2011001058413,株式会社ビズリーチ,13:東京都,1125人,G:情報通信業,http://www.bizreach.co.jp/,,,,,,,,,
9010001182919,株式会社Ｏｐｅｎｉｎｇ　Ｌｉｎｅ,13:東京都,21人,G:情報通信業,,,,,,,,,,
9010401154261,株式会社カッパホールディングス,13:東京都,2人,G:情報通信業,,,,,,,,,,
9013301030334,株式会社Ｌｉｎｋｓｐｒｏｕｔ,13:東京都,67人,G:情報通信業,,,,,,,,,,
1010001230858,株式会社ｈｉｒａｍｅ,13:東京都,0人,G:情報通信業,,,,,,,,,,
2010001194029,ＷＥＳＯＵ　ＪＡＰＡＮ株式会社,13:東京都,20人,G:情報通信業,,,,,,,,,,
9180001119391,株式会社クリエイティブワークス,23:愛知県,2人,G:情報通信業,http://www.works.creative-group.jp/,,,,,,,,,
2010701017075,株式会社エッセンティア,13:東京都,8人,G:情報通信業,,,,,,,,,,
3020001003220,日興テクノス株式会社,14:神奈川県,84人,G:情報通信業,https://www.nikko-technos.com/csr/,,,,,,,,,
2011101101493,株式会社ユーツーテック,13:東京都,0人,G:情報通信業,,,,,,,,,,
2010601062956,株式会社アルトレオス,13:東京都,1人,G:情報通信業,https://artreoss.com/,,,,,,,,,
1010703005186,Ｄｒｅａｗ合同会社,13:東京都,9人,G:情報通信業,https://dreaw.jp/,,,,,,,,,
2013301015614,株式会社ユーグラフ,13:東京都,34人,G:情報通信業,https://ugraph.co.jp,,,,,,,,,
7370002015119,有限会社アセットソフト,04:宮城県,14人,G:情報通信業,,,,,,,,,,
2011201002360,株式会社ＳＨＩＳＨＩ,13:東京都,16人,G:情報通信業,,,,,,,,,,
2010501014941,株式会社ロジック,13:東京都,75人,G:情報通信業,,,,,,,,,,
2011001160755,株式会社ｎｅｗｐａｒａｄｅ,13:東京都,9人,G:情報通信業,,,,,,,,,,
9011001144371,株式会社プラウドロード,13:東京都,4人,G:情報通信業,http://zedia-g.jp,,,,,,,,,
4120001138393,株式会社ディー・オー・エス,27:大阪府,10人,G:情報通信業,,,,,,,,,,
8040001110010,株式会社Ｍｕｎ,12:千葉県,3人,G:情報通信業,,,,,,,,,,
6011701019248,株式会社ヘーゼル,13:東京都,7人,G:情報通信業,,,,,,,,,,
5360001019668,ちゅらっぷす株式会社,47:沖縄県,38人,G:情報通信業,https://churapps.co.jp/,,,,,,,,,
1020001049827,株式会社ジェイブリーズ,14:神奈川県,7人,G:情報通信業,,,,,,,,,,
1011001144998,株式会社ライズサクセス,13:東京都,12人,G:情報通信業,http://rise-g.jp,,,,,,,,,
7290001058589,株式会社リクト,40:福岡県,13人,G:情報通信業,,,,,,,,,,
8010001194700,ＮｅｗＩＴ株式会社,13:東京都,5人,G:情報通信業,,,,,,,,,,
5010001212596,株式会社ｔｈｉｆｏｒｍ,13:東京都,1人,G:情報通信業,https://intern-lab.net/,,,,,,,,,
5010001166280,ＡＧＲＩｎｇｏ株式会社,13:東京都,24人,G:情報通信業,,,,,,,,,,
8011001044416,ミツバチワークス株式会社,13:東京都,48人,G:情報通信業,,,,,,,,,,
4240001010499,ブレーン株式会社,34:広島県,45人,G:情報通信業,,,,,,,,,,
4030001055821,株式会社リンクス,11:埼玉県,15人,G:情報通信業,,,,,,,,,,
4010401103413,株式会社レンガ,13:東京都,18人,G:情報通信業,,,,,,,,,,
9120001229097,コングラント株式会社,27:大阪府,20人,G:情報通信業,,,,,,,,,,
9120001130552,株式会社ｅ－ａｎｃｈｏｒ,27:大阪府,10人,G:情報通信業,,,,,,,,,,
3120003016854,株式会社Ｇｏｎｍｕｒａ,27:大阪府,8人,G:情報通信業,,,,,,,,,,
1011101039207,株式会社ジェネコム,13:東京都,14人,G:情報通信業,,,,,,,,,,
3010002025842,有限会社モン・クリエイティブ,13:東京都,4人,G:情報通信業,,,,,,,,,,
7011501006791,株式会社ジェイ・システム,13:東京都,8人,G:情報通信業,,,,,,,,,,
6020002070760,株式会社グラントビー,14:神奈川県,2人,G:情報通信業,,,,,,,,,,
5010001239895,株式会社ＭＱｕｅ,13:東京都,7人,G:情報通信業,,,,,,,,,,
9010001232863,ビットクォーク株式会社,13:東京都,4人,G:情報通信業,https://bit-quark.com,,,,,,,,,
2011601001367,開仁産業株式会社,13:東京都,12人,G:情報通信業,,,,,,,,,,
6360001021037,沖縄チエル株式会社,47:沖縄県,13人,G:情報通信業,,,,,,,,,,
2140001072031,株式会社ＧＥＯソリューションズ,28:兵庫県,85人,G:情報通信業,,,,,,,,,,
8011601012227,株式会社旭プロダクション,13:東京都,173人,G:情報通信業,,,,,,,,,,
9010001241872,株式会社ＷｏｎｄｅｒＰａｌｅｔｔｅ,13:東京都,1人,G:情報通信業,,,,,,,,,,
4010405009441,一般社団法人全国林業改良普及協会,13:東京都,18人,G:情報通信業,,,,,,,,,,
8140001052341,株式会社ビッグバレーインターナショナル,28:兵庫県,87人,G:情報通信業,https://bvi.jp/company,,,,,,,,,
4010001177931,株式会社計算科学,13:東京都,32人,G:情報通信業,,,,,,,,,,
5011101056421,株式会社ＣＦＰコンサルティング,13:東京都,45人,G:情報通信業,,,,,,,,,,
2110001008698,株式会社インプレッシヴ,15:新潟県,52人,G:情報通信業,http://www.impressive.jp/,,,,,,,,,
7010001147527,株式会社えんがわ,13:東京都,4人,G:情報通信業,https://engawa.jp/,,,,,,,,,
8011301028944,株式会社ＢＩＯＤ,13:東京都,5人,G:情報通信業,,,,,,,,,,
1011001100290,株式会社リベロエンジニア,13:東京都,35人,G:情報通信業,https://libero-en.jp/,,,,,,,,,
2120001034108,株式会社アイル,27:大阪府,992人,G:情報通信業,https://www.ill.co.jp/,,,,,,,,,
9010601034503,グローバルビジネスソリューション株式会社,13:東京都,84人,G:情報通信業,https://www.gb-sol.com/,,,,,,,,,
3120001234986,株式会社ＶＩＬＵＣＫ　ＷＯＲＫ,27:大阪府,100人,G:情報通信業,,,,,,,,,,
1011001070212,株式会社グッドプレイス,13:東京都,4人,G:情報通信業,http://www.good-place.co.jp/,,,,,,,,,
4011001140350,株式会社ＳｏａＲｉｚｅ出版,13:東京都,12人,G:情報通信業,,,,,,,,,,
1430001039456,株式会社ＨｉＳＣ,01:北海道,45人,G:情報通信業,https://hisc.co.jp/,,,,,,,,,
5030001127900,エデン株式会社,13:東京都,21人,G:情報通信業,,,,,,,,,,
7010601062489,株式会社サンダークリエイト,13:東京都,1人,G:情報通信業,,,,,,,,,,
1010701041869,株式会社Ｕ－ＰＯＷＥＲ,13:東京都,198人,G:情報通信業,https://u-power.jp/,,,,,,,,,
3010601053244,株式会社産業創生システムズ,13:東京都,0人,G:情報通信業,,,,,,,,,,
6011001056801,ＣＲＡＶＩＡ株式会社,13:東京都,38人,G:情報通信業,http://agilemedia.jp/,,,,,,,,,
1010401156505,ＦＬＡＲＥＴＥＣＨ株式会社,13:東京都,205人,G:情報通信業,,,,,,,,,,
1010001166292,ＡｉＧｌｏｗ株式会社,13:東京都,41人,G:情報通信業,,,,,,,,,,
9370001015150,ＴＯＭＯＳＥ株式会社,04:宮城県,78人,G:情報通信業,http://www.respect-pal.jp/,,,,,,,,,
6490001001232,四国情報管理センター株式会社,39:高知県,125人,G:情報通信業,http://www.jokan.co.jp,,,,,,,,,
4010001160516,株式会社ＳＸプロモーション,13:東京都,1人,G:情報通信業,,,,,,,,,,
7010001085545,株式会社ジーダット,13:東京都,127人,G:情報通信業,,,,,,,,,,
6010001157337,株式会社ダンデライオン,11:埼玉県,23人,G:情報通信業,,,,,,,,,,
1370001024539,株式会社サンブレス,04:宮城県,23人,G:情報通信業,,,,,,,,,,
8250001006113,西日本オフィスメーション株式会社,40:福岡県,60人,G:情報通信業,https://www.nom.co.jp/,,,,,,,,,
6012801016250,ギフトテンインダストリ株式会社,13:東京都,2人,G:情報通信業,https://gift10.co.jp,,,,,,,,,
8011101038020,ジークス株式会社,13:東京都,42人,G:情報通信業,http://www.zeax.co.jp/,,,,,,,,,
5220001008362,株式会社ＩＣＣシステムソリューションズ,17:石川県,107人,G:情報通信業,,,,,,,,,,
4260001027946,株式会社ベネッセインフォシェル,33:岡山県,405人,G:情報通信業,http://www.benesse-infoshell.co.jp/index.html,,,,,,,,,
5010001092436,エフアイエス・ジャパン株式会社,13:東京都,59人,G:情報通信業,,,,,,,,,,
4500001000481,株式会社あいテレビ,38:愛媛県,87人,G:情報通信業,https://www.itv6.jp/,,,,,,,,,
3010401040855,株式会社メディックメディア,13:東京都,139人,G:情報通信業,https://medicmedia.com/,,,,,,,,,
1120002056696,有限会社Ｅ　ｐｒｏｊｅｃｔ,27:大阪府,1人,G:情報通信業,https://www.itshop.jp,,,,,,,,,
1010403018158,Ｂｅｅ２Ｂ株式会社,13:東京都,6人,G:情報通信業,,,,,,,,,,
6020001136067,コンストテック株式会社,01:北海道,1人,G:情報通信業,,,,,,,,,,
5380001026068,株式会社ヤマダソリューション,07:福島県,4人,G:情報通信業,,,,,,,,,,
6010001142272,株式会社ジャパニッシモ,13:東京都,4人,G:情報通信業,,,,,,,,,,
2010901048110,株式会社ＶＯＮＯＢＡ,13:東京都,1人,G:情報通信業,,,,,,,,,,
6011001118642,株式会社スプレッドオーバー,13:東京都,10人,G:情報通信業,,,,,,,,,,
2010501023802,株式会社ジャスティック,13:東京都,38人,G:情報通信業,http://www.justic.co.jp/index.html,,,,,,,,,
8410001000330,株式会社秋田魁新報社,05:秋田県,238人,G:情報通信業,https://www.sakigake.jp/company/,,,,,,,,,
7010401004022,株式会社モニタス,13:東京都,18人,G:情報通信業,,,,,,,,,,
1120001120263,ＬＲＭ株式会社,28:兵庫県,90人,G:情報通信業,https://www.lrm.jp/,,,,,,,,,
5020001099190,株式会社アイスタンダード,13:東京都,50人,G:情報通信業,,,,,,,,,,
8011001136543,イーモジャパン株式会社,13:東京都,20人,G:情報通信業,https://www.eeeemo.co.jp/,,,,,,,,,
2120101000174,株式会社アルファ新洋,27:大阪府,64人,G:情報通信業,,,,,,,,,,
5120001169322,株式会社ＧＥＳ,27:大阪府,23人,G:情報通信業,,,,,,,,,,
9011001149412,株式会社ＡＷＥＳＯＭＥ　ＳＥ,13:東京都,30人,G:情報通信業,,,,,,,,,,
8010001216925,株式会社サポラボ,13:東京都,0人,G:情報通信業,,,,,,,,,,
6040001124680,カサナレ株式会社,13:東京都,2人,G:情報通信業,https://kasanare.co.jp/,,,,,,,,,
3010401099826,株式会社ワードピック,13:東京都,5人,G:情報通信業,,,,,,,,,,
2010001141682,株式会社扶堂,13:東京都,62人,G:情報通信業,,,,,,,,,,
3030001135054,サクセスパートナー株式会社,13:東京都,1人,G:情報通信業,,,,,,,,,,
6021003007586,株式会社スタジオスレッジハンマー,13:東京都,10人,G:情報通信業,,,,,,,,,,
3360001031385,株式会社オキジモ,47:沖縄県,2人,G:情報通信業,https://okijimo.jp/,,,,,,,,,
1260002022593,有限会社アクシス,33:岡山県,16人,G:情報通信業,https://www.axis2002.jp,,,,,,,,,
8011801035795,株式会社ＩＶＩシステムズ,13:東京都,3人,G:情報通信業,,,,,,,,,,
3010501023512,Ｔｏｕｃｈコミュニケーションズ株式会社,13:東京都,2人,G:情報通信業,,,,,,,,,,
5010501047815,株式会社ｃｒｉｍｏ,13:東京都,10人,G:情報通信業,,,,,,,,,,
9240001045664,株式会社パプリカ,34:広島県,2人,G:情報通信業,https://paprica.co.jp/index.html,,,,,,,,,
2012403006083,ｆ．ｅ．ｅ．ｌ合同会社,13:東京都,2人,G:情報通信業,https://www.f-e-e-l.co.jp/,,,,,,,,,
8010001145918,株式会社ボーダーレス,13:東京都,21人,G:情報通信業,,,,,,,,,,
2010401099447,株式会社イズム,13:東京都,99人,G:情報通信業,,,,,,,,,,
2120901033836,日本ネクサス株式会社,27:大阪府,19人,G:情報通信業,,,,,,,,,,
5130001047576,株式会社デイアライブ,26:京都府,10人,G:情報通信業,,,,,,,,,,
6010401046429,株式会社スタジオインターフィールド,13:東京都,38人,G:情報通信業,,,,,,,,,,
2350002002437,有限会社スマイルデータシステム,45:宮崎県,5人,G:情報通信業,,,,,,,,,,
8010101009849,株式会社アキュアズ,13:東京都,12人,G:情報通信業,,,,,,,,,,
7110001002498,システムリサーチ株式会社,15:新潟県,52人,G:情報通信業,http://www.srn.co.jp/,,,,,,,,,
2360001025784,株式会社モビイクス,47:沖縄県,24人,G:情報通信業,,,,,,,,,,
5290001083052,吉田エンターテイメント株式会社,13:東京都,21人,G:情報通信業,,,,,,,,,,
2160001024906,株式会社磐戸,27:大阪府,9人,G:情報通信業,https://www.copyki-gmen.com/fukugoki,,,,,,,,,
5011401020259,株式会社ｓｍａｒｔｉｆｕｌ,13:東京都,23人,G:情報通信業,,,,,,,,,,
8110001032726,ムーア株式会社,13:東京都,1人,G:情報通信業,,,,,,,,,,
3500001008542,株式会社三瀬商店,38:愛媛県,54人,G:情報通信業,http://www.mise2001.co.jp/,,,,,,,,,
9430001075650,Ｎｏｒｔｈ　Ｔｏｒｃｈ株式会社,01:北海道,4人,G:情報通信業,,,,,,,,,,
2011101053776,株式会社張Ｉｎｃ,13:東京都,3人,G:情報通信業,,,,,,,,,,
2260002016108,有限会社アイティーコーポレーション,33:岡山県,2人,G:情報通信業,,,,,,,,,,
7340001005627,株式会社ＡＲＳ,46:鹿児島県,76人,G:情報通信業,,,,,,,,,,
7120901014245,株式会社ウィルモ,27:大阪府,57人,G:情報通信業,,,,,,,,,,
7360001010492,株式会社テラ・ウェブクリエイト,47:沖縄県,6人,G:情報通信業,http://www.tera-web.jp/,,,,,,,,,
9010001090056,株式会社ホープス,13:東京都,700人,G:情報通信業,,,,,,,,,,
2010001144850,株式会社ソフトアンドハード・デバイス,13:東京都,27人,G:情報通信業,,,,,,,,,,
2120001208644,株式会社サルタス,27:大阪府,20人,G:情報通信業,,,,,,,,,,
4011501020093,株式会社Ｊ－ｈａｃｋ,13:東京都,2人,G:情報通信業,,,,,,,,,,
8010001021045,ゼネラルソフトウェア株式会社,13:東京都,141人,G:情報通信業,,,,,,,,,,
4020001076050,株式会社ネオス,14:神奈川県,37人,G:情報通信業,,,,,,,,,,
2011101052349,株式会社絵本塾出版,13:東京都,2人,G:情報通信業,,,,,,,,,,
9010001116570,フューチャー・アンティークス株式会社,13:東京都,847人,G:情報通信業,https://www.futureantiques.co.jp,,,,98.9%/95.0%/96.0%,,,,,
7010001081684,サンウィング株式会社,13:東京都,25人,G:情報通信業,,,,,,,,,,
5290001021499,株式会社レスコ,34:広島県,79人,G:情報通信業,,,,,,,,,,
9011001017148,日創工業株式会社,13:東京都,410人,G:情報通信業,https://www.nisso-ind.co.jp/,,,,,,,,,
8180001134045,株式会社ｉｎｇｌｏｗ,23:愛知県,16人,G:情報通信業,,,,,,,,,,
8260002015269,有限会社ミト・ワークス,33:岡山県,6人,G:情報通信業,https://m-w.cc/,,,,,,,,,
9122001032002,株式会社デジタルクリエーション,27:大阪府,7人,G:情報通信業,,,,,,,,,,
6120101007645,株式会社ユークス,27:大阪府,210人,G:情報通信業,,,,,,,,,,
1013301021019,東京京装コンピュータ株式会社,13:東京都,78人,G:情報通信業,http://www.tkc-net.com,,,,,,,,,
7011501024744,株式会社ＳＴスマイル,13:東京都,3人,G:情報通信業,,,,,,,,,,
9012401016243,株式会社バルズ,13:東京都,85人,G:情報通信業,,,,,,,,,,
7120001239313,株式会社Ｌｉａｍ,40:福岡県,3人,G:情報通信業,https://liaminc.jp/,,,,,,,,,
9010401155961,株式会社ＲＩＳＥＨＡＣＫ,13:東京都,115人,G:情報通信業,,,,,,,,,,
8011001006093,株式会社キックファクトリー,13:東京都,6人,G:情報通信業,,,,,,,,,,
4010401124624,株式会社ＫＩＲＩＮＺ,13:東京都,99人,G:情報通信業,https://kirinz.tokyo/,,,,,,,,,
5010001141218,株式会社ラディアント・ソリューションズ,13:東京都,77人,G:情報通信業,https://www.radiant-sol.co.jp/,,,,,,,,,
7010401103914,株式会社ＪＵＮＥＳＥＰ,13:東京都,30人,G:情報通信業,https://junesep.com/,,,,,,,,,
4360001005628,株式会社イー・コード,47:沖縄県,107人,G:情報通信業,http://e-code.jp/,,,,,,,,,
4010001153412,株式会社オンラインスクール,13:東京都,13人,G:情報通信業,,,,,,,,,,
8011501013151,株式会社ＣＢＩＴ,13:東京都,29人,G:情報通信業,,,,,,,,,,
1370001016882,株式会社マルナカ,04:宮城県,4人,G:情報通信業,,,,,,,,,,
6013201012708,株式会社アーカスライン,13:東京都,3人,G:情報通信業,,,,,,,,,,
7013301038932,Ｇｏ　Ｊａｐａｎ株式会社,13:東京都,40人,G:情報通信業,https://gojapan.ne.jp/,,,,,,,,,
7480001010555,株式会社クリミティブ,36:徳島県,12人,G:情報通信業,,,,,,,,,,
8140001087305,株式会社ＴＥＮ,28:兵庫県,3人,G:情報通信業,,,,,,,,,,
1011101049890,株式会社エックスネット,13:東京都,201人,G:情報通信業,,,,,,,,,,
1470001007277,オークラ情報システム株式会社,37:香川県,68人,G:情報通信業,,,,,,,,,,
6040003008205,サンライズテック合同会社,12:千葉県,1人,G:情報通信業,,,,,,,,,,
4011201021227,株式会社ブイノス,13:東京都,4人,G:情報通信業,,,,,,,,,,
2010002004277,有限会社戸田デザイン研究室,13:東京都,7人,G:情報通信業,,,,,,,,,,
6021003001481,インクループ株式会社,14:神奈川県,12人,G:情報通信業,http://incloop.com/,,,,,,,,,
5370001043790,株式会社ＦＩＴＳ,04:宮城県,30人,G:情報通信業,,,,,,,,,,
8050001047433,株式会社アイピコ,08:茨城県,6人,G:情報通信業,,,,,,,,,,
3010902023053,株式会社左右社,13:東京都,10人,G:情報通信業,,,,,,,,,,
1011101093113,株式会社めくるむ,13:東京都,1人,G:情報通信業,,,,,,,,,,
9010401058009,株式会社デジデリック,13:東京都,103人,G:情報通信業,,,,,,,,,,
7010001101847,株式会社ハッピー・メンター,13:東京都,3人,G:情報通信業,,,,,,,,,,
3120001059871,アガ・システム株式会社,27:大阪府,30人,G:情報通信業,http://www.agasystem.co.jp/,,,,,,,,,
1011102021519,有限会社オクトパシー,13:東京都,1人,G:情報通信業,,,,,,,,,,
2180001061708,シェアリングテクノロジー株式会社,23:愛知県,265人,G:情報通信業,https://www.sharing-tech.co.jp/,,,,,,,,,
7050001034556,株式会社ＴＯＫＩＵＭ,13:東京都,250人,G:情報通信業,https://www.keihi.com/company/company/,,,,,,,,,
7180302023352,有限会社平成企画設計,14:神奈川県,2人,G:情報通信業,,,,,,,,,,
9010401177568,アドミットエーアイ株式会社,13:東京都,1人,G:情報通信業,,,,,,,,,,
3140001097052,クイック・ネットワーク株式会社,28:兵庫県,30人,G:情報通信業,,,,,,,,,,
6011001092474,株式会社ゲータキックス,13:東京都,4人,G:情報通信業,,,,,,,,,,
6010801022384,株式会社ＧｒｏｗＥｇｇ,13:東京都,11人,G:情報通信業,https://grow-e.com,,,,,,,,,
1120001199587,株式会社ｇｒｅｅｄｅｎ,27:大阪府,4人,G:情報通信業,,,,,,,,,,
9020001062491,株式会社ＶＡＬＵＥ　ＦＩＲＳＴ,14:神奈川県,34人,G:情報通信業,https://valuefirst.co.jp/,,,,,,,,,
9010401156828,株式会社Ｙｕｉｍｅｄｉ,13:東京都,13人,G:情報通信業,,,,,,,,,,
7050001034705,株式会社遠藤システム,08:茨城県,60人,G:情報通信業,http://www.endosystem.co.jp/,,,,,,,,,
9170001013868,株式会社クラウドユニオン,27:大阪府,4人,G:情報通信業,,,,,,,,,,
9011101069568,株式会社ＣＩＮＣ,13:東京都,129人,G:情報通信業,https://www.cinc-j.co.jp/,,,,,,,,,
4020001073436,ソフトウエアクリエイション株式会社,13:東京都,108人,G:情報通信業,http://www.scc-inc.co.jp,,,,,,,,,
4020001039057,株式会社アルナシステム,14:神奈川県,5人,G:情報通信業,,,,,,,,,,
9030001021991,株式会社カエルエックス,13:東京都,18人,G:情報通信業,,,,,,,,,,
5010901046846,株式会社Ａｌｔ,13:東京都,2人,G:情報通信業,https://alt-ow.com/,,,,,,,,,
8011001126073,株式会社ＭＩＫＥＬ,13:東京都,1人,G:情報通信業,,,,,,,,,,
6050001015623,株式会社サイエンティフィックつくば,08:茨城県,43人,G:情報通信業,,,,,,,,,,
5010001142075,株式会社ジェニュインコーポレーション,13:東京都,9人,G:情報通信業,https://www.genuine-corporation.com/,,,,,,,,,
8020001058838,株式会社スクワッド,14:神奈川県,32人,G:情報通信業,,,,,,,,,,
3020001037904,株式会社メビウス,14:神奈川県,107人,G:情報通信業,http://www.mebius.co.jp/,,,,,,,,,
3480001000832,四国システム開発株式会社,36:徳島県,100人,G:情報通信業,https://www.ssdc.co.jp/,,,,,,,,,
8011101093387,株式会社ＧＵＧＥＮ　ＳＴＵＤＩＯ,13:東京都,4人,G:情報通信業,,,,,,,,,,
5210001015987,株式会社リプレッド,18:福井県,2人,G:情報通信業,,,,,,,,,,
4030001108728,株式会社クロスサイド,13:東京都,10人,G:情報通信業,,,,,,,,,,
3013301005275,株式会社シスラボ,13:東京都,100人,G:情報通信業,,,,,,,,,,
6030001054094,株式会社ＥＭメディア,11:埼玉県,3人,G:情報通信業,https://eigohiroba.jp/,,,,,,,,,
9070001026541,株式会社ＯＰＥＮＥＲ,10:群馬県,63人,G:情報通信業,,,,,,,,,,
6011301023798,株式会社Ｌｉｇｈｔｂｌｕｅ,13:東京都,12人,G:情報通信業,,,,,,,,,,
1040001100802,エム・ティ・ストラテジー株式会社,13:東京都,23人,G:情報通信業,http://www.mt-strategy.biz,,,,,,,,,
2011001046319,ピクシブ株式会社,13:東京都,446人,G:情報通信業,https://www.pixiv.co.jp/,,,,,,,,,
3180001128480,株式会社ＪＡＶＩＳ　Ｊａｐａｎ,23:愛知県,2人,G:情報通信業,,,,,,,,,,
7010401098551,株式会社プレート,13:東京都,30人,G:情報通信業,,,,,,,,,,
5070001003536,株式会社群馬よみうり,10:群馬県,12人,G:情報通信業,,,,,,,,,,
9290001076696,株式会社イノセンス,40:福岡県,3人,G:情報通信業,,,,,,,,,,
3010001000243,株式会社アクト,13:東京都,60人,G:情報通信業,https://act1.co.jp/company/,,,,,,,,,
5030001145266,ウィードファウスト株式会社,13:東京都,90人,G:情報通信業,,,,,,,,,,
8290001024838,株式会社キューマックス,40:福岡県,57人,G:情報通信業,,,,,,,,,,
4330001001571,株式会社熊本日日新聞社,43:熊本県,398人,G:情報通信業,,,,,,,,,,
6120001115597,Ｗｉｎｔｅｃ　Ｊａｐａｎ株式会社,28:兵庫県,66人,G:情報通信業,,,,,,,,,,
2010001142978,株式会社インフォネット,13:東京都,123人,G:情報通信業,https://www.e-infonet.jp/corporate/profile.html,,,,,,,,,
7290001094931,株式会社ファイブビット,40:福岡県,6人,G:情報通信業,https://5-bit.jp/,,,,,,,,,
2010401122225,株式会社カイテクノロジー,13:東京都,350人,G:情報通信業,,,,,,,,,,
8120001154189,株式会社ディライトシステム,27:大阪府,14人,G:情報通信業,http://delight-system.co.jp/,,,,,,,,,
8011801026480,アドバンスド・ソリューション株式会社,13:東京都,24人,G:情報通信業,https://www.advanced-solution.jp/,,,,,,,,,
2010001228694,株式会社ポラスト,13:東京都,7人,G:情報通信業,https://porust.co.jp,,,,,,,,,
4140001023032,株式会社グッドコンピュータ,28:兵庫県,36人,G:情報通信業,,,,,,,,,,
6470001019350,株式会社アツメ,37:香川県,0人,G:情報通信業,,,,,,,,,,
8180001058087,株式会社ブレイブ・アクト,23:愛知県,27人,G:情報通信業,,,,,,,,,,
6010001141613,チェックフィールド株式会社,13:東京都,14人,G:情報通信業,http://www.checkfield.co.jp/,,,,,,,,,
4110001000777,株式会社エフエムラジオ新潟,15:新潟県,38人,G:情報通信業,https://www.fmniigata.com/,,,,,,,,,
6010901043784,ＩＲＩＳデータラボ株式会社,13:東京都,20人,G:情報通信業,,,,,,,,,,
3010601034228,株式会社ビズリード,13:東京都,7人,G:情報通信業,,,,,,,,,,
8140001020265,株式会社アイメック,28:兵庫県,6人,G:情報通信業,,,,,,,,,,
8011003010779,ヘルスアンドテック合同会社,13:東京都,1人,G:情報通信業,,,,,,,,,,
5011201025474,株式会社７ｃ,40:福岡県,1人,G:情報通信業,https://7color.design,,,,,,,,,
8340001019543,株式会社ＮＥＸＥＬ,46:鹿児島県,18人,G:情報通信業,,,,,,,,,,
2500001003486,福泉株式会社,38:愛媛県,64人,G:情報通信業,,,,,,,,,,
2120001102814,株式会社ソフトム,27:大阪府,30人,G:情報通信業,https://www.softm.co.jp,,,,,,,,,
6011101098735,株式会社Ｐｒｅｄｉｃｔｉｏｎ,13:東京都,2人,G:情報通信業,,,,,,,,,,
6120101062987,株式会社Ｍａｈｋ．９２７,27:大阪府,17人,G:情報通信業,,,,,,,,,,
5040001087202,株式会社エン・デザイン,13:東京都,4人,G:情報通信業,,,,,,,,,,
6013301048255,株式会社ＮＯＲＡ,13:東京都,2人,G:情報通信業,,,,,,,,,,
9010901038781,株式会社ｌｏａｄｏｆｆ,13:東京都,6人,G:情報通信業,,,,,,,,,,
8011101053317,株式会社ヴィヴァーチェネクスト,13:東京都,4人,G:情報通信業,,,,,,,,,,
4021001027134,株式会社マン・マシンインターフェース,13:東京都,62人,G:情報通信業,,,,,,,,,,
2010401096808,株式会社ＴＩＡＭ,13:東京都,22人,G:情報通信業,,,,,,,,,,
2011101045591,エファタ株式会社,13:東京都,9人,G:情報通信業,https://www.effata.co.jp/news/6981,,,,,,,,,
8110001034854,スティーク株式会社,15:新潟県,7人,G:情報通信業,https://steeq.jp/,,,,,,,,,
1290001065104,株式会社コードグラフ,47:沖縄県,1人,G:情報通信業,http://cdgrph.com/,,,,,,,,,
5120001161072,アクセスメディア株式会社,27:大阪府,25人,G:情報通信業,,,,,,,,,,
1010401036178,株式会社システムゼウス,13:東京都,67人,G:情報通信業,https://www.systemzeus.co.jp,,,,,,,,,
1110001003832,株式会社ＮＳＴ新潟総合テレビ,15:新潟県,82人,G:情報通信業,,,,,,,,,,
6011601022599,株式会社クレヨン,13:東京都,3人,G:情報通信業,https://fiika.jp/other/action_plan/,,,,,,,,,
2011101096494,ｊｉｎｊｅｒ株式会社,13:東京都,366人,G:情報通信業,,,,,,,,,,
8020001043542,株式会社オーク,14:神奈川県,9人,G:情報通信業,http://www.oaksway.com/,,,,,,,,,
6010001138865,株式会社アッシュビー,13:東京都,24人,G:情報通信業,http://ashbey.jp,,,,,,,,,
3011101071331,株式会社プラスステージ,13:東京都,30人,G:情報通信業,,,,,,,,,,
6010001211432,株式会社ＳＫＹ　ＢＬＵＥ,13:東京都,6人,G:情報通信業,,,,,,,,,,
9120901014284,株式会社インフォアライブ,27:大阪府,13人,G:情報通信業,http://www.infoalive.com/,,,,,,,,,
7100001007977,ルミーズ株式会社,20:長野県,57人,G:情報通信業,https://www.remise.co.jp/,,,,,,,,,
4020001058164,株式会社グロース,14:神奈川県,11人,G:情報通信業,,,,,,,,,,
1080401019564,株式会社アロック,22:静岡県,5人,G:情報通信業,http://alloc.co.jp/,,,,,,,,,
3011801036393,株式会社フォーセシステム,13:東京都,3人,G:情報通信業,https://forse.tokyo/,,,,,,,,,
6500001005396,株式会社ビット,38:愛媛県,17人,G:情報通信業,http://www.bitone.jp/,,,,,,,,,
9040003014448,合同会社ＳＯＦＡＲ,12:千葉県,3人,G:情報通信業,,,,,,,,,,
6120902022289,有限会社サンビレッジハート,13:東京都,1人,G:情報通信業,,,,,,,,,,
4020001038034,株式会社ネオ・ロジス,14:神奈川県,6人,G:情報通信業,,,,,,,,,,
4360001001239,株式会社エヌ・テック・システムズ,47:沖縄県,19人,G:情報通信業,,,,,,,,,,
6360001026762,ＳＩＴＹ株式会社,47:沖縄県,6人,G:情報通信業,,,,,,,,,,
8011303001461,合同会社ファニプロ,13:東京都,14人,G:情報通信業,https://www.funnypro.net/,,,,,,,,,
4120001252434,ＸＳマネジメントコンサルティング株式会社,27:大阪府,17人,G:情報通信業,,,,,,,,,,
3021001002724,株式会社サーフレジェンド,14:神奈川県,28人,G:情報通信業,http://www.surflegend.co.jp,,,,,,,,,
3010803003963,アメスマジャパン合同会社,13:東京都,3人,G:情報通信業,,,,,,,,,,
3010703005390,株式会社マイム,13:東京都,3人,G:情報通信業,,,,,,,,,,
3010601041232,新東スマートエンジニアリング株式会社,14:神奈川県,20人,G:情報通信業,,,,,,,,,,
8370001012537,株式会社ビー・エイチ・シー,04:宮城県,23人,G:情報通信業,https://www.bhc-bc.co.jp/,,,,,,,,,
4010401089594,ＷｉｚＢｉｚ株式会社,13:東京都,12人,G:情報通信業,https://wizbiz.co.jp/,,,,,,,,,
6120001159033,株式会社ウェブスクウェア,25:滋賀県,5人,G:情報通信業,,,,,,,,,,
3010401096229,株式会社サイダス,13:東京都,47人,G:情報通信業,http://www.cydas.com/,,,,,,,,,
8011001110102,株式会社イチロク,13:東京都,5人,G:情報通信業,,,,,,,,,,
2010501041820,株式会社アシスト,13:東京都,1人,G:情報通信業,,,,,,,,,,
2080001005526,株式会社ユニテック,22:静岡県,92人,G:情報通信業,http://www.unitec.jp,,,,,,,,,
8010901047486,株式会社ＮＡＶＹ　ＮＥＸＴ,13:東京都,1人,G:情報通信業,,,,,,,,,,
5013201014440,ＪＡＳＰＡＳ株式会社,13:東京都,12人,G:情報通信業,https://www.jaspas.jp/,,,,,,,,,
7010401173214,株式会社Ｐｈｏｔｉａ,13:東京都,1人,G:情報通信業,https://photia.co.jp/,,,,,,,,,
2370001018721,株式会社ワイヤードビーンズ,04:宮城県,50人,G:情報通信業,,,,,,,,,,
5290001011731,安心計画株式会社,40:福岡県,45人,G:情報通信業,,,,,,,,,,
3180001073041,株式会社サイエンスインパクト,13:東京都,5人,G:情報通信業,,,,,,,,,,
2010401065267,株式会社ビーライン,13:東京都,11人,G:情報通信業,,,,,,,,,,
5120003013932,合同会社Ｆ．Ｖ．Ｃ,27:大阪府,2人,G:情報通信業,,,,,,,,,,
6010601058018,株式会社ＩＳＴＡＮＤ,13:東京都,0人,G:情報通信業,,,,,,,,,,
3122001027032,株式会社シナジア,27:大阪府,3人,G:情報通信業,https://synergia.co.jp/,,,,,,,,,
5340001005471,株式会社エス・テー・ラボ,46:鹿児島県,30人,G:情報通信業,http://stlabj.co.jp/,,,,,,,,,
4040003015987,ＩＣＫ株式会社,13:東京都,12人,G:情報通信業,,,,,,,,,,
2011303002754,合同会社シナプス,13:東京都,0人,G:情報通信業,,,,,,,,,,
5290001049755,株式会社ワイビーエム,40:福岡県,10人,G:情報通信業,,,,,,,,,,
4010001047705,株式会社ストアーズ社,13:東京都,9人,G:情報通信業,http://www.stores.co.jp/,,,,,,,,,
2500001021728,ＷＡＳＡＶＩＴＯ株式会社,38:愛媛県,3人,G:情報通信業,,,,,,,,,,
5010701022972,ＩＮＴＥＲＬＩＮＥ株式会社,13:東京都,33人,G:情報通信業,,,,,,,,,,
5040001030153,株式会社東レ経営研究所,13:東京都,24人,G:情報通信業,,,,,,,,,,
6180001038561,株式会社ティーブイエスネクスト,23:愛知県,103人,G:情報通信業,,,,,,,,,,
3011001002337,株式会社インターフェイス,13:東京都,40人,G:情報通信業,,,,,,,,,,
5013202011718,有限会社サルミックス,13:東京都,20人,G:情報通信業,,,,,,,,,,
3120001229029,株式会社ＲＩＣＯＲＤＯ,27:大阪府,4人,G:情報通信業,,,,,,,,,,
5180001023333,株式会社オーエイ推進センター,23:愛知県,43人,G:情報通信業,http://www.oa-center.co.jp,,,,,,,,,
7011601019578,株式会社グラナートアレンジメント,13:東京都,7人,G:情報通信業,,,,,,,,,,
6010501026157,株式会社アゴラ・ステーション,13:東京都,12人,G:情報通信業,http://www.agosta.co.jp/index.html,,,,,,,,,
5010001126664,株式会社アイレックス,13:東京都,350人,G:情報通信業,,,,,,,,,,
1010001146220,ハイテクシステム株式会社,13:東京都,630人,G:情報通信業,,,,,,,,,,
2130001030304,株式会社トーセ,26:京都府,496人,G:情報通信業,,,,,,,,,,
2011205001664,いのちのことば宣教団,13:東京都,100人,G:情報通信業,https://www.wlpm.or.jp/,,,,,,,,,
2180001056971,株式会社トレンドアート,23:愛知県,170人,G:情報通信業,,,,,,,,,,
4120001096708,株式会社アイデンス,27:大阪府,31人,G:情報通信業,,,,,,,,,,
9180001158415,Ｚ‐ＳＯＦＴ株式会社,23:愛知県,18人,G:情報通信業,https://z-soft.co.jp/,,,,,,,,,
2120001106708,株式会社マイスター・ギルド,27:大阪府,21人,G:情報通信業,https://www.m-gild.com/,,,,,,,,,
7080001000002,株式会社アイアールシー・データ・プロ・テクニカ,22:静岡県,40人,G:情報通信業,http://www.ircd.co.jp/index.html,,,,,,,,,
6360001008876,株式会社ステーション・ピー,47:沖縄県,131人,G:情報通信業,,,,,,,,,,
4122001025175,株式会社ＯＫＳＩＭ,27:大阪府,7人,G:情報通信業,,,,,,,,,,
2180001113608,株式会社スタジオパプリカ,23:愛知県,3人,G:情報通信業,,,,,,,,,,
9180001106530,株式会社ジェガット,23:愛知県,20人,G:情報通信業,,,,,,,,,,
5011101055134,株式会社エー・ジー・ジェイ,13:東京都,18人,G:情報通信業,https://ag-j.co.jp/,,,,,,,,,
2180001017619,株式会社シー・アール・シー,23:愛知県,141人,G:情報通信業,,,,,,,,,,
8050001017452,アイバイオテック株式会社,08:茨城県,7人,G:情報通信業,,,,,,,,,,
5480002015984,有限会社データプロ,36:徳島県,21人,G:情報通信業,http://dp778.co.jp/,,,,,,,,,
5010701031032,株式会社アッタデザイン,13:東京都,4人,G:情報通信業,,,,,,,,,,
1260001027478,リベラルマーケティング株式会社,13:東京都,13人,G:情報通信業,http://liberal-marketing.com/,,,,,,,,,
4050003004221,合同会社ＱＵＡＮＴＵＭ　ＭＥＤＩＡ,08:茨城県,2人,G:情報通信業,,,,,,,,,,
1180001033971,アプリケーションアシスト株式会社,13:東京都,29人,G:情報通信業,,,,,,,,,,
1260001023097,株式会社ディービジョン,33:岡山県,11人,G:情報通信業,https://d-vision-create.com/,,,,,,,,,
3030001104554,株式会社デザインアクト,13:東京都,19人,G:情報通信業,,,,,,,,,,
1010401146522,ファンファーレ株式会社,13:東京都,10人,G:情報通信業,,,,,,,,,,
6011001118799,株式会社Ｖｉｒｔｕｓｉｚｅ,13:東京都,20人,G:情報通信業,,,,,,,,,,
1150001017705,株式会社アスカデザイン,29:奈良県,4人,G:情報通信業,,,,,,,,,,
5120001174999,株式会社オールワンシステム,27:大阪府,2人,G:情報通信業,,,,,,,,,,
3140001028973,株式会社ＴＭＦ,28:兵庫県,120人,G:情報通信業,http://www.tmf-co.jp/,,,,,,,,,
2010001132186,株式会社キヅキ,13:東京都,1人,G:情報通信業,,,,,,,,,,
5011001157963,株式会社アカデミア,13:東京都,0人,G:情報通信業,,,,,,,,,,
6090001006313,株式会社エスビーシー,19:山梨県,70人,G:情報通信業,http://www.sbc-i.co.jp,,,,,,,,,
8430001064902,株式会社アートフル,01:北海道,7人,G:情報通信業,,,,,,,,,,
1010901020375,株式会社Ｆシステム,13:東京都,2人,G:情報通信業,,,,,,,,,,
3011001071811,ｎｏｔｅ株式会社,13:東京都,186人,G:情報通信業,,,,,,,,,,
9250001011095,株式会社アイ・キャン,35:山口県,48人,G:情報通信業,,,,,,,,,,
3011001143882,クロスオーバー株式会社,13:東京都,23人,G:情報通信業,,,,,,,,,,
7010401138480,株式会社Ｐｌａｙｇｒｏｕｎｄ,13:東京都,5人,G:情報通信業,,,,,,,,,,
5120001168480,株式会社ユニワン,27:大阪府,4人,G:情報通信業,,,,,,,,,,
6370601002204,株式会社ティー・エス・シー,04:宮城県,61人,G:情報通信業,http://www.tscnet.co.jp/,,,,,,,,,
5290001009866,株式会社ＨＴＳライズ,40:福岡県,81人,G:情報通信業,https://www.htsrise.com,,,,,,,,,
1290001068395,株式会社ヒューマンテクノシステムホールディングス,40:福岡県,20人,G:情報通信業,https://www.kkhts.com/,,,,,,,,,
6010401025845,株式会社フォローウインド,13:東京都,10人,G:情報通信業,,,,,,,,,,
7010001160835,株式会社ビューティフルワンズ,26:京都府,2人,G:情報通信業,,,,,,,,,,
6011601013177,株式会社エクス,13:東京都,40人,G:情報通信業,,,,,,,,,,
6010001165686,株式会社ヒューマンテクノシステム,13:東京都,89人,G:情報通信業,https://www.human-techno-system.co.jp/,,,,,,,,,
6070001012255,株式会社ビズクリエイト,10:群馬県,8人,G:情報通信業,http://biz-create.com/,,,,,,,,,
3010401004372,エルゼビア・ジャパン株式会社,13:東京都,177人,G:情報通信業,https://www.elsevier.com/ja-jp,,,,,,,,,
4020001075127,株式会社ワン,14:神奈川県,11人,G:情報通信業,http://www.j-one.ne.jp/,,,,,,,,,
7010001006022,株式会社日本オーエー研究所,13:東京都,223人,G:情報通信業,,,,,,,,,,
6010901038405,株式会社ｔｏｋｅｎ,13:東京都,11人,G:情報通信業,,,,,,,,,,
6030001094396,株式会社グッドエレファント,45:宮崎県,7人,G:情報通信業,https://good-elephant.co.jp/,,,,,,,,,
7010801029940,株式会社アッシュゴールド,13:東京都,8人,G:情報通信業,,,,,,,,,,
5220002013221,株式会社ストアインク,17:石川県,29人,G:情報通信業,,,,,,,,,,
3020001132176,株式会社ｋｉｔａｆｕｋｕ,14:神奈川県,2人,G:情報通信業,,,,,,,,,,
8180001089413,株式会社くむ,23:愛知県,5人,G:情報通信業,,,,,,,,,,
1120001212969,株式会社エナジーデザイン,27:大阪府,17人,G:情報通信業,,,,,,,,,,
9010001178710,株式会社カスタムライフ,13:東京都,55人,G:情報通信業,https://customlife.co.jp/,,,,,,,,,
8010001200037,フェノジェン・メディカル株式会社,13:東京都,7人,G:情報通信業,https://phenogen.co.jp/,,,,,,,,,
9011301000670,インターネットコマースサービス株式会社,13:東京都,3人,G:情報通信業,,,,,,,,,,
9180001100277,株式会社アドクルーザ,23:愛知県,0人,G:情報通信業,,,,,,,,,,
4030003008819,合同会社ＨＭピクセル,11:埼玉県,2人,G:情報通信業,,,,,,,,,,
9010001170270,株式会社ＩｎｄｉｅＳｑｕａｒｅ,13:東京都,0人,G:情報通信業,https://indiesquare.co.jp/,,,,,,,,,
4010901039157,株式会社Ｂａｓｅｍｅｎｔ　Ｓｐｅａｋｓ．Ｅ,13:東京都,0人,G:情報通信業,,,,,,,,,,
2360001000894,株式会社興洋電子,47:沖縄県,90人,G:情報通信業,,,,,,,,,,
8010001121258,株式会社ウェブアンドピース,13:東京都,15人,G:情報通信業,,,,,,,,,,
2120001208792,株式会社フレックスパートナーズ,27:大阪府,2人,G:情報通信業,,,,,,,,,,
8011101085244,株式会社ＧＯＹＯＨ,13:東京都,4人,G:情報通信業,,,,,,,,,,
6011505001229,特定非営利活動法人全国不登校新聞社,13:東京都,14人,G:情報通信業,,,,,,,,,,
7010403015562,ｄｅｅｄ合同会社,13:東京都,2人,G:情報通信業,,,,,,,,,,
1011001131278,株式会社クリエ,38:愛媛県,1人,G:情報通信業,,,,,,,,,,
9011002034844,有限会社かわだ新聞舗,13:東京都,16人,G:情報通信業,,,,,,,,,,
4010001136152,株式会社Ｃｒｅｓｃｅｎｔ,13:東京都,13人,G:情報通信業,https://crescents.jp/,,,,,,,,,
4013201010548,エンブレース株式会社,13:東京都,14人,G:情報通信業,,,,,,,,,,
5330001007089,株式会社アド・テック,43:熊本県,12人,G:情報通信業,,,,,,,,,,
9080403003138,合同会社たかざと．ｃｏｍ,14:神奈川県,1人,G:情報通信業,,,,,,,,,,
5010401095633,株式会社コンテンツセブン,13:東京都,31人,G:情報通信業,http://www.contents7.co.jp/,,,,,,,,,
2140001101797,株式会社ＭＡＺＩＫＡ,27:大阪府,5人,G:情報通信業,,,,,,,,,,
1011001149031,Ｈｅａｌｔｈ　Ｃｏｎｎｅｃｔ株式会社,13:東京都,1人,G:情報通信業,https://healthconnect-inc.jp/,,,,,,,,,
1010401175884,デジタルギア株式会社,13:東京都,32人,G:情報通信業,,,,,,,,,,
4180001102914,株式会社インテックス,23:愛知県,27人,G:情報通信業,https://intecs.ne.jp/,,,,,,,,,
6120101029920,ＮＣＤＣ株式会社,13:東京都,24人,G:情報通信業,,,,,,,,,,
4010003027589,合同会社ＮＥＷ　ＬＯＤ,13:東京都,0人,G:情報通信業,,,,,,,,,,
3011001049725,株式会社グランツ,13:東京都,68人,G:情報通信業,,,,,,,,,,
4011001118487,株式会社ライズカーネル,13:東京都,2人,G:情報通信業,http://rise-g.jp/,,,,,,,,,
5010401061949,株式会社ブルーネットジャパン,13:東京都,20人,G:情報通信業,https://bluenet-jpn.com/,,,,,,,,,
3011801030603,ＣａｒｅＢａｎｋ　ｓｙｓｔｅｍｓ株式会社,13:東京都,4人,G:情報通信業,,,,,,,,,,
9290003017599,スマートランク合同会社,40:福岡県,1人,G:情報通信業,https://smartrank.co.jp/,,,,,0:無,0:無,0:無,0:無,
1360001019812,株式会社スプリングナレッジラボ,47:沖縄県,13人,G:情報通信業,,,,,,,,,,
5020001070903,光伸エンジニアリング株式会社,14:神奈川県,18人,G:情報通信業,http://kohshin-eng.net/,,,,,,,,,
5120001171303,株式会社グーフ,13:東京都,25人,G:情報通信業,https://goof.buzz,,,,,,,,,
5040001107281,株式会社ＷＨｉＴｓ,14:神奈川県,1人,G:情報通信業,,,,,,,,,,
2010001218877,株式会社Ｖｉｒｔｕａｌ　Ｗａｌｌ,13:東京都,14人,G:情報通信業,,,,,,,,,,
5290803004222,合同会社Ｓｅｌｆ　Ｍａｋｅ,40:福岡県,2人,G:情報通信業,,,,,,,,,,
8120001010111,株式会社鈴木商店,27:大阪府,23人,G:情報通信業,http://www.suzukishouten.co.jp,,,,,,,,,
3430001085481,株式会社セガ札幌スタジオ,01:北海道,143人,G:情報通信業,https://sega-sapporo-studio.co.jp/,,,,,,,,,
3340001004285,株式会社エム・エム・シー,46:鹿児島県,53人,G:情報通信業,,,,,,,,,,
9010001117057,株式会社エイト,13:東京都,45人,G:情報通信業,,,,,,,,,,
1012701010936,ＹｏｕＴｅａｃｈｅｒ株式会社,13:東京都,4人,G:情報通信業,,,,,,,,,,
1130001044511,株式会社遊日社,27:大阪府,8人,G:情報通信業,,,,,,,,,,
7010001208840,株式会社ダイテック,13:東京都,350人,G:情報通信業,,,,,,,,,,
3120001201615,株式会社ブレイク,27:大阪府,6人,G:情報通信業,,,,,,,,,,
2080101001144,株式会社データサービスセンター,22:静岡県,110人,G:情報通信業,,,,,,,,,,
4010401099544,株式会社エルテス,03:岩手県,152人,G:情報通信業,https://eltes.co.jp/,,,,,,,,,
5160001018153,アレックスメディア株式会社,25:滋賀県,5人,G:情報通信業,,,,,,,,,,
8290001031405,株式会社ベストＩＴビジネス,40:福岡県,34人,G:情報通信業,http://best-it.co.jp/,,,,,,,,,
6011001122207,株式会社テイラーワークス,13:東京都,25人,G:情報通信業,,,,,,,,,,
1010401130476,株式会社メトロ不動産,13:東京都,15人,G:情報通信業,,,,,,,,,,
3010001007445,株式会社プロスコープ,13:東京都,7人,G:情報通信業,,,,,,,,,,
3020001110933,Ｃｉｎａｒｒａ　Ｓｙｓｔｅｍｓ　Ｊａｐａｎ株式会社,13:東京都,34人,G:情報通信業,,,,,,,,,,
4180001112822,株式会社Ｓｔｅａｄｙ　Ｇｒａｐｈｉｃ　Ｊａｐａｎ,13:東京都,1人,G:情報通信業,,,,,,,,,,
6330001007476,エイムシステム株式会社,40:福岡県,42人,G:情報通信業,,,,,,,,,,
6011201013750,サイトエンジン株式会社,13:東京都,17人,G:情報通信業,https://www.siteengine.co.jp/recruit/company/,,,,,,,,,
7010401125140,株式会社ＳＨＩＦＴ　ＳＥＣＵＲＩＴＹ,13:東京都,79人,G:情報通信業,,,,,,,,,,
8410001010841,株式会社ロイヤルパソコンシステム,05:秋田県,7人,G:情報通信業,,,,,,,,,,
3010001015811,株式会社京葉情報システム,13:東京都,136人,G:情報通信業,https://www.kiskk.com/,,,,,,,,,
2010001127871,株式会社さくら社,13:東京都,3人,G:情報通信業,,,,,,,,,,
9010001139893,宇宙システム開発株式会社,13:東京都,36人,G:情報通信業,http://www.space-sd.co.jp/,,,,,,,,,
5010601030472,株式会社フォーサイト・バリュー・テクノロジー,13:東京都,93人,G:情報通信業,,,,,,,,,,
6370001007266,株式会社エスリゾーム,04:宮城県,11人,G:情報通信業,http://www.s-rhizome.co.jp/,,,,,,,,,
3010001174475,株式会社繋,13:東京都,4人,G:情報通信業,,,,,,,,,,
2290001016956,株式会社ミリオネット,40:福岡県,12人,G:情報通信業,,,,,,,,,,
6010401084775,株式会社きすう,13:東京都,3人,G:情報通信業,,,,,,,,,,
4010001115453,株式会社クロノシステム,13:東京都,9人,G:情報通信業,http://www.chrono.co.jp,,,,,,,,,
5030001060894,ラジエンスウエア株式会社,11:埼玉県,21人,G:情報通信業,http://www.radianceware.co.jp/,,,,,,,,,
2420001013857,株式会社Ｍ＆Ｃｏ．,02:青森県,5人,G:情報通信業,https://m-and.co/,,,,,,,,,
9010001111233,株式会社ＴＢＣ,13:東京都,280人,G:情報通信業,,,,,,,,,,
2330003009739,合同会社アキクリエイト,43:熊本県,1人,G:情報通信業,,,,,,,,,,
1390001015148,株式会社ｂｅｎｅｆｉｃ,06:山形県,6人,G:情報通信業,,,,,,,,,,
9011002034968,ディレクションズ・グループ株式会社,13:東京都,8人,G:情報通信業,,,,,,,,,,
6010401081715,シグニフィ株式会社,13:東京都,47人,G:情報通信業,,,,,,,,,,
3110001000745,株式会社第四北越ＩＴソリューションズ,15:新潟県,230人,G:情報通信業,https://www.ncs-ngt.co.jp/about/work_environment,,,,,,,,,
4040001080406,株式会社一元情報,13:東京都,85人,G:情報通信業,https://www.bss-j.co.jp/index.html,,,,,,,,,
6010001143353,株式会社インフィニックス,13:東京都,11人,G:情報通信業,,,,,,,,,,
7140003013284,株式会社ＩＬＫＳ,28:兵庫県,6人,G:情報通信業,https://ilks.jp,,,,,,,,,
9120001174962,株式会社プラス・ワン・コミュニケーション,27:大阪府,2人,G:情報通信業,,,,,,,,,,
1021001046384,空株式会社,13:東京都,22人,G:情報通信業,,,,,,,,,,
9010001010501,株式会社アローコーポレーション,13:東京都,27人,G:情報通信業,https://www.allow-web.com/,,,,,,,,,
8390001014820,ハンズバリュー株式会社,06:山形県,9人,G:情報通信業,,,,,,,,,,
5011101092755,株式会社Ｓｕｐｅｒ　Ｓｑｕａｌｌ　Ｅｎｔｅｒｔａｉｎｍｅｎｔ,13:東京都,2人,G:情報通信業,,,,,,,,,,
1010901026570,ウズ株式会社,13:東京都,13人,G:情報通信業,,,,,,,,,,
6010001128313,株式会社ＡＳＳ,13:東京都,3人,G:情報通信業,http://as-systems.jp,,,,,,,,,
7120001099237,株式会社クロスウエア,27:大阪府,41人,G:情報通信業,,,,,,,,,,
2122001029046,株式会社オスカー,13:東京都,20人,G:情報通信業,https://oscarjapan.co.jp/company/,,,,,,,,,
7010001118750,ソフトヒューベリオン株式会社,13:東京都,265人,G:情報通信業,https://soft-hyperion.com,,,,,,,,,
4011501019615,株式会社ケイディーズマーケティング,13:東京都,3人,G:情報通信業,,,,,,,,,,
4400001006159,株式会社テクノメイツ,03:岩手県,24人,G:情報通信業,,,,,,,,,,
5350001006171,株式会社クリエート,45:宮崎県,40人,G:情報通信業,,,,,,,,,,
4012401021041,株式会社デジタルトレンズ,13:東京都,9人,G:情報通信業,https://dgtrends.com,,,,,,,,,
6010001045145,サン情報サービス株式会社,13:東京都,116人,G:情報通信業,http://www.sisco.co.jp/,,,,,,,,,
4012401022072,株式会社シンプリズム,13:東京都,110人,G:情報通信業,https://www.simplism.co.jp/,,,,,,,,,
3011201014702,株式会社ＰＩＶＯＴ,13:東京都,68人,G:情報通信業,,,,,,,,,,
3290001007995,株式会社システムビィー・アルファ,40:福岡県,27人,G:情報通信業,https://www.be-alpha.co.jp/,,,,,,,,,
1010401090646,株式会社リザーブリンク,13:東京都,25人,G:情報通信業,https://reservelink.co.jp,,,,,,,,,
4010401086988,株式会社レトロミーム,13:東京都,10人,G:情報通信業,https://retromeme.jp/,,,,,,,,,
6011801021871,株式会社ファーストスクウェア,13:東京都,7人,G:情報通信業,,,,,,,,,,
3122001036438,Ｖｅｒｔｉｃａｌｌｉｍｉｔ株式会社,27:大阪府,31人,G:情報通信業,https://verticallimit.co.jp/,https://verticallimit.co.jp/rec_top/,1人/1人/1人,0人/1人/0人,,1:有,1:有,1:有,1:有,
9020001036784,株式会社ネットフォレスト,14:神奈川県,31人,G:情報通信業,,,,,,,,,,
6010803001493,ＢＡＭＶ合同会社,13:東京都,37人,G:情報通信業,,,,,,,,,,
6011601020801,アスツール株式会社,13:東京都,5人,G:情報通信業,,,,,,,,,,
3011001047563,株式会社ネクストワン,13:東京都,150人,G:情報通信業,,,,,,,,,,
7500001019073,株式会社シスディブリンク,38:愛媛県,16人,G:情報通信業,,,,,,,,,,
8180001059507,クラウド株式会社,23:愛知県,14人,G:情報通信業,,,,,,,,,,
6011001054986,株式会社フロンティアソリューション,13:東京都,93人,G:情報通信業,,,,,,,,,,
8010601047571,株式会社ＣＢｒｉｄｇｅ,13:東京都,4人,G:情報通信業,,,,,,,,,,
3010401162146,株式会社Ｗａｌｋｅｒｓ,13:東京都,1人,G:情報通信業,,,,,,,,,,
7010001170982,株式会社ＦｅｅＭａｉｌ,13:東京都,0人,G:情報通信業,,,,,,,,,,
8130001048621,株式会社ジャストイット,26:京都府,4人,G:情報通信業,https://justit.co.jp/,,,,,,,,,
4011001131300,ＡＸＥＬＬ株式会社,13:東京都,3人,G:情報通信業,,,,,,,,,,
8360001000476,沖縄フォーサイト株式会社,47:沖縄県,65人,G:情報通信業,,,,,,,,,,
3120001227288,株式会社ＣＲＥＡＴＥ－Ｋ,27:大阪府,1人,G:情報通信業,,,,,,,,,,
1010601049079,株式会社オプスイン,13:東京都,11人,G:情報通信業,,,,,,,,,,
5430001060895,アクティブ株式会社,01:北海道,45人,G:情報通信業,,,,,,,,,,
6290001026729,株式会社アイルーク,40:福岡県,39人,G:情報通信業,https://www.iluke.co.jp,,,,,,,,,
2010001135288,リベラ株式会社,13:東京都,30人,G:情報通信業,,,,,,,,,,
3013301028747,株式会社Ａｄｖａｎｃｅ,47:沖縄県,1人,G:情報通信業,,,,,,,,,,
3011701012957,株式会社ケイ・アイ・シー,13:東京都,21人,G:情報通信業,https://www.ki-c.co.jp/,,,,,,,,,
8040001115876,株式会社ｓｐｉｋｅｒ,12:千葉県,2人,G:情報通信業,https://www.spiker.jp/,,,,,,,,,
1430001023947,株式会社エコミック,01:北海道,154人,G:情報通信業,,,,,,,,,,
2370001011024,株式会社仙台三川,04:宮城県,74人,G:情報通信業,,,,,,,,,,
6030001092499,株式会社幻戯書房,13:東京都,4人,G:情報通信業,,,,,,,,,,
1120001048661,日本カード株式会社,27:大阪府,18人,G:情報通信業,,,,,,,,,,
7180001035979,コンピュータスペック株式会社,23:愛知県,37人,G:情報通信業,,,,,,,,,,
8011501016245,株式会社アニモプロデュース,13:東京都,26人,G:情報通信業,,,,,,,,,,
6370001013495,株式会社京王ズコミュニケーション,04:宮城県,110人,G:情報通信業,,,,,,,,,,
5010401123864,ＬＩＶＥ　ＬＡＢ．株式会社,13:東京都,5人,G:情報通信業,,,,,,,,,,
1010001203483,株式会社ウッドテクノロジー,12:千葉県,7人,G:情報通信業,,,,,,,,,,
6370001016408,株式会社グッドツリー,04:宮城県,19人,G:情報通信業,,,,,,,,,,
7011501027623,株式会社Ｑ＆Ｊ,13:東京都,0人,G:情報通信業,,,,,,,,,,
4011501017552,株式会社しごとば,13:東京都,13人,G:情報通信業,,,,,,,,,,
2011001038472,ブランディングテクノロジー株式会社,13:東京都,112人,G:情報通信業,,,,,,,,,,
7120101032849,株式会社システムトラスト,27:大阪府,27人,G:情報通信業,http://www.system-trust.com,,,,,,,,,
3120001186591,株式会社ロックシステム,27:大阪府,97人,G:情報通信業,http://rocksystem.co.jp/,,,,,,,,,
9010001055406,株式会社富士キメラ総研,13:東京都,84人,G:情報通信業,https://www.fcr.co.jp/,,,,,,,,,
6180001052884,株式会社ソリューションファーム,23:愛知県,7人,G:情報通信業,,,,,,,,,,
1010401153295,株式会社Ｇｌｏｃａｌｉｓｔ,13:東京都,3人,G:情報通信業,,,,,,,,,,
9330001018165,株式会社ＰＬＥＡＳＵＲＥ,43:熊本県,16人,G:情報通信業,,,,,,,,,,
4020001114314,株式会社ＭＫＭ,14:神奈川県,9人,G:情報通信業,,,,,,,,,,
5011001073310,株式会社イエスリフォーム,13:東京都,7人,G:情報通信業,,,,,,,,,,
5010001152157,ＪＩＣＯＯ株式会社,13:東京都,22人,G:情報通信業,http://jicoo.jp/,,,,,,,,,
9240001010775,ホームテレビ映像株式会社,34:広島県,38人,G:情報通信業,http://www.home-ez.co.jp/,,,,,,,,,
9050001009993,株式会社ディー・エス・イー,08:茨城県,108人,G:情報通信業,,,,,,,,,,
3220001013653,株式会社エイブルコンピュータ,17:石川県,16人,G:情報通信業,,,,,,,,,,
9040001066012,株式会社ディー・エス・ケイ,12:千葉県,193人,G:情報通信業,,,,,,,,,,
2011001131665,株式会社ＱｉｔＦａｃｔｏｒｙ,13:東京都,4人,G:情報通信業,,,,,,,,,,
2130001048073,ウェブスターマーケティング株式会社,13:東京都,10人,G:情報通信業,,,,,,,,,,
1011301015305,株式会社ファーストインパクト,13:東京都,6人,G:情報通信業,,,,,,,,,,
3120001112770,株式会社日刊スポーツ新聞西日本,27:大阪府,250人,G:情報通信業,,,,,,,,,,
1010001099039,株式会社エクスリンク,13:東京都,5人,G:情報通信業,,,,,,,,,,
3010401051605,株式会社トヨテック,13:東京都,120人,G:情報通信業,http://www.toyotec-jp.com,,,,,,,,,
3040001019033,株式会社イーテクノロジー,12:千葉県,37人,G:情報通信業,,,,,,,,,,
7040001053581,株式会社いちはらケーブルテレビ,12:千葉県,42人,G:情報通信業,,,,,,,,,,
6120001116950,システムアーツ株式会社,27:大阪府,13人,G:情報通信業,http://www.systemarts.jp/,,,,,,,,,
3011001134650,株式会社Ｆｉｎｓｗｅｒ,13:東京都,3人,G:情報通信業,,,,,,,,,,
8410001007243,株式会社北羽新報社,05:秋田県,156人,G:情報通信業,,,,,,,,,,
4010601048193,Ｐｅａｃｈ株式会社,13:東京都,6人,G:情報通信業,https://extrapeach.jp/,,,,,,,,,
8120001123318,株式会社シェア,27:大阪府,114人,G:情報通信業,,,,,,,,,,
8011001142582,株式会社ＰｌａｎＤ,13:東京都,5人,G:情報通信業,,,,,,,,,,
3100001028515,ＴＩＳ長野株式会社,20:長野県,180人,G:情報通信業,,,,,,,,,,
7013301004926,株式会社シー・エム・エス,13:東京都,45人,G:情報通信業,,,,,,,,,,
4010501049424,ＳＰソリューション株式会社,13:東京都,23人,G:情報通信業,,,,,,,,,,
5120001154935,株式会社ニコシス,27:大阪府,36人,G:情報通信業,https://nicosys.co.jp/jp/,,,,,,,,,
8011001125728,Ｒｅｓｏｕｒｃｅ株式会社,13:東京都,1人,G:情報通信業,,,,,,,,,,
3470001007556,株式会社シー・キュー,37:香川県,5人,G:情報通信業,http://kkcq.jp/,,,,,,,,,
1350002006281,有限会社アイネット,45:宮崎県,2人,G:情報通信業,http://www.iiinet.jp,,,,,,,,,
4120001254950,エンジウェイ株式会社,27:大阪府,2人,G:情報通信業,,,,,,,,,,
8010401076250,ネットマーブルジャパン株式会社,13:東京都,85人,G:情報通信業,,,,,,,,,,
2110001014267,株式会社システムエース,15:新潟県,19人,G:情報通信業,https://www.system-ace.co.jp/plan/,,,,,,,,,
2013301036024,ＥＧテスティングサービス株式会社,13:東京都,290人,G:情報通信業,,,,,,,,,,
7010601056037,株式会社ユアパートナー,13:東京都,64人,G:情報通信業,,,,,,,,,,
6010001180438,株式会社ダブルアールプロジェクト,14:神奈川県,3人,G:情報通信業,,,,,,,,,,
1011001133448,株式会社ＭＵＳＥＵＭ,13:東京都,1人,G:情報通信業,,,,,,,,,,
4260001032987,株式会社ＰＩＸＳｙｓｔｅｍｓ,33:岡山県,3人,G:情報通信業,,,,,,,,,,
4011201020682,アスタリスク株式会社,13:東京都,2人,G:情報通信業,,,,,,,,,,
9010401175084,株式会社ＡＩプロダクション,13:東京都,2人,G:情報通信業,,,,,,,,,,
1190001013650,株式会社スクラップアンドビルド,24:三重県,2人,G:情報通信業,,,,,,,,,,
4200001034510,株式会社ＭＡ．ＩＴＳｏｌｖｉｎｇ,21:岐阜県,1人,G:情報通信業,,,,,,,,,,
3011001124981,株式会社ＶＯＹＡＧＥ　ＧＲＯＵＰ,13:東京都,291人,G:情報通信業,,,,,,,,,,
4010401117330,コピー＆マーケティング株式会社,13:東京都,14人,G:情報通信業,,,,,,,,,,
8290001026256,株式会社アンフィニ,40:福岡県,17人,G:情報通信業,,,,,,,,,,
8011001055347,株式会社クラヴィス,13:東京都,17人,G:情報通信業,,,,,,,,,,
3010401064210,株式会社レイミックス,13:東京都,10人,G:情報通信業,,,,,,,,,,
1010001196075,ｇｃｃ株式会社,13:東京都,6人,G:情報通信業,,,,,,,,,,
2010703005193,Ｃｕｒｉｏｕｓｐａｒｋ合同会社,13:東京都,0人,G:情報通信業,,,,,,,,,,
3010001121618,株式会社ＧＰＣ,27:大阪府,12人,G:情報通信業,,,,,,,,,,
2030003012079,株式会社ｋｏｔａｔｓｕ,13:東京都,17人,G:情報通信業,,,,,,,,,,
7011101052641,株式会社Ｃａｋｅ．ｊｐ,13:東京都,61人,G:情報通信業,,,,,,,,,,
4160001021587,テクノアイ株式会社,25:滋賀県,2人,G:情報通信業,,,,,,,,,,
7011801025252,株式会社ＣＯＮＮＥＸＴ,13:東京都,10人,G:情報通信業,,,,,,,,,,
6011001069828,ラフノート株式会社,13:東京都,5人,G:情報通信業,,,,,,,,,,
2130001017177,トナミシステムソリューションズ株式会社,26:京都府,107人,G:情報通信業,,,,,,,,,,
6122001025685,株式会社インテリオール,27:大阪府,3人,G:情報通信業,http://interiall.jp/,,,,,,,,,
6013301035724,レイヤードジャパン株式会社,13:東京都,13人,G:情報通信業,,,,,,,,,,
9010402034710,有限会社ナショナルペンジャパン,47:沖縄県,61人,G:情報通信業,,,,,,,,,,
1010401099563,株式会社ＡＷＡＫＥ,13:東京都,8人,G:情報通信業,,,,,,,,,,
5120001176830,株式会社クロスウォーク,27:大阪府,31人,G:情報通信業,,,,,,,,,,
2010401169051,株式会社プラッタ,12:千葉県,3人,G:情報通信業,,,,,,,,,,
1010401153106,フラッグス株式会社,13:東京都,17人,G:情報通信業,,,,,,,,,,
9370001024135,株式会社ＡｐｐＲｕｎｓ,04:宮城県,8人,G:情報通信業,,,,,,,,,,
9120001187997,株式会社Ｗ－ＥＮＤＬＥＳＳ,27:大阪府,100人,G:情報通信業,,,,,,,,,,
9010001013826,学事出版株式会社,13:東京都,16人,G:情報通信業,,,,,,,,,,
4011101098778,株式会社キャメルテクノロジー,13:東京都,1人,G:情報通信業,,,,,,,,,,
5100001005553,オリオンシステム株式会社,20:長野県,86人,G:情報通信業,,,,,,,,,,
3160001022768,株式会社ＴＡＣＴ,25:滋賀県,248人,G:情報通信業,https://www.tactinc.jp/,,,,,,,,,
7120001270664,株式会社叶彩,27:大阪府,2人,G:情報通信業,,,,,,,,,,
7120001145651,ＹＡＯＹＡ株式会社,27:大阪府,30人,G:情報通信業,,,,,,,,,,
8011201011257,株式会社ＭＫソリューションズ,13:東京都,7人,G:情報通信業,,,,,,,,,,
6010401145379,ＭＥＧＡＺＯＮＥ株式会社,13:東京都,20人,G:情報通信業,,,,,,,,,,
8011001106249,株式会社インフォバーン,13:東京都,96人,G:情報通信業,https://www.infobahn.co.jp/wp-content/themes/infobahn2016/file/koudoukeikaku.pdf,,,,,,,,,
2021001057001,スカイファーム株式会社,14:神奈川県,11人,G:情報通信業,,,,,,,,,,
9011001061708,ＧＭＯドメインレジストリ株式会社,13:東京都,11人,G:情報通信業,https://www.gmoregistry.com/,,,,,,,,,
5040003008750,株式会社Ｄｉｖｅｒ　Ｄｏｗｎ,13:東京都,1人,G:情報通信業,,,,,,,,,,
8010401132284,株式会社ブルートーン,13:東京都,20人,G:情報通信業,,,,,,,,,,
2011001156274,株式会社ＫａＫａ　Ｍｅｒｃｈ,13:東京都,0人,G:情報通信業,,,,,,,,,,
9120001189275,株式会社ＭＳＥＮ,27:大阪府,6人,G:情報通信業,https://msen.jp,,,,,,,,,
4120001142643,株式会社ｎａｎｏ　ｃｏｌｏｒ,27:大阪府,10人,G:情報通信業,,,,,,,,,,
6011101035382,株式会社ヴァンガード,13:東京都,53人,G:情報通信業,,,,,,,,,,
1500002006051,有限会社ボックス,38:愛媛県,5人,G:情報通信業,,,,,,,,,,
1010501044865,株式会社ポラリス,13:東京都,14人,G:情報通信業,,,,,,,,,,
6180001111500,株式会社パレットリンク,23:愛知県,51人,G:情報通信業,,,,,,,,,,
1011001048489,株式会社アイスリーデザイン,13:東京都,71人,G:情報通信業,,,,,,,,,,
2011001039495,株式会社スカイウイル,13:東京都,253人,G:情報通信業,https://www.skywill.jp/,,,,,,,,,
3010001033284,日本事務開発株式会社,13:東京都,145人,G:情報通信業,,,,,,,,,,
8120001162712,株式会社Ｃｏｄｅｅｒ,27:大阪府,2人,G:情報通信業,http://www.codeer.co.jp/,,,,,,,,,
2011001122755,株式会社モーニングサンド,13:東京都,0人,G:情報通信業,,,,,,,,,,
3290001099190,株式会社ＧｉｖｉｎｇＢａｃｋ,13:東京都,3人,G:情報通信業,,,,,,,,,,
8310001011486,株式会社エス・ティー・エヌ,42:長崎県,33人,G:情報通信業,http://www.stn-plus.com/,,,,,,,,,
8010903005194,合同会社Ｒｅｇａｓｅ,13:東京都,2人,G:情報通信業,,,,,,,,,,
7130001068950,株式会社ＯＣＡＲＩＭ,26:京都府,1人,G:情報通信業,,,,,,,,,,
2010001189251,株式会社ＺＥＮ　ＡＵＴＯ,13:東京都,1人,G:情報通信業,,,,,,,,,,
6010001145003,株式会社ヴィセント,13:東京都,40人,G:情報通信業,,,,,,,,,,
2010001181225,株式会社アップステアーズ,13:東京都,22人,G:情報通信業,,,,,,,,,,
3290001062058,ビズ・リファイン株式会社,40:福岡県,42人,G:情報通信業,,,,,,,,,,
4010001181289,株式会社スパーククリエイティブ,13:東京都,36人,G:情報通信業,,,,,,,,,,
1020001043879,株式会社宿研,14:神奈川県,108人,G:情報通信業,,,,,,,,,,
5120001226288,エックスサーバークラウド株式会社,27:大阪府,43人,G:情報通信業,,,,,,,,,,
2010701019352,株式会社ＦＬＡＭＡ,13:東京都,16人,G:情報通信業,,,,,,,,,,
9120003024587,クリックアンドペイ合同会社,13:東京都,10人,G:情報通信業,https://klikandpay.co.jp/sdgs/,,,,,,,,,
5011301027486,株式会社ＮＳＰ‐Ｔｅｃｈ,13:東京都,88人,G:情報通信業,,,,,,,,,,
4011001058618,株式会社ファニムビ,13:東京都,2人,G:情報通信業,,,,,,,,,,
3011501025614,アンドケイジェイ株式会社,11:埼玉県,1人,G:情報通信業,,,,,,,,,,
4290001031409,株式会社シースリー・ソフトウェア,40:福岡県,46人,G:情報通信業,,,,,,,,,,
4011101055060,ネクシオン株式会社,13:東京都,70人,G:情報通信業,,,,,,,,,,
6012301001315,株式会社セラフ,13:東京都,19人,G:情報通信業,https://www.srp.co.jp/,,,,,,,,,
1100001005037,株式会社長野こまち,20:長野県,27人,G:情報通信業,,,,,,,,,,
9010901036372,株式会社アイエフヴイアジア,13:東京都,6人,G:情報通信業,,,,,,,,,,
4120001222866,Ｓｐａｒｔｉｃｌｅ株式会社,13:東京都,10人,G:情報通信業,,,,,,,,,,
7011201018922,株式会社ＬＩＢＥＲＴＹ,13:東京都,6人,G:情報通信業,,,,,,,,,,
4011001094365,株式会社ＺＵＵ,13:東京都,120人,G:情報通信業,https://zuu.co.jp,,,,,,,,,
1010001166920,株式会社グラッド・エイト,13:東京都,3人,G:情報通信業,,,,,,,,,,
3200001018415,株式会社サイバードッグ,21:岐阜県,29人,G:情報通信業,,,,,,,,,,
9013301017397,株式会社アドバンスト・ネット,13:東京都,26人,G:情報通信業,https://www.advancednet.co.jp/index.html,,,,,,,,,
3330001006448,株式会社ナトーハイシステムズ,43:熊本県,56人,G:情報通信業,https://www.nato-high.co.jp/,,,,,,,,,
7011801037883,株式会社デイリーＢＥサイド,13:東京都,2人,G:情報通信業,,,,,,,,,,
5010001105833,株式会社クロスアクティブ,13:東京都,100人,G:情報通信業,https://www.xactive.co.jp/dpage/,,,,,,,,,
4010001000647,医歯薬出版株式会社,13:東京都,111人,G:情報通信業,,,,,,,,,,
9120001112617,株式会社ネットオン,27:大阪府,5人,G:情報通信業,http://www.neton.co.jp/,,,,,,,,,
3070001027033,株式会社アイメックス,10:群馬県,4人,G:情報通信業,,,,,,,,,,
9260001020442,株式会社ＲＥＬＡＴＩＯＮ,33:岡山県,53人,G:情報通信業,https://www.rel-ltd.com/,,,,,,,,,
4010401041588,日本ビジネスシステムズ株式会社,13:東京都,2502人,G:情報通信業,http://www.jbs.co.jp/,,,,,,,,,
3020001077198,テクノスクエア株式会社,14:神奈川県,70人,G:情報通信業,,,,,,,,,,
4180001100166,株式会社ツールラボ,23:愛知県,13人,G:情報通信業,,,,,,,,,,
9120001213646,ＳＨＩＮＴ株式会社,27:大阪府,40人,G:情報通信業,,,,,,,,,,
1360001019531,株式会社琉球若草,47:沖縄県,33人,G:情報通信業,,,,,,,,,,
3011001135715,株式会社スピカデザイン,13:東京都,12人,G:情報通信業,,,,,,,,,,
8010901051967,ＴＨＩＳＩＳ株式会社,13:東京都,1人,G:情報通信業,,,,,,,,,,
5120001092375,ログイン株式会社,27:大阪府,32人,G:情報通信業,http://www.login-co.co.jp,,,,,,,,,
1011101003195,株式会社エデルタ,13:東京都,301人,G:情報通信業,https://www.edelta.co.jp/,,,,,,,,,
5010401019385,東都システム開発株式会社,13:東京都,128人,G:情報通信業,http://www.tohtosystem.co.jp,,,,,,,,,
6180001091734,株式会社ＣＡＣ,23:愛知県,49人,G:情報通信業,,,,,,,,,,
6020001040260,株式会社アワードシステム,14:神奈川県,29人,G:情報通信業,,,,,,,,,,
2160001020871,株式会社しがトコ,25:滋賀県,5人,G:情報通信業,https://shigatoco.com/,,,,,,,,,
6021001032941,株式会社テクノリサーチ,14:神奈川県,37人,G:情報通信業,,,,,,,,,,
2011101070029,株式会社Ｒａｍｂｌｅ,13:東京都,3人,G:情報通信業,,,,,,,,,,
2180001065122,マーキュリーソフト株式会社,23:愛知県,14人,G:情報通信業,,,,,,,,,,
7230001001422,総合通信サービス株式会社,16:富山県,7人,G:情報通信業,,,,,,,,,,
9290001065006,株式会社リアリンク,40:福岡県,21人,G:情報通信業,https://realink-group.co.jp/,,,,,,,,,
4210001003613,福井エフエム放送株式会社,18:福井県,13人,G:情報通信業,,,,,,,,,,
2010001128242,日本データネットコミュニケーションズ株式会社,13:東京都,4人,G:情報通信業,,,,,,,,,,
7010401125173,株式会社企組,13:東京都,2人,G:情報通信業,,,,,,,,,,
9011001126196,コクラボ株式会社,13:東京都,7人,G:情報通信業,,,,,,,,,,
7210001003635,福井ケーブルテレビ株式会社,18:福井県,68人,G:情報通信業,,,,,,,,,,
4010501045811,株式会社マンカインドゲームズ,13:東京都,26人,G:情報通信業,,,,,,,,,,
8011001140999,株式会社ＮＯＬＬ,13:東京都,6人,G:情報通信業,,,,,,,,,,
1011501019568,株式会社アエラス．ＫＣ,13:東京都,130人,G:情報通信業,,,,,,,,,,
9080401001779,株式会社コム・エンジニアリング,22:静岡県,26人,G:情報通信業,,,,,,,,,,
1011001124117,株式会社ラボクス,13:東京都,10人,G:情報通信業,,,,,,,,,,
7011001051017,株式会社ＲＯＢＯＴ　ＰＡＹＭＥＮＴ,13:東京都,103人,G:情報通信業,,,,,,,,,,
1290001087651,株式会社Ｌｉｆｅ　Ｓｔｏｒｉｅｓ,40:福岡県,1人,G:情報通信業,https://life-stories.co.jp/,,,,,,,,,
4010001208926,株式会社コミックルーム,13:東京都,20人,G:情報通信業,,,,,,,,,,
4010001175803,株式会社ＳＴＹＬＹ,13:東京都,43人,G:情報通信業,,,,,,,,,,
6180001099959,アドラフト株式会社,23:愛知県,16人,G:情報通信業,,,,,,,,,,
8011001151039,株式会社Ｐ‐Ｉ‐Ｅ‐Ｃ‐Ｅ‐Ｓ,13:東京都,5人,G:情報通信業,,,,,,,,,,
9010001192067,株式会社Ｈｉｂｏｕ,13:東京都,3人,G:情報通信業,,,,,,,,,,
9120001158461,株式会社リミックス,27:大阪府,6人,G:情報通信業,,,,,,,,,,
4010101013160,マリオライフ株式会社,13:東京都,2人,G:情報通信業,,,,,,,,,,
3010401054789,株式会社レオン,13:東京都,7人,G:情報通信業,,,,,,,,,,
2120003011336,株式会社ＡＫＹ,13:東京都,30人,G:情報通信業,https://aky-net.co.jp/,,,,,,,,,
2360001001637,ＪＴＡインフォコム株式会社,47:沖縄県,22人,G:情報通信業,,,,,,,,,,
6011101072839,ノマドリング株式会社,13:東京都,23人,G:情報通信業,http://www.n-ring.co.jp/,,,,,,,,,
5010401126149,株式会社サンクリエーション,11:埼玉県,3人,G:情報通信業,,,,,,,,,,
9010901041694,株式会社ｉＤＥＡＬ,13:東京都,2人,G:情報通信業,,,,,,,,,,
9120001204447,株式会社アクシズ,27:大阪府,4人,G:情報通信業,,,,,,,,,,
2010001157002,アルファエネフォメーション株式会社,14:神奈川県,26人,G:情報通信業,,,,,,,,,,
5010001102789,株式会社ハーツ,13:東京都,19人,G:情報通信業,,,,,,,,,,
6010001104719,株式会社ソフテイ,13:東京都,33人,G:情報通信業,,,,,,,,,,
4120001208089,株式会社ＭＪ,27:大阪府,11人,G:情報通信業,,,,,,,,,,
4011001072890,株式会社みらいワークス,13:東京都,152人,G:情報通信業,http://mirai-works.co.jp/,,,,,,,,,
6270001004959,株式会社アピオン,31:鳥取県,7人,G:情報通信業,https://www.apionet.or.jp,,,,,,,,,
5140001022479,日本アイビルソフト株式会社,28:兵庫県,4人,G:情報通信業,,,,,,,,,,
8011001073407,株式会社ＴＯＫＹＯ　ＬＯＧＩＣ,13:東京都,3人,G:情報通信業,,,,,,,,,,
3120003016094,合同会社アクライアンズ,27:大阪府,3人,G:情報通信業,,,,,,,,,,
6010401138085,ロイター・ニュース・アンド・メディア・ジャパン株式会社,13:東京都,109人,G:情報通信業,https://www.thomsonreuters.com/en.html,,,,,,,,,
9050001042854,サンネット株式会社,08:茨城県,4人,G:情報通信業,https://www.sunnet-jp.com,,,,,,,,,
9060001005091,株式会社インソースマーケティングデザイン,13:東京都,18人,G:情報通信業,https://www.marineroad.com/,,,,,,,,,
1010501048271,東和ソフト株式会社,13:東京都,24人,G:情報通信業,,,,,,,,,,
1290001011611,株式会社インフォグラム,40:福岡県,65人,G:情報通信業,,,,,,,,,,
9010001093967,株式会社クロノス,13:東京都,24人,G:情報通信業,http://www.cronus.co.jp,,,,,,,,,
4180001148131,株式会社Ｋｉｔｓ,23:愛知県,2人,G:情報通信業,,,,,,,,,,
7410001002831,株式会社アキタネット,05:秋田県,31人,G:情報通信業,,,,,,,,,,
1100001002637,ジェイエスピー株式会社,20:長野県,38人,G:情報通信業,https://www.jsp-com.co.jp/,,,,,,,,,
4012401031387,株式会社ハイブリッドテクノロジーズ,13:東京都,50人,G:情報通信業,,,,,,,,,,
4020001138866,株式会社Ｋｉｖａ,13:東京都,8人,G:情報通信業,,,,,,,,,,
1290001022781,ペーパレススタジオジャパン株式会社,13:東京都,9人,G:情報通信業,http://www.paper-less-studio.com,,,,,,,,,
3100001010035,株式会社東京コンピューター,20:長野県,36人,G:情報通信業,http://www.tokyo-computer.com,,,,,,,,,
7010001034337,株式会社東京ニユース通信社,13:東京都,250人,G:情報通信業,,,,,,,,,,
9120001217085,株式会社フラワーズロマンス,27:大阪府,3人,G:情報通信業,,,,,,,,,,
6290001025895,株式会社ブリックハウス,40:福岡県,3人,G:情報通信業,,,,,,,,,,
7011801027728,ＪＦＴ株式会社,13:東京都,0人,G:情報通信業,,,,,,,,,,
2010001066376,株式会社メイツユニバーサルコンテンツ,13:東京都,14人,G:情報通信業,,,,,,,,,,
1340001021646,株式会社ＣＡＮＦＯＲＡ　ＣＯＭＰＡＮＩ,46:鹿児島県,2人,G:情報通信業,,,,,,,,,,
4011001129352,株式会社トレセン,13:東京都,13人,G:情報通信業,,,,,,,,,,
6260001027606,クリエイティブリンク株式会社,33:岡山県,31人,G:情報通信業,,,,,,,,,,
2013201001747,株式会社クラッカー・スタジオ,13:東京都,5人,G:情報通信業,,,,,,,,,,
8011101009566,株式会社食品速報,13:東京都,32人,G:情報通信業,https://news.syokuhinsokuho.jp,,,,,,,,,
3011701026800,株式会社ＭＡＢＯ’Ｓ,13:東京都,2人,G:情報通信業,,,,,,,,,,
2180001072886,株式会社名南ネットワーク,23:愛知県,6人,G:情報通信業,,,,,,,,,,
1011001073347,株式会社サンアローズ,13:東京都,1人,G:情報通信業,,,,,,,,,,
3010401081957,株式会社ＴＥＡＭ－Ａ,13:東京都,15人,G:情報通信業,http://www.team-anet.com/,,,,,,,,,
8013301009172,日本加除出版株式会社,13:東京都,99人,G:情報通信業,,,,,,,,,,
6030002023247,有限会社アソシエート,11:埼玉県,9人,G:情報通信業,http://associate777.com/,,,,,,,,,
2220001008381,クレスコ北陸株式会社,17:石川県,79人,G:情報通信業,http://www.cresco-hokuriku.jp/,,,,,,,,,
6011001126018,株式会社エニシフルコンサルティング,13:東京都,25人,G:情報通信業,,,,,,,,,,
5012801004066,株式会社ウィズダム,13:東京都,30人,G:情報通信業,,,,,,,,,,
6020001086386,ＰＲＯＰＡＧＡＮＤＩＳＴ株式会社,14:神奈川県,24人,G:情報通信業,,,,,,,,,,
7220003001974,株式会社イー・トライアド,17:石川県,18人,G:情報通信業,https://www.e-triad.co.jp/,,,,,,,,,
8012403004890,ウォルターインターナショナル合同会社,13:東京都,1人,G:情報通信業,,,,,,,,,,
9010401136656,アクロビット株式会社,13:東京都,77人,G:情報通信業,,,,,,,,,,
8010001069794,ひばりネットシステム株式会社,13:東京都,27人,G:情報通信業,,,,,,,,,,
5011001033066,株式会社テイチクエンタテインメント,13:東京都,108人,G:情報通信業,http://www.teichiku.co.jp/,,,,,,,,,
4470001010476,株式会社エイデン,37:香川県,6人,G:情報通信業,,,,,,,,,,
7020001011541,株式会社ジャンボ,14:神奈川県,26人,G:情報通信業,http://www.jmb.co.jp/,,,,,,,,,
6021003008403,合同会社ＴＡＨＡＲＡ,14:神奈川県,20人,G:情報通信業,https://www.htahara.com/,,,,,,,,,
6040001022166,ＦＩＴ株式会社,12:千葉県,8人,G:情報通信業,,,,,,,,,,
5011401016050,株式会社サムライリンクス,21:岐阜県,1人,G:情報通信業,http://samurai-linx.com,,,,,,,,,
4011501015960,株式会社ディテイルクラウドクリエイティブ,13:東京都,10人,G:情報通信業,https://detail-cc.com/download/maternity_leave.pdf,,,,,,,,,
1180001118087,株式会社クリエイターズプラットホーム,23:愛知県,10人,G:情報通信業,https://cre-plat.com,,,,,,,,,
1011501001443,株式会社構造ソフト,13:東京都,31人,G:情報通信業,https://www.kozosoft.co.jp/,,,,,,,,,
9011001055874,株式会社エス・ケイ通信,13:東京都,350人,G:情報通信業,,,,,,,,,,
1500001004709,株式会社エイチビーソフトスタジオ,38:愛媛県,6人,G:情報通信業,http://www.hbss.co.jp/,,,,,,,,,
5011001051308,ＧＭＯソリューションパートナー株式会社,13:東京都,169人,G:情報通信業,,,,,,,,,,
2180001062094,株式会社シープロジェクト,23:愛知県,2人,G:情報通信業,http://www.cproject.co.jp/,,,,,,,,,
1010501011898,フィックス株式会社,13:東京都,15人,G:情報通信業,,,,,,,,,,
1010401144716,ミーロ・ジャパン株式会社,13:東京都,18人,G:情報通信業,,,,,,,,,,
8011001109053,株式会社きの,13:東京都,2人,G:情報通信業,,,,,,,,,,
1020001113566,株式会社白,14:神奈川県,4人,G:情報通信業,http://si-ro.jp,,,,,,,,,
9010001182984,株式会社クリエイバー,13:東京都,2人,G:情報通信業,,,,,,,,,,
3080402019322,有限会社フリーライディング,22:静岡県,1人,G:情報通信業,http://freeriding.jp/,,,,,,,,,
3011601019433,ケーアールジー株式会社,13:東京都,3人,G:情報通信業,https://krg-inc.jp/,,,,,,,,,
8100001000287,株式会社インフォメーション・ネットワーク・コミュニティ,20:長野県,39人,G:情報通信業,http://www.nagano-inc.co.jp,,,,,,,,,
8220001004111,株式会社タスク,17:石川県,110人,G:情報通信業,,,,,,,,,,
8010701032985,株式会社Ｓｋｅｗｅｒｓ,13:東京都,10人,G:情報通信業,http://skewers.be/,,,,,,,,,
4180001056549,株式会社サイトスコープ,23:愛知県,18人,G:情報通信業,https://sitescope.co.jp/,,,,,,,,,
3370001018415,テクノプロバイド株式会社,04:宮城県,25人,G:情報通信業,,,,,,,,,,
3130001021335,株式会社ゼネック,26:京都府,101人,G:情報通信業,,,,,,,,,,
4011301001855,教育開発出版株式会社,13:東京都,120人,G:情報通信業,,,,,,,,,,
1380001000233,株式会社エフイーシー,07:福島県,21人,G:情報通信業,https://www.fec.co.jp/,,,,,,,,,
8180001033321,株式会社アテナシステムズ,23:愛知県,104人,G:情報通信業,,,,,,,,,,
3120003011814,合同会社ＭＵＳＥ,27:大阪府,5人,G:情報通信業,,,,,,,,,,
1290001069567,十六夜ソリューション株式会社,40:福岡県,3人,G:情報通信業,http://www.izayoi.co.jp/,,,,,,,,,
8030001075015,彩ネット株式会社,11:埼玉県,22人,G:情報通信業,http://www.sainet.ne.jp/,,,,,,,,,
4120003028907,ザＳＥＯ合同会社,27:大阪府,1人,G:情報通信業,https://the-seo.co.jp/,https://the-seo.co.jp/recruit/,,,,1:有,0:無,1:有,0:無,
1010001118070,株式会社いいずな書店,13:東京都,55人,G:情報通信業,,,,,,,,,,
1011101027780,株式会社ティーム・ゼロ,13:東京都,8人,G:情報通信業,http://www.teamzero.co.jp/index.html,,,,,,,,,
2011001094838,株式会社エニタイムズ,13:東京都,5人,G:情報通信業,,,,,,,,,,
4013301035197,株式会社ルードアーク,13:東京都,6人,G:情報通信業,,,,,,,,,,
9340001018040,株式会社シーエスエス,46:鹿児島県,6人,G:情報通信業,http://www.css2014.jp/,,,,,,,,,
9020001030589,ダックシステム株式会社,14:神奈川県,31人,G:情報通信業,http://www.duck.co.jp,,,,,,,,,
9010001065685,株式会社シンカ,13:東京都,40人,G:情報通信業,http://www.synca.co.jp/,,,,,,,,,
5021001039649,株式会社Ｓｔｕｄｉｏ　Ｏｕｓｉａ,13:東京都,2人,G:情報通信業,,,,,,,,,,
7010001192721,インジェンタ株式会社,13:東京都,6人,G:情報通信業,,,,,,,,,,
3010401092046,株式会社サーフコミュニケーションズ,13:東京都,4人,G:情報通信業,http://surfcom.jp/,,,,,,,,,
7290001026389,株式会社ヌーラボ,40:福岡県,162人,G:情報通信業,https://nulab.com/ja/about/,,,,,,,,,
1070001008852,株式会社スリーアイ,10:群馬県,31人,G:情報通信業,https://www.3i-net.co.jp/,,,,,,,,,
1010001160493,株式会社ｇｒｅｅｎ　ｐｅａｃｅ,13:東京都,3人,G:情報通信業,,,,,,,,,,
1013301038178,株式会社シナジーシステム,13:東京都,10人,G:情報通信業,,,,,,,,,,
6120901018924,イーパフォーマンス株式会社,27:大阪府,2人,G:情報通信業,,,,,,,,,,
5011001059409,京楽ピクチャーズ．株式会社,13:東京都,173人,G:情報通信業,,,,,,,,,,
8120001107329,株式会社ファーストブランド,27:大阪府,53人,G:情報通信業,http://www.firstbrand.co.jp/,,,,,,,,,
8220001010563,フィールセーフ株式会社,17:石川県,22人,G:情報通信業,http://www.feelsafe.co.jp/,,,,,,,,,
2290001061993,株式会社グッドラックスリー,40:福岡県,51人,G:情報通信業,http://www.gl-inc.jp/,,,,,,,,,
2430001062507,株式会社トラストノーツ,01:北海道,13人,G:情報通信業,,,,,,,,,,
5010001119759,株式会社アイフロント,13:東京都,250人,G:情報通信業,,,,,,,,,,
7240002026681,有限会社タブロイド,34:広島県,9人,G:情報通信業,,,,,,,,,,
2040001110172,株式会社ビートシステムズ,11:埼玉県,2人,G:情報通信業,,,,,,,,,,
6011101061866,株式会社ＷＥＢＹ,13:東京都,31人,G:情報通信業,,,,,,,,,,
4060001018239,わたらせテレビ株式会社,09:栃木県,31人,G:情報通信業,,,,,,,,,,
1010101006860,株式会社ソフィア・システム・サービス,13:東京都,9人,G:情報通信業,,,,,,,,,,
2011001017807,日本ＳＧＩ株式会社,13:東京都,133人,G:情報通信業,,,,,,,,,,
6120001172440,エクオ株式会社,27:大阪府,3人,G:情報通信業,,,,,,,,,,
3090001000070,株式会社アシスト・システムサイエンス,19:山梨県,27人,G:情報通信業,,,,,,,,,,
2011001071985,株式会社メディア・ヴァーグ,13:東京都,64人,G:情報通信業,,,,,,,,,,
7020001126538,株式会社ライズイノベーター,13:東京都,20人,G:情報通信業,,,,,,,,,,
1010001111678,株式会社カヤックアキバスタジオ,13:東京都,46人,G:情報通信業,http://akiba.kayac.studio/home/,,,,,,,,,
2010601034105,株式会社クリエイティブワークス,13:東京都,5人,G:情報通信業,http://www.creative-works.biz/,,,,,,,,,
2010401022838,株式会社日本ジャーナル出版,13:東京都,35人,G:情報通信業,,,,,,,,,,
5010501031042,タグシステム株式会社,13:東京都,20人,G:情報通信業,,,,,,,,,,
7011101060586,株式会社チタン,13:東京都,9人,G:情報通信業,,,,,,,,,,
8030003016561,株式会社コムマーケティング,11:埼玉県,3人,G:情報通信業,,,,,,,,,,
3180001036675,株式会社シーライン,23:愛知県,10人,G:情報通信業,http://www.c-line.co.jp/index.html,,,,,,,,,
6010001158450,ヴァンテージＡｐｐｓ株式会社,13:東京都,1人,G:情報通信業,,,,,,,,,,
1040001110586,株式会社Ａ＆Ａ,12:千葉県,6人,G:情報通信業,,,,,,,,,,
6470001015283,株式会社ピーエイエス,37:香川県,8人,G:情報通信業,,,,,,,,,,
2020001109530,株式会社ｇｒｏｏｏ,13:東京都,11人,G:情報通信業,,,,,,,,,,
9340001006326,株式会社ＫＱＲＭ,13:東京都,87人,G:情報通信業,https://kqrm.co.jp/,,,,,,,,,
2120002065192,有限会社ななくる,27:大阪府,9人,G:情報通信業,https://www.nanakuru.com/,,,,,,,,,
3030001062216,株式会社アローインフォメーション,13:東京都,0人,G:情報通信業,https://www.arrow-i.co.jp/,,,,,,,,,
3010701017693,株式会社デルタウィング,13:東京都,13人,G:情報通信業,,,,,,,,,,
5010401148143,株式会社キノバ,13:東京都,17人,G:情報通信業,,,,,,,,,,
4011701012246,ロジックススクエア株式会社,13:東京都,8人,G:情報通信業,,,,,,,,,,
7010701022599,株式会社プロズサービス,13:東京都,17人,G:情報通信業,https://www.pros-service.co.jp/,,,,,,,,,
9020001045604,株式会社イーツー・インフォ,14:神奈川県,27人,G:情報通信業,,,,,,,,,,
5011001101384,ＤＡＴＵＭ　ＳＴＵＤＩＯ株式会社,13:東京都,244人,G:情報通信業,https://datumstudio.jp/,,,,,,,,,
3011101084837,株式会社サイバーセキュリティバンク,13:東京都,8人,G:情報通信業,,,,,,,,,,
7011001041686,株式会社メディアブレスト,13:東京都,0人,G:情報通信業,https://mediabrst.co.jp/,,,,,,,,,
2010001113905,株式会社ｉＣＬＩＰ,13:東京都,3人,G:情報通信業,,,,,,,,,,
4010401129425,ＮｅｘｔＤｒｉｖｅ株式会社,13:東京都,22人,G:情報通信業,https://www.nextdrive.io/ja/,,,,,,,,,
8011001069116,株式会社Ｐヴァイン,13:東京都,29人,G:情報通信業,,,,,,,,,,
8240001019223,株式会社Ｆａｂｒｉｃ　Ａｒｔｓ,34:広島県,42人,G:情報通信業,,,,,,,,,,
4120001064961,株式会社シードアシスト,27:大阪府,43人,G:情報通信業,,,,,,,,,,
1180001065197,株式会社Ａｒｃ,23:愛知県,25人,G:情報通信業,https://www.arc-u.net,,,,,,,,,
9021001056483,株式会社ゼロプラス,13:東京都,9人,G:情報通信業,,,,,,,,,,
1010701040854,株式会社リスマ,13:東京都,3人,G:情報通信業,,,,,,,,,,
7011501018770,株式会社産業技術情報研究所,13:東京都,1人,G:情報通信業,https://www.i-aiti.com/,,,,,,,,,
5011201017918,株式会社テトテ,13:東京都,8人,G:情報通信業,https://www.favori-cloud.com/,,,,,,,,,
6011001151940,株式会社Ｉｎｆｌｕｅｎｃｅｒ　Ｔｅｃｈ,13:東京都,1人,G:情報通信業,https://we-eva.com/company.html,,,,,,,,,
2011001064675,株式会社Ｎ．ジェン,13:東京都,75人,G:情報通信業,,,,,,,,,,
4030002016797,Ａｔｅｌｉｅｒ　Ｂｉｔｓ株式会社,11:埼玉県,6人,G:情報通信業,http://www.atelier-bits.co.jp/index.html,,,,,,,,,
6030001124384,ネクストレージ株式会社,13:東京都,20人,G:情報通信業,,,,,,,,,,
6011001101895,株式会社雉寅,13:東京都,1人,G:情報通信業,,,,,,,,,,
8011001097587,デジタルシティ株式会社,13:東京都,90人,G:情報通信業,,,,,,,,,,
5010901046409,株式会社ｉＳｅａｒｃｈ,13:東京都,5人,G:情報通信業,,,,,,,,,,
2130001074532,株式会社Ａｆｆｅｋｔ,13:東京都,0人,G:情報通信業,,,,,,,,,,
8011001099138,株式会社カラーバード,13:東京都,2人,G:情報通信業,,,,,,,,,,
3030001110486,株式会社ＹＡＳＨＩＯ,11:埼玉県,3人,G:情報通信業,,,,,,,,,,
6011603002392,合同会社ＫＴラボ,13:東京都,1人,G:情報通信業,https://kt-labo.co.jp/,,,,,,,,,
9010001206909,Ｏｒａｎｇｅ　ｍｏｏｎ株式会社,13:東京都,5人,G:情報通信業,,,,,,,,,,
1010401045757,ナレッジワークス株式会社,13:東京都,19人,G:情報通信業,https://hp.knowledge-works.co.jp/,,,,,,,,,
1330001003612,株式会社西日本エグゼック,43:熊本県,58人,G:情報通信業,http://www.exec.co.jp/,,,,,,,,,
5011101064787,株式会社ＰＫＳＨＡ　Ｔｅｃｈｎｏｌｏｇｙ,13:東京都,408人,G:情報通信業,https://www.pkshatech.com/,,,,,,,,,
3290001029206,株式会社エニセンス,40:福岡県,17人,G:情報通信業,https://anysense.co.jp/,,,,,,,,,
6030003020474,ＬａｎｄＢｒｉｄｇｅ株式会社,11:埼玉県,1人,G:情報通信業,,,,,,,,,,
9340001006920,ＮＡＷＡＧＡＴＥ株式会社,46:鹿児島県,9人,G:情報通信業,http://nawagate.com/,,,,,,,,,
2011001062869,株式会社オムニバス,13:東京都,29人,G:情報通信業,,,,,,,,,,
3010801028211,株式会社飛躍,13:東京都,13人,G:情報通信業,,,,,,,,,,
5070001003684,株式会社リサージュ,10:群馬県,12人,G:情報通信業,http://www.lissaj.com,,,,,,,,,
2360001015991,ロープス株式会社,13:東京都,10人,G:情報通信業,,,,,,,,,,
2010001109077,株式会社ビートワン,13:東京都,1人,G:情報通信業,https://www.beatone.co.jp/,,,,,,,,,
5030001147287,株式会社シートマーケット,11:埼玉県,2人,G:情報通信業,,,,,,,,,,
7040001013585,バイシンク・エンタテインメント株式会社,13:東京都,13人,G:情報通信業,https://bisync.net/aboutus/,,,,,,,,,
3011001099448,ＳＯＥＬＵ株式会社,13:東京都,42人,G:情報通信業,,,,,,,,,,
8011001072763,タイズ株式会社,11:埼玉県,33人,G:情報通信業,,,,,,,,,,
2390001007689,ツルカンシステム株式会社,06:山形県,41人,G:情報通信業,,,,,,,,,,
1013301038376,ライフログテクノロジー株式会社,13:東京都,11人,G:情報通信業,https://calomeal.com/,,,,,,,,,
3180001098501,株式会社リプラス,23:愛知県,50人,G:情報通信業,,,,,,,,,,
3010403030904,株式会社Ａｒｃ　Ｓｔａｇｅ,13:東京都,5人,G:情報通信業,https://arc-stage.com/,,,,,,,,,
5070001028236,株式会社フェアマインド,10:群馬県,7人,G:情報通信業,,,,,,,,,,
1020001034151,株式会社アールシーエス,14:神奈川県,62人,G:情報通信業,,,,,,,,,,
4010501031340,Ｔｅｃｈ　Ｆｕｎ株式会社,13:東京都,85人,G:情報通信業,https://www.techfun.co.jp/,,,,,,,,,
4340001007386,南九州ケーブルテレビネット株式会社,46:鹿児島県,38人,G:情報通信業,https://www.mct.jp/actionplan/,,,,,,,,,
2120001078030,キョーラクシステムクリエート株式会社,27:大阪府,39人,G:情報通信業,,,,,,,,,,
5130001028196,株式会社おいかぜ,26:京都府,16人,G:情報通信業,http://www.oikaze.jp/,,,,,,,,,
8120001207500,株式会社ＵＳＴソリューション,27:大阪府,42人,G:情報通信業,,,,,,,,,,
8140001081555,株式会社サンワファーストコンピューター,28:兵庫県,7人,G:情報通信業,,,,,,,,,,
1020001059413,プレストネットワーク株式会社,14:神奈川県,7人,G:情報通信業,,,,,,,,,,
9130002021568,有限会社トラスティーシステムズ,26:京都府,6人,G:情報通信業,,,,,,,,,,
9120001186660,株式会社アイティジョイン,27:大阪府,20人,G:情報通信業,https://www.itjoin.co.jp,,,,,,,,,
2110001038076,株式会社ＰＯＴＡＲＡ,15:新潟県,4人,G:情報通信業,,,,,,,,,,
5120101001319,株式会社エッグ,13:東京都,14人,G:情報通信業,http://egg-net.co.jp/,,,,,,,,,
4011801025305,株式会社アットフリーク,13:東京都,4人,G:情報通信業,,,,,,,,,,
4010401018644,株式会社伝創社,13:東京都,24人,G:情報通信業,,,,,,,,,,
9011301006354,フジモト株式会社,13:東京都,53人,G:情報通信業,,,,,,,,,,
6010401167976,株式会社ＣＨＡＩＲ　ＭＡＮ,12:千葉県,2人,G:情報通信業,,,,,,,,,,
8020001042684,株式会社ＡＴＥＳ,14:神奈川県,7人,G:情報通信業,,,,,,,,,,
4290001046209,株式会社アプリップリ,40:福岡県,15人,G:情報通信業,https://applippli.co.jp,,,,,,,,,
5010601045917,マイプラス株式会社,13:東京都,50人,G:情報通信業,,,,,,,,,,
3010001069667,ファイン・インテリジェンス・グループ株式会社,13:東京都,15人,G:情報通信業,,,,,,,,,,
5210001017281,株式会社ＴＯＮＯＳＡＭＡ,18:福井県,14人,G:情報通信業,https://tono-sama.net/,,,,,,,,,
4050001037264,株式会社ヒューマンサポートテクノロジー,08:茨城県,4人,G:情報通信業,,,,,,,,,,
6021001050506,プレシャスシステム株式会社,13:東京都,10人,G:情報通信業,,,,,,,,,,
6010801011874,株式会社モールス情報システム,13:東京都,13人,G:情報通信業,,,,,,,,,,
6130001062517,株式会社ＮＡＰＢＩＺ,27:大阪府,3人,G:情報通信業,,,,,,,,,,
7010001202942,ＶＥＳ株式会社,13:東京都,13人,G:情報通信業,,,,,,,,,,
3010001201519,株式会社フライング・ペンギンズ,13:東京都,6人,G:情報通信業,,,,,,,,,,
3020001085192,株式会社ライフドキュメンタリー,14:神奈川県,6人,G:情報通信業,,,,,,,,,,
7120002047723,有限会社ラジカル,27:大阪府,12人,G:情報通信業,,,,,,,,,,
3011201017473,株式会社アエラス．ＳＣ,13:東京都,80人,G:情報通信業,,,,,,,,,,
8290001070155,株式会社ＥｎｊｏｙＬｉｆｅＣｏｍｐａｎｙ,40:福岡県,12人,G:情報通信業,,,,,,,,,,
5360001017746,株式会社ラクセスイノベーション,47:沖縄県,19人,G:情報通信業,,,,,,,,,,
3010001161119,ＩＰＧ　Ａｕｔｏｍｏｔｉｖｅ株式会社,13:東京都,25人,G:情報通信業,,,,,,,,,,
5010001112516,株式会社サードウイング,13:東京都,3人,G:情報通信業,,,,,,,,,,
7010401068109,株式会社ヴァスダックペイメントシステム,13:東京都,1人,G:情報通信業,,,,,,,,,,
1010001092778,株式会社大空出版,13:東京都,37人,G:情報通信業,,,,,,,,,,
2010701019501,株式会社エルプランニング,13:東京都,35人,G:情報通信業,https://www.elplanning.co.jp/,,,,,,,,,
7290001030564,株式会社アイティーシェルパ,40:福岡県,141人,G:情報通信業,,,,,,,,,,
8180001128699,株式会社エテレイン,23:愛知県,20人,G:情報通信業,,,,,,,,,,
3290001097640,株式会社ＣＨＡＮＧＥ,40:福岡県,25人,G:情報通信業,,,,,,,,,,
9120001109596,株式会社ウィズオノウェア,27:大阪府,143人,G:情報通信業,,,,,,,,,,
3260001029101,株式会社アイムズ,33:岡山県,33人,G:情報通信業,,,,,,,,,,
9130001059064,Ｂａｓｅｃｏｎｎｅｃｔ株式会社,26:京都府,204人,G:情報通信業,,,,,,,,,,
4010001190133,株式会社ココベ,13:東京都,11人,G:情報通信業,,,,,,,,,,
9120002068916,有限会社ＭＩＴＥＬＩ,27:大阪府,9人,G:情報通信業,,,,,,,,,,
7290001095319,オフィスカンパニー株式会社,40:福岡県,2人,G:情報通信業,,,,,,,,,,
2160001001046,株式会社滋賀富士通ソフトウェア,25:滋賀県,145人,G:情報通信業,http://www.fujitsu.com/jp/group/sfl/,,,,,,,,,
7130001045842,株式会社ＧＥＮＥＣＨ　ＤＡＴＡ　ＳＯＬＵＴＩＯＮＳ,26:京都府,8人,G:情報通信業,,,,,,,,,,
4430001059170,株式会社インプル,01:北海道,165人,G:情報通信業,https://www.impl.co.jp/,https://recruit.impl.co.jp/,,,,1:有,1:有,1:有,1:有,
8011001073431,メドピア株式会社,13:東京都,155人,G:情報通信業,,,,,,,,,,
3011101014711,東洋エンジニヤリング株式会社,13:東京都,187人,G:情報通信業,,,,,,,,,,
6021001060455,Ｗｏｎｄｅｒ　Ｌｉｎｋ株式会社,13:東京都,6人,G:情報通信業,,,,,,,,,,
7010001225340,Ｐａｙｎ株式会社,13:東京都,1人,G:情報通信業,,,,,,,,,,
3013303001818,アイデアフラッド合同会社,13:東京都,2人,G:情報通信業,,,,,,,,,,
4230001006333,グロフィールド株式会社,16:富山県,30人,G:情報通信業,,,,,,,,,,
5420001009679,アップルウェーブ株式会社,02:青森県,48人,G:情報通信業,,,,,,,,,,
6011001048963,株式会社ＭＧＴ,13:東京都,2人,G:情報通信業,http://www.m-g-t.jp/,,,,,,,,,
2120001215087,株式会社Ｓエナジーユニオン,27:大阪府,5人,G:情報通信業,https://senergy.co.jp,,,,,,,,,
6430001076049,株式会社ＯＳＣＡＲ　ＷＥＢ,01:北海道,5人,G:情報通信業,,,,,,,,,,
4490001007982,株式会社ＳＨＩＦＴ　ＰＬＵＳ,39:高知県,288人,G:情報通信業,,,,,,,,,,
2120001202044,ライブメディア株式会社,27:大阪府,10人,G:情報通信業,,,,,,,,,,
1010501039634,ＮｏＬａｚｙ株式会社,13:東京都,5人,G:情報通信業,,,,,,,,,,
6010901048916,株式会社ｐｌａｙｋｎｏｔ,13:東京都,4人,G:情報通信業,,,,,,,,,,
4360001017202,ホワイトポイント株式会社,47:沖縄県,2人,G:情報通信業,,,,,,,,,,
9010001146832,株式会社メディアスクエア,13:東京都,19人,G:情報通信業,https://www.media-square.co.jp/,,,,,,,,,
3010901041394,株式会社しんげん,13:東京都,2人,G:情報通信業,https://shingen-inc.com/about-us/,,,,,,,,,
9110001008980,株式会社ディーフィット,15:新潟県,24人,G:情報通信業,https://dfit.co.jp/,,,,,,,,,
5010001101469,日本ＢＳ放送株式会社,13:東京都,104人,G:情報通信業,,,,,,,,,,
9120001105637,岩通アイネット株式会社,27:大阪府,20人,G:情報通信業,,,,,,,,,,
4180301008563,株式会社プライズメント,23:愛知県,38人,G:情報通信業,,,,,,,,,,
2120901041327,株式会社ミライジンラボ,27:大阪府,3人,G:情報通信業,,,,,,,,,,
6290003009500,株式会社ドリームクリエイト,40:福岡県,19人,G:情報通信業,,,,,,,,,,
5012301010993,ＹＨＢ株式会社,13:東京都,0人,G:情報通信業,,,,,,,,,,
2010501022812,株式会社Ｄ・Ａ・Ｇ,13:東京都,241人,G:情報通信業,,,,,,,,,,
1430001035934,株式会社ノースポイント,01:北海道,8人,G:情報通信業,http://www.northpoint.jp/,,,,,,,,,
7050001043994,株式会社Ｃ－ｃａｓｔ,08:茨城県,3人,G:情報通信業,,,,,,,,,,
6011001134755,ＬＩＶＥ　ＴＨＥ　ＣＲＥＡＴＩＶＥ株式会社,13:東京都,4人,G:情報通信業,https://livethecreative.co.jp/,,,,,,,,,
4010401117082,株式会社３ＤＡＹ,13:東京都,8人,G:情報通信業,https://3day.pet/,,,,,,,,,
9013301045118,株式会社サプリポート,13:東京都,7人,G:情報通信業,,,,,,,,,,
6010001053164,株式会社日経ビデオバンク,13:東京都,130人,G:情報通信業,,,,,,,,,,
1180001123277,株式会社中部コミニケーション,23:愛知県,2人,G:情報通信業,,,,,,,,,,
8200001029804,株式会社リーピー,21:岐阜県,63人,G:情報通信業,https://leapy.jp/,,,,,,,,,
2260001004674,東都システムズ株式会社,33:岡山県,90人,G:情報通信業,,,,,,,,,,
8290001025927,株式会社ヒューコネクト,40:福岡県,2人,G:情報通信業,http://www.hu-connect.co.jp/,,,,,,,,,
3012401013733,株式会社ディジタルメディアプロフェッショナル,13:東京都,44人,G:情報通信業,,,,,,,,,,
6013302013423,有限会社菁映社,13:東京都,7人,G:情報通信業,,,,,,,,,,
6010001030403,株式会社三菱総合研究所,13:東京都,1255人,G:情報通信業,https://www.mri.co.jp/sustainability/social/balance.html,,,,,,,,,
8330001021995,株式会社クマベイス,43:熊本県,2人,G:情報通信業,,,,,,,,,,
6430003013842,ＶＰＮ　Ｓｔｒｅａｍｉｎｇ合同会社,01:北海道,2人,G:情報通信業,https://her-rose.com/company,,,,,,,,,
2180001120694,株式会社ジーアーツ,23:愛知県,10人,G:情報通信業,,,,,,,,,,
4010603007148,Ｇｏｏｄ　Ｔｈｉｎｇｓ合同会社,13:東京都,3人,G:情報通信業,https://good-things.jp/,,,,,,,,,
1010001072937,株式会社プロ・フィールド,13:東京都,20人,G:情報通信業,,,,,,,,,,
6020001105856,株式会社イノグレス,14:神奈川県,40人,G:情報通信業,,,,,,,,,,
2120101035765,株式会社ＰＰＲ,27:大阪府,66人,G:情報通信業,http://www.ppr-do.co.jp/,,,,,,,,,
7010401099896,株式会社インキュリード・コンサルティング,13:東京都,16人,G:情報通信業,,,,,,,,,,
1430001011175,ドゥウェル株式会社,01:北海道,85人,G:情報通信業,,,,,,,,,,
7011001025581,株式会社ロボット,13:東京都,211人,G:情報通信業,http://www.robot.co.jp/,,,,,,,,,
7120001220421,株式会社アルフィー,13:東京都,1人,G:情報通信業,,,,,,,,,,
5011501017502,株式会社ソフタス,13:東京都,291人,G:情報通信業,http://www.softas.co.jp/,,,,,,,,,
1430001028277,株式会社さっぽろ村ラジオ,01:北海道,1人,G:情報通信業,,,,,,,,,,
9010001144480,アイベリー株式会社,13:東京都,50人,G:情報通信業,,,,,,,,,,
6010001105345,株式会社Ｂｌｕｅｓｈｉｐ,13:東京都,82人,G:情報通信業,https://www.blueship.co.jp/,,,,,,,,,
6010001090199,三菱マテリアルＩＴソリューションズ株式会社,13:東京都,50人,G:情報通信業,,,,,,,,,,
4011001109180,株式会社志ん誠社,13:東京都,5人,G:情報通信業,,,,,,,,,,
5011101006649,株式会社幸美グラフィス,13:東京都,13人,G:情報通信業,,,,,,,,,,
2010001049249,株式会社ディーソル,13:東京都,280人,G:情報通信業,http://www.d2sol.co.jp/,,,,,,,,,
1120001113309,株式会社チェルト,27:大阪府,30人,G:情報通信業,https://www.certo-co.com/,,,,,,,,,
9010401090069,リンヤ株式会社,13:東京都,20人,G:情報通信業,http://www.rinyallc.com,,,,,,,,,
8120001194805,ＡＳＴｃｏｌｏｒ株式会社,27:大阪府,1人,G:情報通信業,,,,,,,,,,
3180001141236,株式会社ＰＲＯＴＥＣＡ　ＩＴ　Ｌａｂｏ,14:神奈川県,0人,G:情報通信業,,,,,,,,,,
8120001187676,つなぐ株式会社,27:大阪府,1人,G:情報通信業,,,,,,,,,,
8010902010170,有限会社ディップ,13:東京都,14人,G:情報通信業,,,,,,,,,,
9010001146196,株式会社ノース・リバー,13:東京都,16人,G:情報通信業,,,,,,,,,,
5120001127742,株式会社クリエイターズカフェ,27:大阪府,9人,G:情報通信業,http://www.crecafe.co.jp,,,,,,,,,
5010003027563,フェスティル合同会社,13:東京都,3人,G:情報通信業,,,,,,,,,,
1011101087429,株式会社Ａｎｄ　Ｉｎｎｏｖａｔｉｏｎ　Ｅｎｇｉｎｅｅｒｉｎｇ,13:東京都,1人,G:情報通信業,,,,,,,,,,
6011001029526,ＧＭＯインターネットグループ株式会社,13:東京都,213人,G:情報通信業,https://www.gmo.jp/,,,,,,,,,
3130001026499,株式会社みやこコミュニケーションズ,26:京都府,5人,G:情報通信業,,,,,,,,,,
8010001055497,株式会社富士経済ネットワークス,13:東京都,24人,G:情報通信業,https://www.fuji-keizai.co.jp/group/profile/fns.html,,,,,,,,,
5021001018693,株式会社Ｂａｒｔｈｏｌｏ　Ｊａｐａｎ,13:東京都,17人,G:情報通信業,,,,,,,,,,
6120001210398,株式会社ランライズ,27:大阪府,8人,G:情報通信業,,,,,,,,,,
5011101045366,デジタルトランスコミュニケーションズ株式会社,13:東京都,41人,G:情報通信業,https://www.dtcom.jp,,,,,,,,,
2120001189298,株式会社パシフィックス,27:大阪府,3人,G:情報通信業,,,,,,,,,,
1120001226580,株式会社ｎｏｗｌｕｃｋ,27:大阪府,2人,G:情報通信業,https://nowluck.co.jp,,,,,,,,,
1290801022543,株式会社スリーゼットソルベーション,40:福岡県,15人,G:情報通信業,,,,,,,,,,
6010901003730,株式会社ゲームフリーク,13:東京都,167人,G:情報通信業,,,,,,,,,,
6130001023675,株式会社ジェイクール,26:京都府,22人,G:情報通信業,,,,,,,,,,
2010001129538,株式会社アイセック,13:東京都,31人,G:情報通信業,,,,,,,,,,
8290002030505,株式会社エムアンドエル,40:福岡県,22人,G:情報通信業,http://www.mandl.co.jp/company/,,,,,,,,,
6011001116976,株式会社ＵＳＥＮ　ＮＥＴＷＯＲＫＳ,13:東京都,165人,G:情報通信業,https://usen-networks.co.jp/infomation.php,,,,,,,,,
3010601032363,ネオアクシス株式会社,13:東京都,180人,G:情報通信業,http://www.neoaxis.co.jp,,,,,,,,,
7010601017187,株式会社林電子,13:東京都,59人,G:情報通信業,,,,,,,,,,
8010001143987,株式会社オフィス狛,13:東京都,7人,G:情報通信業,,,,,,,,,,
5220001009914,株式会社リュウテック,17:石川県,21人,G:情報通信業,,,,,,,,,,
6190001003218,株式会社ミエデンシステムソリューション,24:三重県,273人,G:情報通信業,http://www.msysol.co.jp/,,,,,,,,,
1430001035562,株式会社イークラフトマン,01:北海道,20人,G:情報通信業,,,,,,,,,,
1360001014581,トラストコミュニケーション株式会社,47:沖縄県,33人,G:情報通信業,https://www.tcom.co.jp/,,,,,,,,,
6010001033034,株式会社日本キャスト,13:東京都,118人,G:情報通信業,,,,,,,,,,
7120101063506,株式会社京谷商会,27:大阪府,5人,G:情報通信業,https://kyotanishokai.co.jp,,,,,,,,,
4020001125360,リーディングトラスト株式会社,14:神奈川県,35人,G:情報通信業,,,,,,,,,,
6290001056453,株式会社トライズリンクス,40:福岡県,31人,G:情報通信業,,,,,,,,,,
9180001056437,株式会社アルタ,23:愛知県,80人,G:情報通信業,https://alta.co.jp/,,,,,,,,,
6010401038384,株式会社フォーチュン,13:東京都,22人,G:情報通信業,,,,,,,,,,
8380001009045,株式会社ティービーケー・システムエンジニアリング,07:福島県,89人,G:情報通信業,,,,,,,,,,
9140001109883,ラフデザイン株式会社,28:兵庫県,13人,G:情報通信業,https://lafdesign.jp/,,,,,,,,,
9010001225727,株式会社ＰＥＧＡＳＵＳ　ＨＯＬＤＩＮＧＳ,13:東京都,64人,G:情報通信業,,,,,,,,,,
6340001016162,株式会社ｆｒｅｅｐ,46:鹿児島県,7人,G:情報通信業,,,,,,,,,,
8020001039078,ゾーホージャパン株式会社,14:神奈川県,141人,G:情報通信業,http://www.zoho.co.jp/,,,,,,,,,
1320002008140,有限会社エーエフエヌ,44:大分県,20人,G:情報通信業,,,,,,,,,,
1010701029666,Ｆａｒｆｅｔｃｈ　Ｊａｐａｎ株式会社,13:東京都,61人,G:情報通信業,,,,,,,,,,
6080401002788,株式会社ソフテス,22:静岡県,168人,G:情報通信業,http://www.softes.co.jp/,,,,,,,,,
2380001014240,株式会社システムフォワード,07:福島県,10人,G:情報通信業,https://www.sysforward.co.jp/,,,,,,,,,
8030001071781,東松山ケーブルテレビ株式会社,11:埼玉県,14人,G:情報通信業,,,,,,,,,,
7180001040129,株式会社ファインテック,23:愛知県,24人,G:情報通信業,,,,,,,,,,
7180001030609,株式会社システムアプローチ,23:愛知県,22人,G:情報通信業,http://www.sys-approach.co.jp/,,,,,,,,,
6140001023071,株式会社トラストブレイン,28:兵庫県,49人,G:情報通信業,https://www.trustbrain.co.jp,,,,,,,,,
9010601059707,クラヴァンス株式会社,13:東京都,1人,G:情報通信業,,,,,,,,,,
1120001166901,株式会社Ｂｅ＆Ｄｏ,27:大阪府,8人,G:情報通信業,,,,,,,,,,
6310001005382,九州テレ・コミュニケーションズ株式会社,42:長崎県,229人,G:情報通信業,,,,,,,,,,
3360001005744,ＳＵＮモバイル株式会社,47:沖縄県,96人,G:情報通信業,http://www.sunmobile.co.jp/,,,,,,,,,
4010501037726,株式会社コードベリー,13:東京都,13人,G:情報通信業,https://codeberry.co.jp/,,,,,,,,,
5021003004493,ＩＴＢＲＯＮＸ合同会社,13:東京都,8人,G:情報通信業,,,,,,,,,,
8010001131686,株式会社ディープコム,13:東京都,100人,G:情報通信業,http://deepcom.co.jp/,,,,,,,,,
5012401033952,ｅＳＴＡＣＫ株式会社,13:東京都,13人,G:情報通信業,https://www.estack.co.jp/,,,,,,,,,
4010401096178,株式会社サンバード,13:東京都,15人,G:情報通信業,https://sun-bird.jp,,,,,,,,,
4180001040404,株式会社プランナーズランド,23:愛知県,24人,G:情報通信業,,,,,,,,,,
6010401101415,ネクスト株式会社,13:東京都,12人,G:情報通信業,https://www.nxsw.co.jp/,,,,,,,,,
7320003000438,株式会社エートラック,44:大分県,7人,G:情報通信業,http://atrack0114.com/,,,,,,,,,
1120002060558,株式会社タニスタ,27:大阪府,16人,G:情報通信業,http://www.tanista.net/,,,,,,,,,
2180301025057,邦友テック株式会社,23:愛知県,34人,G:情報通信業,,,,,,,,,,
2180001110398,株式会社アールデザイン,23:愛知県,5人,G:情報通信業,,,,,,,,,,
7340001020403,株式会社ＡＭＵ　ｐｌｕｓ,46:鹿児島県,5人,G:情報通信業,,,,,,,,,,
7320002008770,株式会社ＢＰＳ,38:愛媛県,4人,G:情報通信業,,,,,,,,,,
5010401067707,株式会社システム・コンサルタンツ,13:東京都,34人,G:情報通信業,http://www.syscon.co.jp/,,,,,,,,,
7012701001368,株式会社サンエフ,13:東京都,49人,G:情報通信業,http://www.sanefu.com/index.php,,,,,,,,,
9010501035196,株式会社Ｖｉｔａ　ｗｏｒｋｓ,13:東京都,17人,G:情報通信業,https://vitaworks.co.jp,,,,,,,,,
6040001029871,株式会社パーク,12:千葉県,42人,G:情報通信業,,,,,,,,,,
9260001011103,株式会社スイッチ,33:岡山県,17人,G:情報通信業,,,,,,,,,,
6010001065903,ストックウェザー株式会社,13:東京都,48人,G:情報通信業,https://finance.stockweather.co.jp/,,,,,,,,,
1020001030992,株式会社アークテック,13:東京都,24人,G:情報通信業,http://www.arctec.jp/,,,,,,,,,
6140001075856,株式会社ブレイン,28:兵庫県,30人,G:情報通信業,https://www.bb-brain.co.jp/actplan/,,,,,,,,,
1010801004890,サンライズシステム株式会社,13:東京都,8人,G:情報通信業,,,,,,,,,,
1013301031562,株式会社コムデ,13:東京都,80人,G:情報通信業,https://www.commude.co.jp/,,,,,,,,,
5011401014814,株式会社Ｚｏｏｏｐｓ　Ｊａｐａｎ,13:東京都,51人,G:情報通信業,https://www.zooops-japan.co.jp/,,,,,,,,,
9200001037392,株式会社ツチノコテクノロジー,21:岐阜県,9人,G:情報通信業,,,,,,,,,,
6120001014221,株式会社アッシュ,27:大阪府,11人,G:情報通信業,,,,,,,,,,
7010101003654,株式会社マイソフト,13:東京都,28人,G:情報通信業,,,,,,,,,,
4120001193612,ＳＴＡＲ株式会社,27:大阪府,5人,G:情報通信業,,,,,,,,,,
3010401085586,株式会社ダイジョブス,13:東京都,93人,G:情報通信業,http://bigjobs.tv/,,,,,,,,,
9010401117730,株式会社オープンエイト,13:東京都,57人,G:情報通信業,https://open8.com/,,,,,,,,,
1290001022311,ＫＹＥＣジャパン株式会社,40:福岡県,9人,G:情報通信業,,,,,,,,,,
7012801020094,ゼネラ株式会社,13:東京都,26人,G:情報通信業,,,,,,,,,,
2290001035188,株式会社エフ・ソルト,40:福岡県,18人,G:情報通信業,http://www.f-salt.co.jp,,,,,,,,,
3290001072800,株式会社ＬＩＨ,40:福岡県,2人,G:情報通信業,,,,,,,,,,
2060001002161,株式会社新朝プレス,09:栃木県,43人,G:情報通信業,,,,,,,,,,
1120001180638,株式会社アライズ,27:大阪府,35人,G:情報通信業,http://www.a-lis.co.jp/,,,,,,,,,
6020001007482,株式会社シンシア,14:神奈川県,71人,G:情報通信業,,,,,,,,,,
7350001000098,アボック株式会社,45:宮崎県,16人,G:情報通信業,,,,,,,,,,
5010401095245,株式会社ＬＩＦＥＳＹＮＣ,13:東京都,154人,G:情報通信業,,,,,,,,,,
6180301017001,ＡＪ・Ｆｌａｔ株式会社,23:愛知県,220人,G:情報通信業,,,,,,,,,,
9012401015402,株式会社ワールドクラフト,13:東京都,15人,G:情報通信業,,,,,,,,,,
1410001011342,株式会社ｎｅｃｃｏ,13:東京都,11人,G:情報通信業,,,,,,,,,,
3010502020277,有限会社アクアリーフ,13:東京都,7人,G:情報通信業,,,,,,,,,,
4011301022050,株式会社暁,13:東京都,7人,G:情報通信業,,,,,,,,,,
3030001118050,イントラサービス株式会社,11:埼玉県,2人,G:情報通信業,https://intra-service.jp/,,,,,,,,,
6011001109006,株式会社ＫＪＲＳ,13:東京都,40人,G:情報通信業,,,,,,,,,,
7011001053013,ＶＡＪデジタルデザイン株式会社,13:東京都,15人,G:情報通信業,,,,,,,,,,
8011001122072,株式会社ｇｏｊｕｏｎ,13:東京都,20人,G:情報通信業,https://reform-reform.com/,,,,,,,,,
4180001124925,株式会社ロコビット,23:愛知県,29人,G:情報通信業,https://www.locobit.co.jp/,,,,,,,,,
7470001008889,ＫＢＮ株式会社,37:香川県,12人,G:情報通信業,https://www.kbn.ne.jp/,,,,,,,,,
8120001071244,株式会社メデジットコーポレーション,27:大阪府,8人,G:情報通信業,,,,,,,,,,
7010401100770,フリー株式会社,13:東京都,1722人,G:情報通信業,,,,,,,,,,
7120001172027,アドアチーブ株式会社,27:大阪府,5人,G:情報通信業,,,,,,,,,,
1330001021531,Ｎｅｘｔ　Ｅｎｔｅｒｔａｉｎｍｅｎｔ株式会社,43:熊本県,3人,G:情報通信業,,,,,,,,,,
3120001196599,株式会社Ｍｉｎｉｍｕｍ　Ｃｉｒｃｕｓ,27:大阪府,2人,G:情報通信業,,,,,,,,,,
1100001002488,株式会社長野放送,20:長野県,92人,G:情報通信業,,,,,,,,,,
9350001010442,株式会社教育情報サービス,45:宮崎県,23人,G:情報通信業,,,,,,,,,,
6210001018097,株式会社ＬｉｋｅＬａｂｏ,18:福井県,1人,G:情報通信業,,,,,,,,,,
8330001017176,株式会社ウディスソフト研究所,43:熊本県,5人,G:情報通信業,https://www.udissoftlab.com/,,0人/0人/0人,0人/0人/0人,,1:有,1:有,0:無,1:有,
9012401031457,Ｇｕａｖａｓｉａ株式会社,13:東京都,3人,G:情報通信業,,,,,,,,,,
7010001005602,巴空調株式会社,13:東京都,5人,G:情報通信業,,,,,,,,,,
1010001136980,株式会社プラットフォーム・ジャパン,13:東京都,9人,G:情報通信業,,,,,,,,,,
5140002024202,株式会社ネオゾーン,28:兵庫県,6人,G:情報通信業,http://www.neozone.co.jp/,,,,,,,,,
1020001112428,株式会社キーサイエンス,13:東京都,18人,G:情報通信業,http://www.ks-global.co.jp,,,,,,,,,
8020001101713,株式会社ＩＡＣソリューションズ,13:東京都,40人,G:情報通信業,,,,,,,,,,
7130001075856,プロエンジニア株式会社,26:京都府,8人,G:情報通信業,https://proengineer.co.jp/,,,,,,,,,
4020001120064,株式会社Ｃｏｎｔｒａｉｌ,14:神奈川県,19人,G:情報通信業,https://contrail-sys.co.jp/,,,,,,,,,
4011001053354,株式会社エクストリーム,13:東京都,7人,G:情報通信業,,,,,,,,,,
5120001177564,株式会社ムーンバード,28:兵庫県,2人,G:情報通信業,,,,,,,,,,
9370001021454,株式会社ＲＯＬＯ,13:東京都,5人,G:情報通信業,,,,,,,,,,
2130001062446,ＦＯＲＣＥ株式会社,26:京都府,5人,G:情報通信業,,,,,,,,,,
5010901017624,株式会社ＤＵＥ,13:東京都,48人,G:情報通信業,,,,,,,,,,
1010001111117,株式会社エーネクス,13:東京都,4人,G:情報通信業,,,,,,,,,,
5011001139755,株式会社ソウ・スウィート・パブリッシング,13:東京都,0人,G:情報通信業,https://sowsweetpublishing.co.jp/,,,,,,,,,
4011101050409,タフト株式会社,13:東京都,4人,G:情報通信業,,,,,,,,,,
1450001001133,株式会社コンピューター・ビジネス,01:北海道,222人,G:情報通信業,,,,,,,,,,
7120001128763,株式会社ディー・シー・エフ,27:大阪府,71人,G:情報通信業,,,,,,,,,,
5011101083556,株式会社Ｗａｎｇｅｔ,13:東京都,22人,G:情報通信業,,,,,,,,,,
9360001022040,株式会社バックムーン,47:沖縄県,5人,G:情報通信業,,,,,,,,,,
8013301001352,株式会社エイ・クリエイション,13:東京都,150人,G:情報通信業,,,,,,,,,,
8011001115209,株式会社エピキュリアン,13:東京都,0人,G:情報通信業,,,,,,,,,,
3020001053240,株式会社ティー・アンド・エス・システムズ,13:東京都,25人,G:情報通信業,https://www.t-s-systems.com,,,,,,,,,
6010001202415,株式会社イーズライフテクノロジー,13:東京都,1人,G:情報通信業,https://www.easelifetec.co.jp/,,,,,,,,,
6020001039220,株式会社ＷＩＮＧＳ,14:神奈川県,20人,G:情報通信業,,,,,,,,,,
1040001097056,株式会社ＦＣＬ,14:神奈川県,3人,G:情報通信業,,,,,,,,,,
4140001090510,株式会社小泉ビジネスソリューション,28:兵庫県,20人,G:情報通信業,,,,,,,,,,
8010601048727,株式会社ダイレクトソーシング,13:東京都,71人,G:情報通信業,,,,,,,,,,
2180001022313,株式会社テスク,23:愛知県,114人,G:情報通信業,,,,,,,,,,
9011501019247,ラーグ株式会社,13:東京都,21人,G:情報通信業,,,,,,,,,,
8011001117072,株式会社１０Ｘ,13:東京都,101人,G:情報通信業,,,,,,,,,,
2010401062578,株式会社ＵＮＣＯＶＥＲ,13:東京都,18人,G:情報通信業,,,,,,,,,,
1070001026466,株式会社インプローブ,10:群馬県,20人,G:情報通信業,,,,,,,,,,
6011101060463,ＩＮＴ株式会社,13:東京都,266人,G:情報通信業,https://inest-inc.co.jp/,,,,,,,,,
2010401130938,株式会社ｎｅｋｏｎｏｔｅ,13:東京都,1人,G:情報通信業,,,,,,,,,,
6013201015826,株式会社ナンバーワンソリューションズ,13:東京都,92人,G:情報通信業,https://www.no1s.biz/,,,,,,,,,
7010001022911,株式会社千代田ビデオ,13:東京都,143人,G:情報通信業,https://www.chiyoda-v.co.jp/,,,,,,,,,
1011101056961,株式会社要,13:東京都,89人,G:情報通信業,,,,,,,,,,
6390001002380,株式会社ＹＣＣ情報システム,06:山形県,220人,G:情報通信業,https://www.yamagata-ycc.co.jp/,,,,,,,,,
2013301051196,ａｎｄＬＬＭ株式会社,46:鹿児島県,1人,G:情報通信業,,,,,,,,,,
6200001041216,センシア株式会社,21:岐阜県,1人,G:情報通信業,https://sensia.co.jp/,,,,,,,,,
5010401130910,株式会社ｓｉｎｋａ,13:東京都,22人,G:情報通信業,,,,,,,,,,
6430001066628,株式会社Ａｉｌｌｚ,01:北海道,15人,G:情報通信業,https://aillz.com/,,,,,,,,,
1050001012550,ティー・エヌ・エス株式会社,13:東京都,36人,G:情報通信業,https://tns.co.jp,,,,,,,,,
8120001104771,センターフィールド株式会社,27:大阪府,30人,G:情報通信業,https://centerfield.co.jp/,,,,,,,,,
8010002041125,有限会社日本産業広告社,13:東京都,8人,G:情報通信業,,,,,,,,,,
9030001016851,株式会社想画,13:東京都,8人,G:情報通信業,https://www.sohga.jp/careers/workstyle/,,,,,,,,,
5020001146810,株式会社ＦＩＥＳＴＡ,14:神奈川県,1人,G:情報通信業,,,,,,,,,,
6011101058697,株式会社ドットゼロ,13:東京都,19人,G:情報通信業,https://www.dotzero.jp,,,,,,,,,
2020001056186,株式会社ゼロワン,14:神奈川県,26人,G:情報通信業,,,,,,,,,,
3020001083320,株式会社ロンテック,13:東京都,70人,G:情報通信業,,,,,,,,,,
1010001133680,株式会社グルービー,13:東京都,8人,G:情報通信業,,,,,,,,,,
9180001063706,株式会社フリークス,23:愛知県,29人,G:情報通信業,https://www.freecs.jp/,,,,,,,,,
1220001006485,株式会社ホクリクコム,17:石川県,30人,G:情報通信業,https://www.hopnet.co.jp/,,,,,,,,,
1360001010309,アイ・ムーヴ株式会社,47:沖縄県,31人,G:情報通信業,,,,,,,,,,
8220001022724,株式会社Ｄｉａｒｙ,13:東京都,7人,G:情報通信業,,,,,,,,,,
1080401022849,株式会社ＪＳ,22:静岡県,10人,G:情報通信業,,,,,,,,,,
3010001080186,株式会社インタートレード,13:東京都,87人,G:情報通信業,,,,,,,,,,
3110001025759,株式会社ＢＥＬＬＳＯＦＴ,15:新潟県,35人,G:情報通信業,,,,,,,,,,
2120001115345,株式会社サファリゲームズ,27:大阪府,142人,G:情報通信業,https://www.safarigames.com/,,,,,,,,,
8090001007557,株式会社レンサ,13:東京都,91人,G:情報通信業,https://rensa.co.jp/,,,,,,,,,
6010501037971,株式会社ＡＬＬＲＯＵＮＤ,13:東京都,5人,G:情報通信業,,,,,,,,,,
5240001057028,株式会社ＶＥＧ,34:広島県,9人,G:情報通信業,,,,,,,,,,
2120001132621,株式会社ターン・アンド・フロンティア,27:大阪府,28人,G:情報通信業,,,,,,,,,,
7120901022181,株式会社サムシングファン,27:大阪府,80人,G:情報通信業,,,,,,,,,,
4130001017794,ソフトコム株式会社,26:京都府,30人,G:情報通信業,https://www.soft-com.co.jp/,,,,,,,,,
9011601012325,株式会社インターファクトリー,13:東京都,159人,G:情報通信業,,,,,,,,,,
9021001080095,株式会社ＥＢＳ,14:神奈川県,7人,G:情報通信業,,,,,,,,,,
6340002004075,有限会社コロン,46:鹿児島県,84人,G:情報通信業,,,,,,,,,,
1011001107716,株式会社ＭＩＴ’ｓ,13:東京都,3人,G:情報通信業,,,,,,,,,,
4011001121961,株式会社レベルス,13:東京都,21人,G:情報通信業,,,,,,,,,,
1410001001574,株式会社タイセイ商会,05:秋田県,50人,G:情報通信業,http://taisei.ltd,,,,,,,,,
4011101095635,株式会社トキカタ,13:東京都,2人,G:情報通信業,https://tokikata.com/,,,,,,,,,
9011101077265,株式会社ＦＲＥＥＤｉＶＥ,08:茨城県,12人,G:情報通信業,https://freedive.co.jp/,,,,,,,,,
4010001173402,株式会社Ｖｏｉｃｙ,13:東京都,56人,G:情報通信業,,,,,,,,,,
6010401160015,ＵＮＳＥＥＮ株式会社,13:東京都,45人,G:情報通信業,,,,,,,,,,
7011301012643,システムズ・デザイン株式会社,13:東京都,366人,G:情報通信業,http://www.sdcj.co.jp/,,,,,,,,,
1010401163063,Ｃｈｅｃｋ　Ｉｎｎ株式会社,13:東京都,4人,G:情報通信業,,,,,,,,,,
8010701023852,株式会社学研出版ホールディングス,13:東京都,3人,G:情報通信業,,,,,,,,,,
2012801018705,ＦＢリンク株式会社,13:東京都,25人,G:情報通信業,,,,,,,,,,
9120101037177,株式会社テレビ岸和田,27:大阪府,77人,G:情報通信業,,,,,,,,,,
1430003012089,合同会社しばた,01:北海道,3人,G:情報通信業,,,,,,,,,,
6012401019439,株式会社ＮＫＬ,13:東京都,52人,G:情報通信業,,,,,,,,,,
1360001034233,株式会社ｅｎｇｉｎｅｐｏｔ琉球,47:沖縄県,1人,G:情報通信業,,,,,,,,,,
5011002035409,有限会社ティージェイエス,13:東京都,4人,G:情報通信業,,,,,,,,,,
7010401096035,株式会社プレイド,13:東京都,425人,G:情報通信業,https://plaid.co.jp/,,,,,,,,,
2030002020207,有限会社ケーズドットコム,11:埼玉県,20人,G:情報通信業,http://www.k--s.com,,,,,,,,,
6210001002101,株式会社ＴＶ８チャンネル,18:福井県,8人,G:情報通信業,,,,,,,,,,
4120101034476,リバティ・フィッシュ株式会社,27:大阪府,28人,G:情報通信業,,,,,,,,,,
7011001110565,株式会社いろもの,13:東京都,10人,G:情報通信業,,,,,,,,,,
2013301043747,株式会社アットファンズ・マーケティング,13:東京都,4人,G:情報通信業,https://atfanz-m.co.jp/,,,,,,,,,
7011101081186,株式会社ＳｍａｒｔＷｏｒＸ,13:東京都,36人,G:情報通信業,https://smartworx.co.jp/,,,,,,,,,
8040001066384,双見通信工業株式会社,12:千葉県,14人,G:情報通信業,,,,,,,,,,
7011203002511,株式会社Ｍａｓｓｉｖｅ　Ａｃｔ,13:東京都,12人,G:情報通信業,https://massive-act.com/recruit/,,,,,,,,,
3011101052934,株式会社スペースリンク,13:東京都,20人,G:情報通信業,http://spacelink.co.jp,,,,,,,,,
7010401070592,株式会社セリック,13:東京都,17人,G:情報通信業,,,,,,,,,,
7011101045447,株式会社アリス,13:東京都,192人,G:情報通信業,,,,,,,,,,
3010001125817,ＶＡＬＵＥＮＥＸ株式会社,13:東京都,28人,G:情報通信業,https://www.valuenex.com/,,,,,,,,,
7010401156994,株式会社ファルコ,13:東京都,41人,G:情報通信業,https://falco-ali.co.jp/PARAMETER/,,,,,,,,,
1011601019906,株式会社ＷＡＳＳＨＯＩ,13:東京都,1人,G:情報通信業,,,,,,,,,,
7130001051238,株式会社アール,13:東京都,9人,G:情報通信業,,,,,,,,,,
8010401102163,株式会社一撃,13:東京都,8人,G:情報通信業,http://t-style.asia/,,,,,,,,,
9010501029322,株式会社アールユニット,13:東京都,10人,G:情報通信業,http://www.r-unit.co.jp/,,,,,,,,,
1010001166937,株式会社ニュース・サービス・センター,13:東京都,20人,G:情報通信業,,,,,,,,,,
3011001109801,株式会社ＨＯＴ　ＺＩＰＡＮＧ,13:東京都,3人,G:情報通信業,,,,,,,,,,
9011101089434,アルゴスパートナー株式会社,13:東京都,34人,G:情報通信業,,,,,,,,,,
5011001117397,株式会社ＢｉＰＳＥＥ,13:東京都,9人,G:情報通信業,,,,,,,,,,
4210001004017,三谷コンピュータ株式会社,18:福井県,143人,G:情報通信業,https://www.mtn.co.jp,,,,,,,,,
2010401165901,ＭｅｔａＷｏｒｌｄ株式会社,13:東京都,6人,G:情報通信業,,,,,,,,,,
5120001229522,株式会社テックパートナーズ,27:大阪府,2人,G:情報通信業,https://tecpartners.jp/,,,,,,,,,
2250001020020,株式会社ラゲッジ,35:山口県,5人,G:情報通信業,https://ymgfg.co.jp/,,,,,,,,,
4011801035510,株式会社デミータ,13:東京都,2人,G:情報通信業,,,,,,,,,,
9010101014088,株式会社Ｔ．Ｋ．Ｊ．,13:東京都,10人,G:情報通信業,https://shikin-antenna.com/,,,,,,,,,
1360001007692,株式会社琉球リアル,47:沖縄県,72人,G:情報通信業,,,,,,,,,,
4013301022055,株式会社ハローコミュニケーションズ,13:東京都,16人,G:情報通信業,,,,,,,,,,
1010401140756,株式会社ｃｏｃｏｌｏｎｉ,13:東京都,83人,G:情報通信業,https://cocoloni.com/,,,,,,,,,
8010701031120,株式会社フロンティアチャンネル,13:東京都,8人,G:情報通信業,https://frontierchannel.jp/newsrelease/koudou,,,,,,,,,
5080401023777,株式会社ゼロワン,22:静岡県,3人,G:情報通信業,,,,,,,,,,
4010701022833,株式会社学研メディカル秀潤社,13:東京都,42人,G:情報通信業,,,,,,,,,,
2390001002095,山形放送株式会社,06:山形県,134人,G:情報通信業,http://www.ybc.co.jp/,,,,,,,,,
3210001019486,株式会社ＡＲＴ　ＡＧＥホールディングス,18:福井県,4人,G:情報通信業,,,,,,,,,,
1010501026244,株式会社Ｋ＆Ｇ,13:東京都,146人,G:情報通信業,https://www.kandg.co.jp/,,,,,,,,,
9010401093369,株式会社スタジオリム,13:東京都,7人,G:情報通信業,,,,,,,,,,
3010601030136,株式会社ピアレス,13:東京都,41人,G:情報通信業,,,,,,,,,,
3011001116715,グラヴィテック株式会社,13:東京都,6人,G:情報通信業,,,,,,,,,,
3010701024657,株式会社ピーネストジャパン,13:東京都,14人,G:情報通信業,,,,,,,,,,
8090002012655,有限会社マーディー,19:山梨県,3人,G:情報通信業,,,,,,,,,,
7013301040979,株式会社ブルーアルバーロ,13:東京都,17人,G:情報通信業,,,,,,,,,,
6010001188530,株式会社ＮＡＸ,13:東京都,1人,G:情報通信業,http://www.naxcorp.co.jp/,,,,,,,,,
9430001060355,株式会社道新デジタルメディア,01:北海道,36人,G:情報通信業,,,,,,,,,,
4011001143717,ＴＦＧ　Ｔｅｃｈｎｏｌｏｇｉｅｓ株式会社,13:東京都,7人,G:情報通信業,,,,,,,,,,
4260001001109,株式会社岡山システムサービス,33:岡山県,83人,G:情報通信業,,,,,,,,,,
7040001052575,株式会社プラス・シー,12:千葉県,10人,G:情報通信業,,,,,,,,,,
2011001148899,株式会社アイル,13:東京都,37人,G:情報通信業,,,,,,,,,,
6012401016428,株式会社ニジモ,13:東京都,6人,G:情報通信業,,,,,,,,,,
5290001029988,フロイデ株式会社,40:福岡県,75人,G:情報通信業,https://froide.co.jp/,,,,,,,,,
1011001126303,株式会社ココロファン,13:東京都,25人,G:情報通信業,,,,,,,,,,
5011001009099,株式会社サンシステム,13:東京都,33人,G:情報通信業,http://www.sunsystem.com/,,,,,,,,,
7500001005156,株式会社キュービック,38:愛媛県,10人,G:情報通信業,https://www.cubic1.jp/,,,,,,,,,
6013302020832,有限会社シーエヌシー,13:東京都,5人,G:情報通信業,,,,,,,,,,
3120001189289,株式会社リヴァイト,27:大阪府,15人,G:情報通信業,https://re-vite.com/,,,,,,,,,
3013301024028,Ｂｅｓｔｕｎｎｉｎｇ株式会社,13:東京都,2人,G:情報通信業,,,,,,,,,,
6010001016360,恒和システム株式会社,13:東京都,54人,G:情報通信業,,,,,,,,,,
6011001071453,株式会社メディア・スタッフ,13:東京都,40人,G:情報通信業,,,,,,,,,,
3011101059863,株式会社Ｓ．Ｂ．Ｃ．,13:東京都,93人,G:情報通信業,,,,,,,,,,
1340002020085,有限会社徳之島通信特機,46:鹿児島県,13人,G:情報通信業,,,,,,,,,,
3010001098757,オルビット株式会社,13:東京都,5人,G:情報通信業,,,,,,,,,,
5340001019629,ＬＲ株式会社,46:鹿児島県,100人,G:情報通信業,,,,,,,,,,
6370001012464,株式会社二十一世紀プランニング,04:宮城県,9人,G:情報通信業,,,,,,,,,,
9290801002637,株式会社ワビット,40:福岡県,19人,G:情報通信業,,,,,,,,,,
4011001162956,株式会社セカイチ,13:東京都,11人,G:情報通信業,,,,,,,,,,
7011101048581,株式会社クラフトワン,13:東京都,20人,G:情報通信業,,,,,,,,,,
2011501013850,株式会社コミュニティコム,11:埼玉県,8人,G:情報通信業,,,,,,,,,,
9010401022286,日本アクティ・システムズ株式会社,13:東京都,221人,G:情報通信業,https://www.actys.co.jp/,,,,,,,,,
8011001043087,株式会社Ｋｎｏｗｌｂｏ,13:東京都,17人,G:情報通信業,,,,,,,,,,
6011005008435,特定非営利活動法人エポックメディア,13:東京都,15人,G:情報通信業,,,,,,,,,,
8010403009927,Ｚａｂｂｉｘ　Ｊａｐａｎ合同会社,13:東京都,7人,G:情報通信業,,,,,,,,,,
9010001081600,マーカーネット株式会社,13:東京都,20人,G:情報通信業,,,,,,,,,,
4020001111435,株式会社ＷＩＭ,14:神奈川県,1人,G:情報通信業,,,,,,,,,,
9011201012337,株式会社ウェブエッジ,13:東京都,26人,G:情報通信業,,,,,,,,,,
7010401047632,株式会社ＥＳＳソリューションズ,13:東京都,39人,G:情報通信業,,,,,,,,,,
4010001142274,株式会社らんくう,13:東京都,17人,G:情報通信業,,,,,,,,,,
8011001126874,株式会社トリプルバンテージ,13:東京都,6人,G:情報通信業,,,,,,,,,,
6140001050116,株式会社テレツウ,28:兵庫県,8人,G:情報通信業,,,,,,,,,,
2010701025854,エクイニクス・テクノロジー・サービス株式会社,13:東京都,240人,G:情報通信業,,,,,,,,,,
2430001029753,株式会社ＣＳソリューション,01:北海道,24人,G:情報通信業,http://www.cs-sol.co.jp/,,,,,,,,,
9120001162983,アントプロダクション株式会社,27:大阪府,51人,G:情報通信業,,,,,,,,,,
6020001036754,株式会社プロスター,14:神奈川県,4人,G:情報通信業,http://www.prostar.co.jp/,,,,,,,,,
7260001007796,株式会社リットシティ,33:岡山県,6人,G:情報通信業,https://www.litcity.ne.jp/,,,,,,,,,
9390001008466,ＴＣＰ株式会社,06:山形県,21人,G:情報通信業,,,,,,,,,,
7120901015887,株式会社ユーティーエー,27:大阪府,1人,G:情報通信業,,,,,,,,,,
4120001245339,株式会社アノテ,27:大阪府,1人,G:情報通信業,,,,,,,,,,
7120001152508,株式会社アイティフォース,27:大阪府,66人,G:情報通信業,https://www.itforce.jp,,,,,,,,,
6011101002218,株式会社医療企画,13:東京都,102人,G:情報通信業,,,,,,,,,,
6120001040374,株式会社ユニオンシンク,27:大阪府,170人,G:情報通信業,https://www.utc-net.co.jp/,,,,,,,,,
2011001118506,株式会社Ｃｏｄｅ　ａｎｄ　Ｗｉｓｅ　Ｃｏｍｐａｎｙ,13:東京都,2人,G:情報通信業,,,,,,,,,,
3080001010459,株式会社デザインスタジオフェニックス,22:静岡県,13人,G:情報通信業,,,,,,,,,,
5370001015988,アンカー・グループ株式会社,04:宮城県,3人,G:情報通信業,,,,,,,,,,
6120001216569,株式会社ｕｌｕｃａ,27:大阪府,4人,G:情報通信業,,,,,,,,,,
3120001068105,株式会社どりむ社,27:大阪府,45人,G:情報通信業,http://www.dorimu-web.com/index.html,,,,,,,,,
7110001005963,株式会社ジェイ・エス・エス,15:新潟県,49人,G:情報通信業,,,,,,,,,,
6120001166327,レプリス株式会社,27:大阪府,23人,G:情報通信業,https://www.lepris.co.jp/,,,,,,,,,
3050001042389,株式会社エンタープライズ,08:茨城県,50人,G:情報通信業,,,,,,,,,,
5030001039121,株式会社シーエスウェア,13:東京都,16人,G:情報通信業,,,,,,,,,,
4120002050300,株式会社シーティープランニング,27:大阪府,16人,G:情報通信業,,,,,,,,,,
4010501028411,株式会社ダンク,13:東京都,43人,G:情報通信業,,,,,,,,,,
6120001220827,株式会社ライコン,27:大阪府,20人,G:情報通信業,,,,,,,,,,
2012301007209,株式会社サイコム,42:長崎県,4人,G:情報通信業,,,,,,,,,,
6120901032322,株式会社だんきち,27:大阪府,13人,G:情報通信業,,,,,,,,,,
6010901029429,株式会社ホライズン・データ・ワークス,13:東京都,8人,G:情報通信業,http://www.horizondataworks.com/,,,,,,,,,
2013301042303,アミタ株式会社,13:東京都,1人,G:情報通信業,,,,,,,,,,
9010401090688,株式会社ガバナンスビジョンズ,13:東京都,3人,G:情報通信業,,,,,,,,,,
8070001002527,株式会社ネディア,10:群馬県,6人,G:情報通信業,,,,,,,,,,
2010001132013,株式会社ウイングプラス,13:東京都,53人,G:情報通信業,,,,,,,,,,
4240001014384,デジタルソリューション株式会社,34:広島県,62人,G:情報通信業,https://www.digital-sol.co.jp/,,,,,,,,,
9120001086241,株式会社ナニワ計算センター,27:大阪府,68人,G:情報通信業,,,,,,,,,,
3012403004350,合同会社ＮｏＣｏｄｅＣａｍｐ,13:東京都,1人,G:情報通信業,,,,,,,,,,
2040002041326,有限会社ドローアーツ,12:千葉県,4人,G:情報通信業,,,,,,,,,,
4011803004281,合同会社ＳＫ３６,13:東京都,1人,G:情報通信業,,,,,,,,,,
4180001124702,株式会社シナスタジア,13:東京都,11人,G:情報通信業,https://synesthesias.jp/news/74/,,,,,,,,,
5010001034090,株式会社東京技術計算コンサルタント,13:東京都,87人,G:情報通信業,https://www.ttc-net.co.jp/%e4%bc%9a%e7%a4%be%e7%94%9f%e6%b4%bb,,,,,,,,,
9180001060224,株式会社ＣＵＢＩＣ,23:愛知県,9人,G:情報通信業,,,,,,,,,,
6010001118768,株式会社ラソナ,13:東京都,70人,G:情報通信業,,,,,,,,,,
7120901040118,ｉｒｏ－ｄａｍａ株式会社,27:大阪府,5人,G:情報通信業,,,,,,,,,,
5010001179472,ファイナンシャルテクノロジーシステム株式会社,13:東京都,23人,G:情報通信業,,,,,,,,,,
1011101015281,株式会社内外切抜通信社,13:東京都,58人,G:情報通信業,https://www.naigaipc.co.jp/,,,,,,,,,
9012401034633,株式会社ｆｒｅｅ,13:東京都,4人,G:情報通信業,,,,,,,,,,
3290001061200,もぐ株式会社,40:福岡県,4人,G:情報通信業,http://mgmg.co.jp/,,,,,,,,,
6200001015194,株式会社サイエンスネット,21:岐阜県,19人,G:情報通信業,https://www.sciencenet.co.jp/about/initiative.html,,,,,,,,,
2010401062033,スラッシュ株式会社,13:東京都,25人,G:情報通信業,,,,,,,,,,
4011001132216,ＪＡＭテクノロジーズ株式会社,13:東京都,3人,G:情報通信業,,,,,,,,,,
4040001030872,株式会社Ｋ’Ｓ－ＭＡＹ,12:千葉県,9人,G:情報通信業,,,,,,,,,,
8360001001219,株式会社ソフィア通信,47:沖縄県,78人,G:情報通信業,http://www.sophianet.co.jp/,,,,,,,,,
4010401133063,株式会社リンカッド,13:東京都,3人,G:情報通信業,,,,,,,,,,
5010001247221,株式会社リンカーズＯＩ研究所,13:東京都,22人,G:情報通信業,,,,,,,,,,
5120001230042,株式会社ＲｅＡｃｔ,27:大阪府,11人,G:情報通信業,https://react-system.co.jp/,,,,,,,,,
5430001032465,株式会社インターパーク,01:北海道,19人,G:情報通信業,,,,,,,,,,
4430001075259,株式会社イレブンソフト,01:北海道,19人,G:情報通信業,http://11-soft.com,,,,,,,,,
1290001094482,株式会社ねこ,40:福岡県,2人,G:情報通信業,,,,,,,,,,
5010601039407,Ａｖｉｎｔｏｎジャパン株式会社,14:神奈川県,99人,G:情報通信業,,,,,,,,,,
7010001223625,株式会社ドットプラス,13:東京都,8人,G:情報通信業,,,,,,,,,,
7010501032105,株式会社Ｔｗｉｎ　Ｓｔａｒｓ,13:東京都,7人,G:情報通信業,https://twinstars.co.jp/,,,,,,,,,
5180001145846,Ｋｕｍｏｔｉｖｅ株式会社,23:愛知県,2人,G:情報通信業,,,,,,,,,,
2010601047420,ムーバクラウド株式会社,13:東京都,20人,G:情報通信業,https://www.movacloud.co.jp/,,,,,,,,,
8010801005973,株式会社スノーランド,13:東京都,18人,G:情報通信業,,,,,,,,,,
6430001038593,株式会社ストラクト,37:香川県,1人,G:情報通信業,,,,,,,,,,
1011001067480,株式会社キーワーズ・インターナショナル,13:東京都,386人,G:情報通信業,http://www.keywordsstudios.com/,,,,,,,,,
7021001059067,株式会社ビット,13:東京都,8人,G:情報通信業,,,,,,,,,,
5260001021015,株式会社アサンテ,33:岡山県,5人,G:情報通信業,http://www.asantesana.jp,,,,,,,,,
2220001020254,ＫＹＣＯＭデジタル株式会社,17:石川県,8人,G:情報通信業,,,,,,,,,,
9021001045577,リンブロー株式会社,13:東京都,5人,G:情報通信業,,,,,,,,,,
5011001045086,株式会社ＡＬＢＥＲＴ,13:東京都,183人,G:情報通信業,,,,,,,,,,
7010001145588,株式会社モーニング・グローリー,13:東京都,20人,G:情報通信業,,,,,,,,,,
3120001064946,株式会社システムネットワーク,27:大阪府,25人,G:情報通信業,http://www.system-network.co.jp,,,,,,,,,
8120001093701,株式会社パトリア,27:大阪府,2人,G:情報通信業,,,,,,,,,,
2160001018461,株式会社ジーングロス,25:滋賀県,5人,G:情報通信業,,,,,,,,,,
5120001194964,ＨＯＵＳＥ　ＲＥＶＯ株式会社,13:東京都,5人,G:情報通信業,https://www.house-revo.com/company/,,,,,,,,,
6011101058482,株式会社ｉＰＸ,13:東京都,37人,G:情報通信業,,,,,,,,,,
8011001091128,株式会社アーツワゴン,13:東京都,11人,G:情報通信業,,,,,,,,,,
3011101050938,株式会社ティーエヌエス,13:東京都,105人,G:情報通信業,,,,,,,,,,
3021001019207,厚木伊勢原ケーブルネットワーク株式会社,14:神奈川県,32人,G:情報通信業,,,,,,,,,,
6030001028172,株式会社ジモネット,11:埼玉県,2人,G:情報通信業,,,,,,,,,,
2011001072967,株式会社エークラウド,13:東京都,151人,G:情報通信業,,,,,,,,,,
4120001061918,株式会社ＭＢＳ　ＫＥＹＳ,27:大阪府,111人,G:情報通信業,,,,,,,,,,
1030001097230,株式会社ＦＴＣ,11:埼玉県,1人,G:情報通信業,,,,,,,,,,
7011801027752,株式会社ディリット,14:神奈川県,5人,G:情報通信業,https://diritto.co.jp/,,,,,,,,,
8240001007112,株式会社ＴＳＳプロダクション,34:広島県,102人,G:情報通信業,,,,,,,,,,
4020001070136,株式会社富士通コンピュータテクノロジーズ,14:神奈川県,380人,G:情報通信業,https://www.fujitsu.com/jp/fct/,,,,,,,,,
2250001012216,株式会社くるとん,35:山口県,5人,G:情報通信業,,,,,,,,,,
5010401076798,株式会社ＩＣＣワイズ・コミュニケーションズ,13:東京都,10人,G:情報通信業,,,,,,,,,,
7040001002951,株式会社ベイキューブシー,12:千葉県,58人,G:情報通信業,,,,,,,,,,
5010001031352,ユナイテッドシステム株式会社,13:東京都,7人,G:情報通信業,,,,,,,,,,
1010701025608,株式会社Ｇｏ－Ｎｅｘｔ,13:東京都,29人,G:情報通信業,,,,,,,,,,
7010901024940,アズラボ株式会社,13:東京都,10人,G:情報通信業,,,,,,,,,,
2011001035552,株式会社サクセス,13:東京都,36人,G:情報通信業,,,,,,,,,,
6011001153739,株式会社ｍｉｉｂｏ,13:東京都,3人,G:情報通信業,https://miibo.co.jp,,,,,,,,,
3010001042244,株式会社エーピーコミュニケーションズ,13:東京都,382人,G:情報通信業,http://www.ap-com.co.jp/,,,,,,,,,
3290801024967,株式会社ソリューション北九州,40:福岡県,8人,G:情報通信業,,,,,,,,,,
2011101059534,株式会社ピース,13:東京都,1人,G:情報通信業,,,,,,,,,,
3013301024630,アイブレインズ株式会社,13:東京都,80人,G:情報通信業,,,,,,,,,,
6010001136662,株式会社ウィルプラス,23:愛知県,23人,G:情報通信業,,,,,,,,,,
9200002019539,株式会社ネクステージ,21:岐阜県,5人,G:情報通信業,http://www.lets-gifu.com/,,,,,,,,,
6010601042541,株式会社Ｌ　ｉｓ　Ｂ,13:東京都,123人,G:情報通信業,,,,,,,,,,
4010001136986,株式会社日本人材ニュース社,13:東京都,5人,G:情報通信業,,,,,,,,,,
6011101088810,株式会社ｖｉｓｕｍ,13:東京都,6人,G:情報通信業,https://visum.jp,,,,,,,,,
9011002026370,アイビスティ有限会社,13:東京都,3人,G:情報通信業,,,,,,,,,,
7280001003166,株式会社イーグリッド,32:島根県,125人,G:情報通信業,https://www.e-grid.co.jp,,,,,,,,,
8180001145439,株式会社フォーチュン,23:愛知県,30人,G:情報通信業,https://www.f-tune.co.jp/,,,,,,,,,
6030003022207,株式会社ＤＩＬ,11:埼玉県,2人,G:情報通信業,,,,,,,,,,
6011101053368,株式会社ＪＢネット,13:東京都,3人,G:情報通信業,,,,,,,,,,
3120001161479,株式会社アルメディア・ソリューションズ,27:大阪府,8人,G:情報通信業,,,,,,,,,,
7070001029050,株式会社ｍａｃｏｌａｂ,10:群馬県,6人,G:情報通信業,,,,,,,,,,
2020001130635,ヴェイススタジオ株式会社,13:東京都,5人,G:情報通信業,,,,,,,,,,
8010501032921,株式会社ＩＣＣホールディングス,13:東京都,9人,G:情報通信業,,,,,,,,,,
8010401083172,株式会社日本ブレインウェア,13:東京都,4人,G:情報通信業,https://n-brain.co.jp/,,,,,,,,,
1100001002125,東京法令出版株式会社,20:長野県,204人,G:情報通信業,,,,,,,,,,
6122001037549,株式会社ダヴィール,27:大阪府,2人,G:情報通信業,,,,,,,,,,
6290001058128,株式会社アーデントリープ,40:福岡県,7人,G:情報通信業,,,,,,,,,,
1011101091760,ＬＩＪ株式会社,13:東京都,13人,G:情報通信業,,,,,,,,,,
8220001016503,株式会社ケイユーオ,17:石川県,25人,G:情報通信業,,,,,,,,,,
3290001090042,株式会社ＬＯＧ,40:福岡県,8人,G:情報通信業,,,,,,,,,,
8011301016412,株式会社ノワ,13:東京都,11人,G:情報通信業,,,,,,,,,,
3160001011770,株式会社Ｆｒｅｅ　Ｓｔｙｌｅ,25:滋賀県,13人,G:情報通信業,https://www.freestyle8.com,,,,,,,,,
4020001144609,株式会社Ｍｅｄｉａ　Ｗｉｔｈ,13:東京都,1人,G:情報通信業,https://mediawith.co.jp/,,,,,,,,,
5010601041899,株式会社ワロップ・３．０,13:東京都,25人,G:情報通信業,,,,,,,,,,
9300001004630,株式会社ケーブルワン,41:佐賀県,45人,G:情報通信業,https://www.cableone.ne.jp/,,,,,,,,,
6360001010460,株式会社ジュアルディ,45:宮崎県,28人,G:情報通信業,,,,,,,,,,
8012401020568,株式会社東京光音,13:東京都,50人,G:情報通信業,,,,,,,,,,
1130001053074,Ｆｕｔｕｒｅ’Ｉ’Ｍａｒｋ株式会社,26:京都府,59人,G:情報通信業,,,,,,,,,,
4010001034257,東京ソフトウエア株式会社,13:東京都,86人,G:情報通信業,,,,,,,,,,
1360001024110,株式会社プラズマ,47:沖縄県,10人,G:情報通信業,http://www.plazma.co.jp/,,,,,,,,,
5430001035212,株式会社八島通信工業,01:北海道,7人,G:情報通信業,,,,,,,,,,
6120001130134,マナ・デザインワークス株式会社,27:大阪府,27人,G:情報通信業,,,,,,,,,,
1010601027679,株式会社ガルフネット,13:東京都,109人,G:情報通信業,https://www.gulfnet.co.jp/,,,,,,,,,
1010401091594,株式会社Ｂｅａｔ　Ｃｏｍｍｕｎｉｃａｔｉｏｎ,13:東京都,10人,G:情報通信業,,,,,,,,,,
7260001024908,株式会社ａ－Ｓｏｌ　Ｊａｐａｎ,13:東京都,3人,G:情報通信業,,,,,,,,,,
6290001030227,株式会社カウテレビジョン,40:福岡県,26人,G:情報通信業,,,,,,,,,,
7010401090780,株式会社フレクシェ,13:東京都,17人,G:情報通信業,https://www.flexsche.com/,,,,,,,,,
7010001144697,株式会社オキシス,13:東京都,37人,G:情報通信業,http://oxis.co.jp/,,,,,,,,,
6370001020509,ａｒｉＴＶ株式会社,04:宮城県,15人,G:情報通信業,,,,,,,,,,
6010601042913,株式会社オクトパス＆コー,13:東京都,2人,G:情報通信業,,,,,,,,,,
6130003003378,合同会社バンクトゥ,26:京都府,12人,G:情報通信業,http://bankto.co.jp/,,,,,,,,,
7010001109386,株式会社ＭＤＰＳ,13:東京都,28人,G:情報通信業,,,,,,,,,,
8180001072534,株式会社テクノスピーチ,23:愛知県,23人,G:情報通信業,https://www.techno-speech.com/,,,,,,,,,
4011501017800,株式会社サムライ・ソフト,13:東京都,17人,G:情報通信業,http://www.samurai-soft.com/,,,,,,,,,
3120001121929,アイテックソフトウェア株式会社,27:大阪府,153人,G:情報通信業,https://www.itec-software.co.jp/,,,,,,,,,
8370001007834,株式会社クリエイティヴスタッフ,04:宮城県,111人,G:情報通信業,,,,,,,,,,
8010401011967,三和コンピュータ株式会社,13:東京都,432人,G:情報通信業,http://www.sanwa-comp.co.jp/,,,,,,,,,
7020001157442,ＳＵＩＫＩ株式会社,14:神奈川県,2人,G:情報通信業,,,,,,,,,,
7290001049217,株式会社テクノ・カルチャー・システム,40:福岡県,124人,G:情報通信業,https://www.techno-net.co.jp/,,,,,,,,,
6010001213924,株式会社ＮｉｎｅＥｄｇｅ,13:東京都,1人,G:情報通信業,,,,,,,,,,
9180001053830,セリム株式会社,23:愛知県,10人,G:情報通信業,https://serimu.com/,,,,,,,,,
8120001194185,株式会社てんとうむし,13:東京都,8人,G:情報通信業,,,,,,,,,,
4430002011774,有限会社タイムエージェント,01:北海道,8人,G:情報通信業,,,,,,,,,,
7380001018220,株式会社デザイニウム,07:福島県,35人,G:情報通信業,https://www.designium.jp/ja,,,,,,,,,
7180001039773,株式会社ハイテックス,23:愛知県,127人,G:情報通信業,https://www.haitex.hayatele.co.jp/,,,,,,,,,
2011501015896,ＧＯ株式会社,13:東京都,646人,G:情報通信業,https://goinc.jp/,,,,,,,,,
7290001079065,株式会社ライトハウス,40:福岡県,22人,G:情報通信業,https://lighthouse-frontier.tech/,,,,,,,,,
3010601042676,株式会社アトムソリューションズ,13:東京都,6人,G:情報通信業,https://www.atom-solutions.jp,,,,,,,,,
6011001104394,株式会社Ｖプラウド,13:東京都,13人,G:情報通信業,http://proud-g.jp/,,,,,,,,,
1011001055840,株式会社トゥモロー,13:東京都,3人,G:情報通信業,http://www.4tomorrow.jp/index.html,,,,,,,,,
7010401162448,株式会社ＤＸコンパス,13:東京都,12人,G:情報通信業,https://www.dxcompass.co.jp,,,,,,,,,
8010001207346,ＤｅｅｐＡｐｅｘ株式会社,13:東京都,3人,G:情報通信業,,,,,,,,,,
8120001196116,株式会社ＪＩＲＩＴＡ,27:大阪府,2人,G:情報通信業,,,,,,,,,,
3010401089562,株式会社Ｆａｎｐｌｕｓ,13:東京都,106人,G:情報通信業,http://emtg.co.jp/,,,,,,,,,
8010401059560,ＷＯＷＯＷエンタテインメント株式会社,13:東京都,107人,G:情報通信業,,,,,,,,,,
6180001101732,エイチキューブ株式会社,23:愛知県,19人,G:情報通信業,,,,,,,,,,
8010402035247,ＮＡＶＹＰＯＯＬ株式会社,13:東京都,2人,G:情報通信業,https://www.navypool.com/,,,,,,,,,
2010001241607,株式会社ＡＰＯＳＴＲＯ,13:東京都,62人,G:情報通信業,https://apostro.co.jp/,https://apostro.co.jp/recruit/,,,,1:有,,0:無,0:無,
4010401128311,ソーシャルブラザーズ株式会社,40:福岡県,200人,G:情報通信業,,,,,,,,,,
4080101003849,富士通ミッションクリティカルソフトウェア株式会社,22:静岡県,189人,G:情報通信業,http://jp.fujitsu.com/group/mcs/,,,,,,,,,
4010001025289,株式会社ナビゲート,13:東京都,8人,G:情報通信業,,,,,,,,,,
6460101007479,株式会社ワクタス,01:北海道,1人,G:情報通信業,https://wakutas.co.jp/,,0人/0人/0人,0人/0人/0人,,,,,,
8180001142015,株式会社ＡＩＴＣ,23:愛知県,7人,G:情報通信業,https://aitc.co.jp/about-us/,,,,,,,,,
9010401116253,株式会社アイズプランニング,13:東京都,10人,G:情報通信業,,,,,,,,,,
8010001014395,株式会社共同テレビジョン,13:東京都,137人,G:情報通信業,https://www.kyodo-tv.co.jp/company/info/detail01/,,,,,,,,,
5040001086195,ＭＳＤ株式会社,13:東京都,12人,G:情報通信業,http://msd.tokyo,,,,,,,,,
8010701026418,株式会社ＰＲＵＮＵＳ,13:東京都,1人,G:情報通信業,,,,,,,,,,
8020001059654,ウィシェア株式会社,13:東京都,2人,G:情報通信業,,,,,,,,,,
3430001001158,アートシステム株式会社,01:北海道,34人,G:情報通信業,,,,,,,,,,
9010401019407,株式会社エクスクリエ,13:東京都,109人,G:情報通信業,https://www.dohouse.co.jp/,,,,,,,,,
1010001214308,株式会社エッジ・アイ,12:千葉県,5人,G:情報通信業,,,,,,,,,,
3310003003354,ノールネットワークス株式会社,42:長崎県,5人,G:情報通信業,,,,,,,,,,
4020001092287,株式会社思派電子ジャパン,13:東京都,30人,G:情報通信業,,,,,,,,,,
4010001175745,株式会社レヴィ,13:東京都,10人,G:情報通信業,,,,,,,,,,
5180001089688,アイティ・ネクスト株式会社,23:愛知県,11人,G:情報通信業,,,,,,,,,,
9011001007669,株式会社光言社,13:東京都,38人,G:情報通信業,https://www.kogensha.jp/,,,,,,,,,
1010901040076,株式会社ジュリエット,13:東京都,1人,G:情報通信業,,,,,,,,,,
8010401088452,株式会社エニグモ,13:東京都,130人,G:情報通信業,https://enigmo.co.jp/,,,,,,,,,
8010401153009,株式会社ＡＬＢＯＮＡ,13:東京都,70人,G:情報通信業,https://al-bo.io/,,,,,,,,,
8120001123045,株式会社スクラムソフトウェア,27:大阪府,13人,G:情報通信業,http://www.scrumsoftware.co.jp/,,,,,,,,,
3010701033443,株式会社グランドリーム,13:東京都,9人,G:情報通信業,,,,,,,,,,
6013301028315,株式会社ＥＰＣ,13:東京都,139人,G:情報通信業,https://consulting.epark.co.jp/,,,,,,,,,
5010001135104,株式会社ゲネシスコンマース,13:東京都,14人,G:情報通信業,,,,,,,,,,
8010401132177,株式会社ＵＳＥＮ,13:東京都,1829人,G:情報通信業,https://usen.com/,,,,,,,,,
6350001006872,株式会社ケーブルメディアワイワイ,45:宮崎県,75人,G:情報通信業,,,,,,,,,,
8011101060998,ＢＰＳ株式会社,13:東京都,53人,G:情報通信業,https://www.bpsinc.jp/,,,,,,,,,
8012401014438,ＮＴＴ‐ＡＴシステムズ株式会社,13:東京都,180人,G:情報通信業,,,,,,,,,,
1010001051874,株式会社東洋経済新報社,13:東京都,327人,G:情報通信業,https://toyokeizai.net/,,,,,,,,,
1013401006638,株式会社テンクロス,13:東京都,9人,G:情報通信業,,,,,,,,,,
5010601027840,株式会社ワークフィールド,13:東京都,23人,G:情報通信業,,,,,,,,,,
5390001005112,株式会社サウンドカーム,06:山形県,1人,G:情報通信業,,,,,,,,,,
7010701025668,ネットラピュタ株式会社,13:東京都,3人,G:情報通信業,,,,,,,,,,
1010601041044,株式会社アーチ,13:東京都,94人,G:情報通信業,,,,,,,,,,
2011001094268,ＮＨＮ　ＪＡＰＡＮ株式会社,13:東京都,915人,G:情報通信業,http://www.nhn-japan.com/,,,,,,,,,
3010401063542,株式会社トランス・デュース,13:東京都,8人,G:情報通信業,,,,,,,,,,
2300002002219,株式会社プライム,41:佐賀県,16人,G:情報通信業,http://www.prime18.co.jp,,,,,,,,,
2013301023765,株式会社ワース・システムクリエイト,13:東京都,6人,G:情報通信業,,,,,,,,,,
9430001041727,株式会社Ｇｅａｒ８,01:北海道,13人,G:情報通信業,,,,,,,,,,
6013301043628,株式会社ｐｏｎｉｏｎ,13:東京都,6人,G:情報通信業,,,,,,,,,,
7180003021168,Ｍ５Ｍ合同会社,23:愛知県,1人,G:情報通信業,,,,,,,,,,
2130001055391,株式会社アドバンシス,26:京都府,1人,G:情報通信業,https://advancis.jp/,,,,,,,,,
7010001198909,ジオ・マーク株式会社,13:東京都,0人,G:情報通信業,,,,,,,,,,
2120001083807,ワンマーケティング株式会社,27:大阪府,20人,G:情報通信業,,,,,,,,,,
1011003012294,合同会社ＳＢＴＣＡＳ,13:東京都,0人,G:情報通信業,https://sbtcas.co.jp/,,,,,,,,,
5120001247391,ＳＷｉｓｅ株式会社,27:大阪府,0人,G:情報通信業,,,,,,,,,,
6011001121687,株式会社セキュアアイリス,13:東京都,28人,G:情報通信業,,,,,,,,,,
4011101060754,株式会社コンパスジャパン,13:東京都,103人,G:情報通信業,http://www.compass-japan.com/,http://www.compass-japan.com/contact.html,,,,1:有,1:有,1:有,1:有,
3290001057751,株式会社ＢＢライン,40:福岡県,42人,G:情報通信業,,,,,,,,,,
3120001191096,株式会社ディープラス,27:大阪府,16人,G:情報通信業,,,,,,,,,,
4012403001768,株式会社千田屋,13:東京都,16人,G:情報通信業,,,,,,,,,,
4010001148585,株式会社ｃｈｅｒｒｙ‐ｐｉｃｋ,04:宮城県,6人,G:情報通信業,,,,,,,,,,
5180002050384,有限会社ファイブ・セブン,23:愛知県,1人,G:情報通信業,,,,,,,,,,
8120001190622,株式会社ユーワード,27:大阪府,5人,G:情報通信業,https://u-word.jp/,,,,,,,,,
8480001001710,日本システム開発株式会社,36:徳島県,60人,G:情報通信業,https://www.jsdnet.co.jp/,,,,,,,,,
6130001047237,株式会社國新プランニング,26:京都府,2人,G:情報通信業,,,,,,,,,,
7010001190320,ＹＡＫＫ株式会社,13:東京都,2人,G:情報通信業,https://www.yakk.co.jp/,,,,,,,,,
7010401157349,株式会社ｃａｒｏａ,13:東京都,3人,G:情報通信業,https://caroa.jp/corp/we,,,,,,,,,
6130001028559,株式会社インフィニティ,26:京都府,94人,G:情報通信業,https://infinity-k.co.jp/,,,,,,,,,
3013201016744,株式会社ゲン・コーポレーション,13:東京都,8人,G:情報通信業,,,,,,,,,,
8013301003308,株式会社銀行研修社,13:東京都,35人,G:情報通信業,,,,,,,,,,
6220001000946,株式会社石川県農協電算センター,17:石川県,43人,G:情報通信業,,,,,,,,,,
1011801019838,株式会社じも研,13:東京都,10人,G:情報通信業,https://www.jimoken.co.jp/about/,,,,,,,,,
1010001091565,株式会社ワイズネット,13:東京都,4人,G:情報通信業,https://www.wize-net.co.jp/,,,,,,,,,
5050001004809,株式会社ヴィジブルインフォメーションセンター,08:茨城県,58人,G:情報通信業,,,,,,,,,,
6390001004204,株式会社プライド・トゥ,06:山形県,18人,G:情報通信業,,,,,,,,,,
6290001034153,アーチ株式会社,40:福岡県,38人,G:情報通信業,,,,,,,,,,
7340001017977,株式会社スクラップデザイン,46:鹿児島県,6人,G:情報通信業,,,,,,,,,,
8012701014930,株式会社Ｄｒｉｖｅ　Ｊａｐａｎ,13:東京都,1人,G:情報通信業,,,,,,,,,,
2050003007325,合同会社フリオク・プロジェクト,08:茨城県,2人,G:情報通信業,,,,,,,,,,
9010803004477,合同会社トクガワ,01:北海道,1人,G:情報通信業,,,,,,,,,,
9010001190590,ブロックチェーンロック株式会社,13:東京都,6人,G:情報通信業,,,,,,,,,,
7010001210391,ＭｅｔａＢｏｘ株式会社,13:東京都,20人,G:情報通信業,,,,,,,,,,
4130001055935,ものレボ株式会社,26:京都府,8人,G:情報通信業,https://corp.monorevo.jp/,,,,,,,,,
8010001228185,Ａｒｒｏｗｈｅａｄｓ株式会社,13:東京都,0人,G:情報通信業,,,,,,,,,,
6180001108216,ジーエスネット株式会社,23:愛知県,5人,G:情報通信業,https://www.gsnt.co.jp,,,,,,,,,
2011001122805,株式会社アイミン,13:東京都,62人,G:情報通信業,,,,,,,,,,
6430001007458,日本アイビーエム・ソリューション・サービス株式会社,01:北海道,1000人,G:情報通信業,http://www-06.ibm.com/jp/isol/,,,,,,,,,
6013301047918,株式会社教育同人社,13:東京都,70人,G:情報通信業,,,,,,,,,,
8010401133729,株式会社ＮＶＣ,13:東京都,27人,G:情報通信業,https://nv-creators.co.jp,,,,,,,,,
6010001126151,アルカディア株式会社,13:東京都,79人,G:情報通信業,,,,,,,,,,
5011001073161,株式会社システムピース,13:東京都,32人,G:情報通信業,http://www.syspiece.jp/,,,,,,,,,
4350001013086,株式会社ハナビヤ・ラボ,45:宮崎県,6人,G:情報通信業,,,,,,,,,,
6010401061980,ＶＡＬＸ株式会社,13:東京都,75人,G:情報通信業,https://www.lev.co.jp/,,,,,,,,,
2011501020673,株式会社アイフォーカス,13:東京都,15人,G:情報通信業,,,,,,,,,,
6030001068326,アビダルマ株式会社,13:東京都,5人,G:情報通信業,,,,,,,,,,
6010001178820,ａｎｄＡＩ株式会社,11:埼玉県,0人,G:情報通信業,,,,,,,,,,
9370001023153,株式会社ノルニル,04:宮城県,2人,G:情報通信業,,,,,,,,,,
1011001064255,株式会社ギガプライズ,13:東京都,189人,G:情報通信業,,,,,,,,,,
5011101067138,株式会社コズレ,13:東京都,40人,G:情報通信業,,,,,,,,,,
3010501045606,株式会社リングビジネスサポート,12:千葉県,20人,G:情報通信業,,,,,,,,,,
7011801037421,Ｃａｒｐｅ　ｄｉｅｍ株式会社,13:東京都,19人,G:情報通信業,https://carpediemcorporation.com/,,,,,,,,,
8010001124153,株式会社キャフィック,13:東京都,30人,G:情報通信業,http://www.caficc.co.jp/,,,,,,,,,
3110001035304,アルムナイ株式会社,13:東京都,5人,G:情報通信業,,,,,,,,,,
2030001055427,株式会社ビージーシステム,11:埼玉県,21人,G:情報通信業,https://www.bgsystem.co.jp/,,,,,,,,,
8010803004073,合同会社ななし,13:東京都,1人,G:情報通信業,https://nanashi-llc.com/health_and_employment_support/,,,,,,,,,
9120001206625,株式会社Ｈｏｕｒ　Ｇｌａｓｓ,40:福岡県,5人,G:情報通信業,,,,,,,,,,
2010001200942,ノンズ株式会社,13:東京都,1人,G:情報通信業,https://nons.jp/,,,,,,,,,
8010701024074,株式会社ロード,13:東京都,11人,G:情報通信業,,,,,,,,,,
3011101034016,アールシーソリューション株式会社,13:東京都,33人,G:情報通信業,http://www.rcsc.co.jp,,,,,,,,,
9360001025794,旭イノベーション株式会社,47:沖縄県,1人,G:情報通信業,https://asahi-innovation.com/,,,,,,,,,
7120001124663,株式会社セカンドセレクション,27:大阪府,19人,G:情報通信業,,,,,,,,,,
9200003003599,株式会社オプティマインド,23:愛知県,40人,G:情報通信業,,,,,,,,,,
7011601021996,株式会社イミル,13:東京都,3人,G:情報通信業,,,,,,,,,,
2010001006877,株式会社文化通信社,13:東京都,25人,G:情報通信業,,,,,,,,,,
5010701042327,株式会社ＬａｕｎｃｈＡｔ,13:東京都,1人,G:情報通信業,,,,,,,,,,
5011001015056,株式会社てむじん,13:東京都,23人,G:情報通信業,,,,,,,,,,
2290001085605,株式会社マイクロミニスター,40:福岡県,3人,G:情報通信業,https://microminister.co.jp/koudou_plan/,,,,,,,,,
1012403001572,翠星企画株式会社,04:宮城県,1人,G:情報通信業,,,,,,,,,,
3120001126085,日本ネットワークコミュニケーションズ株式会社,27:大阪府,20人,G:情報通信業,,,,,,,,,,
3050001046547,株式会社Ｋ－プロモーション,08:茨城県,4人,G:情報通信業,https://k-promotion.co.jp/,,,,,,,,,
9011001047137,株式会社プロセス・マネジメント,13:東京都,92人,G:情報通信業,,,,,,,,,,
2430001032798,ユニバーサル・システム株式会社,01:北海道,56人,G:情報通信業,https://www.us-kk.co.jp/,,,,,,,,,
3290001001874,株式会社日本電子,40:福岡県,159人,G:情報通信業,,,,,,,,,,
3010001005226,東京コンピュータサービス株式会社,13:東京都,514人,G:情報通信業,http://www.to-kon.co.jp/,,,,,,,,,
5011001116440,株式会社シンプレ,13:東京都,12人,G:情報通信業,,,,,,,,,,
2010501022151,パルソネット株式会社,13:東京都,12人,G:情報通信業,,,,,,,,,,
8370001007306,株式会社エフエム仙台,04:宮城県,24人,G:情報通信業,,,,,,,,,,
4360001006337,沖縄テクノス株式会社,47:沖縄県,46人,G:情報通信業,https://www.tecnos.co.jp/ot/,,,,,,,,,
2430001049248,プライムネット株式会社,01:北海道,30人,G:情報通信業,,,,,,,,,,
2010401081132,リベロジック株式会社,13:東京都,8人,G:情報通信業,http://www.liberogic.jp/,,,,,,,,,
6011401015092,株式会社マインドシフト,13:東京都,11人,G:情報通信業,,,,,,,,,,
6120901040820,ギガパワージャパン株式会社,27:大阪府,6人,G:情報通信業,,,,,,,,,,
7011501010579,株式会社シーエスシステムズ,13:東京都,2人,G:情報通信業,,,,,,,,,,
9360001017552,株式会社ブルー・オーシャン沖縄,47:沖縄県,13人,G:情報通信業,http://boo-oki.com/,,,,,,,,,
2011101079490,株式会社Ｘ　ＳＩＧＨＴ,13:東京都,8人,G:情報通信業,,,,,,,,,,
1290001051161,大栄電通株式会社,40:福岡県,67人,G:情報通信業,,,,,,,,,,
4040003005484,合同会社ミルディア,13:東京都,20人,G:情報通信業,https://www.milldea.com/,,,,,,,,,
3010601042197,株式会社ＭＤビジネスパートナー,13:東京都,300人,G:情報通信業,http://www.md-bp.co.jp,,,,,,,,,
6120001064778,株式会社アールシー,27:大阪府,14人,G:情報通信業,,,,,,,,,,
3180001094938,日本情報通信企画株式会社,23:愛知県,35人,G:情報通信業,,,,,,,,,,
7010401008436,株式会社クレオ,13:東京都,508人,G:情報通信業,http://www.creo.co.jp,,,,,,,,,
5011101028148,ニューテレス・テクノ株式会社,13:東京都,58人,G:情報通信業,https://ssl.newteles-techno.co.jp,,,,,,,,,
1470001004191,株式会社ユニーク,37:香川県,20人,G:情報通信業,,,,,,,,,,
3011001068337,株式会社ジモティー,13:東京都,234人,G:情報通信業,http://jmty.jp/,,,,,,,,,
2180001118251,株式会社クリエイティブコーポレーション,23:愛知県,8人,G:情報通信業,,,,,,,,,,
3010701015045,株式会社クリエイティブキャスト,13:東京都,52人,G:情報通信業,,,,,,,,,,
2010001005747,株式会社南山堂,13:東京都,41人,G:情報通信業,,,,,,,,,,
6010601030091,株式会社Ｓ．Ｅ．Ｃ,13:東京都,51人,G:情報通信業,,,,,,,,,,
8390001000795,株式会社さくらんぼテレビジョン,06:山形県,58人,G:情報通信業,http://www.sakuranbo.co.jp/,,,,,,,,,
3010901028961,モティーブリサーチ株式会社,13:東京都,29人,G:情報通信業,,,,,,,,,,
8120001053779,株式会社イーエムシステムズ,27:大阪府,497人,G:情報通信業,https://emsystems.co.jp/sustainability/social.html,,,,,,,,,
8320001004448,フューチャーインスペース株式会社,13:東京都,350人,G:情報通信業,,,,,,,,,,
8180002059869,株式会社スターファクトリー,23:愛知県,5人,G:情報通信業,,,,,,,,,,
7120001169865,ＰＵＸ株式会社,27:大阪府,26人,G:情報通信業,,,,,,,,,,
2010001139512,フォージビジョン株式会社,13:東京都,29人,G:情報通信業,http://www.forgevision.com/,,,,,,,,,
2140001101368,株式会社Ｍｏｍｏ,28:兵庫県,15人,G:情報通信業,,,,,,,,,,
9010401162520,株式会社サインキューブ,13:東京都,6人,G:情報通信業,,,,,,,,,,
6010001136927,株式会社ファインゲート,13:東京都,28人,G:情報通信業,http://www.finegate.co.jp/,,,,,,,,,
5012801007688,株式会社エーウイング,13:東京都,22人,G:情報通信業,,,,,,,,,,
2010001084766,株式会社トビラーク,13:東京都,12人,G:情報通信業,,,,,,,,,,
3010401062627,株式会社カリス,13:東京都,29人,G:情報通信業,,,,,,,,,,
2011801036527,株式会社スマートシティ技術研究所,13:東京都,20人,G:情報通信業,,,,,,,,,,
7180001084497,株式会社ケイ・クリエイト,23:愛知県,29人,G:情報通信業,http://www.k-create.co.jp,,,,,,,,,
4011001045145,株式会社ユウトハンズ,13:東京都,12人,G:情報通信業,https://www.youtohands.jp/,,,,,,,,,
4011501013114,株式会社アキシスネット,13:東京都,7人,G:情報通信業,,,,,,,,,,
5011001142718,株式会社プラウドエクシア,13:東京都,14人,G:情報通信業,http://proud-g.jp,,,,,,,,,
2010401110361,リブゼント・イノベーションズ株式会社,13:東京都,9人,G:情報通信業,,,,,,,,,,
8240001008754,株式会社ハイエレコン,34:広島県,266人,G:情報通信業,https://www.hek.co.jp/,,,,,,,,,
1120001179102,バケモノ株式会社,27:大阪府,11人,G:情報通信業,https://bakemono.co.jp/,,,,,,,,,
5010401004908,株式会社エヌ・エス・ティー,13:東京都,134人,G:情報通信業,http://www.nst-tvpro.co.jp/,,,,,,,,,
5040001077806,株式会社グライブ,12:千葉県,1人,G:情報通信業,,,,,,,,,,
4010401118923,イタンジ株式会社,13:東京都,158人,G:情報通信業,,,,,,,,,,
4290001092442,株式会社スリーステーションズ,40:福岡県,7人,G:情報通信業,,,,,,,,,,
4120001022382,株式会社ウエロクカトウ,27:大阪府,21人,G:情報通信業,,,,,,,,,,
4010405013798,一般社団法人環境メディアフォーラム,13:東京都,12人,G:情報通信業,,,,,,,,,,
3260001011109,ウェブティ株式会社,33:岡山県,4人,G:情報通信業,http://webty.jp/,,,,,,,,,
2430001072679,株式会社サイバーシスコム,01:北海道,17人,G:情報通信業,,,,,,,,,,
9011101046625,株式会社インターオン,13:東京都,4人,G:情報通信業,,,,,,,,,,
2011001120718,Ｓｏｍｅｗｈｅｒｅ株式会社,13:東京都,19人,G:情報通信業,,,,,,,,,,
8011301021833,サンシステム株式会社,13:東京都,3人,G:情報通信業,,,,,,,,,,
6020001075298,株式会社ディライト,13:東京都,2人,G:情報通信業,,,,,,,,,,
6010401078983,株式会社ＭＥＪ,13:東京都,7人,G:情報通信業,,,,,,,,,,
8260003002514,合同会社エピックネット,33:岡山県,5人,G:情報通信業,,,,,,,,,,
4010001182774,アローズ株式会社,13:東京都,7人,G:情報通信業,,,,,,,,,,
3011302016746,有限会社娯匠,13:東京都,25人,G:情報通信業,,,,,,,,,,
4060002033922,有限会社トレンディハウス,09:栃木県,4人,G:情報通信業,http://www.trendyhouse.co.jp,,,,,,,,,
1120001146779,株式会社プロディライト,27:大阪府,55人,G:情報通信業,http://www.prodelight.co.jp/,,,,,,,,,
7010401108624,株式会社Ｔ＆Ｉ,13:東京都,5人,G:情報通信業,,,,,,,,,,
7010901023331,株式会社ネクスタム,13:東京都,18人,G:情報通信業,,,,,,,,,,
2011101061192,株式会社現代ぷろだくしょん,13:東京都,6人,G:情報通信業,,,,,,,,,,
8030001043871,株式会社レゾンデートル,11:埼玉県,5人,G:情報通信業,,,,,,,,,,
2011001015117,株式会社テレビマンユニオン,13:東京都,155人,G:情報通信業,http://www.tvu.co.jp,,,,,,,,,
9011001044563,株式会社シンクロ・フード,13:東京都,150人,G:情報通信業,,,,,,,,,,
9011601021598,ＮＡＢＬＡＳ株式会社,13:東京都,32人,G:情報通信業,https://nablas.com,,,,,,,,,
2011001045147,株式会社ＡＣＫ,13:東京都,12人,G:情報通信業,,,,,,,,,,
9430001055140,株式会社Ａｔｈｅｎａ,01:北海道,48人,G:情報通信業,,,,,,,,,,
7080401009634,株式会社アーティス,22:静岡県,26人,G:情報通信業,https://www.asobou.co.jp/recruit/office/,,,,,,,,,
8010401013030,ＩＮＩ株式会社,13:東京都,24人,G:情報通信業,,,,,,,,,,
6430001070811,株式会社ＨＡＭＷＯＲＫＳ,01:北海道,8人,G:情報通信業,,,,,,,,,,
8420001000206,株式会社青森テレビ,02:青森県,95人,G:情報通信業,https://www.atv.jp/,,,,,,,,,
4010401114988,エクイニクス・ジャパン・エンタープライズ株式会社,13:東京都,138人,G:情報通信業,,,,,,,,,,
8011501020866,株式会社Ｌｅｖｅｒａｇｅ　Ｅｆｆｅｃｔ,13:東京都,2人,G:情報通信業,,,,,,,,,,
7011801037826,Ｔｒｕｓｔｅｃ株式会社,13:東京都,48人,G:情報通信業,https://trustec-inc.co.jp/,,,,,,,,,
2010001010012,株式会社アドアーツ,13:東京都,6人,G:情報通信業,,,,,,,,,,
9030001122740,株式会社アーリーステージ,11:埼玉県,3人,G:情報通信業,http://earlystage.co.jp,,,,,,,,,
3010001171778,株式会社シーズ・リンク,13:東京都,12人,G:情報通信業,,,,,,,,,,
3040001024826,株式会社八千代技研,12:千葉県,3人,G:情報通信業,,,,,,,,,,
7010902022530,有限会社キムタコ,13:東京都,14人,G:情報通信業,,,,,,,,,,
4390001005261,ドリームバンク株式会社,06:山形県,3人,G:情報通信業,,,,,,,,,,
3011001057488,株式会社アイデアランプ,13:東京都,30人,G:情報通信業,,,,,,,,,,
3011001070887,ＭＩＫＡＴＡ株式会社,13:東京都,26人,G:情報通信業,,,,,,,,,,
9020001103551,株式会社サブスパイア,26:京都府,13人,G:情報通信業,https://subspire.co.jp/,,,,,,,,,
9180001054564,株式会社ジャパンネット,23:愛知県,42人,G:情報通信業,,,,,,,,,,
7180001146116,株式会社ワイネクスト,23:愛知県,4人,G:情報通信業,,,,,,,,,,
7020001054986,株式会社ＭＤＳ,14:神奈川県,5人,G:情報通信業,,,,,,,,,,
3200001034775,株式会社ＤＤＤｓｙｓｔｅｍ,23:愛知県,2人,G:情報通信業,,,,,,,,,,
2420002019110,有限会社ヒーローネット,02:青森県,6人,G:情報通信業,https://heronet.jp/ja/wp-content/pdf/koudoukeikaku.pdf,,,,,,,,,
7011001100079,株式会社ｄａｔａＣｏｍ,13:東京都,3人,G:情報通信業,,,,,,,,,,
8010901011137,ホットウェーブ株式会社,13:東京都,25人,G:情報通信業,,,,,,,,,,
3010501029071,株式会社ＳＷＬ　ＪＡＰＡＮ,13:東京都,4人,G:情報通信業,,,,,,,,,,
8340001005592,株式会社現場サポート,46:鹿児島県,77人,G:情報通信業,https://www.genbasupport.com/,,,,,,,,,
3100001026865,株式会社アプリコットデザイン,20:長野県,16人,G:情報通信業,,,,,,,,,,
6010501035810,株式会社リングシステムソリューションズ,13:東京都,16人,G:情報通信業,,,,,,,,,,
1020001098007,Ｉｄｅａ　Ｓｔｙｌｅ株式会社,14:神奈川県,1人,G:情報通信業,,,,,,,,,,
3320001019153,株式会社ＳＨＩＰ,44:大分県,24人,G:情報通信業,https://ship-inc.jp/,,,,,,,,,
5010401037560,株式会社ウェイン,13:東京都,35人,G:情報通信業,,,,,,,,,,
7010901006823,タイセイエンジニアリング株式会社,13:東京都,47人,G:情報通信業,,,,,,,,,,
6011001056000,トレンドワークス株式会社,13:東京都,26人,G:情報通信業,,,,,,,,,,
7011101072672,株式会社スマートコンテンツ,13:東京都,21人,G:情報通信業,,,,,,,,,,
8330001003374,株式会社ナトーコンピュータ,43:熊本県,40人,G:情報通信業,https://www.nato.co.jp/,,,,,,,,,
3180001071689,株式会社ＷＥＢ企画,23:愛知県,43人,G:情報通信業,https://webkikaku.co.jp/homepage/,,,,,,,,,
9120001134850,株式会社エンカレッジ,27:大阪府,35人,G:情報通信業,http://www.enc-jp.com,,,,,,,,,
4450001002913,株式会社北海道録画センター,01:北海道,11人,G:情報通信業,http://www.eolas.co.jp/rokuga,,,,,,,,,
6010001092955,メディアコンソーシアム株式会社,13:東京都,19人,G:情報通信業,http://www.mediaconsortium.co.jp/index.html,,,,,,,,,
4010001156836,株式会社ソフネットソリューションズ,13:東京都,22人,G:情報通信業,,,,,,,,,,
3120001155010,株式会社ＰＡソリューション,27:大阪府,29人,G:情報通信業,,,,,,,,,,
3120001107036,株式会社エクセル・クリエイツ,27:大阪府,92人,G:情報通信業,,,,,,,,,,
6160001021643,株式会社ｏｆｆｔｏｎ,25:滋賀県,4人,G:情報通信業,,,,,,,,,,
4012401002041,株式会社カイ,13:東京都,13人,G:情報通信業,http://www.chi.co.jp,,,,,,,,,
5010401081220,株式会社エキサイター,13:東京都,17人,G:情報通信業,https://exciter.jp/,,,,,,,,,
8122001023737,株式会社Ｒｅｇｉｓｔａ,27:大阪府,5人,G:情報通信業,,,,,,,,,,
3140003008750,株式会社ｒｅｌａｔｉｏｎ,28:兵庫県,240人,G:情報通信業,,,,,,,,,,
3010501001170,株式会社ヴァンテルシステム,13:東京都,55人,G:情報通信業,,,,,,,,,,
3120001138188,株式会社アドワールド,27:大阪府,252人,G:情報通信業,,,,,,,,,,
2010001189400,株式会社Ｉｎｓｉｔｙ,13:東京都,2人,G:情報通信業,https://insity.jp/,,,,,,,,,
5010701015761,株式会社ユキシステムデザイン,13:東京都,35人,G:情報通信業,http://www.ysd-yuki.com,,,,,,,,,
5010001097063,株式会社ディ・エフ・エフ,13:東京都,16人,G:情報通信業,http://www.dffinc.jp/index.html,,,,,,,,,
6050001023881,株式会社ダンク,08:茨城県,19人,G:情報通信業,,,,,,,,,,
2010001123763,株式会社ＰＫＵＴＥＣＨ,13:東京都,153人,G:情報通信業,https://pkutech.co.jp/worklifebalance/,,,,,,,,,
9010401068115,株式会社プラスアルファ・コンサルティング,13:東京都,304人,G:情報通信業,,,,,,,,,,
2010001125157,株式会社ＭＩＣ,13:東京都,32人,G:情報通信業,,,,,,,,,,
2011001132457,株式会社ＧＩＯテクノロジーズ,13:東京都,30人,G:情報通信業,https://www.gio-tech.jp/,,,,,,,,,
5070001003602,株式会社アイエムエス,10:群馬県,35人,G:情報通信業,http://www.imsnet.co.jp/,,,,,,,,,
8260001000957,株式会社オービス,33:岡山県,37人,G:情報通信業,https://www.obis.co.jp/,,,,,,,,,
4010501004362,アイレック技建株式会社,13:東京都,150人,G:情報通信業,https://www.airec.co.jp/,,,,,,,,,
7011103010779,フリーテクノロジー株式会社,13:東京都,4人,G:情報通信業,,,,,,,,,,
9090001000998,株式会社ジインズ,19:山梨県,42人,G:情報通信業,https://www.jins.co.jp/,,,,,,,,,
5430001074862,株式会社アプクロ,13:東京都,120人,G:情報通信業,,,,,,,,,,
2010601050333,ウミトロン株式会社,13:東京都,36人,G:情報通信業,https://umitron.com/ja/index.html,,,,,,,,,
1010401069392,株式会社ＩＴブレイド,13:東京都,22人,G:情報通信業,https://it-blade.co.jp,,,,,,,,,
8010001013653,株式会社海事プレス社,13:東京都,44人,G:情報通信業,,,,,,,,,,
1010401153691,Ｔａｂｉ　Ｌｉｆｅ株式会社,14:神奈川県,10人,G:情報通信業,https://tabilife.co.jp/,,,,,,,,,
9140001002865,株式会社神戸デジタル・ラボ,28:兵庫県,153人,G:情報通信業,https://www.kdl.co.jp/,,,,,,,,,
8013301022002,株式会社アイビーシステムズ,13:東京都,77人,G:情報通信業,,,,,,,,,,
1011003011899,株式会社ヴィレグループ,13:東京都,2人,G:情報通信業,https://ville-ville.com/,,,,,,,,,
5020001021311,富士通エンジニアリングテクノロジーズ株式会社,14:神奈川県,290人,G:情報通信業,,,,,,,,,,
2013101008363,株式会社灯白社,13:東京都,8人,G:情報通信業,,,,,,,,,,
1011001156044,株式会社ＩＧＮＩＳ　ＧＡＴＥ,13:東京都,35人,G:情報通信業,https://ignisgate.co.jp/,,,,,,,,,
9011001058547,株式会社ユニゾンベックス,13:東京都,56人,G:情報通信業,https://www.unizonbex.com/,,,,,,,,,
7030001106687,株式会社サイドピーク,13:東京都,2人,G:情報通信業,,,,,,,,,,
2010401168499,株式会社バーニーズ,13:東京都,9人,G:情報通信業,,,,,,,,,,
3120001054947,株式会社くもん出版,27:大阪府,123人,G:情報通信業,,,,,,,,,,
9010001126347,株式会社イマージュ,13:東京都,70人,G:情報通信業,http://www.img.co.jp/,,,,,,,,,
4120001068814,株式会社ノベラック,27:大阪府,14人,G:情報通信業,http://www.noveluck.co.jp/index.html,,,,,,,,,
7400001000480,株式会社技電工業,03:岩手県,17人,G:情報通信業,http://www.giden.co.jp,,,,,,,,,
3360001021386,株式会社ヴィッツ沖縄,47:沖縄県,45人,G:情報通信業,https://www.oknw.witz-inc.co.jp,https://www.oknw.witz-inc.co.jp/recruit/,0人/1人/1人,0人/0人/0人,,1:有,0:無,1:有,1:有,
9010801008249,株式会社とうこう・あい,13:東京都,47人,G:情報通信業,,,,,,,,,,
4140001029302,株式会社クルーグ,28:兵庫県,20人,G:情報通信業,https://www.qloog.com/ja/,,,,,,,,,
7011101078414,株式会社シナモン,13:東京都,45人,G:情報通信業,http://cinnamon.is,,,,,,,,,
9010601048115,株式会社Ｌｘｇｉｃ,13:東京都,5人,G:情報通信業,,,,,,,,,,
5430001039650,株式会社オープンソース,01:北海道,47人,G:情報通信業,,,,,,,,,,
1010601064367,株式会社アドカル,13:東京都,1人,G:情報通信業,,,,,,,,,,
2010001219495,秋葉原クリエイティブ株式会社,13:東京都,6人,G:情報通信業,,,,,,,,,,
4180001126062,株式会社ダイシン,23:愛知県,12人,G:情報通信業,,,,,,,,,,
3010401097763,株式会社ＡＭＧ　Ｓｏｌｕｔｉｏｎ,13:東京都,26人,G:情報通信業,https://amg-solution.jp/,,,,,,,,,
8010001223252,ＪＡＤプライム株式会社,13:東京都,1人,G:情報通信業,,,,,,,,,,
9390001000282,株式会社エクセルソフト,06:山形県,25人,G:情報通信業,,,,,,,,,,
5110001002632,株式会社ジヨイフルタウン,15:新潟県,27人,G:情報通信業,,,,,,,,,,
7080401022331,株式会社３６５ＬＩＦＥ,22:静岡県,2人,G:情報通信業,,,,,,,,,,
4180001127416,ワンページ株式会社,23:愛知県,20人,G:情報通信業,,,,,,,,,,
5011003023214,合同会社Ｈｏｓｈｉｋａｒｕ,13:東京都,1人,G:情報通信業,https://hoshikaru.com,,,,,,,,,
5010401051297,株式会社リンクスエンタテインメント,11:埼玉県,4人,G:情報通信業,,,,,,,,,,
7360001002812,株式会社システック沖縄,47:沖縄県,70人,G:情報通信業,http://www.s-okinawa.co.jp,,,,,,,,,
4010401082351,株式会社メドレー,13:東京都,1320人,G:情報通信業,,,,,,,,,,
1010001145180,ミッション株式会社,13:東京都,33人,G:情報通信業,,,,,,,,,,
3011201000611,宇宙技術開発株式会社,13:東京都,586人,G:情報通信業,,,,,,,,,,
3010001219354,株式会社ＣｌｏｕｄＴｅｃｈＰｌｕｓ,13:東京都,14人,G:情報通信業,,,,,,,,,,
4010901030727,株式会社ブレーンバスターズ,13:東京都,9人,G:情報通信業,,,,,,,,,,
1011001046393,ＯＺ　ＭＯＤＥ株式会社,13:東京都,57人,G:情報通信業,http://oz-mode.com/,,,,,,,,,
5011001092913,アストロラボ株式会社,13:東京都,23人,G:情報通信業,,,,,,,,,,
2500001025019,株式会社Ｑｕｗａｋ,13:東京都,2人,G:情報通信業,,,,,,,,,,
9180001071403,株式会社ジー・ソフト,23:愛知県,26人,G:情報通信業,http://www.gsoft.co.jp,http://www.gsoft.co.jp/recruit,1人/0人/3人,0人/0人/1人,,1:有,1:有,1:有,1:有,
1160001003431,株式会社ユーストン,25:滋賀県,7人,G:情報通信業,https://www.ustone.space/,,,,,,,,,
6011601010851,株式会社ｑｎｏｔｅ,13:東京都,40人,G:情報通信業,,,,,,,,,,
1020001022841,株式会社キャッツ,14:神奈川県,60人,G:情報通信業,http://www.cats-net.co.jp/,http://www.cats-net.co.jp/,3人/2人/6人,0人/1人/0人,,1:有,1:有,1:有,1:有,
3020001065244,アイシス株式会社,14:神奈川県,20人,G:情報通信業,http://www.isis.co.jp/,http://www.isis.co.jp/recruit/,2人/2人/0人,1人/1人/0人,,1:有,0:無,1:有,1:有,
9430001078554,株式会社グーニーズグループ,01:北海道,3人,G:情報通信業,,,,,,,,,,
5010401143796,株式会社ａ　ｇｅｎｅｒａｌ　ｓｔｕｄｉｏ,13:東京都,16人,G:情報通信業,https://ageneralstudio.com/,,,,,,,,,
5120101062360,株式会社ＥＦ,27:大阪府,38人,G:情報通信業,,,,,,,,,,
3010401095767,株式会社ｇｌｏｏｐｓ,11:埼玉県,271人,G:情報通信業,http://gloops.com/,,,,,,,,,
9430001025399,スパークリンク・テクノロジー株式会社,01:北海道,9人,G:情報通信業,http://www.stc99.com/,,,,,,,,,
5011001072386,アクセルユニバース株式会社,13:東京都,9人,G:情報通信業,http://acceluniverse.com/,,,,,,,,,
6180001104883,株式会社ＡＩコミュニケーション,23:愛知県,39人,G:情報通信業,,,,,,,,,,
3120001054690,株式会社ギガ・システム,27:大阪府,80人,G:情報通信業,,,,,,,,,,
1340001016118,株式会社ＦＭきりしま,46:鹿児島県,4人,G:情報通信業,,,,,,,,,,
4290001057420,株式会社アドコムソフト,40:福岡県,28人,G:情報通信業,https://adcomsoft.jp,,4人/3人/1人,0人/0人/0人,,1:有,1:有,0:無,1:有,
4040001110451,共達フォース株式会社,13:東京都,82人,G:情報通信業,,,,,,,,,,
6010001082956,株式会社ユニメディア,13:東京都,82人,G:情報通信業,https://unimedia.co.jp/,,,,,,,,,
2011001068791,株式会社ＲＥＴＲＩＰ,13:東京都,15人,G:情報通信業,http://curie.trippiece.com/company,,,,,,,,,
2011301020989,株式会社ｋｏｕｊｉｔｓｕ,13:東京都,7人,G:情報通信業,,,,,,,,,,
3010401064771,サイバートラスト株式会社,13:東京都,238人,G:情報通信業,https://www.cybertrust.co.jp/,,,,,,,,,
1011201022780,株式会社Ｍａｌｍｅ,13:東京都,36人,G:情報通信業,,,,,,,,,,
2050001053437,株式会社ＫｉＡＩ,08:茨城県,1人,G:情報通信業,,,,,,,,,,
2260001004724,Ｈｉクラテス株式会社,33:岡山県,143人,G:情報通信業,,,,,,,,,,
2020001081242,コアフューテック株式会社,14:神奈川県,55人,G:情報通信業,https://www.corefutec.co.jp/,,,,,,,,,
2013301014112,株式会社マイオクリエイティブ,13:東京都,25人,G:情報通信業,http://www.muio.co.jp,,,,,,,,,
2470001004331,株式会社ロジック,37:香川県,64人,G:情報通信業,https://www.kagawa-logic.co.jp/,https://www.kagawa-logic.co.jp/recruit/,,,,1:有,0:無,1:有,1:有,
5011201020491,ＩＴＦ株式会社,13:東京都,13人,G:情報通信業,,,,,,,,,,
8010001137130,株式会社スカイダイニング,13:東京都,25人,G:情報通信業,,,,,,,,,,
9140001097088,ＤＦｒｅｅ株式会社,13:東京都,35人,G:情報通信業,,,,,,,,,,
1011101004581,株式会社仮説社,13:東京都,4人,G:情報通信業,https://www.kasetu.co.jp/,,,,,,,,,
4120001112737,株式会社エボルブ,27:大阪府,30人,G:情報通信業,,,,,,,,,,
9180001108881,株式会社Ｃｈａｉｎｏｖａ,13:東京都,2人,G:情報通信業,,,,,,,,,,
5230001015977,ステムソフト株式会社,16:富山県,25人,G:情報通信業,https://stemsoft.jp/,,,,,,,,,
6021002043962,有限会社東弘商事,14:神奈川県,2人,G:情報通信業,,,,,,,,,,
2010401148245,株式会社ＵＰＳＩＤＥ　ＳＰＯＲＴＳ　ＥＮＴＥＲＴＡＩＮＭＥＮＴ,13:東京都,8人,G:情報通信業,,,,,,,,,,
8010401089698,株式会社クロスリンク,13:東京都,13人,G:情報通信業,,,,,,,,,,
2050002031210,アイエンジニアリング株式会社,08:茨城県,31人,G:情報通信業,https://iengz.co.jp/,https://iengz.co.jp/recruit/,0人/1人/0人,0人/0人/0人,,1:有,1:有,1:有,0:無,
8360001000922,株式会社国際システム,47:沖縄県,175人,G:情報通信業,https://www.isd.co.jp/,,,,,,,,,
4120001253770,株式会社ｐｈｏｎｏ,27:大阪府,2人,G:情報通信業,,,,,,,,,,
6180301021473,テックポート株式会社,23:愛知県,47人,G:情報通信業,,,,,,,,,,
4290001068707,株式会社ウェブサポート,40:福岡県,21人,G:情報通信業,http://websupport.co.jp/,,,,,,,,,
2120001154137,株式会社無限,27:大阪府,30人,G:情報通信業,,,,,,,,,,
9010001175583,株式会社ＲＯＩＴ,13:東京都,25人,G:情報通信業,https://www.roit.co.jp/,,,,,,,,,
5011001036944,アクセラテクノロジ株式会社,13:東京都,24人,G:情報通信業,https://www.accelatech.com,,,,,,,,,
3010401142718,株式会社レシカ,13:東京都,9人,G:情報通信業,,,,,,,,,,
3120001099942,アルファクリエイト株式会社,27:大阪府,67人,G:情報通信業,,,,,,,,,,
8011001105572,株式会社アロバ,13:東京都,34人,G:情報通信業,,,,,,,,,,
3011001156307,株式会社ＪＩＴＴ,13:東京都,8人,G:情報通信業,https://www.jitt.co.jp/index.html,,,,,,,,,
4470001015847,株式会社ＦＩＳＴＢＵＭＰ,33:岡山県,8人,G:情報通信業,,,,,,,,,,
9020001155353,ｉｓｈｉｎ株式会社,13:東京都,1人,G:情報通信業,,,,,,,,,,
1120001055303,株式会社フューチャーインフィニティ,27:大阪府,100人,G:情報通信業,,,,,,,,,,
2011101009695,ジョルダン株式会社,13:東京都,164人,G:情報通信業,http://www.jorudan.co.jp,,,,,,,,,
6010001124551,株式会社エスティーシー,13:東京都,23人,G:情報通信業,,,,,,,,,,
6140001026322,キー・ポイント株式会社,28:兵庫県,27人,G:情報通信業,https://www.key-p.com/,,,,,,,,,
9430001063283,株式会社シーアンドシーグローバル,01:北海道,5人,G:情報通信業,http://ccglobal.jp/,,,,,,,,,
9130001059915,株式会社バイオーム,26:京都府,48人,G:情報通信業,,,,,,,,,,
8010001066932,株式会社テンフィートライト,13:東京都,39人,G:情報通信業,,,,,,,,,,
9380001017501,株式会社シンク,07:福島県,67人,G:情報通信業,https://www.sync.co.jp/,,1人/0人/0人,0人/0人/0人,,1:有,0:無,1:有,0:無,
4500001005472,株式会社ベルソ,38:愛媛県,40人,G:情報通信業,http://www.verso.jp/,,,,,,,,,
7390001007643,株式会社セーブ,06:山形県,13人,G:情報通信業,,,,,,,,,,
2011001010530,株式会社ジッピー・プロダクション,13:東京都,67人,G:情報通信業,,,,,,,,,,
7350001012738,テラスマイル株式会社,45:宮崎県,15人,G:情報通信業,,,,,,,,,,
2010403020897,トゥーサウザンド合同会社,13:東京都,3人,G:情報通信業,https://www.2-thousand.com,,,,,1:有,0:無,0:無,0:無,
1010401066349,株式会社アクティブコア,14:神奈川県,21人,G:情報通信業,https://www.activecore.co.jp/,,,,,,,,,
9011001025729,株式会社ケイ・アイ・エス情報科学研究所,13:東京都,40人,G:情報通信業,https://www.kisweb.co.jp/,,,,,,,,,
5012401039727,株式会社Ｃｏｍｍｕｎｉｔｙ　Ｐｌｕｓ,13:東京都,1人,G:情報通信業,,,,,,,,,,
7140003017459,ｑｕｕ株式会社,28:兵庫県,1人,G:情報通信業,,,,,,,,,,
2020001136616,株式会社リアンレーヴ,14:神奈川県,5人,G:情報通信業,,,,,,,,,,
3011501010038,エム・ティ・アイ株式会社,13:東京都,6人,G:情報通信業,,,,,,,,,,
5010401096937,ＳＥＮＳＹ株式会社,13:東京都,30人,G:情報通信業,https://www.sensy.ai/,,,,,,,,,
1010401126169,株式会社ＴｗｏＧａｔｅ,13:東京都,41人,G:情報通信業,,,,,,,,,,
7010401106470,株式会社ＯＺｓｏｆｔ,13:東京都,31人,G:情報通信業,,,,,,,,,,
6010001126507,株式会社ジップス,13:東京都,33人,G:情報通信業,,,,,,,,,,
7120001166128,株式会社イッキクリエイション,27:大阪府,50人,G:情報通信業,http://ikki-creation.com,,,,,,,,,
1011101073718,株式会社ブライブ,13:東京都,9人,G:情報通信業,http://www.braeve.jp/,,,,,,,,,
2011101028761,株式会社日本システムプロジェクト,13:東京都,10人,G:情報通信業,,,,,,,,,,
5010001099159,株式会社ファーストステップ,13:東京都,17人,G:情報通信業,,,,,,,,,,
4010701047541,Ｋｅｗｅｌ株式会社,13:東京都,2人,G:情報通信業,,,,,,,,,,
2040001089110,株式会社ライト,12:千葉県,10人,G:情報通信業,,,,,,,,,,
2130001031079,株式会社知能情報システム,26:京都府,20人,G:情報通信業,https://www.chino-js.com/,,,,,,,,,
6140001063737,株式会社アクエス,28:兵庫県,70人,G:情報通信業,,,,,,,,,,
5290001077277,株式会社フロムエイトソリューション,40:福岡県,26人,G:情報通信業,,,,,,,,,,
1010902023303,有限会社ＴＲＹＡＮＴＳ,13:東京都,4人,G:情報通信業,,,,,,,,,,
2360001035338,株式会社カフーブリッジ,47:沖縄県,3人,G:情報通信業,https://kafuu-bridge.co.jp/,,,,,,,,,
6011001053419,株式会社ファーンリッジ・ジャパン,13:東京都,130人,G:情報通信業,http://www.fernridge.co.jp/,,,,,,,,,
8011001138325,株式会社Ｃｈｏｔｔ,13:東京都,1人,G:情報通信業,,,,,,,,,,
2050001046969,株式会社ＪＯＧＡ,08:茨城県,2人,G:情報通信業,,,,,,,,,,
1010001101175,ジー・ブーン株式会社,13:東京都,70人,G:情報通信業,https://www.zeeboon.jp/,,,,,,,,,
2013303006272,株式会社ＩＮＡＺＵＭＡ　ＧＡＭＥＳ,13:東京都,9人,G:情報通信業,,,,,,,,,,
9120903004093,株式会社ＤＡＺ,27:大阪府,1人,G:情報通信業,,,,,,,,,,
4011001093375,株式会社Ｃｏｍｐｏｓｉｔｉｏｎ,13:東京都,12人,G:情報通信業,,,,,,,,,,
2290001100520,株式会社１９,40:福岡県,9人,G:情報通信業,,,,,,,,,,
4010401104618,株式会社猿,13:東京都,69人,G:情報通信業,,,,,,,,,,
1011401022218,株式会社Ｄ＆Ｓ,13:東京都,5人,G:情報通信業,https://d8s.co.jp/ja/,,,,,,,,,
3020001014548,株式会社神奈川新聞社,14:神奈川県,299人,G:情報通信業,,,,,,,,,,
8011201015613,アクセルマーク株式会社,13:東京都,35人,G:情報通信業,,,,,,,,,,
1430001085954,ＴＯＧＡＴＴＡ株式会社,01:北海道,6人,G:情報通信業,,,,,,,,,,
9011501029023,株式会社Ｐｒｅｆａｂ,13:東京都,2人,G:情報通信業,https://corp.prefabdeli.com,,,,,,,,,
6011001111614,株式会社ＧｏｏｄＤａｙ＆Ｍｏｎｄａｙ,12:千葉県,3人,G:情報通信業,,,,,,,,,,
5080001010127,株式会社コスモステクノ静岡,22:静岡県,22人,G:情報通信業,,,,,,,,,,
3180001127920,アルチテック株式会社,23:愛知県,2人,G:情報通信業,https://artitech.co.jp/,https://artitech.co.jp/recruit/,,,,1:有,,,,
5040001007746,株式会社融和システム,12:千葉県,37人,G:情報通信業,https://www.yuwasystem.co.jp/,https://job.rikunabi.com/2025/company/r449791085/,0人/0人/0人,0人/0人/0人,,1:有,1:有,1:有,1:有,
6270001002574,株式会社ＬＡＳＳＩＣ,31:鳥取県,271人,G:情報通信業,https://www.lassic.co.jp/,,,,,,,,,
8290003005068,Ｇ．Ｔ．ラボ株式会社,42:長崎県,5人,G:情報通信業,,,,,,,,,,
8010401039372,株式会社扶桑情報通信,13:東京都,29人,G:情報通信業,,,,,,,,,,
6010401096151,株式会社インサイト,13:東京都,40人,G:情報通信業,,,,,,,,,,
7010401050297,ノアソリューション株式会社,13:東京都,37人,G:情報通信業,http://noahsi.com/company.html,,,,,,,,,
9250001006418,株式会社みなと山口合同新聞社,35:山口県,194人,G:情報通信業,http://www.minato-yamaguchi.co.jp/,,,,,,,,,
4010001007205,株式会社ホワイトロック,13:東京都,6人,G:情報通信業,https://whiterock.co.jp/,,,,,,,,,
3240001018642,株式会社フォルテ,34:広島県,66人,G:情報通信業,,,,,,,,,,
4010002053215,有限会社こだまシステム,13:東京都,16人,G:情報通信業,,,,,,,,,,
7011001136123,株式会社ミギテック,13:東京都,59人,G:情報通信業,,,,,,,,,,
6010601026040,株式会社システムコンサルタント,13:東京都,336人,G:情報通信業,http://www.ksc.co.jp,,,,,,,,,
2090001002514,株式会社ワイ・シー・シー,19:山梨県,172人,G:情報通信業,,,,,,,,,,
2010001115455,株式会社コミット,13:東京都,38人,G:情報通信業,https://www.comit.co.jp/,,,,,,,,,
3010001017626,サン・エム・システム株式会社,13:東京都,312人,G:情報通信業,http://www.sun-m.co.jp/,,,,,,,,,
2180001144330,株式会社フィルムガーデン,23:愛知県,3人,G:情報通信業,,,,,,,,,,
7010001148302,ＹＵＩＭＥ株式会社,13:東京都,67人,G:情報通信業,http://abridge-co.jp/,,,,,,,,,
7290001085666,株式会社晩天屋,40:福岡県,19人,G:情報通信業,,,,,,,,,,
4020001135566,株式会社ミライアゴーゴー,13:東京都,11人,G:情報通信業,,,,,,,,,,
6040001082796,東京ベイシティトレーディング株式会社,12:千葉県,3人,G:情報通信業,,,,,,,,,,
8430001082895,株式会社ａｒｏｕｎｄｓ,01:北海道,20人,G:情報通信業,,,,,,,,,,
1260001009369,株式会社ＢｔｏＢホールディングス,33:岡山県,16人,G:情報通信業,,,,,,,,,,
7350001002680,ＴＮＡソリューションデザイン株式会社,45:宮崎県,8人,G:情報通信業,http://www.tna.co.jp/,,,,,,,,,
8010001165825,株式会社ナウキャスト,13:東京都,66人,G:情報通信業,,,,,,,,,,
3430001066432,株式会社ＣｒｅａｔｅＦ,01:北海道,6人,G:情報通信業,http://www.createf.jp/index.php,,,,,,,,,
8020001076781,株式会社ＶＴＭ,14:神奈川県,3人,G:情報通信業,,,,,,,,,,
8010901047445,株式会社ｉｉ,13:東京都,6人,G:情報通信業,,,,,,,,,,
3290801008053,株式会社ネクステージ,40:福岡県,11人,G:情報通信業,http://www.nexstage.co.jp/,,,,,,,,,
5370001019056,株式会社アーセス,04:宮城県,18人,G:情報通信業,,,,,,,,,,
1011001116238,株式会社Ｆｒｏｍ　Ｎｏｒｔｈ,01:北海道,20人,G:情報通信業,https://from-north.jp/,https://from-north.jp/recruit/,,,,,,,,
5400001000029,株式会社アイビーシー・ソフトアルファ,03:岩手県,96人,G:情報通信業,https://www.ibcsoft.ne.jp/,,,,,,,,,
7230001010480,株式会社チューリップテレビ,16:富山県,67人,G:情報通信業,http://www.tulip-tv.co.jp/,,,,,,,,,
1010001161252,コネクト株式会社,13:東京都,67人,G:情報通信業,,,,,,,,,,
6010001233336,ＡＢＣＤ株式会社,13:東京都,4人,G:情報通信業,,,,,,,,,,
6011001073136,ユーニス株式会社,13:東京都,75人,G:情報通信業,,,,,,,,,,
9140001024892,ジェイネット株式会社,28:兵庫県,9人,G:情報通信業,https://www.jnet-kobe.com/,,,,,,,,,
3070001005352,株式会社リネイル,10:群馬県,46人,G:情報通信業,http://www.reneil.jp/,,,,,,,,,
6130001021019,株式会社ＪＳＰ,26:京都府,5人,G:情報通信業,http://jsp.ne.jp/,,,,,,,,,
5020001140276,株式会社ユニネックスジャパン,14:神奈川県,1人,G:情報通信業,,,,,,,,,,
2013301021645,三共商事株式会社,13:東京都,12人,G:情報通信業,,,,,,,,,,
3430001069798,株式会社ＤｅｓｅｒｔＲｏｓｅ,01:北海道,66人,G:情報通信業,http://desertrose.link/company.html,,,,,,,,,
5120901008884,ワイケイエス株式会社,27:大阪府,33人,G:情報通信業,https://ykseng.co.jp/,,,,,,,,,
3010001106809,株式会社リベルワークス,13:東京都,61人,G:情報通信業,http://www.liberworks.co.jp/,,,,,,,,,
6370001013487,株式会社インストーク,04:宮城県,29人,G:情報通信業,https://www.instok.co.jp/,,,,,,,,,
4290001025055,株式会社イー・フォレスト,40:福岡県,4人,G:情報通信業,https://www.e-forest.co.jp/,,,,,,,,,
6010401060371,ＢＢＳＳ株式会社,13:東京都,78人,G:情報通信業,,,,,,,,,,
3430001007452,システムバンク株式会社,01:北海道,50人,G:情報通信業,http://www.sbn.co.jp,,,,,,,,,
3011101027250,株式会社赤ちゃんとママ社,13:東京都,24人,G:情報通信業,http://www.akamama.co.jp,,,,,,,,,
1430001084717,株式会社ＧＬＯＷ　ＦＬＡＧ,06:山形県,1人,G:情報通信業,,,,,,,,,,
3010001128217,株式会社電通リテールマーケティング,13:東京都,55人,G:情報通信業,,,,,,,,,,
2010001133416,株式会社コスモマキアー,13:東京都,25人,G:情報通信業,,,,,,,,,,
8010001074712,株式会社エス・エム・エス・データテック,13:東京都,506人,G:情報通信業,https://www.sms-datatech.co.jp/,,,,,,,,,
2240001062732,ａｒｉａｎｔ株式会社,34:広島県,1人,G:情報通信業,,,,,,,,,,
8011001109417,株式会社トゥーアール,13:東京都,9人,G:情報通信業,https://www.to-r.net/,,,,,,,,,
2130001020536,株式会社ＫＩＮＳＨＡ,26:京都府,252人,G:情報通信業,,,,,,,,,,
3011001006461,キャロルシステム株式会社,13:東京都,81人,G:情報通信業,http://carol.co.jp/,,,,,,,,,
5110001001857,株式会社けんと放送,15:新潟県,14人,G:情報通信業,http://kento-inc.com/,,,,,,,,,
3010001195645,株式会社壱,13:東京都,24人,G:情報通信業,https://i-chi.co.jp/,,,,,,,,,
4011101004182,株式会社博報堂ＳＹＮＶＯＩＣＥ,13:東京都,22人,G:情報通信業,https://www.optsp.co.jp,,,,,,,,,
1500001014732,トーヨデンサン株式会社,38:愛媛県,17人,G:情報通信業,,,,,,,,,,
5120001122132,株式会社ファーストネットジャパン,27:大阪府,8人,G:情報通信業,,,,,,,,,,
2011101087048,株式会社ヒプスター,13:東京都,30人,G:情報通信業,https://hipster-enterprise.com/,,,,,,,,,
6010001121342,株式会社チアーズ,14:神奈川県,3人,G:情報通信業,https://33cheers.jp/,,,,,,,,,
1120103005560,合同会社ＲｅｅｖｅＳｕｐｐｏｒｔ,27:大阪府,1人,G:情報通信業,,,,,,,,,,
5011001034205,株式会社ダイレクトウェイヴ,13:東京都,184人,G:情報通信業,,,,,,,,,,
1320001015872,株式会社ＨＡＢ＆Ｃｏ．,44:大分県,34人,G:情報通信業,https://hab-co.jp,,,,,,,,,
4490001001003,株式会社高知システムズ,39:高知県,91人,G:情報通信業,http://www.ksco.co.jp/,,,,,,,,,
6320202000859,有限会社博通,44:大分県,19人,G:情報通信業,,,,,,,,,,
1180301029505,株式会社総合交通環境リサーチ,23:愛知県,9人,G:情報通信業,,,,,,,,,,
7120001170526,Ｍ＆Ｃシステム株式会社,27:大阪府,21人,G:情報通信業,http://mandcsys-jp.com,,,,,,,,,
4230001014154,キュアコード株式会社,16:富山県,12人,G:情報通信業,https://curecode.jp/,,,,,,,,,
8010101007761,株式会社アットサポート,13:東京都,14人,G:情報通信業,,,,,,,,,,
3011401021259,株式会社ＩＣＴ－Ｏ,13:東京都,25人,G:情報通信業,https://ict-o.com/,,,,,,,,,
4020003010049,ＳＧビジネス株式会社,14:神奈川県,30人,G:情報通信業,,,,,,,,,,
6010001098861,株式会社オーナーズ・スタイル,13:東京都,15人,G:情報通信業,,,,,,,,,,
1010001174411,のらねこワークス株式会社,13:東京都,34人,G:情報通信業,,,,,,,,,,
8011101074164,株式会社Ｃｈｕｐ,13:東京都,10人,G:情報通信業,,,,,,,,,,
2011001137828,株式会社方角,13:東京都,10人,G:情報通信業,,,,,,,,,,
7370001013874,株式会社ナナイロ,04:宮城県,139人,G:情報通信業,https://nanairo-inc.jp/,,,,,,,,,
3011001110610,Ｓｔｕｄｉｏ株式会社,13:東京都,77人,G:情報通信業,,,,,,,,,,
8180003017719,合同会社ラビッツ,23:愛知県,4人,G:情報通信業,https://rabbits-llc.co.jp/,,,,,,,,,
3370001024066,株式会社ねこまた,04:宮城県,13人,G:情報通信業,http://necomata.co.jp/,,,,,,,,,
8010901039707,株式会社ＳＴＡＮＤＡＧＥ,13:東京都,67人,G:情報通信業,,,,,,,,,,
6010901002187,株式会社オーカム,13:東京都,50人,G:情報通信業,https://www.ocam.co.jp/,,,,,,,,,
8180001160504,ＤｅｓｓＡｎｇｅ株式会社,23:愛知県,4人,G:情報通信業,https://www.dessange.co.jp/,,,,,,,,,
1370001012023,バイスリープロジェクツ株式会社,04:宮城県,38人,G:情報通信業,,,,,,,,,,
1290001097808,諾新科技株式会社,40:福岡県,3人,G:情報通信業,https://www.nuoxin.jp/,,,,,,,,,
8060001028003,株式会社秋栄堂,09:栃木県,36人,G:情報通信業,https://syueido.jp/action-plan,,,,,,,,,
8010001159075,株式会社一創,13:東京都,53人,G:情報通信業,,,,,,,,,,
6030001095923,株式会社リアライズ,13:東京都,23人,G:情報通信業,,,,,,,,,,
9010001174890,コラボテクノ株式会社,13:東京都,30人,G:情報通信業,,,,,,,,,,
5010001022070,株式会社宝島社,13:東京都,295人,G:情報通信業,http://tkj.jp/,,,,,,,,,
6020001108116,株式会社ソフトユージング,13:東京都,177人,G:情報通信業,https://www.softusing.co.jp/,,,,,,,,,
9120001142944,株式会社ＢｅＦｏｒｗａｒｄ,27:大阪府,94人,G:情報通信業,,,,,,,,,,
7011102027072,有限会社アンチェイン,13:東京都,4人,G:情報通信業,,,,,,,,,,
3140001054029,株式会社ラジカルオプティ,27:大阪府,18人,G:情報通信業,,,,,,,,,,
2500001001523,株式会社ＫＥＩＮＳ,38:愛媛県,52人,G:情報通信業,,,,,,,,,,
3130001034758,メディアマックスジャパン株式会社,26:京都府,17人,G:情報通信業,https://www.mmj.ne.jp/,,,,,,,,,
4020001112012,株式会社ＩＤＯＢＡＴＡ,14:神奈川県,2人,G:情報通信業,,,,,,,,,,
2011003019520,合同会社ＭＩＮＡＴＯ,13:東京都,0人,G:情報通信業,,,,,,,,,,
1370001011446,東北ＮＳソリューションズ株式会社,04:宮城県,114人,G:情報通信業,,,,,,,,,,
7240001043455,株式会社ビーライズ,34:広島県,40人,G:情報通信業,,,,,,,,,,
6030001129607,株式会社アイ・ピー・コンサルティング,13:東京都,25人,G:情報通信業,https://www.ip-consulting.co.jp,,,,,,,,,
1021001040486,株式会社システムワン,14:神奈川県,40人,G:情報通信業,,,,,,,,,,
1140001055359,プロアクシアコンサルティング株式会社,27:大阪府,78人,G:情報通信業,,,,,,,,,,
2011101069293,株式会社１０バトン,13:東京都,34人,G:情報通信業,https://10baton.com/,,,,,,,,,
8430001081237,株式会社プレイヤーズゲート,01:北海道,15人,G:情報通信業,,,,,,,,,,
8500001006450,株式会社アイムービック,38:愛媛県,67人,G:情報通信業,https://www.eyemovic.com/,,,,,,,,,
2170001016373,ＥＸＥ　ＭＡＴＥ株式会社,30:和歌山県,4人,G:情報通信業,,,,,,,,,,
5010001234797,日本ＮＣＲコマース株式会社,13:東京都,558人,G:情報通信業,,,,,,,,,,
8011002029903,ケイアイエヌ有限会社,13:東京都,26人,G:情報通信業,http://www.kinproduction.jp,,,,,,,,,
3210001016517,株式会社フィッシュパス,18:福井県,20人,G:情報通信業,https://fishpass.jp/,,,,,,,,,
7260001019420,株式会社ウィルウェーブ,33:岡山県,16人,G:情報通信業,,,,,,,,,,
9021001062291,株式会社カブキ,14:神奈川県,5人,G:情報通信業,https://kabuki-inc.co.jp/,,,,,,,,,
7010901024817,株式会社ＳＡＬＴ,40:福岡県,16人,G:情報通信業,,,,,,,,,,
1230001006798,ケボウソフトウェア株式会社,16:富山県,14人,G:情報通信業,http://www.kebo.jp/,,,,,,,,,
8011001103683,株式会社ＰＯＰＥＲ,13:東京都,83人,G:情報通信業,,,,,,,,,,
4010001088889,株式会社テラバイト,13:東京都,45人,G:情報通信業,https://www.terrabyte.co.jp,,,,,,,,,
3010401103249,株式会社Ｗｉｌｌ　Ｓｍａｒｔ,13:東京都,49人,G:情報通信業,https://willsmart.co.jp/,,,,,,,,,
5011101063277,株式会社ウェリカ,13:東京都,16人,G:情報通信業,http://www.wellica.co.jp/,,,,,,,,,
5180001066233,株式会社エフエーエス,23:愛知県,14人,G:情報通信業,,,,,,,,,,
4180001057530,株式会社クロス・ヒット,23:愛知県,25人,G:情報通信業,http://www.houtoku-it.co.jp/,,,,,,,,,
4010001055088,株式会社電通クリエーティブキューブ,13:東京都,148人,G:情報通信業,,,,,,,,,,
2010401056836,デジタルフュージョン株式会社,13:東京都,40人,G:情報通信業,https://cs-tech.jp,,,,,,,,,
2020001154691,株式会社センス,14:神奈川県,27人,G:情報通信業,,,,,,,,,,
7030001121100,サービスミーム株式会社,13:東京都,28人,G:情報通信業,,,,,,,,,,
3011001096445,株式会社スペースリー,13:東京都,63人,G:情報通信業,https://info.spacely.co.jp/,,,,,,,,,
5010401131066,ＡｎｙＭｉｎｄ　Ｊａｐａｎ株式会社,13:東京都,400人,G:情報通信業,,,,,,,,,,
3290001061357,株式会社琉球カンパニー,47:沖縄県,23人,G:情報通信業,https://www.ryuq.co.jp/,,,,,,,,,
9010601029016,株式会社コムスクエア,13:東京都,66人,G:情報通信業,,,,,,,,,,
4011101072114,株式会社ＩＴＡＫＯ,13:東京都,6人,G:情報通信業,http://www.itakoh.co.jp/,,,,,,,,,
2430001076779,株式会社ｍｏｎｏｃｙｔｅ,01:北海道,3人,G:情報通信業,,,,,,,,,,
7012701010781,株式会社モバリティー,13:東京都,22人,G:情報通信業,,,,,,,,,,
6180001057545,クリアソリューションズ株式会社,23:愛知県,18人,G:情報通信業,,,,,,,,,,
2010001199366,株式会社ＩＲＯＤＯＲＩ,13:東京都,48人,G:情報通信業,,,,,,,,,,
9210002008986,株式会社キャストコミュニケーションズ,18:福井県,47人,G:情報通信業,,,,,,,,,,
8240001042753,株式会社エフ,43:熊本県,14人,G:情報通信業,https://www.e-f.co.jp/,,,,,,,,,
9010001112933,株式会社アクセスネット,13:東京都,131人,G:情報通信業,https://www.access-net.co.jp/,,,,,,,,,
9013301031836,日発株式会社,13:東京都,92人,G:情報通信業,,,,,,,,,,
7010601066399,株式会社ＭＯＡＩ　Ｌａｂ,13:東京都,0人,G:情報通信業,,,,,,,,,,
2370001043125,株式会社テレモアドットコム,04:宮城県,34人,G:情報通信業,,,,,,,,,,
7120001203112,株式会社ＴＲＥＶＯ,27:大阪府,2人,G:情報通信業,https://www.trevo-web.com/,https://en-gage.net/trevo/,,,,0:無,1:有,0:無,0:無,
5011501008212,ニューコン株式会社,13:東京都,123人,G:情報通信業,,,,,,,,,,
7120003029225,美容ドクターズ合同会社,27:大阪府,4人,G:情報通信業,,,,,,1:有,1:有,1:有,1:有,
4010401117090,ＡＩ　ＣＲＯＳＳ株式会社,13:東京都,54人,G:情報通信業,https://aicross.co.jp/employment/hr-policy/,,,,,,,,,
7040001034425,ＷｅＬｅａｒｎ株式会社,13:東京都,37人,G:情報通信業,https://www.welearn.co.jp/top/,,,,,,,,,
5010401109608,株式会社メディアエクシード,13:東京都,40人,G:情報通信業,,,,,,,1:有,,,
6010001134674,株式会社Ｃｕｏｎ,13:東京都,14人,G:情報通信業,,,,,,,,,,
3010603007735,合同会社ＤＧＭ商事,13:東京都,5人,G:情報通信業,,,,,,,,,,
1010401092989,株式会社ジャパン・コンピュータ・テクノロジー,13:東京都,73人,G:情報通信業,,,,,,,,,,
4013103000647,合同会社ｂａｓｉｃｍａｔｈ,26:京都府,2人,G:情報通信業,https://basicmath.jp,,,,,,,,,
7240001010645,平和情報システム株式会社,34:広島県,27人,G:情報通信業,https://www.heiwa-joho.co.jp,,,,,,,,,
3011001107169,ｕｓａｙａ株式会社,13:東京都,1人,G:情報通信業,,,,,,,,,,
9010901035325,株式会社ＦＵＴＵ－ＲＥ,23:愛知県,40人,G:情報通信業,,,,,,,,,,
4010001170894,株式会社ウィシェア,13:東京都,19人,G:情報通信業,https://www.weshare.co.jp/,https://www.weshare.co.jp/recruit/,0人/1人/1人,0人/0人/0人,,1:有,1:有,1:有,1:有,
1010001001111,株式会社エス・エイ・アイ,13:東京都,8人,G:情報通信業,,,,,,,,,,
5010001094085,株式会社クレイス,13:東京都,127人,G:情報通信業,,,,,,,,,,
1010001115695,株式会社アプロード,13:東京都,21人,G:情報通信業,,,,,,,,,,
9011101046138,プランニングヴィレッヂ株式会社,13:東京都,108人,G:情報通信業,,,,,,,,,,
4010001205568,ｓｅｃｏｎｄｚ　ｄｉｇｉｔａｌ株式会社,14:神奈川県,21人,G:情報通信業,,,,,,,,,,
9080401002645,西遠通信機器サービス株式会社,22:静岡県,2人,G:情報通信業,,,,,,,,,,
3290001039428,エン・トラスト情報開発株式会社,40:福岡県,13人,G:情報通信業,,,,,,,,,,
3011101084655,株式会社ルートチーム,13:東京都,22人,G:情報通信業,,,,,,,,,,
4021001082567,株式会社ＳＴＡＲＩＵＭ,14:神奈川県,0人,G:情報通信業,,,,,,,,,,
6290001018775,株式会社ピア,40:福岡県,43人,G:情報通信業,http://www.peerfuku.com,,,,,,,,,
7430001088935,株式会社ＨＩＴＭＡＲＫＥＴ,01:北海道,2人,G:情報通信業,,,,,,,,,,
8010001188875,株式会社アップストリーム,13:東京都,20人,G:情報通信業,,,,,,,,,,
3340001023186,株式会社トウコン・鹿児島,46:鹿児島県,29人,G:情報通信業,,,,,,,,,,
1180001031455,株式会社データラボ,23:愛知県,13人,G:情報通信業,,,,,,,,,,
1180001085121,株式会社エクサース,23:愛知県,24人,G:情報通信業,http://www.exars.com,,,,,,,,,
2180001119910,エンゲージソフト株式会社,23:愛知県,8人,G:情報通信業,https://engagesoft.co.jp,,,,,,,,,
2010901042138,株式会社ＭＹ補助金パートナー,13:東京都,21人,G:情報通信業,,,,,,,,,,
1370001012799,株式会社コーディアルコンサルティング＆ソリューションズ,04:宮城県,27人,G:情報通信業,,,,,,,,,,
8020001032470,株式会社テラ,14:神奈川県,168人,G:情報通信業,http://www.terracom.co.jp/,,,,,,,,,
3120001175883,株式会社ジーゼ,27:大阪府,80人,G:情報通信業,,,,,,,,,,
4020001102137,株式会社ヒューマネクス,13:東京都,133人,G:情報通信業,,,,,,,,,,
8010901020154,株式会社アカセ,13:東京都,21人,G:情報通信業,http://aks-system.co.jp/,,,,,,,,,
8210003001578,合同会社ＵＳＥ　ＣＡＳＥ,18:福井県,0人,G:情報通信業,,,,,,,,,,
1040001105058,株式会社テクノ・スクエア,47:沖縄県,3人,G:情報通信業,https://www.techno-square.com/,,,,,,,,,
4080001014459,株式会社ＦＭ島田,22:静岡県,2人,G:情報通信業,,,,,,,,,,
5010001237528,株式会社イチカ,13:東京都,2人,G:情報通信業,,,,,,,,,,
6320001008401,株式会社日出ハイテック,44:大分県,109人,G:情報通信業,https://www.hht.co.jp,,,,,,,,,
1120901039578,株式会社アクトビ,27:大阪府,12人,G:情報通信業,,,,,,,,,,
7010001094926,株式会社オプテック,13:東京都,89人,G:情報通信業,,,,,,,,,,
1130001047101,株式会社クロスウィッシュ,26:京都府,3人,G:情報通信業,https://www.crosswish.com/,,,,,,,,,
7430001071338,株式会社ノーススターラボ,01:北海道,3人,G:情報通信業,,,,,,,,,,
9430001080931,ジャパンロッソ株式会社,01:北海道,4人,G:情報通信業,,,,,,,,,,
2380001009835,株式会社Ｍｏｔ．Ｃｏｍもとみや,07:福島県,11人,G:情報通信業,,,,,,,,,,
6011001133708,ＴｉｅＵｐｓ株式会社,13:東京都,15人,G:情報通信業,https://tieups.com/,,,,,,,,,
8180001158738,株式会社システムエージェント,38:愛媛県,6人,G:情報通信業,,,,,,,,,,
6180001141919,株式会社スリーフィールズ,23:愛知県,6人,G:情報通信業,,,,,,,,,,
5010001211433,株式会社ＳＡＩＮＴ,13:東京都,2人,G:情報通信業,,,,,,,,,,
5120001064003,株式会社コールツプロダクション,27:大阪府,104人,G:情報通信業,http://www.quartz-pro.co.jp/,,,,,,,,,
4120001065514,株式会社ＧＡＯＲＡ,27:大阪府,49人,G:情報通信業,,,,,,,,,,
1011201020116,株式会社テラエフェクト,13:東京都,14人,G:情報通信業,,,,,,,,,,
4020001132431,株式会社絆クリエイト,14:神奈川県,8人,G:情報通信業,,,,,,,,,,
7010401179632,株式会社ＭＳＯＬ　Ｄｉｇｉｔａｌ,13:東京都,97人,G:情報通信業,,,,,,,,,,
7140001134116,兵庫Ｊブロード株式会社,28:兵庫県,2人,G:情報通信業,,,,,,,,,,
7010403009762,株式会社ハルメク,13:東京都,130人,G:情報通信業,https://halmek.co.jp/corp,,,,,,,,,
8120001049876,シー・システム株式会社,27:大阪府,20人,G:情報通信業,,,,,,,,,,
6240001024381,株式会社ビジネススマートソリューション,34:広島県,6人,G:情報通信業,,,,,,,,,,
6240001040701,株式会社ｅ－コミュニケーション,34:広島県,6人,G:情報通信業,,,,,,,,,,
9011001101372,株式会社ｇａａｂｏｏ,13:東京都,46人,G:情報通信業,http://www.gaaboo.net/,,,,,,,,,
1010401129394,株式会社レグルスインターナショナル,13:東京都,8人,G:情報通信業,,,,,,,,,,
4010601058770,株式会社チッパー,13:東京都,3人,G:情報通信業,https://chipper.work/,,,,,,,,,
9012701011860,株式会社慶コンサルティング,13:東京都,11人,G:情報通信業,http://www.kei-it.com/companygaiyou.html,,,,,,,,,
3120001199676,ＨｕｍｍｉｎｇＬｉｆｅ株式会社,27:大阪府,4人,G:情報通信業,,,,,,,,,,
4180001061540,株式会社キーエレメント,23:愛知県,3人,G:情報通信業,,,,,,,,,,
6010701037409,ボールドライト株式会社,13:東京都,15人,G:情報通信業,,,,,,,,,,
1011001063315,株式会社ＶＩＴＡ,13:東京都,51人,G:情報通信業,,,,,,,,,,
8013301049631,株式会社ビズコネクト,13:東京都,1人,G:情報通信業,,,,,,,,,,
1430001095391,株式会社デブログ,01:北海道,,G:情報通信業,https://devlog.co.jp/,https://devlog.co.jp/careers,,,,,,,,
9120001184227,株式会社ネクステージ,13:東京都,9人,G:情報通信業,,,,,,,,,,
9010001182605,ａｔａｍａ　ｐｌｕｓ株式会社,13:東京都,121人,G:情報通信業,,,,,,,,,,
7120001211065,株式会社スリーセンシーズ,27:大阪府,2人,G:情報通信業,https://3senses.jp/#Company,,,,,,,,,
5190001027696,スパイラルローキャス株式会社,23:愛知県,63人,G:情報通信業,http://www.visor.co.jp/,,,,,,,,,
8010401148289,パートナーサクセス株式会社,13:東京都,25人,G:情報通信業,,,,,,,,,,
9011001033005,アイテル株式会社,13:東京都,165人,G:情報通信業,http://www.itel.co.jp,,,,,,,,,
1011801021546,株式会社オレンジアーチ,13:東京都,160人,G:情報通信業,,,,,,,,,,
2013301004229,ＣＳエコー株式会社,13:東京都,96人,G:情報通信業,http://www.cs-echo.co.jp,,,,,,,,,
8240001040897,株式会社ＯＮＥｔｏＯＮＥ,34:広島県,29人,G:情報通信業,,,,,,,,,,
4140001077581,株式会社グランネット,28:兵庫県,57人,G:情報通信業,,,,,,,,,,
4130003003669,株式会社ＨＡＣＡＲＵＳ,26:京都府,40人,G:情報通信業,https://hacarus.com/ja/,,,,,,,,,
3200001007491,株式会社日本一ソフトウェア,21:岐阜県,110人,G:情報通信業,,,,,,,,,,
4050001036885,Ｓｍａｒｔ　Ｓｏｌｕｔｉｏｎｓ株式会社,08:茨城県,10人,G:情報通信業,https://smt-sol.jp/,https://smt-sol.jp/recruit/,0人/1人/0人,0人/0人/0人,,1:有,1:有,1:有,0:無,
3010901022213,株式会社アルゴスシステム,13:東京都,9人,G:情報通信業,http://argus0804.com/,,,,,,,,,
6010401093768,株式会社アドブレーン,13:東京都,99人,G:情報通信業,,,,,,,,,,
6011101054127,株式会社タイレルシステムズ,13:東京都,30人,G:情報通信業,http://www.tyrellsys.com/,,,,,,,,,
9380001000878,月電ソフトウエア株式会社,07:福島県,120人,G:情報通信業,,,,,,,,,,
6460301000259,株式会社北見コンピューター・ビジネス,01:北海道,37人,G:情報通信業,http://www.k-cb.co.jp,,,,,,,,,
7010701023110,株式会社ＥＳＮＡ,13:東京都,70人,G:情報通信業,http://www.esna.jp/,,,,,,,,,
3340001000219,アイテップ株式会社,46:鹿児島県,63人,G:情報通信業,https://itep.jp,http://itep.jp/recruitment/,1人/3人/1人,0人/0人/0人,,1:有,1:有,1:有,1:有,
7050001018294,株式会社サンオーコミュニケーションズ,08:茨城県,12人,G:情報通信業,,,,,,,,,,
8120901038375,協立電子工業株式会社,27:大阪府,39人,G:情報通信業,,,,,,,,,,
3011001066076,Ｏｔｓｕｍｕ株式会社,13:東京都,2人,G:情報通信業,https://otsumu.co.jp/,,,,,,,,,
1013303001489,株式会社アクロビジョン,13:東京都,60人,G:情報通信業,https://www.acrovision.jp/,,,,,,,,,
3120901033835,株式会社Ｌｅａｎ　ｏｎ　Ｍｅ,27:大阪府,23人,G:情報通信業,,,,,,,,,,
2011501019765,株式会社クラウドビジネスソリューションズ,13:東京都,7人,G:情報通信業,,,,,,,,,,
7390001010523,株式会社システムクリエイト,06:山形県,6人,G:情報通信業,,,,,,,,,,
3180001003790,株式会社キュー,23:愛知県,38人,G:情報通信業,https://www.cue-inc.co.jp/,,,,,,,,,
3240001014682,株式会社タスネット,13:東京都,62人,G:情報通信業,https://www.tasnet.jp,,,,,,,,,
4010001228874,メシウス株式会社,04:宮城県,269人,G:情報通信業,https://www.mescius.com/,,,,,,,,,
2160001023049,株式会社Ａｕｔｏｍａｇｉｃａ,13:東京都,5人,G:情報通信業,,,,,,,,,,
6011101047015,株式会社フルエナジー,13:東京都,9人,G:情報通信業,http://fullenergy.co.jp,,,,,,,,,
2013301005268,株式会社シスマック,13:東京都,25人,G:情報通信業,https://sysmac.co.jp/plan,,,,,,,,,
6180001069854,株式会社グランドツー,13:東京都,20人,G:情報通信業,,,,,,,,,,
5010001139138,アンテポスト株式会社,12:千葉県,60人,G:情報通信業,https://antepost.co.jp/,,,,,,,,,
8120001092926,株式会社ＯＤＫソリューションズ,27:大阪府,150人,G:情報通信業,https://www.odk.co.jp,,,,,,,,,
9070001026153,株式会社クラインズ,10:群馬県,7人,G:情報通信業,,,,,,,,,,
5011101037603,クラスメソッド株式会社,13:東京都,562人,G:情報通信業,https://classmethod.jp/company/overview/,,,,,,,,,
7011001161666,株式会社ＳｐｉｎＦｌｏｗ,13:東京都,3人,G:情報通信業,https://www.spinflow.jp/index.html,,,,,,,,,
8011101065304,スタイルテックス株式会社,13:東京都,0人,G:情報通信業,,,,,,,,,,
5010001142546,株式会社ＡＳＳＥＴ　ＣＯＭＭＵＮＩＣＡＴＩＯＮＳ,13:東京都,27人,G:情報通信業,https://assetcom.jp/,,,,,,,,,
5290001097399,株式会社ＬＥＴＧＯＳ,40:福岡県,4人,G:情報通信業,,,,,,,,,,
3140001097119,株式会社未来Ｓｗｉｔｃｈ,27:大阪府,3人,G:情報通信業,,,,,,,,,,
3011101091214,株式会社つくね,11:埼玉県,6人,G:情報通信業,https://www.tsukune29ne.com/,,,,,,,,,
3011003020642,株式会社ｄｏｔ　ＵＰ,13:東京都,1人,G:情報通信業,https://dotup.co.jp,,,,,,,,,
9011301002114,株式会社グラフィック社,13:東京都,32人,G:情報通信業,,,,,,,,,,
7010601021255,株式会社日本テクノ開発,13:東京都,152人,G:情報通信業,https://www.ntec-net.co.jp,,,,,,,,,
3010401017052,ティーコム株式会社,13:東京都,129人,G:情報通信業,https://www.tcomm.co.jp/,,,,,,,,,
9011001132558,株式会社ＶＡＬＧＯ,13:東京都,5人,G:情報通信業,,,,,,,,,,
7010401050867,メディアジョイント株式会社,13:東京都,76人,G:情報通信業,,,,,,,,,,
8370002014920,有限会社アイディオクエスト,13:東京都,9人,G:情報通信業,,,,,,,,,,
5010401105375,株式会社ワザモノ,13:東京都,7人,G:情報通信業,,,,,,,,,,
7330001024578,株式会社チームワーク,43:熊本県,11人,G:情報通信業,,,,,,,,,,
2080401004029,浜松ケーブルテレビ株式会社,22:静岡県,58人,G:情報通信業,http://www.winde.jp/,,,,,,,,,
8040001036668,株式会社フェーズワン,12:千葉県,98人,G:情報通信業,http://www.phase1.co.jp,,,,,,,,,
9020001070313,１ＦＩＮＩＴＹモバイルテクノ株式会社,14:神奈川県,243人,G:情報通信業,http://jp.fujitsu.com/group/mtc/,,,,,,,,,
4010001084285,エンカレッジ・テクノロジ株式会社,13:東京都,141人,G:情報通信業,,,,,,,,,,
9090001012853,株式会社イートライス,19:山梨県,10人,G:情報通信業,http://e-trys.com/,,,,,,,,,
5010601049827,デザミス株式会社,13:東京都,66人,G:情報通信業,https://www.desamis.co.jp/,,,,,,,,,
3010701025449,株式会社アプリケーションプランニング,13:東京都,160人,G:情報通信業,,,,,,,,,,
8040001011332,株式会社マスターマインド,13:東京都,5人,G:情報通信業,http://www.mastermindco.com/,,,,,,,,,
4010401137031,株式会社Ａｗａｒｅｆｙ,13:東京都,27人,G:情報通信業,,,,,,,,,,
5080401018001,株式会社クライマワークス,22:静岡県,3人,G:情報通信業,,,,,,,,,,
5011201014411,株式会社テックスフィア,13:東京都,4人,G:情報通信業,,,,,,,,,,
7010001133477,株式会社クオリア・グローバル・エージェンシー,13:東京都,22人,G:情報通信業,http://www.qualia-ga.co.jp,,,,,,,,,
6080401018909,株式会社モノコミュニティ,22:静岡県,15人,G:情報通信業,,,,,,,,,,
2080001000667,株式会社ＳＤＴエンタープライズ,22:静岡県,90人,G:情報通信業,https://sdte.co.jp/,,,,,,,,,
3011101058626,ソーシャルワイヤー株式会社,13:東京都,274人,G:情報通信業,,,,,,,,,,
8030003002058,ベストプランナー合同会社,11:埼玉県,3人,G:情報通信業,https://bestplanner.co.jp/,,,,,,,,,
3010802017502,有限会社ワイズネット,13:東京都,16人,G:情報通信業,,,,,,,,,,
4011001070267,株式会社メタバーズ,26:京都府,5人,G:情報通信業,https://metabirds.com/,,,,,,,,,
5120001112257,株式会社トライアーク,27:大阪府,58人,G:情報通信業,,,,,,,,,,
2130001021063,島津エス・ディー株式会社,26:京都府,183人,G:情報通信業,http://www.shimadzusd.co.jp/home.htm,,,,,,,,,
8430001069876,株式会社Ｇｒａｎｄｅｕｒ,01:北海道,7人,G:情報通信業,,,,,,,,,,
5290801016962,株式会社クリエイティブジャパン,40:福岡県,12人,G:情報通信業,,,,,,,,,,
9010002050934,有限会社シン・ＫＰ３,13:東京都,2人,G:情報通信業,,,,,,,,,,
5060001031389,株式会社Ｒｅｖｉｓｉｏｎ,09:栃木県,33人,G:情報通信業,,,,,,,,,,
3180001005531,株式会社富士通アドバンストシステムズ,23:愛知県,109人,G:情報通信業,,,,,,,,,,
8260001003258,株式会社システムタイズ,33:岡山県,95人,G:情報通信業,https://www.system-ties.co.jp/,,,,,,,,,
5180001120519,株式会社ＩＴアドバイザー,23:愛知県,17人,G:情報通信業,,,,,,,,,,
4011001151505,株式会社Ｔａｎｚａｎｉｔｅ,13:東京都,1人,G:情報通信業,https://tanzanite.co.jp/,,,,,,,,,
5120001221990,株式会社Ａｃｒｏ　Ｃｏｎｎｅｃｔ,27:大阪府,16人,G:情報通信業,,,,,,,,,,
4010001224510,ｅ‐ｄａｓｈ株式会社,13:東京都,112人,G:情報通信業,,,,,,,,,,
8200002020852,株式会社山音,21:岐阜県,2人,G:情報通信業,,,,,,,,,,
5140001078389,株式会社サニー技研,28:兵庫県,80人,G:情報通信業,,,,,,,,,,
4010001206368,株式会社グーフィー,13:東京都,10人,G:情報通信業,,,,,,,,,,
3330003005472,合同会社Ｎｅｘｔ　Ｃｒｅａｔｉｏｎ,13:東京都,5人,G:情報通信業,,,,,,,,,,
7011601017532,株式会社Ｓｅｖｅｎ　Ａｒｃｓ,13:東京都,20人,G:情報通信業,http://www.7arcs.co.jp/,,,,,,,,,
3010401044518,株式会社青山コンサルティング,13:東京都,77人,G:情報通信業,,,,,,,,,,
1040001142299,株式会社朝陽ソフトウェア,12:千葉県,,G:情報通信業,https://asahisoft.co.jp/,https://asahisoft.co.jp/recruit.html,,,,,,,,
7011101094691,株式会社カマルド,13:東京都,38人,G:情報通信業,https://kamarudo.co.jp/,,,,,,,,,
4020001159516,株式会社Ａｔｔ　Ｂｒｉｇｈｔ,13:東京都,130人,G:情報通信業,,,,,,,,,,
1020001160014,株式会社ＮＥＯ,13:東京都,10人,G:情報通信業,,,,,,,,,,
5010001250043,ヘンカ株式会社,13:東京都,0人,G:情報通信業,,,,,,,,,,
2010401162659,株式会社ＡｎｉｍａｌＲａｌｌｙ,13:東京都,1人,G:情報通信業,,,,,,,,,,
4010001121708,株式会社ブレイバンス,13:東京都,60人,G:情報通信業,http://www.bravance.co.jp/,,,,,,,,,
6280001000370,株式会社システム工房エム,32:島根県,10人,G:情報通信業,,,,,,,,,,
9140001034248,ワサビ株式会社,28:兵庫県,1人,G:情報通信業,https://www.wasabi3.com/,,,,,,0:無,1:有,0:無,
3290001099042,株式会社ビーステップ,40:福岡県,2人,G:情報通信業,,,,,,,,,,
3100001027962,株式会社ＢｉｔｏＢ,20:長野県,4人,G:情報通信業,,,,,,,,,,
4240001015721,株式会社ディジフユージョン・ジャパン,34:広島県,41人,G:情報通信業,,,,,,,,,,
7080101008465,株式会社建設システム,22:静岡県,505人,G:情報通信業,,,,,,,,,,
4090001004913,白根ケーブルネットワーク株式会社,19:山梨県,10人,G:情報通信業,,,,,,,,,,
5010401096945,ＷＩＣＫＳ株式会社,30:和歌山県,15人,G:情報通信業,,,,,,,,,,
4040001033685,株式会社ＨＪＰ　Ｃｏｒｐｏｒａｔｉｏｎ,13:東京都,7人,G:情報通信業,,,,,,,,,,
2180001148678,クーンズ株式会社,23:愛知県,3人,G:情報通信業,,,,,,,,,,
8500001000800,株式会社愛媛電算,38:愛媛県,89人,G:情報通信業,http://www.ehime-densan.co.jp/,,,,,,,,,
3120001107192,カコムス株式会社,27:大阪府,151人,G:情報通信業,https://www.kacoms.co.jp/company/innovation/work-style/,,,,,,,,,
6130003006257,アイスマイル合同会社,13:東京都,0人,G:情報通信業,,,,,,,,,,
2290001060054,株式会社アライヴ,40:福岡県,30人,G:情報通信業,,,,,,,,,,
2011101066381,株式会社フィックスポイント,13:東京都,9人,G:情報通信業,https://www.fixpoint.co.jp/,,,,,,,,,
1011101018672,株式会社双葉社,13:東京都,196人,G:情報通信業,,,,,,,,,,
8260001025806,レプタイル株式会社,33:岡山県,27人,G:情報通信業,https://www.reptiles.co.jp/,,,,,,,,,
9010001109814,株式会社ジェニュイン,13:東京都,16人,G:情報通信業,http://www.genuine-pt.jp/,,,,,,,,,
3020001161976,株式会社スリスタ,14:神奈川県,1人,G:情報通信業,https://surisuta.jp,,,,,0:無,,0:無,0:無,
9020001165245,Ｌｕｂｅｐｅａｋ株式会社,14:神奈川県,1人,G:情報通信業,https://lubepeak.com,,,,,0:無,0:無,0:無,0:無,
2260001003263,株式会社システムヨシイ,33:岡山県,11人,G:情報通信業,http://www.systemyoshii.co.jp,,,,,,,,,
9320001013134,イジゲン株式会社,44:大分県,10人,G:情報通信業,https://ijgn.jp/,,,,,,,,,
6120001200894,株式会社エンゲート,27:大阪府,25人,G:情報通信業,https://engatesoft.co.jp,,,,,,,,,
8021001040892,ＰｒｏＧＡＴＥ株式会社,14:神奈川県,37人,G:情報通信業,www.pro-g.co.jp,,3人/2人/4人,1人/0人/0人,,1:有,1:有,1:有,0:無,
6011001145760,株式会社ＮＯＫＩＤ,13:東京都,8人,G:情報通信業,https://nokid.jp/,,,,,,,,,
6120101049555,日本ツクリダス株式会社,27:大阪府,6人,G:情報通信業,,,,,,,,,,
1120001266445,株式会社ＰＥＮＧＵＩＮ　ＷＯＲＫＳ,27:大阪府,1人,G:情報通信業,,,,,,,,,,
6290801000651,シスメット株式会社,40:福岡県,24人,G:情報通信業,,,,,,,,,,
1010401144939,Ｃｙｂｅｒｓ株式会社,13:東京都,5人,G:情報通信業,https://cybers.co.jp/,,,,,,,,,
8330002000429,株式会社アネストシステム,43:熊本県,77人,G:情報通信業,,,,,,,,,,
4040003017587,ＲｅＩＴ合同会社,12:千葉県,7人,G:情報通信業,,,,,,,,,,
4011001030808,株式会社ユカアンドアルファ,13:東京都,40人,G:情報通信業,https://yuka-alpha.com/,,,,,,,,,
8020001080940,テセラ・テクノロジー株式会社,14:神奈川県,56人,G:情報通信業,https://www.tessera.co.jp/,,,,,,,,,
2290001097906,ドット．エス株式会社,40:福岡県,2人,G:情報通信業,,,,,,,,,,
3020001116823,株式会社プライムメイト,14:神奈川県,17人,G:情報通信業,,,,,,,,,,
1010401057595,株式会社アイスタイル,13:東京都,681人,G:情報通信業,http://www.istyle.co.jp/,,,,,,,,,
6490002008152,株式会社アッシェ,39:高知県,18人,G:情報通信業,,,,,,,,,,
4340001004664,株式会社ワンネット,46:鹿児島県,4人,G:情報通信業,http://onenet.jp,,,,,,,,,
3010001127747,ＳＰＩ株式会社,13:東京都,52人,G:情報通信業,https://www.spi-jp.com/,,,,,,,,,
4011001128718,株式会社ｃｏｍｖａｃｅ,13:東京都,25人,G:情報通信業,,,,,,,,,,
7010001224615,株式会社トレファクテクノロジーズ,13:東京都,16人,G:情報通信業,https://www.trefac-t.tech/,,,,,,,,,
2260001005516,ピコシステム株式会社,33:岡山県,141人,G:情報通信業,http://www.picosystem.co.jp/,,,,,,,,,
5020001045582,株式会社ＩＴＳコア,14:神奈川県,31人,G:情報通信業,http://www.its-core.jp/,,,,,,,,,
4011001000934,株式会社アスカクリエイト,13:東京都,14人,G:情報通信業,,,,,,,,,,
8010001236956,株式会社やまなしゲームス,13:東京都,1人,G:情報通信業,,,,,,,,,,
5011001131084,株式会社ヤモリ,13:東京都,7人,G:情報通信業,,,,,,,,,,
9011002023467,有限会社クー,13:東京都,16人,G:情報通信業,,,,,,,,,,
2050001006551,株式会社アルコ・イーエックス,08:茨城県,76人,G:情報通信業,https://www.alco-ex.jp/,,,,,,,,,
2012401015029,株式会社デザインオフィスメカマン,13:東京都,3人,G:情報通信業,,,,,,,,,,
8210001017881,株式会社Ｂｅｔｔｅｒ　ＷＥＢ,18:福井県,2人,G:情報通信業,,,,,,,,,,
2120001117861,マインドフリー株式会社,27:大阪府,50人,G:情報通信業,,,,,,,,,,
6011101082689,ＢＵＩＬＤ株式会社,13:東京都,0人,G:情報通信業,,,,,,,,,,
9010101013453,株式会社Ｗｉｓｄｏｍ　Ｔｅｃｈｎｏｌｏｇｙ,13:東京都,86人,G:情報通信業,,,,,,,,,,
7120001253000,株式会社Ｒｅｎｅｗａｌ,27:大阪府,8人,G:情報通信業,,,,,,,,,,
4010401007416,川端電子通商株式会社,13:東京都,19人,G:情報通信業,,,,,,,,,,
6430001072262,株式会社キットアライブ,01:北海道,25人,G:情報通信業,https://www.kitalive.co.jp/,,,,,,,,,
6030001092532,株式会社Ｎ　ｓｋｅｔｃｈ,13:東京都,7人,G:情報通信業,,,,,,,,,,
3180301039114,株式会社ｍＢｉＲＳ,23:愛知県,0人,G:情報通信業,https://www.mbirs.jp/,,,,,,,,,
1021001014837,株式会社ハイスポット,13:東京都,43人,G:情報通信業,,,,,,,,,,
5013301036054,株式会社シントーワ・インベストメント,13:東京都,18人,G:情報通信業,,,,,,,,,,
5013301047910,株式会社ＡＳＰ,13:東京都,88人,G:情報通信業,,,,,,,,,,
1180002054001,有限会社オープンタイプ,23:愛知県,1人,G:情報通信業,https://www.otype.co.jp/gaiyou.html,,,,,,,,,
6030001096327,株式会社ベステル,11:埼玉県,6人,G:情報通信業,,,,,,,,,,
2010001169179,アイシン株式会社,13:東京都,45人,G:情報通信業,,,,,,,,,,
1011203003003,Ｗｅ　Ａｒｅ　Ｓｏｃｉａｌ合同会社,13:東京都,12人,G:情報通信業,,,,,,,,,,
5260001001256,岡山放送株式会社,33:岡山県,132人,G:情報通信業,http://www.ohk.co.jp,,,,,,,,,
6013401006055,株式会社ＣＯＮＯＣ,13:東京都,8人,G:情報通信業,,,,,,,,,,
6400001015991,株式会社ＭＥＲＣＩＴ,03:岩手県,59人,G:情報通信業,,,,,,,,,,
8010401095969,株式会社フジボウル,13:東京都,94人,G:情報通信業,,,,,,,,,,
8290001078256,株式会社ＫＡＴＳＵＭＯＫ,40:福岡県,8人,G:情報通信業,https://katsumok.com/,,,,,,,,,
5120001208261,株式会社Ｉｎｄｉｅ－ｕｓ　Ｇａｍｅｓ,27:大阪府,21人,G:情報通信業,https://indie-us-games.co.jp,,,,,,,,,
4011101079200,株式会社ＰＩＧＮＵＳ,13:東京都,64人,G:情報通信業,https://www.pignus.co.jp/,,,,,,,,,
6290001074538,株式会社ＦｉｖｅＦ,40:福岡県,9人,G:情報通信業,,,,,,,,,,
1010801018965,株式会社テックリンク,13:東京都,4人,G:情報通信業,,,,,,,,,,
8010401163065,株式会社Ｔｅｃｈ－Ｔｅｃｈ,13:東京都,4人,G:情報通信業,,,,,,,,,,
5070001040736,株式会社ｍｏｍｏｎｏｋｉ,10:群馬県,1人,G:情報通信業,,,,,,,,,,
8010001124327,株式会社はたママ,14:神奈川県,71人,G:情報通信業,,,,,,,,,,
3260001006810,株式会社ユーコム,33:岡山県,16人,G:情報通信業,http://www.youcom.co.jp,,,,,,,,,
6170001018564,株式会社ＩＨＡ,30:和歌山県,1人,G:情報通信業,https://iha-cloudservice-support.jp/,,,,,0:無,1:有,1:有,0:無,
6013301030295,ＤＩＣＯ株式会社,13:東京都,50人,G:情報通信業,,,,,,,,,,
5010401161492,アートネット株式会社,13:東京都,7人,G:情報通信業,https://www.art-net.co.jp/recruit/,,,,,,,,,
4430001034990,株式会社メディアネットワーク,01:北海道,24人,G:情報通信業,,,,,,,,,,
2050001017359,株式会社シンプルウェイ,08:茨城県,12人,G:情報通信業,,,,,,,,,,
3470001010568,株式会社タクマテック,37:香川県,26人,G:情報通信業,http://www.takumatec.co.jp/,,,,,1:有,0:無,1:有,1:有,
3470001004719,株式会社ゴーフィールド,37:香川県,29人,G:情報通信業,https://www.gofield.co.jp/,,,,,,,,,
2020001087033,株式会社インスパイアリング,14:神奈川県,16人,G:情報通信業,https://www.inspiring.co.jp/,,,,,,,,,
6240001034091,株式会社シンクライズ,34:広島県,24人,G:情報通信業,http://www.syncrise.co.jp/index.html,,,,,,,,,
7011101091301,株式会社Ｉ．Ｗ．Ｇ,13:東京都,6人,G:情報通信業,,,,,,,,,,
7010401123185,株式会社ｘｅｎｏｄａｔａ　ｌａｂ．,13:東京都,33人,G:情報通信業,,,,,,,,,,
9011301018052,株式会社ムービングスクワッド,13:東京都,5人,G:情報通信業,,,,,,,,,,
6011101099618,株式会社地平,13:東京都,1人,G:情報通信業,,,,,,,,,,
4010001136350,株式会社ブルーリンクシステムズ,13:東京都,10人,G:情報通信業,,,,,,,,,,
8011101074453,株式会社テックビーンズ,13:東京都,16人,G:情報通信業,,,,,,,,,,
5011001036960,リトルスタジオインク株式会社,13:東京都,15人,G:情報通信業,,,,,,,,,,
9010001167787,株式会社ＲＣＩエージェンシー,13:東京都,15人,G:情報通信業,,,,,,,,,,
2020001036493,株式会社アクティブ,14:神奈川県,23人,G:情報通信業,http://www.active-web.co.jp/,,,,,,,,,
9020001131528,株式会社Ｎｏｅｌｉｔｈ,13:東京都,31人,G:情報通信業,,,,,,,,,,
8010001191152,株式会社ＫＡＫＥＡＩ,13:東京都,47人,G:情報通信業,,,,,,,,,,
3500001007965,西予ＣＡＴＶ株式会社,38:愛媛県,13人,G:情報通信業,,,,,,,,,,
3010801027139,パロットビーク株式会社,13:東京都,16人,G:情報通信業,https://parrotbeak.co.jp/,,,,,,,,,
6011303001645,株式会社ＩＴＰＭ,13:東京都,145人,G:情報通信業,https://www.itpm-gk.com/,,,,,,,,,
6011103010243,合同会社ブルーム,13:東京都,1人,G:情報通信業,https://bloom-company.co.jp,,,,,,,,,
1120001231011,株式会社くじらＩＴサポートサービス,27:大阪府,3人,G:情報通信業,,,,,,,,,,
7010401155996,株式会社ＦＲＩ,13:東京都,10人,G:情報通信業,,,,,,,,,,
9180001048987,ニュートラル株式会社,23:愛知県,389人,G:情報通信業,https://neut.co.jp/,,,,,,,,,
2011001132762,イチアール株式会社,13:東京都,75人,G:情報通信業,,,,,,,,,,
4150001022561,ＭＢＴリンク株式会社,13:東京都,2人,G:情報通信業,https://www.mbtlink.com/,,,,,,,,,
1430001013510,インフォテクノ株式会社,01:北海道,87人,G:情報通信業,,,,,,,,,,
7010001214293,株式会社プログレス,13:東京都,108人,G:情報通信業,https://www.progress-all.co.jp/,,,,,,,,,
7230002013482,株式会社Ｃ－ＲＩＳＥ,16:富山県,15人,G:情報通信業,https://www.c-rise.co.jp/,,,,,,,,,
4011102018652,株式会社アークリバティ,13:東京都,27人,G:情報通信業,,,,,,,,,,
9013301038047,株式会社フェズ,13:東京都,130人,G:情報通信業,,,,,,,,,,
7140001129157,株式会社Ｃｕｂｅｃ,27:大阪府,3人,G:情報通信業,https://cubec.jp/,,,,,,,,,
5010401169809,ディフェンダー株式会社,13:東京都,3人,G:情報通信業,,,,,,,,,,
4010801031750,株式会社ｔａｉｚｉｉｉ,13:東京都,3人,G:情報通信業,,,,,,,,,,
4030001111541,株式会社ＩＴＳＵＫＩ,13:東京都,25人,G:情報通信業,,,,,,,,,,
3010001077125,ＣＲＥＳＳ　ＩＮＦＯ株式会社,13:東京都,180人,G:情報通信業,,,,,,,,,,
5360001017713,株式会社いえらぶ琉球,47:沖縄県,56人,G:情報通信業,http://www.ielove-ryukyu.co.jp/,,,,,,,,,
2260001017701,笠岡放送株式会社,33:岡山県,44人,G:情報通信業,https://yumenet.jp/,,,,,,,,,
1500001013197,サンブロードバンド株式会社,38:愛媛県,22人,G:情報通信業,https://www.san-group.co.jp/recruit/benefits/,,,,,,,,,
3010001224362,株式会社ＥＱＵＥＳ,13:東京都,22人,G:情報通信業,,,,,,,,,,
8290003013905,合同会社西野デザイン,40:福岡県,2人,G:情報通信業,,,,,,,,,,
6260001030956,映像通信株式会社,33:岡山県,4人,G:情報通信業,,,,,,,,,,
4010001193565,株式会社ＤＥＶＦＯＸ,13:東京都,30人,G:情報通信業,,,,,,,,,,
4180001034083,株式会社イエス,23:愛知県,36人,G:情報通信業,http://www.ies.jp/iesweb/,,,,,,,,,
6011601019892,株式会社ＹｓＬｉｎｋ,13:東京都,7人,G:情報通信業,,,,,,,,,,
6020002079018,有限会社毎度,14:神奈川県,1人,G:情報通信業,,,,,,,,,,
7360001002696,株式会社マグナデザインネット,47:沖縄県,11人,G:情報通信業,,,,,,,,,,
3180001157240,株式会社Ｔｅｃｈ　Ｌｉｆｔ,23:愛知県,5人,G:情報通信業,,,,,,,,,,
3130001075851,株式会社ＳＴＡＲ　ＵＰ,26:京都府,1人,G:情報通信業,https://starup01.jp/,,,,,,,,,
2430001015010,北都システム株式会社,01:北海道,200人,G:情報通信業,http://www.hscnet.co.jp/,,,,,,,,,
7011001031530,株式会社むげん企画,13:東京都,8人,G:情報通信業,http://www.mugen-k.co.jp/,,,,,,,,,
8013301044500,株式会社すきだよ,13:東京都,1人,G:情報通信業,,,,,,,,,,
8010901050110,楽天シンフォニー株式会社,13:東京都,216人,G:情報通信業,,,,,,,,,,
7010601043877,日本宝宏株式会社,13:東京都,40人,G:情報通信業,,,,,,,,,,
2010001141848,アイアプリ株式会社,13:東京都,6人,G:情報通信業,,,,,,,,,,
4011001128156,ＳＴＵＤＩＯ　ＢＵＫＩ株式会社,13:東京都,3人,G:情報通信業,,,,,,,,,,
4500001005605,セーバー株式会社,38:愛媛県,24人,G:情報通信業,https://www.saver.jp/,,,,,,,,,
5130001060240,エニシア株式会社,26:京都府,21人,G:情報通信業,https://enishia-inc.co.jp/company/,,,,,,,,,
8010401061475,株式会社ユートピア企画,13:東京都,5人,G:情報通信業,http://www.utopia-kikaku.co.jp/,,,,,,,,,
2011101075853,株式会社アイディス,13:東京都,139人,G:情報通信業,https://www.aidis.co.jp/,,,,,,,,,
3360001012047,株式会社ジャパンライフサポート,47:沖縄県,11人,G:情報通信業,,,,,,,,,,
1120001208315,株式会社ＳＥＰＴＥＭＶＡ,27:大阪府,10人,G:情報通信業,,,,,,,,,,
6011001148895,Ｅｌｌｅｓ　Ｆｉｌｍｓ株式会社,13:東京都,1人,G:情報通信業,,,,,,,,,,
8011001138168,株式会社ｄｉｖｘ,13:東京都,119人,G:情報通信業,,,,,,,,,,
1270001003676,株式会社山陰ビデオシステム,31:鳥取県,19人,G:情報通信業,https://s-video.co.jp/次世代育成支援対策推進法に基づく一般事業主行/,,,,,,,,,
6011101088884,株式会社スマートスライド,13:東京都,1人,G:情報通信業,,,,,,,,,,
7280005007436,一般社団法人Ｒｏｂｏ　Ｃｏ‐ｏｐ,13:東京都,7人,G:情報通信業,,,,,,,,,,
7010003027207,合同会社ＨＴＭＬ,13:東京都,1人,G:情報通信業,,,,,,,,,,
8080003002160,株式会社ビズフライト,22:静岡県,17人,G:情報通信業,,,,,,,,,,
8010401169525,株式会社善光総合研究所,13:東京都,30人,G:情報通信業,https://zenkou-lab.co.jp/,,,,,,,,,
9010003026413,Ｋｅｗｅｌ合同会社,13:東京都,2人,G:情報通信業,,,,,,,,,,
1011101052077,株式会社ＩＴライブ,13:東京都,6人,G:情報通信業,,,,,,,,,,
8010001129029,株式会社ビー・シー・エル,13:東京都,1人,G:情報通信業,,,,,,,,,,
9010001166368,株式会社ｅｘｔ,15:新潟県,13人,G:情報通信業,https://ext.cx/,,,,,,,,,
5011001134731,株式会社水鈴社,13:東京都,3人,G:情報通信業,https://www.suirinsha.co.jp/,,,,,,,,,
1013103000872,合同会社ドットクリエイション,13:東京都,5人,G:情報通信業,https://dot-creation.com/,,,,,,,,,
5010501035092,グランドライン株式会社,13:東京都,1人,G:情報通信業,,,,,,,,,,
7240001026393,株式会社日立インフォメーションエンジニアリング,14:神奈川県,0人,G:情報通信業,http://www.hitachi-ife.co.jp/,,,,,,,,,
9290001057309,株式会社ｍｏｒｅＭｏｓｔ,44:大分県,21人,G:情報通信業,https://moremost.jp/,,,,,,,,,
7290001030903,株式会社ソースクリエイト,40:福岡県,13人,G:情報通信業,https://www.srce.jp/,,,,,,,,,
5011101087334,株式会社ＩｏＴＢａｎｋ,13:東京都,0人,G:情報通信業,,,,,,,,,,
5012801020765,株式会社Ｌｕ　Ｌａｆｏｒｔｅ,13:東京都,9人,G:情報通信業,,,,,,,,,,
8080401002786,株式会社ソフトウェアプロダクツ,22:静岡県,49人,G:情報通信業,,,,,,,,,,
9350001007728,ａｓｐｏ株式会社,40:福岡県,20人,G:情報通信業,,,,,,,,,,
7011001046322,株式会社ヴィヴァーチェ,13:東京都,14人,G:情報通信業,,,,,,,,,,
3120003017737,合同会社９ｍａｒｋｅｔ,27:大阪府,0人,G:情報通信業,,,,,,,,,,
5030003015285,合同会社ウェブホークスＩＴ,11:埼玉県,4人,G:情報通信業,,,,,,,,,,
9011101094112,ＷＩＮＤＯＭ株式会社,13:東京都,10人,G:情報通信業,,,,,,,,,,
9010601052661,株式会社ＬＴＶマーケティング,13:東京都,4人,G:情報通信業,https://ltv-m.com,,,,,,,,,
7010401079196,エヌシーティ株式会社,13:東京都,50人,G:情報通信業,http://www.nct-corporation.com/,http://www.nct-corporation.com/page006.html,,,,1:有,1:有,1:有,1:有,
6290001056338,株式会社ライセンス,40:福岡県,55人,G:情報通信業,,,,,,,,,,
3050001046415,株式会社Ｏｎｉｋｌｅ,08:茨城県,4人,G:情報通信業,,,,,,,,,,
8320001006601,三菱商事太陽株式会社,44:大分県,120人,G:情報通信業,https://www.mctaiyo.co.jp/,,,,,,,,,
8010401094698,スペシャリスト・ドクターズ株式会社,13:東京都,19人,G:情報通信業,http://www.reasonwhy.jp/,,,,,,,,,
9370001007164,株式会社情通,04:宮城県,9人,G:情報通信業,http://www.jyot.co.jp,https://www.jyot.co.jp/recruit/,,,,1:有,1:有,0:無,1:有,
2380001011337,株式会社日本アドシス,07:福島県,56人,G:情報通信業,https://www.jadsys.co.jp/,https://www.jadsys.co.jp/,,,,1:有,1:有,1:有,1:有,
2320001000758,クライム株式会社,44:大分県,17人,G:情報通信業,http://climb.ne.jp/,https://climb.ne.jp/recruit2024/,,,,1:有,0:無,1:有,1:有,
5011001152246,株式会社ゴービヨンド,13:東京都,1人,G:情報通信業,,,,,,,,,,
2010001191307,株式会社ハイストリート,13:東京都,18人,G:情報通信業,https://highstreet.co.jp,https://highstreet.co.jp/recruit/,,,,1:有,1:有,1:有,1:有,
8011001151352,株式会社トライエント,13:東京都,1人,G:情報通信業,,,,,,,,,,
9011001151351,株式会社ギークス,13:東京都,2人,G:情報通信業,,,,,,,,,,
1120001197731,株式会社クロスウェブ,27:大阪府,1人,G:情報通信業,https://cross-web.co.jp/,,,,,0:無,0:無,0:無,0:無,
4011001065993,株式会社ＫＩＤ,13:東京都,5人,G:情報通信業,https://www.kid.co.jp,,,,,1:有,0:無,0:無,0:無,
8010403029652,ＡｗａｋＡｐｐ　Ｊａｐａｎ合同会社,13:東京都,0人,G:情報通信業,,,,,,,,,,
2030003016914,合同会社浅見制作所,11:埼玉県,1人,G:情報通信業,https://azami-seisaku.com/,,,,,,,,,
9011001110927,ｉＹｅｌｌ株式会社,13:東京都,226人,G:情報通信業,,,,,,,,,,
1270001004229,株式会社マックスサポート,31:鳥取県,375人,G:情報通信業,,,,,,,,,,
2180001066062,ＡＺＡＰＡ株式会社,23:愛知県,34人,G:情報通信業,http://www.azapa.co.jp/,,,,,,,,,
4010401123163,シーズファイブ株式会社,13:東京都,2人,G:情報通信業,http://www.csfive.com/,,,,,,,,,
2011001015471,株式会社トータルオーエーシステムズ,13:東京都,170人,G:情報通信業,https://www.totaloa.co.jp,https://www.totaloa.co.jp/recruit/emp_main.php,,,,1:有,1:有,0:無,0:無,
9010401150483,Ｏｗｎｅｄ株式会社,13:東京都,40人,G:情報通信業,https://owned.co.jp/,,,,,0:無,0:無,0:無,0:無,
1120003026855,税理士おすすめ比較ナビ合同会社,27:大阪府,4人,G:情報通信業,https://tax0us.co.jp/company/,,,,,1:有,1:有,1:有,1:有,
4010002035469,有限会社エメロテーカ,13:東京都,3人,G:情報通信業,,,,,,,,,,
6013301025337,アクシスインターナショナル株式会社,13:東京都,20人,G:情報通信業,https://www.axis-ing.com/,,,,,,,,,
5013201007717,株式会社東京ドアーズ,13:東京都,4人,G:情報通信業,http://www.tokyodoors.co.jp/,,,,,,,,,
1210001001520,株式会社システム研究所,18:福井県,45人,G:情報通信業,http://www.sysken.ne.jp/,http://www.sysken.ne.jp/recruit/,,,,1:有,1:有,1:有,0:無,
4013301025157,日本情報システム株式会社,13:東京都,60人,G:情報通信業,http://www.nisweb.co.jp/main/index.html,https://job.mynavi.jp/26/pc/search/corp71669/outline.html,,,,1:有,1:有,1:有,1:有,
5010501047311,Ｈａｔｔｙｕ株式会社,13:東京都,1人,G:情報通信業,,,,,,,,,,
2011101080713,株式会社ライブモア,13:東京都,3人,G:情報通信業,,,,,,,,,,
9011001151748,株式会社ＯＰＥＮＲＥＣ,13:東京都,50人,G:情報通信業,,,,,,,,,,
6010801026773,Ｇｌｏｂａｌ　Ｗａｌｋｅｒｓ株式会社,13:東京都,15人,G:情報通信業,,,,,,,,,,
6420002005692,株式会社フォルテ,02:青森県,17人,G:情報通信業,,,,,,,,,,
7120001165237,ａ‐ｗｏｒｋｓ株式会社,27:大阪府,34人,G:情報通信業,,,,,,,,,,
3120001097161,株式会社ビジネスブレーン,27:大阪府,37人,G:情報通信業,https://www.miyako.com/,,,,,,,,,
5120001182250,株式会社ええやん,27:大阪府,2人,G:情報通信業,,,,,,,,,,
2360001015083,株式会社うちなーうぇぶ,47:沖縄県,16人,G:情報通信業,https://www.uchina-web.co.jp/,,,,,,,,,
8010601045212,株式会社セイビー,13:東京都,1人,G:情報通信業,https://savee.co.jp,,,,,,,,,
5190001029692,株式会社ＡＷＡ,23:愛知県,1人,G:情報通信業,https://www.a-w-a.co.jp/,,,,,,,,,
7100001035895,株式会社Ｃｒｅａｔｏｐｉａ,47:沖縄県,2人,G:情報通信業,https://creatopia.jp,,,,,,,,,
7200001023122,株式会社ルーツ,23:愛知県,20人,G:情報通信業,https://www.roots.gr.jp/,,,,,,,,,
2010401077469,株式会社アド・バンテージ,13:東京都,5人,G:情報通信業,http://adv.vc/,,,,,,,,,
2011101094176,ハイファンシー株式会社,40:福岡県,1人,G:情報通信業,https://hifansee.co.jp/,,,,,,,,,
1180001160188,株式会社Ｇｒａｂｂｉｔ,23:愛知県,1人,G:情報通信業,https://grabbit.co.jp/,,,,,,,,,
1240001016441,株式会社ＥＣＳ,34:広島県,49人,G:情報通信業,,,,,,,,,,
7010401143654,株式会社エクスガイド,13:東京都,1人,G:情報通信業,,,,,,,,,,
2010801014798,株式会社富士通バンキングソリューションズ,14:神奈川県,90人,G:情報通信業,https://www.fujitsu.com/jp/group/fbsol/,,,,,,,,,
5010403014657,４２合同会社,13:東京都,1人,G:情報通信業,,,,,,,,,,
9020001059793,株式会社オムニバスネットワーク,14:神奈川県,11人,G:情報通信業,http://www.omnibus-network.co.jp/,,,,,,,,,
7130001065444,株式会社タクマデザイン,26:京都府,4人,G:情報通信業,https://takumadesign.com/,,,,,,,,,
7360001025573,株式会社ネクストホープ,47:沖縄県,1人,G:情報通信業,,,,,,,,,,
3010401057503,エンバーポイント株式会社,13:東京都,159人,G:情報通信業,,,,,,,,,,
8380001033177,株式会社サクラ・シスターズ,07:福島県,4人,G:情報通信業,,,,,,,,,,
9010001239017,ビューチャー株式会社,13:東京都,4人,G:情報通信業,,,,,,,,,,
8010401171150,株式会社ＤＥＬＩＳＨ,13:東京都,2人,G:情報通信業,,,,,,,,,,
7011001036372,株式会社ＮＥＯＷＩＺゲームオン,13:東京都,173人,G:情報通信業,,,,,,,,,,
7160001009266,株式会社ナックウェブ,25:滋賀県,7人,G:情報通信業,https://www.nakweb.com/,,,,,1:有,0:無,1:有,0:無,
3120003027843,ピラティス人気比較ナビ合同会社,27:大阪府,20人,G:情報通信業,https://pila0tes.co.jp/company/,,,,,1:有,1:有,1:有,1:有,
9010101015714,株式会社ＦｉｒｓｔＣａｔｃｈ,13:東京都,0人,G:情報通信業,https://firstcatch.co.jp/,,,,,1:有,1:有,0:無,0:無,
5020001033331,株式会社星進エンジニアリング,14:神奈川県,8人,G:情報通信業,https://www.seishin-eng.co.jp/,,,,,,,1:有,,
5011001049459,インフラジスティックス・ジャパン株式会社,13:東京都,15人,G:情報通信業,https://jp.infragistics.com/,,,,,,,,,
1360003007583,株式会社レフトステージ,47:沖縄県,1人,G:情報通信業,,,,,,,,,,
5011101051026,株式会社テトラ・コミュニケーションズ,13:東京都,59人,G:情報通信業,http://www.tetracom.co.jp/,,,,,,,,,
4010401145752,ｎａｔ株式会社,13:東京都,18人,G:情報通信業,https://www.natincs.com/,https://natinc.notion.site/nat-d812b0cd7be345d3875dea2aaf7471df,,,,0:無,0:無,0:無,0:無,
1011001158750,ＲＵＩＶＯＳ　Ｔｅｃｈｎｏｌｏｇｉｅｓ株式会社,13:東京都,2人,G:情報通信業,,,,,,,,,,
7020001091641,株式会社シーサイド,44:大分県,1人,G:情報通信業,https://c-side.co.jp/,,,,,,,,,
4430001077552,株式会社ｉ＆Ｆ,01:北海道,16人,G:情報通信業,,,,,,,,,,
8160001006064,株式会社ロイド,25:滋賀県,1人,G:情報通信業,https://royd.co.jp/2023/12/ryouritsu/,,,,,,,,,
1011001112278,株式会社エルバークエイム,13:東京都,21人,G:情報通信業,,,,,,,,,,
5011001121886,株式会社エルバークギア,13:東京都,15人,G:情報通信業,,,,,,,,,,
7390003001248,グリーンハウス合同会社,06:山形県,4人,G:情報通信業,,,,,,,,,,
5100001016591,株式会社オフィスＰ’ｄｊ,20:長野県,20人,G:情報通信業,https://www.officepdj.co.jp/,,,,,,,,,
5012401001018,株式会社タフス,13:東京都,67人,G:情報通信業,,,,,,,,,,
4011401020144,株式会社ＳＥＬＦ‐ＰＲＯＤＵＣＥ,13:東京都,30人,G:情報通信業,,,,,,,,,,
6180001159754,シンコーＦＸ株式会社,23:愛知県,1人,G:情報通信業,https://www.shinkotoushin.co.jp/koudou-keikaku/,https://www.shinkotoushin.co.jp/recruit/,,,,,,,,
8120901033558,株式会社インゲージ,27:大阪府,70人,G:情報通信業,,,,,,,,,,
1010001175987,株式会社金鱗ソリューション,13:東京都,4人,G:情報通信業,,,,,,,,,,
7011001091938,プライムナンバーズ株式会社,13:東京都,50人,G:情報通信業,https://primenumbers.co.jp/,https://primenumbers.co.jp/recruit/,,,,,,,,
4180001138891,ｉ‐ＳＨＯＴ株式会社,13:東京都,13人,G:情報通信業,https://medifund.jp/,https://medifund.jp/jobs/,,,,1:有,1:有,1:有,0:無,
4020001023770,株式会社テール,14:神奈川県,2人,G:情報通信業,,,,,,,,,,
4110001003268,株式会社中央映画社,15:新潟県,2人,G:情報通信業,,,,,,,,,,
2280001004730,トラント情報システム株式会社,32:島根県,25人,G:情報通信業,,,,,,,,,,
2011301023686,株式会社Ｃａｎｖａｓ,13:東京都,5人,G:情報通信業,,,,,,,,,,
5011101093175,株式会社オープンストリームホールディングス,13:東京都,18人,G:情報通信業,,,,,,,,,,
5010001091611,株式会社メディエイド,13:東京都,7人,G:情報通信業,,,,,,,,,,
1380001032813,株式会社ＩＮＴＡＬＥＳ,07:福島県,5人,G:情報通信業,,,,,,,,,,
2370001012922,東北情報システム株式会社,04:宮城県,8人,G:情報通信業,,,,,,,,,,
4180301033363,株式会社サイドスペース,23:愛知県,,G:情報通信業,https://side-space.com/,,,,,,,,,
7180001055837,株式会社アドリーム,23:愛知県,7人,G:情報通信業,,,,,,,,,,
6320001005266,株式会社クオックス,44:大分県,9人,G:情報通信業,https://qox.jp/,,,,,,,,,
3011001120378,株式会社Ｖｉｓｉｏｌｉｏｎ,13:東京都,4人,G:情報通信業,,,,,,,,,,
6430001034659,エコモット株式会社,01:北海道,90人,G:情報通信業,,,,,,,,,,
7020001079819,株式会社ビーシステム,14:神奈川県,30人,G:情報通信業,http://www.fc-soft.jp/,,,,,,,,,
5010001103481,株式会社アクロスペイラ,13:東京都,62人,G:情報通信業,,,,,,,,,,
3012401015291,シー・ディー・エル株式会社,34:広島県,5人,G:情報通信業,http://cdl-net.com/index.html,,,,,,,,,
8040003023945,合同会社ＬＥＯ,22:静岡県,2人,G:情報通信業,,,,,,,,,,
2013301037006,株式会社Ｐｅｒｓｏｎａｌ,13:東京都,8人,G:情報通信業,,,,,,,,,,
6010401089808,Ｂｏｕｎｄｌｅｓｓ株式会社,13:東京都,68人,G:情報通信業,http://www.aolplatforms.jp/,,,,,,,,,
3010001070360,株式会社イマジカインフォス,13:東京都,37人,G:情報通信業,,,,,,,,,,
3120001086949,ネクストウェア株式会社,27:大阪府,177人,G:情報通信業,,,,,,,,,,
7010601056251,株式会社プラン＆アイ,13:東京都,6人,G:情報通信業,https://www.planandi.com,,,,,,,,,
1010001216659,株式会社源ライフ,13:東京都,40人,G:情報通信業,,,,,,,,,,
7020001008686,株式会社三技協,14:神奈川県,304人,G:情報通信業,https://www.sangikyo.co.jp/,,,,,,,,,
5010001241629,ＢｌｅｎｄＡＩ株式会社,13:東京都,1人,G:情報通信業,https://blendai.jp/,,,,,,,,,
1220001009661,株式会社アイサス,17:石川県,46人,G:情報通信業,https://www.i-sus.com/company/csr/ryoritsu/index.html,,,,,,,,,
5010001114388,株式会社リオ,13:東京都,30人,G:情報通信業,https://riocompany.jp/,,,,,,,,,
4010101012344,株式会社ＶＲＣ,13:東京都,6人,G:情報通信業,https://www.vrcjp.com/,,,,,,,,,
5320001000268,株式会社大分放送,44:大分県,132人,G:情報通信業,,,,,,,,,,
6120001116868,デジタル・アーク株式会社,27:大阪府,3人,G:情報通信業,,,,,,,,,,
5010001063230,株式会社ビルドシステム,09:栃木県,3人,G:情報通信業,http://www.buildsystems.jp,,,,,,,,,
1010401165398,ＣＤＸテクノロジー株式会社,13:東京都,23人,G:情報通信業,,,,,,,,,,
8020001080593,ユーリ・エイジス株式会社,14:神奈川県,12人,G:情報通信業,,,,,,,,,,
3020001089111,株式会社スリーリングス,14:神奈川県,65人,G:情報通信業,,,,,,,,,,
2180001156879,株式会社アドバンテージシステム,23:愛知県,1人,G:情報通信業,,,,,,,,,,
7011001048780,ＨａｐＩｎＳ株式会社,13:東京都,105人,G:情報通信業,https://hapins.net/company,,,,,,,,,
1010601050631,株式会社ヘーゼルエンジニアリング,13:東京都,9人,G:情報通信業,https://www.hazel-engineering.com/home,,,,,,,,,
4011101082872,ＹａｓｓＬａｂ株式会社,13:東京都,4人,G:情報通信業,,,,,,,,,,
9010001153291,ディレクトリジャパン株式会社,13:東京都,2人,G:情報通信業,https://directoryjapan.jp/,,,,,,,,,
7013101003905,株式会社クレアンスメアード,13:東京都,41人,G:情報通信業,https://www.creansmaerd.co.jp/,,,,,,,,,
2120001079565,株式会社コモンプロダクツ,27:大阪府,41人,G:情報通信業,https://www.cnanet.co.jp,,,,,,,,,
6011101016787,ＰＴＣジャパン株式会社,13:東京都,186人,G:情報通信業,http://www.ptc.com/,,,,,,,,,
7011001047196,株式会社ビー・オー・スタジオ,13:東京都,10人,G:情報通信業,,,,,,,,,,
4010401072609,株式会社ネスト,13:東京都,20人,G:情報通信業,http://nest-o.co.jp,,,,,,,,,
9011101077216,ＪＮＩアドパートナーズ株式会社,27:大阪府,6人,G:情報通信業,http://in-st.co.jp/,,,,,,,,,
9010001166772,ライフデザイン株式会社,13:東京都,62人,G:情報通信業,http://www.lifedesign-inc.jp/,,,,,,,,,
2011001054214,トーワシステムサポート株式会社,13:東京都,13人,G:情報通信業,http://www.towas.co.jp,,,,,,,,,
5011101094537,株式会社ライフクリエイト,13:東京都,15人,G:情報通信業,https://life-cr.co.jp/,,,,,,,,,
5430002006583,株式会社バルクリエイト,01:北海道,19人,G:情報通信業,,,,,,,,,,
7011101009088,株式会社シナノ企画,13:東京都,128人,G:情報通信業,,,,,,,,,,
7010401072259,スカパーＪＳＡＴ株式会社,13:東京都,653人,G:情報通信業,,,,,,,,,,
7010001098217,華為技術日本株式会社,13:東京都,950人,G:情報通信業,https://www.huawei.com/jp/,,,,,,,,,
9010901024724,株式会社ベンヌ,13:東京都,8人,G:情報通信業,,,,,,,,,,
3020001104415,スマイルテクノロジーユナイテッド株式会社,14:神奈川県,3人,G:情報通信業,http://www.stu-inc.com/,,,,,,,,,
1011101052952,株式会社ＦＵＮＫＹ　ＣＲＵＩＳＥ,13:東京都,12人,G:情報通信業,,,,,,,,,,
7290801001244,株式会社グリーム,40:福岡県,55人,G:情報通信業,https://www.gleam-kokura.co.jp,,,,,,,,,
8010401129099,株式会社ＧＯ,13:東京都,40人,G:情報通信業,,,,,,,,,,
8430001066709,株式会社Ｗｏｒｋｕｐ,01:北海道,1人,G:情報通信業,,,,,,,,,,
9010001009683,株式会社アクティブ・ワーク,13:東京都,181人,G:情報通信業,,,,,,,,,,
1011101106799,データネクサス株式会社,13:東京都,3人,G:情報通信業,,,,,,,,,,
5011101062683,株式会社ＥＴＢ　ＲＩＧＨＴＳ,13:東京都,3人,G:情報通信業,,,,,,,,,,
7350001016210,株式会社ＴｅＮ,13:東京都,144人,G:情報通信業,,,,,,,,,,
1220001012995,株式会社ＣＯＭ－ＯＮＥ,17:石川県,38人,G:情報通信業,https://www.com-one.com/,,,,,,,,,
3011001098276,株式会社ニューロープ,13:東京都,3人,G:情報通信業,http://newrope.biz,,,,,,,,,
7010001092483,Ｔｅｃｈｎｏｃｒａｔｓ　Ｊａｐａｎ株式会社,13:東京都,110人,G:情報通信業,http://www.technocrats.jp/,,,,,,,,,
8011001066484,株式会社建助,13:東京都,82人,G:情報通信業,,,,,,,,,,
3070001030144,株式会社インキュービック,10:群馬県,33人,G:情報通信業,,,,,,,,,,
3010001002017,キングレコード株式会社,13:東京都,317人,G:情報通信業,,,,,,,,,,
4120001069639,平成ファームワークス株式会社,27:大阪府,63人,G:情報通信業,http://www.hfws.co.jp/,,,,,,,,,
9011101041527,株式会社マーケットプレイス,13:東京都,19人,G:情報通信業,http://www.marketplace.co.jp/,,,,,,,,,
9360002005531,有限会社メディアちゃんぷる沖縄,47:沖縄県,20人,G:情報通信業,,,,,,,,,,
3021001063782,株式会社ｉｓｐｅｃ,13:東京都,11人,G:情報通信業,,,,,,,,,,
9011001070130,株式会社パラダイス・カフェ,13:東京都,28人,G:情報通信業,http://paradisecafe.co.jp/,,,,,,,,,
1030001096331,株式会社アイディーアクト,11:埼玉県,7人,G:情報通信業,http://www.idact.net/,,,,,,,,,
9400001012763,ＳＯＦＴＤＯＩＮＧ株式会社,03:岩手県,10人,G:情報通信業,https://www.softdoing.co.jp/,,,,,,,,,
6120001081039,株式会社シーシーエス,27:大阪府,56人,G:情報通信業,http://ccs-enet.co.jp/,,,,,,,,,
8020001138441,株式会社ＮＧＮシステム,14:神奈川県,5人,G:情報通信業,,,,,,,,,,
5010001223222,ＫＨ株式会社,13:東京都,1人,G:情報通信業,,,,,,,,,,
3400601001163,株式会社ＪＡＺＺＲＩＺＥ　ＤＥＳＩＧＮ,03:岩手県,8人,G:情報通信業,http://jazzrize.com/,,,,,,,,,
8011001123442,株式会社ＡＴＴＩＶＩＴＡ,13:東京都,0人,G:情報通信業,,,,,,,,,,
3010501044905,Ｊ‐ＣＡＴ株式会社,13:東京都,33人,G:情報通信業,,,,,,,,,,
6080401011839,株式会社イーエムアイピクチャーズエンターテイメント,22:静岡県,3人,G:情報通信業,http://emi-pic.com,,,,,,,,,
4010401098091,株式会社ヴィジョナリーバンガード,13:東京都,10人,G:情報通信業,,,,,,,,,,
6011001123816,株式会社カンリー,13:東京都,162人,G:情報通信業,,,,,,,,,,
9013301043690,株式会社ＣＡＮ　ＥＡＴ,13:東京都,2人,G:情報通信業,,,,,,,,,,
3020001091240,富士ゼロックスアドバンストテクノロジー株式会社,14:神奈川県,1313人,G:情報通信業,http://www.fxat.co.jp/,,,,,,,,,
3180001138471,株式会社ｍｕｕｖ　ｌｉｎｋｓ,23:愛知県,2人,G:情報通信業,,,,,,,,,,
4290001019783,芙蓉開発株式会社,40:福岡県,12人,G:情報通信業,https://www.fuyo-group.com/,,,,,,,,,
1010001201512,株式会社リベライズ,13:東京都,1人,G:情報通信業,,,,,,,,,,
2010001141963,ｆｏｏ．ｌｏｇ株式会社,13:東京都,25人,G:情報通信業,,,,,,,,,,
8011001161137,株式会社ＡＴｏＸ,13:東京都,3人,G:情報通信業,,,,,,,,,,
5270001008705,株式会社ＬＥＡ,31:鳥取県,15人,G:情報通信業,,,,,,,,,,
9120001138190,株式会社モデスト,27:大阪府,17人,G:情報通信業,,,,,,,,,,
7021001025184,株式会社サイプレス,12:千葉県,11人,G:情報通信業,http://cypress.co.jp/,,,,,,,,,
5010501026406,株式会社ツナググループ・テクノロジーズ,13:東京都,14人,G:情報通信業,https://www.geek.co.jp,,,,,,,,,
8180001125878,株式会社ＢＡＰ　Ｓｏｌｕｔｉｏｎ　Ｊａｐａｎ,13:東京都,25人,G:情報通信業,,,,,,,,,,
5120001054177,株式会社テイク－ワン,27:大阪府,100人,G:情報通信業,https://www.tk-1.co.jp/,,,,,,,,,
1011001009672,株式会社サンウェル,13:東京都,274人,G:情報通信業,http://www.sw-net.co.jp/,,,,,,,,,
1012401034525,株式会社Ｃ－Ｇａｒｄｅｎ,13:東京都,30人,G:情報通信業,,,,,,,,,,
2120901001041,株式会社処理系総研,27:大阪府,22人,G:情報通信業,,,,,,,,,,
6011101053797,株式会社あひる社,13:東京都,3人,G:情報通信業,http://ahil.jp/,,,,,,,,,
5390001000245,株式会社エフエム山形,06:山形県,16人,G:情報通信業,,,,,,,,,,
2120001196831,オアシ株式会社,27:大阪府,2人,G:情報通信業,http://www.oasi.co.jp,,,,,,,,,
1011101030207,株式会社ジョイント・システムズ・サービス,13:東京都,237人,G:情報通信業,,,,,,,,,,
7450001011837,株式会社ＶＥＲＤＥＣ,01:北海道,11人,G:情報通信業,,,,,,,,,,
2340001001853,株式会社ワイエムエス,46:鹿児島県,15人,G:情報通信業,,,,,,,,,,
8013301000957,株式会社イージーアイ,13:東京都,18人,G:情報通信業,http://www.egi.co.jp/,,,,,,,,,
9120901038928,株式会社ほへと,27:大阪府,7人,G:情報通信業,,,,,,,,,,
9010401020050,株式会社トレム,13:東京都,35人,G:情報通信業,http://www.torem.co.jp/,,,,,,,,,
2122002013908,株式会社ＡＧＥＮＤ,27:大阪府,2人,G:情報通信業,,,,,,,,,,
5030002112819,株式会社アチピレーションテクノロジー,11:埼玉県,52人,G:情報通信業,http://www.ak-system.co.jp/,,,,,,,,,
2180001031801,名古屋総合システム株式会社,23:愛知県,60人,G:情報通信業,http://www.nasubi.co.jp/,https://www.nasubi.co.jp/recruit-top/,,,,1:有,0:無,1:有,1:有,
5290001013199,株式会社コンピューターサイエンス,40:福岡県,8人,G:情報通信業,http://www.netcs.co.jp,,,,,,,,,
3010001120487,株式会社リアルグローブ,13:東京都,24人,G:情報通信業,,,,,,,,,,
8120001172975,株式会社セナネットワークス,27:大阪府,11人,G:情報通信業,,,,,,,,,,
6010001137066,ＮｅｔＲｅａｌ株式会社,13:東京都,9人,G:情報通信業,,,,,,,,,,
4020001123455,株式会社テリロジーサービスウェア,13:東京都,53人,G:情報通信業,https://terilogy-sw.com/,,,,,,,,,
1180001070395,株式会社フロンティア,23:愛知県,10人,G:情報通信業,,,,,,,,,,
5200001016326,株式会社ライトスピードソリューションズ,21:岐阜県,9人,G:情報通信業,https://www.lightspeed.co.jp/,,,,,,,,,
7200001030597,株式会社ＬｉｎｋＳｔｏｒｙ,21:岐阜県,3人,G:情報通信業,https://linkstory.co.jp/,,,,,,,,,
7140001030538,株式会社サイドスリー,28:兵庫県,22人,G:情報通信業,,,,,,,,,,
5010401059670,ａ２ｎｅｔｗｏｒｋ株式会社,13:東京都,15人,G:情報通信業,http://www.a2network.jp/,,,,,,,,,
9010001148226,スタークス株式会社,13:東京都,50人,G:情報通信業,https://starx.co.jp/,,,,,,,,,
8011401013631,株式会社ホワイトオフィス,13:東京都,10人,G:情報通信業,https://www.whiteoffice.co.jp,,,,,,,,,
9240001006071,株式会社ダイテック,34:広島県,152人,G:情報通信業,http://www.daitecjp.com/,,,,,,,,,
4190001010694,夕刊三重トラスト株式会社,24:三重県,8人,G:情報通信業,,,,,,,,,,
9290001063323,Ｃ－ｌｉｍｂｅｒ株式会社,40:福岡県,15人,G:情報通信業,,,,,,,,,,
4020001022277,株式会社ＣＳＥビジテック,14:神奈川県,119人,G:情報通信業,,,,,,,,,,
2010601036126,株式会社アーバン・ウェブ,13:東京都,40人,G:情報通信業,,,,,,,,,,
2040003005197,合同会社デルタ総合設備,12:千葉県,16人,G:情報通信業,,,,,,,,,,
2011601016761,株式会社Ｇｒｅｅｎ　ｒｏｍｐ,13:東京都,10人,G:情報通信業,https://green-romp.com/,,,,,,,,,
8011001093628,株式会社スターネクスト,13:東京都,9人,G:情報通信業,,,,,,,,,,
5010701020217,ＪＰシステム開発株式会社,13:東京都,91人,G:情報通信業,https://www.jp-sd.jp/index.html,,,,,,,,,
5120001112793,株式会社ＥＭソリューション,27:大阪府,57人,G:情報通信業,https://www.em-sol.co.jp/,,,,,,,,,
1011001096686,株式会社プラウドデータ,13:東京都,45人,G:情報通信業,http://proud-g.jp/,,,,,,,,,
9011101090557,株式会社Ｐａｒａｍｅ,13:東京都,3人,G:情報通信業,,,,,,,,,,
2010001190003,株式会社ｈａｄａｔｏ,13:東京都,15人,G:情報通信業,https://veramagazine.jp/,,,,,,,,,
8011401011354,株式会社ソリューションファクトリー,13:東京都,35人,G:情報通信業,https://www.solutionfactory.co.jp/,,,,,,,,,
4020003021558,Ｏｎｅ　Ａｄｄｉｔｉｖｅ株式会社,14:神奈川県,2人,G:情報通信業,,,,,,,,,,
3430001010902,株式会社テクノラボ,01:北海道,108人,G:情報通信業,https://www.techno-labo.co.jp/,,,,,,,,,
6010001005504,株式会社同友館,13:東京都,8人,G:情報通信業,http://www.doyukan.co.jp/,,,,,,,,,
7011801021598,株式会社クルージス,13:東京都,10人,G:情報通信業,http://www.crusis.co.jp/,,,,,,,,,
7011001072517,スカイリーフ株式会社,13:東京都,44人,G:情報通信業,http://www.skyleaf.co.jp/,,,,,,,,,
4010001174037,株式会社ｃｌｏｕｄ　ｏｆ　ｌｉｂｅｒｔｙ,13:東京都,8人,G:情報通信業,,,,,,,,,,
3460101000180,株式会社エフエムおびひろ,01:北海道,12人,G:情報通信業,,,,,,,,,,
1011001147373,Ｃｈｅｆ’ｓ　Ｌｉｎｋ株式会社,13:東京都,8人,G:情報通信業,,,,,,,,,,
2040001103507,株式会社ＢＬＵＥＩＳＨ,13:東京都,44人,G:情報通信業,,,,,,,,,,
6290001060769,株式会社ＩｎｔｅｒｎｅｔＳｏｃｉｅｔｙ　Ｐａｒｔｎｅｒｓ,13:東京都,1人,G:情報通信業,http://www.ispartners.jp/,,,,,,,,,
4010001122706,株式会社ヒューマネージ,13:東京都,195人,G:情報通信業,,,,,,,,,,
6011001110764,株式会社プラウドリード,13:東京都,4人,G:情報通信業,http://proud-g.jp/,,,,,,,,,
5360002019089,株式会社琉球インフォテック,47:沖縄県,6人,G:情報通信業,,,,,,,,,,
7011001104393,株式会社プラウドカーネル,13:東京都,7人,G:情報通信業,http://proud-g.jp/,,,,,,,,,
3011001113497,株式会社プラウドルーク,13:東京都,33人,G:情報通信業,http://proud-g.jp/,,,,,,,,,
2120001120592,株式会社イーフォルム,27:大阪府,100人,G:情報通信業,http://e-form.co.jp/,,,,,,,,,
6011001119335,株式会社Ｖライズ,13:東京都,4人,G:情報通信業,http://rise-g.jp/,,,,,,,,,
1011001119100,株式会社プラウドグロリア,13:東京都,4人,G:情報通信業,http://proud-g.jp/,,,,,,,,,
6020001159720,エーテルケア株式会社,14:神奈川県,0人,G:情報通信業,,,,,,,,,,
9470001000745,エフエム高松コミュニティ放送株式会社,37:香川県,6人,G:情報通信業,http://www.fm815.com/,,,,,,,,,
3140001114022,株式会社リテラリー,27:大阪府,2人,G:情報通信業,,,,,,,,,,
5430001025535,株式会社ナスカコンピュータ,01:北海道,57人,G:情報通信業,https://www.nazcacomputer.com/,https://www.nazcacomputer.com/recruit/,0人/0人/0人,0人/0人/0人,,1:有,0:無,1:有,0:無,
4120001203263,株式会社ＴＣＮＢ,27:大阪府,20人,G:情報通信業,,,,,,,,,,
4010001116971,ＣＣアーキテクト株式会社,13:東京都,15人,G:情報通信業,,,,,,,,,,
8010001139861,アクシーズ株式会社,13:東京都,14人,G:情報通信業,http://www.axeeds.com/,,,,,,,,,
2010001094906,株式会社ムーランド,13:東京都,11人,G:情報通信業,http://www.ad-mland.co.jp,,,,,,,,,
5011001107134,株式会社Ｌｉｂｌｏｃｋ,13:東京都,30人,G:情報通信業,http://www.liblock.co.jp/,,,,,,,,,
4011001049559,株式会社プラネット,13:東京都,95人,G:情報通信業,,,,,,,,,,
5010001108811,株式会社パワーユニオン,13:東京都,5人,G:情報通信業,,,,,,,,,,
5010603007592,合同会社悟空国際商事,13:東京都,5人,G:情報通信業,http://www.0081.store/,,,,,,,,,
2010001065535,株式会社ジェイ・クリエイション,13:東京都,134人,G:情報通信業,https://www.jcreation.co.jp,,,,,,,,,
4011001062628,株式会社ＥＤＵＷＡＲＤ　Ｐｒｅｓｓ,13:東京都,57人,G:情報通信業,,,,,,,,,,
2011301025113,株式会社スタジオＫＡＩ,13:東京都,108人,G:情報通信業,,,,,,,,,,
3060001012886,株式会社那須商事,09:栃木県,6人,G:情報通信業,,,,,,,,,,
2260001011786,株式会社ビジネスプロセスアウトソーシング,33:岡山県,7人,G:情報通信業,,,,,,,,,,
2021003011823,アースレーベル合同会社,14:神奈川県,9人,G:情報通信業,https://earth-label.com/,,,,,,,,,
3250001005441,株式会社コミュニティエフエム下関,35:山口県,6人,G:情報通信業,,,,,,,,,,
5011003004718,アップ合同会社,13:東京都,7人,G:情報通信業,http://www.uptokyo.co.jp/,,,,,,,,,
5021002028155,有限会社あいシステムアンドソリューションズ,14:神奈川県,26人,G:情報通信業,,,,,,,,,,
3011101045005,株式会社Ｏｆｆｉｃｅ　Ｃｏｎｃｉｅｒｇｅ,13:東京都,20人,G:情報通信業,https://office-concierge.co.jp/,,,,,,,,,
4010401111746,株式会社スタジオ・エス,13:東京都,3人,G:情報通信業,,,,,,,,,,
2120001218081,株式会社ｇｒｅｅｄ,27:大阪府,1人,G:情報通信業,,,,,,,,,,
7210001019128,ＤＩＮＯＲＥＸ株式会社,13:東京都,0人,G:情報通信業,,,,,,,,,,
3013301037541,株式会社ＣＲＥＡＲＡＩＺＥ,13:東京都,6人,G:情報通信業,,,,,,,,,,
5011001099248,株式会社クォンタムカーネル,13:東京都,5人,G:情報通信業,,,,,,,,,,
6140001097124,株式会社ＣｉＮＫ,28:兵庫県,20人,G:情報通信業,,,,,,,,,,
5120001200301,株式会社Ｒｏｏｔａｇｅ,27:大阪府,1人,G:情報通信業,,,,,,,,,,
6011101098215,株式会社ＶＩＳＩＯＮＡＲＹ　ＪＡＰＡＮ,13:東京都,113人,G:情報通信業,https://visionary-jp.com/,,,,,,,,,
3410001003305,株式会社エイチ・アイ・ティ,05:秋田県,36人,G:情報通信業,https://a-hit.co.jp/,,,,,,,,,
1010001051437,株式会社東証コンピュータシステム,13:東京都,171人,G:情報通信業,https://www.tcs.co.jp/,,,,,,,,,
5013301021758,株式会社オフィスソリューション,13:東京都,34人,G:情報通信業,,,,,,,,,,
1120001095092,株式会社フュートレック,27:大阪府,83人,G:情報通信業,,,,,,,,,,
1290001070962,株式会社ＢＬＵＥ　ＢＩＲＤ,40:福岡県,3人,G:情報通信業,,,,,,,,,,
2240001051388,株式会社デジタルウィンズ,34:広島県,1人,G:情報通信業,https://www.digitalwinds.net/,,,,,,,,,
1010401051219,株式会社ＦＲＯＮＴＥＯ,13:東京都,208人,G:情報通信業,https://www.fronteo.com/,,,,,,,,,
9020001041966,株式会社ヒューマンソリューションズ,14:神奈川県,24人,G:情報通信業,http://www.h-so.co.jp/,,,,,,,,,
1010001191596,カルチュアルライフ株式会社,13:東京都,10人,G:情報通信業,,,,,,,,,,
5140001021654,株式会社セブンスディメンジョンデザイン,28:兵庫県,16人,G:情報通信業,,,,,,,,,,
4011101064607,株式会社ＳＰＣ,13:東京都,13人,G:情報通信業,,,,,,,,,,
1330001004305,マインドソフトウエア株式会社,43:熊本県,77人,G:情報通信業,,,,,,,,,,
5430001041409,アールズ株式会社,01:北海道,10人,G:情報通信業,http://rrr-z.jp/about/,,,,,,,,,
1010401126994,百様株式会社,13:東京都,7人,G:情報通信業,,,,,,,,,,
2010001115397,株式会社ジェネスティコンサルティング,13:東京都,18人,G:情報通信業,http://www.jenesty.co.jp/profile/index.html,,,,,,,,,
8120001123887,株式会社タンバリン,13:東京都,20人,G:情報通信業,https://www.tam-bourine.co.jp/,,,,,,,,,
4010401162954,ジャパンメディアシステム株式会社,13:東京都,98人,G:情報通信業,,,,,,,,,,
2180301024471,株式会社ＮＥＸＴ,22:静岡県,2人,G:情報通信業,,,,,,,,,,
1200001023219,株式会社パケモ,21:岐阜県,10人,G:情報通信業,http://pakemo.jp/,,,,,,,,,
5010001083476,株式会社ビッグバン,13:東京都,30人,G:情報通信業,http://www.bigvan.co.jp/,,,,,,,,,
3010401061595,Ｗ２株式会社,13:東京都,280人,G:情報通信業,https://www.w2solution.co.jp/,,,,,,,,,
2120001105478,ＯＳＳ株式会社,27:大阪府,17人,G:情報通信業,http://www.spacechart.co.jp,,,,,,,,,
8240001016063,ネットマーケットジャパンコーポレーション株式会社,34:広島県,3人,G:情報通信業,,,,,,,,,,
1430001067011,株式会社ＯＮＥ　ＣＲＵＩＳＥ,01:北海道,46人,G:情報通信業,,,,,,,,,,
4120001071850,株式会社ＹＴＥ,27:大阪府,85人,G:情報通信業,,,,,,,,,,
4120003021267,合同会社ＶＩＳＦＬＡＰ,13:東京都,3人,G:情報通信業,,,,,,,,,,
2011101092403,株式会社ＹＮＰ,13:東京都,170人,G:情報通信業,https://y-n-p.co.jp/,,,,,,,,,
4011001098696,株式会社セキュアカーネル,13:東京都,13人,G:情報通信業,,,,,,,,,,
5020001035212,株式会社ホロンクリエイト,14:神奈川県,9人,G:情報通信業,,,,,,,,,,
4140001109962,ＰＩＰＥＬＩＮＥ株式会社,28:兵庫県,4人,G:情報通信業,,,,,,,,,,
1120001107450,株式会社ＧＳＰ,27:大阪府,54人,G:情報通信業,https://www.mic-west.co.jp/gsp/,,,,,,,,,
4500001008839,株式会社Ｃｏｍｍｉｔ　Ｃｏｒｐｏｒａｔｉｏｎ,38:愛媛県,16人,G:情報通信業,,,,,,,,,,
5180001057430,株式会社希光,23:愛知県,8人,G:情報通信業,,,,,,,,,,
5011603001172,Ｎｅｗ　Ｔｅｃｈｎｏｌｏｇｙ　Ｄｅｓｉｇｎ合同会社,11:埼玉県,4人,G:情報通信業,,,,,,,,,,
6011001104659,株式会社ｆｌａｇｇｓ,13:東京都,19人,G:情報通信業,,,,,,,,,,
4010001125345,株式会社システムソフィア,13:東京都,55人,G:情報通信業,http://www.system-sophia.co.jp/,,,,,,,,,
4011001098457,株式会社ウィルオブ・パートナー,13:東京都,14人,G:情報通信業,https://jp.refcome.com/,,,,,,,,,
2010701006193,株式会社ティエスイー,13:東京都,59人,G:情報通信業,http://www.kktse.co.jp/,,,,,,,,,
2011001048059,株式会社スリー・イー,13:東京都,1070人,G:情報通信業,http://www.3ep.jp/index.html,,,,,,,,,
2021001044404,株式会社マスターズソリューション,13:東京都,16人,G:情報通信業,https://ms-sol.co.jp/,,,,,,,,,
5140001115638,株式会社ＯＮＷＡ,28:兵庫県,2人,G:情報通信業,,,,,,,,,,
8010401101033,和丘株式会社,13:東京都,9人,G:情報通信業,http://wa-q.jp/,,,,,,,,,
2010002052193,キンドリルジャパン株式会社,13:東京都,2500人,G:情報通信業,,,,,,,,,,
6050001006754,株式会社コンピューター総合研究所,08:茨城県,74人,G:情報通信業,,,,,,,,,,
3120001180438,トリプルエース株式会社,27:大阪府,14人,G:情報通信業,,,,,,,,,,
3080001002794,ＳＳＢソリューション株式会社,22:静岡県,102人,G:情報通信業,,,,,,,,,,
2010401136514,ポップコーン株式会社,13:東京都,10人,G:情報通信業,https://ppcn.co.jp,,,,,,,,,
1010401103647,株式会社アドトラスト,13:東京都,17人,G:情報通信業,,,,,,,,,,
5120001067526,株式会社電話放送局,27:大阪府,40人,G:情報通信業,,,,,,,,,,
2280001006421,株式会社八雲ソフトウェア,32:島根県,22人,G:情報通信業,https://8clouds.co.jp/,,,,,,,,,
6120001185450,株式会社ワールドエージェント,27:大阪府,7人,G:情報通信業,,,,,,,,,,
5010001035015,株式会社朝日学生新聞社,13:東京都,93人,G:情報通信業,http://asagaku.com/,,,,,,,,,
2010601044657,アエスト株式会社,13:東京都,16人,G:情報通信業,http://ae-st.com/,,,,,,,,,
8011001034375,マカフィー株式会社,13:東京都,239人,G:情報通信業,https://www.mcafee.com/ja-jp/index.html,,,,,,,,,
4010001101073,株式会社Ｗｏｒｋｔｈｙ,40:福岡県,105人,G:情報通信業,,,,,,,,,,
7011101044325,株式会社インフォキュービック・ジャパン,13:東京都,46人,G:情報通信業,,,,,,,,,,
7010801020585,株式会社トランキーロ,13:東京都,4人,G:情報通信業,,,,,,,,,,
3120001103126,株式会社デジサポート,27:大阪府,4人,G:情報通信業,,,,,,,,,,
7011001123047,株式会社ライズロア,13:東京都,4人,G:情報通信業,https://rise-g.jp/,,,,,,,,,
8011001122196,株式会社ゼディアレーゲン,13:東京都,8人,G:情報通信業,https://proud-g.jp/,,,,,,,,,
9013301035259,株式会社テクノ情報シンク,13:東京都,30人,G:情報通信業,http://www.tj-think.co.jp,,,,,,,,,
3010901048737,株式会社Ｄｅｓｉｇｎ　ｂｏｏｓｔｅｒ,13:東京都,3人,G:情報通信業,,,,,,,,,,
4010601028179,株式会社ＮＴＴデータバリュー・エンジニア,13:東京都,79人,G:情報通信業,,,,,,,,,,
8180301006547,豊橋ケーブルネットワーク株式会社,23:愛知県,76人,G:情報通信業,https://www.tees.jp/,,,,,,,,,
7010401066161,株式会社コクーン,13:東京都,15人,G:情報通信業,http://www.cocoon-jp.com,,,,,,,,,
6010401113988,株式会社ＳＱＵＥＥＺＥ,01:北海道,201人,G:情報通信業,,,,,,,,,,
2010901031470,株式会社ジェンコ,13:東京都,10人,G:情報通信業,,,,,,,,,,
3010401075711,アスノシステム株式会社,13:東京都,175人,G:情報通信業,http://www.asno-sys.co.jp/,,,,,,,,,
4012401034670,株式会社サマシー,13:東京都,36人,G:情報通信業,https://www.summer@summersea.jp,,,,,,,,,
8120001038400,株式会社ジェイテック,27:大阪府,882人,G:情報通信業,https://www.j-tech.jp/,,,,,,,,,
9430001022322,北海道テレビ放送株式会社,01:北海道,190人,G:情報通信業,http://www.htb.co.jp/,,,,,,,,,
2011101028464,株式会社アイソルート,13:東京都,129人,G:情報通信業,,,,,,,,,,
4010001000011,日活株式会社,13:東京都,211人,G:情報通信業,http://www.nikkatsu.com/,,,,,,,,,
4010003031871,ＳＥＧＭＡＲ　ＲＥＳＥＡＲＣＨ合同会社,13:東京都,3人,G:情報通信業,,,,,,,,,,
3011001114347,ＧＶＡ　ＴＥＣＨ株式会社,13:東京都,74人,G:情報通信業,,,,,,,,,,
9310001001379,株式会社長崎新聞社,42:長崎県,201人,G:情報通信業,https://www.nagasaki-np.co.jp/,,,,,,,,,
3011801025768,株式会社ユースリー,13:東京都,75人,G:情報通信業,,,,,,,,,,
5010703006024,合同会社Ｓｕｎｔｏｎ,13:東京都,5人,G:情報通信業,,,,,,,,,,
7010401132178,株式会社ＵＳＥＮ　ＩＣＴ　Ｓｏｌｕｔｉｏｎｓ,13:東京都,269人,G:情報通信業,,,,,,,,,,
8120001190374,株式会社ノベルワークス,27:大阪府,26人,G:情報通信業,,,,,,,,,,
8010401073462,株式会社ＳＨＩＦＴ,13:東京都,7042人,G:情報通信業,https://www.shiftinc.jp,,,,,,,,,
3010901015200,株式会社イオレ,13:東京都,122人,G:情報通信業,,,,,,,,,,
6010003015575,パロアルトネットワークス株式会社,13:東京都,368人,G:情報通信業,,,,,,,,,,
6010001139434,ビリングシステム株式会社,13:東京都,107人,G:情報通信業,https://www.billingsystem.co.jp/,,,,,,,,,
5030001026284,狭山ケーブルテレビ株式会社,11:埼玉県,40人,G:情報通信業,http://www.s-cat.ne.jp/,,,,,,,,,
5120001107059,アコードワークス株式会社,27:大阪府,150人,G:情報通信業,,,,,,,,,,
6011001068086,株式会社サイバード,13:東京都,206人,G:情報通信業,http://www.cybird.co.jp/,,,,,,,,,
1010401014423,株式会社ジャパンテクニカルソフトウェア,13:東京都,607人,G:情報通信業,https://www.jtsnet.co.jp,,,,,,,,,
2040001004102,株式会社大東システムエンジニアリング,12:千葉県,90人,G:情報通信業,https://www.daitoh-se.co.jp/,,,,,,,,,
3010601041018,株式会社ヒロケイ,13:東京都,144人,G:情報通信業,http://www.hirokei.co.jp/,,,,,,,,,
5011101053609,インフォメーションサービスフォース株式会社,13:東京都,321人,G:情報通信業,https://www.isforce.jp/,,,,61.0%/19.0%/52.0%,,,,,
3011001171842,さんかくねっと株式会社,13:東京都,0人,G:情報通信業,,,,,,,,,,
5010401037115,ビービーメディア株式会社,13:東京都,136人,G:情報通信業,,,,,,,,,,
1290003013259,合同会社まるて,40:福岡県,1人,G:情報通信業,https://maru-te.co.jp/,,,,0.0%/0.0%/0.0%,0:無,0:無,0:無,0:無,
3130001034485,株式会社フィールドロジック,27:大阪府,52人,G:情報通信業,http://www.f-logic.jp/,,,,,,,,,
7120001089122,株式会社ベネフィットジャパン,27:大阪府,346人,G:情報通信業,,,,,7.0%/8.0%/24.0%,,,,,
1040001112814,アドコム株式会社,12:千葉県,6人,G:情報通信業,,,,,100.0%/0.0%/100.0%,,,,,
4180001076943,株式会社セルズ,23:愛知県,62人,G:情報通信業,https://www.cells.co.jp/,,,,,,,,,
8011101100779,株式会社ｃｒａｃｏ,13:東京都,7人,G:情報通信業,https://craco.co.jp/,,,,,,,,,
3430001015406,プロテック株式会社,01:北海道,14人,G:情報通信業,https://www.protech-web.co.jp,,,,,,,,,
3180001121428,株式会社ナレッジソースワークス,23:愛知県,5人,G:情報通信業,https://knowledge-source-works.co.jp/,,,,,0:無,0:無,0:無,0:無,
4010001191577,株式会社インテグラルベース,13:東京都,1人,G:情報通信業,,,,,,,,,,
3021001043693,株式会社ネクストレベル,13:東京都,7人,G:情報通信業,http://next-level.biz/,,,,100.0%/100.0%/100.0%,,,,,
6011601019397,株式会社ＢＯＰ,13:東京都,4人,G:情報通信業,https://www.b-o-p.jp/,,,,,,,,,
6120001163274,株式会社デジタルブロックス,27:大阪府,132人,G:情報通信業,,,,,,,,,,
8012401000462,株式会社クレスト,13:東京都,32人,G:情報通信業,http://www.wns.co.jp/,,,,,,,,,
7290001092266,株式会社Ｓｏｅｌｕ,40:福岡県,3人,G:情報通信業,https://simple-alpha.com/,https://simple-alpha.com/recruit/,,,0.0%/0.0%/0.0%,0:無,0:無,0:無,0:無,
7010001139193,いきいきメディケアサポート株式会社,13:東京都,7人,G:情報通信業,https://www.ikiikimedicare.co.jp/,https://saiyou.doraku-holdings.co.jp/,,,,1:有,1:有,1:有,1:有,
5120001190113,株式会社トイント,26:京都府,3人,G:情報通信業,https://www.toint.co.jp/,,,,,,,,,
2120003011716,ＳＹＮＣＨＲＯＴＲＯＮ株式会社,27:大阪府,15人,G:情報通信業,,,,,,,,,,
7180001058889,株式会社フリースタイル,23:愛知県,237人,G:情報通信業,,,,,16.3%/6.9%/5.7%,,,,,
4290801001998,株式会社ナダスワークス,40:福岡県,23人,G:情報通信業,https://www.nadusworks.jp/,,,,100.0%/75.0%/100.0%,,,,,
8180001070942,株式会社リンク,23:愛知県,3人,G:情報通信業,,,,,,,,,,
2011101082494,ＣＨＦホールディングス株式会社,13:東京都,5人,G:情報通信業,,,,,,,,,,
7010002036506,株式会社Ｓｐｅｌｌｄａｔａ,13:東京都,6人,G:情報通信業,https://join.spelldata.co.jp/about/women_success_action_plan.html,,,,100.0%/100.0%/100.0%,,,,,
8190001026472,株式会社アスターリンク,24:三重県,4人,G:情報通信業,https://aster-link.co.jp/,https://www.aster-link.co.jp/recruit/,,,100.0%/100.0%/100.0%,1:有,0:無,1:有,0:無,
9010001129151,株式会社ブレイクスルー・ネットワーク,13:東京都,6人,G:情報通信業,https://ossbreak.co.jp/,,,,,,,,,
1220001022185,システムＫ２株式会社,17:石川県,6人,G:情報通信業,,,,,,,,,,
8012401011071,株式会社グッドフェローズ,13:東京都,102人,G:情報通信業,,,,,,,,,,
6011701012707,株式会社グローバルギア,40:福岡県,118人,G:情報通信業,,,,,,,,,,
6010401186704,株式会社Ｓｔｒｕｃｔｉｖ,13:東京都,0人,G:情報通信業,https://structiv.co.jp/,,,,,0:無,0:無,0:無,0:無,
9010001107322,株式会社ドリームオンライン,34:広島県,30人,G:情報通信業,http://www.dreamonline.co.jp/,,,,,,,,,
8020001049721,ボッシュエンジニアリング株式会社,14:神奈川県,54人,G:情報通信業,https://www.bosch-engineering.jp/ja/jp/home_4/startpage.html,https://en-gage.net/bosch_engineering/,0人/0人/0人,0人/0人/1人,,1:有,1:有,1:有,1:有,
7400001010018,株式会社雨風太陽,03:岩手県,65人,G:情報通信業,https://www.pocket-marche.com/,,,,,,,,,
4011201017134,株式会社ａＭｉ,13:東京都,6人,G:情報通信業,,,,,,,,,,
6010401103907,バレットグループ株式会社,13:東京都,178人,G:情報通信業,https://bltinc.co.jp/,,,,,,,,,
1010001100326,株式会社ユー・アイ・エス,13:東京都,50人,G:情報通信業,,,,,,,,,,
9021001014607,ピーシーネット株式会社,13:東京都,13人,G:情報通信業,,,,,,,,,,
4040001040715,株式会社ＦＹＦ,12:千葉県,53人,G:情報通信業,https://www.fyf-h.com/,https://www.fyf-h.com/recruit.html,0人/13人/4人,0人/6人/3人,,1:有,0:無,1:有,1:有,
7020001109369,株式会社イングクラウド,13:東京都,11人,G:情報通信業,https://www.ingcrowd.jp/,,,,,,,,,
8010901032653,株式会社エイチ,13:東京都,6人,G:情報通信業,http://eichiii.co.jp,,,,,,,,,
1340003003766,合同会社結華,13:東京都,2人,G:情報通信業,,,,,,,,,,
4011001070556,株式会社ＭＡＧＥＳ．,13:東京都,189人,G:情報通信業,http://mages.co.jp/,,,,,,,,,
3010001139734,小松ＢｕｓｉｎｅｓｓＳｅｒｖｉｃｅ株式会社,13:東京都,12人,G:情報通信業,,,,,,,,,,
6020001092442,Ｆｏｏｎｚ株式会社,14:神奈川県,203人,G:情報通信業,,,,,,,,,,
5013301041657,株式会社スタルジー,13:東京都,2人,G:情報通信業,,,,,,,,,,
8180003016877,合同会社はなぶさ企画,23:愛知県,2人,G:情報通信業,,,,,,,,,,
6120001182992,株式会社Ｆｉｖｅ　Ｌｉｎｅ,27:大阪府,20人,G:情報通信業,,,,,,,,,,
5011001146058,株式会社Ｊｏｂ　Ｔｅｃｈｎｏｌｏｇｙ,13:東京都,30人,G:情報通信業,https://job-technology.com/,,,,,,,,,
3070001019922,株式会社日東システムテクノロジーズ,10:群馬県,155人,G:情報通信業,https://www.nittosys.co.jp/,,,,,,,,,
1030001109860,株式会社Ｎｏａｈ’ｓ　ａｒｋ,11:埼玉県,0人,G:情報通信業,https://noahs-ark.co.jp/,,,,,,,,,
3430001030099,株式会社アクアテック,01:北海道,17人,G:情報通信業,,,,,,,,,,
4010001248781,株式会社コネット,13:東京都,34人,G:情報通信業,,,,,,,,,,
8120001204729,株式会社ユニリタプラス,27:大阪府,34人,G:情報通信業,,,,,,,,,,
5010001070887,株式会社リアルビズ,13:東京都,43人,G:情報通信業,,,,,,,,,,
4013301040296,株式会社ＴＯＣＲＥＡＴＥＩＴ,13:東京都,1人,G:情報通信業,https://tocreateit.co.jp/,,,,,0:無,1:有,0:無,0:無,
3010001231540,株式会社Ｉｋｉｇａｉ,13:東京都,10人,G:情報通信業,https://ai-know.ai/,,,,,,,,,
6010001081280,株式会社ネクソン,13:東京都,248人,G:情報通信業,http://www.nexon.co.jp,,,,,,,,,
6011201014757,株式会社カオナビ,13:東京都,304人,G:情報通信業,,,,,,,,,,
7010601041006,日本ヒューレット・パッカード合同会社,13:東京都,3000人,G:情報通信業,https://www.hpe.com/jp/ja/home.html,,,,,,,,,
7011001090345,スマートニュース株式会社,13:東京都,458人,G:情報通信業,,,,,,,,,,
4010001149162,株式会社コピーライトプロテクト,47:沖縄県,5人,G:情報通信業,,,,,,,,,,
4040001128196,株式会社ＺＥＮ,12:千葉県,2人,G:情報通信業,https://zen-lab.jp/,,,,,,,,,
4240001015845,株式会社システムフレンド,34:広島県,26人,G:情報通信業,,,,,,,,,,
5020001108661,モデラート株式会社,13:東京都,38人,G:情報通信業,,,,,,,,,,
8011001128755,ＢＵＳＩＮＥＳＳ‐ＡＬＬＩＡＮＣＥ株式会社,13:東京都,12人,G:情報通信業,,,,,,,,,,
8011501021550,株式会社ネットエンジニアリングサービス,13:東京都,29人,G:情報通信業,,,,,,,,,,
8340001017662,株式会社ＣＣ,46:鹿児島県,8人,G:情報通信業,,,,,,,,,,
1011101050080,株式会社バンク・オブ・イノベーション,13:東京都,222人,G:情報通信業,,,,,,,,,,
2011001150335,シンシアリー株式会社,13:東京都,4人,G:情報通信業,https://cynthialy.co.jp/#contact,,,,,,,,,
2290001080481,株式会社スレッド,40:福岡県,10人,G:情報通信業,,,,,,,,,,
3010401146891,株式会社ＨＥＳ,13:東京都,108人,G:情報通信業,,,,,,,,,,
3010501033008,株式会社デジタル・ナレッジ,13:東京都,200人,G:情報通信業,https://www.digital-knowledge.co.jp/about/action-plan/,,,,,,,,,
7200001000666,株式会社エフワン,21:岐阜県,42人,G:情報通信業,,,,,,,,,,
5010601020250,株式会社日比谷情報システム,13:東京都,104人,G:情報通信業,,,,,,,,,,
3450003001658,株式会社プレジールライフ,01:北海道,7人,G:情報通信業,http://plaisir-life.info/,,,,,,,,,
4240001016059,株式会社ネビジョン,34:広島県,5人,G:情報通信業,https://nevision.co.jp,,,,,,,,,
7010401072829,株式会社ＺＡＩＺＥＮ,13:東京都,85人,G:情報通信業,,,,,,,,,,
8010601061688,株式会社シーイーテクノロジー,13:東京都,7人,G:情報通信業,,,,,,,,,,
8020001030879,株式会社テレビ神奈川,14:神奈川県,111人,G:情報通信業,http://www.tvk-yokohama.com/,,,,,,,,,
8190001001070,株式会社アレクシード,24:三重県,106人,G:情報通信業,http://www.allexceed.co.jp/,,,,,,,,,
8120901016983,株式会社メディネット,27:大阪府,55人,G:情報通信業,http://www.mdnt.co.jp/,,,,,,,,,
6010001084845,株式会社ディー・エル・イー,13:東京都,63人,G:情報通信業,,,,,,,,,,
9020001003033,株式会社ソフテム,14:神奈川県,110人,G:情報通信業,,,,,,,,,,
9120001168394,株式会社ティーエスエー,27:大阪府,28人,G:情報通信業,,,,,,,,,,
7120001230899,Ａｒｋｘｉａ株式会社,27:大阪府,4人,G:情報通信業,,,,,,,,,,
9190001007694,株式会社コムデック,24:三重県,18人,G:情報通信業,https://www.comdec.jp/,,,,,,,,,
4010401044450,ＫＫＣソルコム株式会社,13:東京都,205人,G:情報通信業,,,,,,,,,,
4010001073552,株式会社ボーンデジタル,13:東京都,60人,G:情報通信業,,,,,,,,,,
5010001204916,株式会社イグニシオン,13:東京都,2人,G:情報通信業,,,,,,,,,,
2011001110207,株式会社サンデイシステムズ,13:東京都,5人,G:情報通信業,https://www.sunday.systems,,,,,,,,,
9070001014001,株式会社ＩＴＱＵＥＳＴ,10:群馬県,45人,G:情報通信業,https://syskai.jp/,,,,,,,,,
9010701019362,株式会社ライズテック,13:東京都,35人,G:情報通信業,https://www.risetec.co.jp,https://www.risetec.co.jp/recruit/,0人/1人/0人,0人/0人/0人,,1:有,1:有,1:有,1:有,
5011101039319,アイビーウエーブ株式会社,13:東京都,15人,G:情報通信業,https://ivywave.com/,,6人/1人/3人,1人/1人/2人,,1:有,1:有,1:有,1:有,
3011001152256,株式会社ＵＣＷＯＲＬＤ,13:東京都,4人,G:情報通信業,https://uc-world.com/,https://jp.indeed.com/cmp/%E6%A0%AA%E5%BC%8F%E4%BC%9A%E7%A4%BEucworld/jobs,,,,0:無,1:有,0:無,0:無,
1120001172098,システム開発株式会社,27:大阪府,18人,G:情報通信業,https://www.sysky.co.jp/,,,,,,,,,
1180003020943,株式会社ａｃｃｔ,23:愛知県,6人,G:情報通信業,https://acct-inc.com/,,,,,,,,,
9030001083339,株式会社フロントアップ,13:東京都,5人,G:情報通信業,,,,,,,,,,
7140001008336,株式会社自動車新聞社,13:東京都,20人,G:情報通信業,,,,,,,,,,
1430001068298,株式会社ランベル,01:北海道,17人,G:情報通信業,https://www.lambell.co.jp/,,,,,,,,,
3010001147200,ジープラ株式会社,13:東京都,102人,G:情報通信業,http://www.geeplus.jp/,,,,,,,,,
6010001072478,ポリゴンマジック株式会社,13:東京都,125人,G:情報通信業,http://www.polygonmagic.com/,,,,,,,,,
7120001124399,株式会社シンクスマイル,13:東京都,12人,G:情報通信業,https://www.5smile.com/company,,,,,,,,,
1011001033169,サイファー株式会社,13:東京都,50人,G:情報通信業,,,,,,,,,,
9012801016578,株式会社ｍｇｎ,13:東京都,4人,G:情報通信業,,,,,,,,,,
9240001060399,株式会社Ｇｉｎｏ,13:東京都,6人,G:情報通信業,,,,,,,,,,
2013301015820,株式会社ユーベック,13:東京都,27人,G:情報通信業,http://www.u-vec.co.jp/,,,,,1:有,1:有,1:有,0:無,
1080401011983,スリーカウント株式会社,22:静岡県,16人,G:情報通信業,,,,,,,,,,
5180001021618,エムシーシステム株式会社,23:愛知県,20人,G:情報通信業,http://www.mcsystem.co.jp/,http://www.mcsystem.co.jp/,,,,1:有,0:無,0:無,0:無,
4440002007193,株式会社ＣＡＭセンター,01:北海道,35人,G:情報通信業,,,0人/1人/0人,0人/0人/0人,,1:有,1:有,1:有,1:有,
6011101049705,あまた株式会社,13:東京都,135人,G:情報通信業,,,,,,,,,,
7010002044590,株式会社エキュレクリエイト,12:千葉県,4人,G:情報通信業,,,,,,,,,,
3010001000499,株式会社アルファネット,13:東京都,572人,G:情報通信業,,,,,,,,,,
6110001018644,アグリノート株式会社,15:新潟県,37人,G:情報通信業,https://water-cell.jp/,,,,,,,,,
1011001071466,株式会社ｕｃａｉ,13:東京都,16人,G:情報通信業,,,,,,,,,,
3010401100980,株式会社ジール,13:東京都,429人,G:情報通信業,,,,,,,,,,
4010401130234,トイウェア株式会社,13:東京都,44人,G:情報通信業,,,,,,,,,,
6120001251921,アイグッドサポート株式会社,27:大阪府,2人,G:情報通信業,https://i-good-sp.jp/actionplan/,,,,,,,,,
7130001060214,株式会社ｉｒｏｄａｓ,27:大阪府,105人,G:情報通信業,,,,,,,,,,
5060001028138,株式会社轟,09:栃木県,4人,G:情報通信業,,,,,,,,,,
4011001103695,Ｔｒｅｓ　Ｇｒｏｕｐ株式会社,13:東京都,33人,G:情報通信業,,,,,,,,,,
4390001014543,株式会社エバーシード,01:北海道,4人,G:情報通信業,https://everceed-marketing.com/,,,,,,,,,
8011101061022,株式会社デジタルグローバルシステムズ,13:東京都,12人,G:情報通信業,http://www.dgs-j.com/,,,,,,,,,
2370001044370,ミライウェブ株式会社,13:東京都,8人,G:情報通信業,https://www.miraiweb.co.jp/,,,,,,,,,
7120001106100,株式会社オノフ,13:東京都,120人,G:情報通信業,,,,,,,,,,
6120001263842,株式会社ゼクノ,27:大阪府,1人,G:情報通信業,https://zekno.co.jp/,,,,,,,,,
6070001007131,株式会社シーエスエム,10:群馬県,140人,G:情報通信業,,,,,,,,,,
7120001265648,株式会社ＫＲＯ,27:大阪府,5人,G:情報通信業,https://kro.co.jp/,,,,,,,,,
9120001200487,株式会社グリュックス,27:大阪府,2人,G:情報通信業,https://glucks-web.co.jp/,,,,,,,,,
8430001087572,株式会社ＲＵＣＯ,01:北海道,6人,G:情報通信業,https://ruco.co.jp/,,,,,,,,,
4010002039073,株式会社ビー・エス・デーインフォメーションテクノロジー,13:東京都,58人,G:情報通信業,https://www.bsd-it.co.jp/,,,,,,,,,
3340001004277,株式会社南日本放送,46:鹿児島県,150人,G:情報通信業,,,,,,,,,,
8012401013720,株式会社インターソフト,13:東京都,8人,G:情報通信業,https://intersoft.co.jp/,https://intersoft.co.jp/recruit.html,,,,1:有,0:無,1:有,0:無,
4010401162590,株式会社ＳｅｅＤ,13:東京都,99人,G:情報通信業,,,,,,,,,,
4011101073905,テックファーム株式会社,13:東京都,308人,G:情報通信業,,,,,,,,,,
6010401183387,株式会社ＳｅｃｕｒｅＫｅｒｎｅｌ,13:東京都,3人,G:情報通信業,,,,,,,,,,
9010701034907,株式会社ＡｃｃｏｒｄＸ,13:東京都,1人,G:情報通信業,https://cook-happy.com/,,,,,,,,,
9040001060857,株式会社クラウドアシストサービス,13:東京都,8人,G:情報通信業,http://www.cloudassist.co.jp/corporate/index.html,,,,,,,,,
2120001252436,株式会社Ｌａｂ８,27:大阪府,12人,G:情報通信業,,,,,,,,,,
3130001022300,株式会社フェイス,26:京都府,142人,G:情報通信業,http://www.faith.co.jp/,,,,,,,,,
5010601057268,Ｌｉｎｋｓ　Ｇｒｏｕｐ株式会社,13:東京都,82人,G:情報通信業,,,,,,,,,,
5120001252433,ＸＳマーケティングエージェンシー株式会社,27:大阪府,24人,G:情報通信業,,,,,,,,,,
8080001003045,株式会社ＤＩＳＰ,22:静岡県,46人,G:情報通信業,http://disp.co.jp/,,,,,,,,,
2010001192684,ｂｅｓｔａｔ株式会社,13:東京都,5人,G:情報通信業,,,,,,,,,,
6010101000966,株式会社教育ソフトウェア,13:東京都,69人,G:情報通信業,https://www.kyoikusw.co.jp/,,,,,,,,,
7010001190931,Ｃｏｌｏｒｆｕｌ株式会社,13:東京都,9人,G:情報通信業,https://colorful-inc.jp/,,,,,,,,,
9011001140338,株式会社メディアエイド,13:東京都,65人,G:情報通信業,https://mediaaid.co.jp/,,,,,,,,,
9120001244451,株式会社スタジオマーケット,13:東京都,2人,G:情報通信業,https://studio-market.com/company/,,,,,1:有,0:無,0:無,0:無,
7180001133337,株式会社Ｔｅｒｍｉｎａｌ　ｓｙｓｔｅｍ,23:愛知県,5人,G:情報通信業,,,,,,,,,,
9011001060296,株式会社ヘノブファクトリー,13:東京都,2人,G:情報通信業,,,,,,,,,,
1010001134431,トヨクモ株式会社,13:東京都,93人,G:情報通信業,https://www.toyokumo.co.jp/,,,,,,,,,
1011101056020,株式会社データＸ,13:東京都,98人,G:情報通信業,,,,,,,,,,
1010001202964,株式会社リクモ,13:東京都,1人,G:情報通信業,,,,,,,,,,
1120001131260,株式会社ケーツー,27:大阪府,106人,G:情報通信業,,,,,,,,,,
2140001021731,株式会社ベネスト,28:兵庫県,27人,G:情報通信業,,,,,,,,,,
2011001099151,株式会社ＲＥＤ,13:東京都,15人,G:情報通信業,,,,,,,,,,
2010001173536,株式会社エクサウィザーズ,13:東京都,375人,G:情報通信業,,,,,,,,,,
2010001015250,株式会社クリーチャーズ,13:東京都,315人,G:情報通信業,,,,,,,,,,
3010001043713,株式会社コムニック,13:東京都,287人,G:情報通信業,http://www.comnic.co.jp/,,,,,,,,,
3011001019637,ビップシステムズ株式会社,13:東京都,260人,G:情報通信業,,,,,,,,,,
3080001003603,株式会社電翔,22:静岡県,195人,G:情報通信業,,,,,,,,,,
3020001081423,輸出入・港湾関連情報処理センター株式会社,13:東京都,100人,G:情報通信業,https://www.naccs.jp/aboutcenter/sustainability-index.html,,,,,,,,,
3013201018955,Ｓｔｒａｗｂｅｒｒｙ　ｊａｍｓ株式会社,13:東京都,44人,G:情報通信業,,,,,,,,,,
3011001149335,株式会社ＫＡＤＯＤＥ,13:東京都,172人,G:情報通信業,,,,,,,,,,
2330001007587,株式会社ＲＫＫＣＳソフト,43:熊本県,151人,G:情報通信業,,,,,,,,,,
3010801017461,株式会社システムコラボ,13:東京都,35人,G:情報通信業,https://system-c.org/,,,,,,,,,
3240001006770,株式会社中国放送,34:広島県,169人,G:情報通信業,https://rcc.co.jp/rcc.html,,,,,,,,,
5011301029152,株式会社ＡｉｒｙＣｒｏｓｓ,13:東京都,12人,G:情報通信業,,,,,,,,,,
5011101060794,ＷＭ＆Ｃｒｅａｔｏｒｓ株式会社,13:東京都,10人,G:情報通信業,,,,,,,,,,
5011001110204,株式会社カケハシ,13:東京都,308人,G:情報通信業,,,,,,,,,,
6011101057088,株式会社プレイスクリエイト,13:東京都,3人,G:情報通信業,,,,,,,,,,
6010001149854,マーブルデザイン株式会社,13:東京都,21人,G:情報通信業,,,,,,,,,,
6011001042693,エヌ・シー・ジャパン株式会社,13:東京都,150人,G:情報通信業,,,,,,,,,,
6010001076116,新日本システック株式会社,13:東京都,164人,G:情報通信業,https://www.snsystec.co.jp/,https://www.snsystec.co.jp/recruit/,,,,1:有,1:有,1:有,1:有,
6010401145890,株式会社天地人,13:東京都,50人,G:情報通信業,,,,,,,,,,
8010501021528,イ．ソフト株式会社,13:東京都,95人,G:情報通信業,,,,,,,,,,
8010401184945,株式会社Ｃｕｒｉｏ,13:東京都,0人,G:情報通信業,,,,,,,,,,
9110001021190,株式会社新潟ソフトストラクチャ,15:新潟県,32人,G:情報通信業,https://www.niigatass.com/,,,,,,,,,
9010901028873,株式会社ＧＥＡＲ,13:東京都,7人,G:情報通信業,https://u-watch.jp/,,,,,,,,,
9010701004447,株式会社システムズ,13:東京都,246人,G:情報通信業,,,,,,,,,,
1010001012439,株式会社エフエム東京,13:東京都,124人,G:情報通信業,https://www.tfm.co.jp/company/profile/,,,,,,,,,
1010001086672,テプコ・ソリューション・アドバンス株式会社,13:東京都,2392人,G:情報通信業,https://www.tepco-sa.co.jp/ssl/,,,,,,,,,
1010001107305,サインポスト株式会社,13:東京都,242人,G:情報通信業,,,,,,,,,,
1010401090340,株式会社ネクスウェイ,13:東京都,167人,G:情報通信業,,,,,,,,,,
1010701002838,株式会社グローバルサイエンス,13:東京都,150人,G:情報通信業,https://www.globalsc.co.jp/,,,,,,,,,
1010501032060,株式会社ＢｏｏｋＬｉｖｅ,13:東京都,190人,G:情報通信業,,,,,,,,,,
1010601055473,センデン株式会社,13:東京都,4人,G:情報通信業,,,,,,,,,,
1011201000828,株式会社エヌデーデー,13:東京都,391人,G:情報通信業,https://www.nddhq.co.jp/,,,,,,,,,
1010901026918,株式会社セック,13:東京都,365人,G:情報通信業,https://www.sec.co.jp/,,,,0.0%/0.0%/0.0%,,,,,
1013201007836,株式会社フォーラムエイト,13:東京都,224人,G:情報通信業,http://www.forum8.co.jp/,,,,,,,,,
1011101060385,クラスメソッドオペレーションズ株式会社,13:東京都,198人,G:情報通信業,https://classmethod-operations.jp/,,,,,,,,,
1011101029050,株式会社ＲａｙＡｒｃ,13:東京都,129人,G:情報通信業,,,,,,,,,,
1011001040181,ＧＭＯグローバルサイン株式会社,13:東京都,110人,G:情報通信業,,,,,,,,,,
1013301039911,ＳＷＩＴＣＨ株式会社,13:東京都,46人,G:情報通信業,,,,,,,,,,
1021001019662,株式会社クエリー,14:神奈川県,130人,G:情報通信業,https://www.query.jp/health/,,,,,,,,,
1120001110280,パナソニックデジタル株式会社,27:大阪府,2200人,G:情報通信業,https://panasonic.co.jp/is-c/,,,,,,,,,
1130001016808,オムロンデジタル株式会社,26:京都府,430人,G:情報通信業,https://socialsolution.omron.com/software/,,,,,,,,,
1120901008368,北港情報サービス株式会社,27:大阪府,133人,G:情報通信業,http://www.hokkohj.co.jp/,,,,,,,,,
1120001070120,株式会社ＣＹＬＬＥＮＧＥ,27:大阪府,79人,G:情報通信業,,,,,,,,,,
1180001036669,株式会社ＣＢＣクリエイション,23:愛知県,137人,G:情報通信業,http://www.cbc-creation.co.jp/,,,,,,,,,
1210001008573,株式会社ＡＬＬ　ＣＯＮＮＥＣＴ,18:福井県,496人,G:情報通信業,https://all-connect.co.jp/,,,,,,,,,
1220001003185,シーエスエヌ株式会社,17:石川県,97人,G:情報通信業,,,,,,,,,,
1230001005676,株式会社ジオインフォシステム,16:富山県,25人,G:情報通信業,https://geoinfo.co.jp/,,,,,,,,,
1250001004370,株式会社エイム,35:山口県,101人,G:情報通信業,https://www.aim-it.jp/,,,,,,,,,
1240001029699,株式会社アクトシステムズ,34:広島県,220人,G:情報通信業,,,,,,,,,,
1290001005555,株式会社エヌ・ティ・ティ・データＮＣＢ,40:福岡県,191人,G:情報通信業,https://www.nttdata-ncb.co.jp/,,,,,,,,,
1330001005815,株式会社エヌ・アイ・ケイ,43:熊本県,31人,G:情報通信業,https://www.nik-net.co.jp/company,,,,,,,,,
1380001006486,株式会社福島情報処理センター,07:福島県,260人,G:情報通信業,https://fic.co.jp/,,,,,,,,,
2010401017689,株式会社ＣＨＩＮＴＡＩ,13:東京都,155人,G:情報通信業,https://www.chintai.jp/,,,,,,,,,
1360001000417,株式会社沖縄タイムス社,47:沖縄県,247人,G:情報通信業,,,,,,,,,,
1360001002264,株式会社琉球ネットワークサービス,47:沖縄県,192人,G:情報通信業,https://www.r-net.co.jp/user_data/packages/default/img/rns_hp/rns/ziygoukeikaku2024-2026_zisedaisien.pdf,,,,,,,,,
2010401025923,株式会社文化工房,13:東京都,215人,G:情報通信業,http://www.bun.co.jp/,,,,,,,,,
2010401055029,日本プロセス株式会社,13:東京都,724人,G:情報通信業,https://www.jpd.co.jp/,,,,,,,,,
2010001079832,株式会社テイクス,13:東京都,910人,G:情報通信業,,,,,,,,,,
2010401061464,ＫＤＤＩアイレット株式会社,13:東京都,1128人,G:情報通信業,,,,,,,,,,
2010401068617,株式会社ソルクシーズ,13:東京都,488人,G:情報通信業,https://www.solxyz.co.jp/,,,,,,,,,
2010701015153,株式会社ワイヤレスゲート,13:東京都,13人,G:情報通信業,,,,,,,,,,
2010401092245,日本マイクロソフト株式会社,13:東京都,3230人,G:情報通信業,https://news.microsoft.com/ja-jp/2017/09/05/170905-family-friendly-leave/,,,,,,,,,
2010401106847,ＣｌｉｐＬｉｎｅ株式会社,13:東京都,84人,G:情報通信業,,,,,,,,,,
2011001127705,ｈｏｍｉｅ株式会社,13:東京都,110人,G:情報通信業,https://homie.co.jp/,,,,,,,,,
2011101002279,ヴァイタル・インフォメーション株式会社,13:東京都,276人,G:情報通信業,http://www.vitals.co.jp,,,,,,,,,
2011001114141,Ｈ．Ｒ．Ｉ株式会社,13:東京都,420人,G:情報通信業,,,,,,,,,,
2011101020553,株式会社ミック,13:東京都,181人,G:情報通信業,,,,,,,,,,
2010701009444,光村図書出版株式会社,13:東京都,230人,G:情報通信業,,,,,,,,,,
2010901041404,楽天モバイル株式会社,13:東京都,1521人,G:情報通信業,,,,,,,,,,
2011001171703,株式会社アピリッツ・ファンカルチャーパートナー,13:東京都,247人,G:情報通信業,,,,,,,,,,
2020001071937,株式会社アプリコット,14:神奈川県,280人,G:情報通信業,https://www.apricotinc.co.jp,,,,,,,,,
2020001030067,株式会社アイネス,13:東京都,1023人,G:情報通信業,https://www.ines.co.jp/csr/work.html,,,,,,,,,
2013301032080,株式会社Ｗｉｚ,13:東京都,1000人,G:情報通信業,http://012grp.co.jp/,,,,,,,,,
2011601003198,株式会社シュークリーム,13:東京都,61人,G:情報通信業,,,,,,,,,,
2011101080481,株式会社ｗｉｌｄ　ｉｄｅａ,13:東京都,70人,G:情報通信業,,,,,,,,,,
2110001003807,キヤノンイメージングシステムズ株式会社,15:新潟県,515人,G:情報通信業,https://imgsys.canon/ja/recruit,,,,,,,,,
2100001000887,株式会社ケイケンシステム,20:長野県,162人,G:情報通信業,,,,,,,,,,
2120001015669,株式会社ドコモＣＳ関西,27:大阪府,1762人,G:情報通信業,http://www.docomo-cs-kansai.co.jp/sustainability/diversity.html,,,,,,,,,
2110001022732,ソリマチ株式会社,15:新潟県,144人,G:情報通信業,https://www.sorimachi.co.jp/,,,,,,,,,
2120001138726,株式会社ＮＴＴ西日本ルセント,27:大阪府,425人,G:情報通信業,http://nttwest-lucent.co.jp/,,,,,,,,,
2130001010677,ＳＧシステム株式会社,26:京都府,2720人,G:情報通信業,http://www.sg-systems.co.jp/,,,,,,,,,
2140001035178,株式会社テクノツリー,28:兵庫県,182人,G:情報通信業,http://www.technotree.com,,,,,,,,,
2130001020098,株式会社演算工房,26:京都府,129人,G:情報通信業,,,,,,,,,,
2140001087145,株式会社ｉ－ｐｌｕｇ,27:大阪府,407人,G:情報通信業,http://i-plug.co.jp/,,,,,,,,,
2180001101455,ＧＴソリューション株式会社,23:愛知県,138人,G:情報通信業,https://www.gts-jp.com/,,,,,,,,,
2180001025332,株式会社建通新聞社,23:愛知県,241人,G:情報通信業,,,,,,,,,,
2180001097909,株式会社シーエスイー,23:愛知県,261人,G:情報通信業,,,,,,,,,,
2210001007640,福井システムズ株式会社,18:福井県,175人,G:情報通信業,,,,,,,,,,
2330001002654,ソフトウエアビジョン株式会社,43:熊本県,164人,G:情報通信業,http://www.svckk.co.jp,,,,,,,,,
2500001000764,株式会社愛媛新聞社,38:愛媛県,251人,G:情報通信業,http://www.ehime-np.co.jp/kaisha/,,,,,,,,,
3010001025546,日鉄日立システムソリューションズ株式会社,13:東京都,528人,G:情報通信業,https://www.nhs.co.jp/,,,,,,,,,
3010001088477,エヌアイシー・ソフト株式会社,13:東京都,157人,G:情報通信業,https://www.nicsoft.co.jp/,,,,,,,,,
3010401031664,株式会社菱友システムズ,13:東京都,1194人,G:情報通信業,http://www.ryoyu.co.jp/,,,,,,,,,
3010001033961,日本レコードマネジメント株式会社,13:東京都,578人,G:情報通信業,,,,,,,,,,
3010401036275,株式会社アクト・インフォメーション・サービス,13:東京都,113人,G:情報通信業,https://www.act-inf.co.jp,,,,,,,,,
3011001034545,ユミルリンク株式会社,13:東京都,141人,G:情報通信業,http://www.ymir.co.jp,,,,,,,,,
3010701013775,株式会社フォーク,13:東京都,204人,G:情報通信業,https://www.fork.co.jp/,,,,,,,,,
3010401060168,株式会社日経ビーピーコンサルティング,13:東京都,119人,G:情報通信業,,,,,,,,,,
3010701001012,株式会社ＩＣ,13:東京都,733人,G:情報通信業,https://www.ic-net.co.jp/,,,,,,,,,
3010701015193,コムチュア株式会社,13:東京都,1231人,G:情報通信業,,,,,,,,,,
3010701023411,株式会社アールフォース・エンターテインメント,13:東京都,55人,G:情報通信業,,,,,,,,,,
3011001091842,ＰＲＯＮＩ株式会社,13:東京都,206人,G:情報通信業,,,,,,,,,,
3011101002113,株式会社ＮＩＤ　ａｉｒ,13:東京都,170人,G:情報通信業,https://www.nidair.co.jp/,,,,,,,,,
3013301029274,アイディアファクトリー株式会社,13:東京都,169人,G:情報通信業,http://www.ideaf.co.jp/,,,,,,,,,
3011101041210,インフォテクノスコンサルティング株式会社,13:東京都,26人,G:情報通信業,,,,,,,,,,
3011101061778,株式会社アイ・ユー・ケイ,13:東京都,190人,G:情報通信業,https://www.iukinc.co.jp/,,,,,,,,,
3013301032303,株式会社ＷｉｚＨＤ,13:東京都,116人,G:情報通信業,,,,,,,,,,
3050001001163,常陽コンピューターサービス株式会社,08:茨城県,127人,G:情報通信業,http://www.joyonet.jp/,,,,,,,,,
3040001014059,イオンマーケティング株式会社,12:千葉県,116人,G:情報通信業,http://www.aeonmarketing.co.jp,,,,,,,,,
3040001004596,ちばぎんコンピューターサービス株式会社,12:千葉県,242人,G:情報通信業,http://www.ccsnet.co.jp/,,,,,,,,,
3080401016485,ヤマハモーターソリューション株式会社,22:静岡県,435人,G:情報通信業,https://www.ymsl.co.jp/,,,,,,,,,
3090001001622,株式会社日本ネットワークサービス,19:山梨県,145人,G:情報通信業,,,,,,,,,,
3120001192227,株式会社ＰＰＦパートナーズ,27:大阪府,104人,G:情報通信業,,,,,,,,,,
3120001104090,キーウェア西日本株式会社,27:大阪府,149人,G:情報通信業,https://www.keyware.co.jp/nishinippon/about/csr/index.html,,,,,,,,,
3120001253929,バルテス株式会社,27:大阪府,660人,G:情報通信業,https://www.valtes.co.jp/,,,,,,,,,
3140001054838,株式会社フジデン,27:大阪府,450人,G:情報通信業,,,,,,,,,,
3180001029803,株式会社カーネル・ソフト・エンジニアリング,23:愛知県,884人,G:情報通信業,https://www.kernel-se.co.jp/,,,,,,,,,
3180001106874,ワンダープラネット株式会社,23:愛知県,188人,G:情報通信業,,,,,,,,,,
3220001003225,株式会社シーピーユー,17:石川県,150人,G:情報通信業,,,,,,,,,,
3410001000946,北日本コンピューターサービス株式会社,05:秋田県,231人,G:情報通信業,https://www.kitacom.co.jp/,https://www.kitacom.co.jp/recruit,0人/4人/1人,0人/0人/0人,,1:有,0:無,1:有,0:無,
3420001000202,株式会社青森電子計算センター,02:青森県,300人,G:情報通信業,https://www.acsc.co.jp,,,,,,,,,
4011701010274,株式会社リアリット,13:東京都,90人,G:情報通信業,,,,,,,,,,
4011101083391,株式会社ＡＧＥＳＴ,13:東京都,916人,G:情報通信業,,,,,,,,,,
4010001074443,株式会社アナハイム・テクノロジー,13:東京都,38人,G:情報通信業,http://www.ah-tech.net/index.html,,,,,,,,,
4010001039330,岡三ビジネス＆テクノロジー株式会社,13:東京都,165人,G:情報通信業,,,,,,,,,,
4010001101676,東京メトロポリタンテレビジョン株式会社,13:東京都,149人,G:情報通信業,https://s.mxtv.jp/,,,,,,,,,
4010001085077,株式会社ギャラクシィ,13:東京都,120人,G:情報通信業,,,,,,,,,,
4010001146894,株式会社シー・ビー・ティ・ソリューションズ,13:東京都,120人,G:情報通信業,,,,,,,,,,
4010401060159,株式会社日経ビーピー,13:東京都,781人,G:情報通信業,http://corporate.nikkeibp.co.jp/,,,,,,,,,
4010405008740,一般社団法人共同通信社,13:東京都,1468人,G:情報通信業,https://www.kyodonews.jp/,,,,,,,,,
4011201013892,元気株式会社,13:東京都,102人,G:情報通信業,,,,,,,,,,
4010401044772,株式会社ハイ・アベイラビリティ・システムズ,13:東京都,250人,G:情報通信業,,,,,,,,,,
4010701001250,株式会社エー・アール・シー,13:東京都,244人,G:情報通信業,,,,,,,,,,
4010401134301,株式会社ラキール,13:東京都,477人,G:情報通信業,,,,,,,,,,
4010401128518,クラウドストライク合同会社,13:東京都,211人,G:情報通信業,,,,,,,,,,
4010401049879,株式会社ソフトロード,13:東京都,140人,G:情報通信業,,,,,,,,,,
4010402030739,株式会社ベンチャーネット,13:東京都,6人,G:情報通信業,,,,,,,,,,
4012401012536,ジェイ・アール・シーエンジニアリング株式会社,13:東京都,283人,G:情報通信業,,,,,,,,,,
4011101061083,ユナイトアンドグロウ株式会社,13:東京都,313人,G:情報通信業,,,,,,,,,,
4011001073617,株式会社ギフティ,13:東京都,275人,G:情報通信業,,,,,,,,,,
4011101084679,ＬＩＮＥ　Ｄｉｇｉｔａｌ　Ｆｒｏｎｔｉｅｒ株式会社,13:東京都,377人,G:情報通信業,,,,,,,,,,
4040001009124,日本アイ・ビー・エム・スタッフ・オペレーションズ株式会社,13:東京都,450人,G:情報通信業,,,,,,,,,,
7120001070239,株式会社ＭＢＳテクタス,27:大阪府,143人,G:情報通信業,,,,,,,,,,
4120001014405,株式会社ＮＴＴフィールドテクノ,27:大阪府,9278人,G:情報通信業,https://www.ntt-ft.jp/company/csr/action.html#women,,,,,,,,,
4120001082212,スターネット株式会社,27:大阪府,133人,G:情報通信業,,,,,,,,,,
4180001038423,株式会社テクノアスカ,23:愛知県,146人,G:情報通信業,https://www.t-ask.co.jp/,https://www.t-ask.co.jp/recruit.html,2人/17人/6人,0人/5人/3人,,1:有,1:有,1:有,1:有,
4230001002844,北電情報システムサービス株式会社,16:富山県,366人,G:情報通信業,https://www.hiss.co.jp/,,,,,,,,,
4310001015318,オーシャンソリューションテクノロジー株式会社,42:長崎県,38人,G:情報通信業,,,,,,,,,,
4370001053015,サイバーコム株式会社,04:宮城県,1305人,G:情報通信業,https://www.cy-com.co.jp/,,,,,,,,,
5010001008615,株式会社日新コンピュータシステム,13:東京都,125人,G:情報通信業,https://www.nisin.co.jp/,,,,,,,,,
5010001005331,株式会社東邦システムサイエンス,13:東京都,676人,G:情報通信業,http://www.tss.co.jp,,,,,,,,,
5010001015074,クオリティソフト株式会社,30:和歌山県,175人,G:情報通信業,,,,,,,,,,
4500003002410,合同会社Ｒｅｗｏｒｋ,38:愛媛県,5人,G:情報通信業,,,,,,,,,,
5010001043934,恒和情報技研株式会社,13:東京都,112人,G:情報通信業,http://www.kjg.co.jp,,,,,,,,,
5010001145747,株式会社ビザスク,13:東京都,199人,G:情報通信業,,,,,,,,,,
5010401083357,メディアリンク株式会社,13:東京都,104人,G:情報通信業,,,,,,,,,,
5010401074819,株式会社泉放送制作,13:東京都,112人,G:情報通信業,http://www.izumitvp.co.jp/,,,,,,,,,
5010401169081,株式会社ｆｅａｔ,13:東京都,196人,G:情報通信業,http://www.feat-inc.com/,,,,,,,,,
5010701002818,株式会社クロスキャット,13:東京都,622人,G:情報通信業,http://www.xcat.co.jp/,,,,,,,,,
5010401089800,株式会社フレイムハーツ,13:東京都,126人,G:情報通信業,https://www.flamehearts.co.jp/,,,,,,,,,
5011001027927,株式会社国際協力データサービス,13:東京都,27人,G:情報通信業,https://www.icds.co.jp/,https://job.mynavi.jp/27/pc/search/corp276399/outline.html,0人/1人/0人,0人/0人/0人,,1:有,1:有,1:有,0:無,
5010403006506,シスコシステムズ合同会社,13:東京都,1452人,G:情報通信業,,,,,,,,,,
5010401036125,株式会社デジタル・アンド・デザイン・ピクチャーズ,13:東京都,12人,G:情報通信業,https://www.d-dpictures.co.jp/,,,,,,,,,
5010601041825,株式会社リンクトブレイン,13:東京都,130人,G:情報通信業,https://linkedbrain.jp/,,,,,,,,,
5010401090056,株式会社リブゲート,13:東京都,100人,G:情報通信業,,,,,,,,,,
5010601030522,株式会社オートバックスデジタルイニシアチブ,13:東京都,129人,G:情報通信業,https://abdi.co.jp/,,,,,,,,,
5010701033499,エーテンラボ株式会社,13:東京都,38人,G:情報通信業,,,,,,,,,,
5013301035163,株式会社ＺＥＡＬＳ,13:東京都,246人,G:情報通信業,,,,,,,,,,
5011101009230,株式会社ジムマネジメント,13:東京都,231人,G:情報通信業,,,,,,,,,,
5013301026121,スパイダープラス株式会社,13:東京都,268人,G:情報通信業,,,,,,,,,,
5011101082707,株式会社Ｐｉｃｔｏｒｉａ,13:東京都,38人,G:情報通信業,,,,,,,,,,
5011001092582,ＧＭＯコマース株式会社,13:東京都,120人,G:情報通信業,https://www.gmo-c.jp/,,,,,,,,,
5011101082723,株式会社ＴｅｃｈＦａｍｉｌｙ,13:東京都,2人,G:情報通信業,,,,,,,,,,
5021001054747,コムテック株式会社,14:神奈川県,1648人,G:情報通信業,https://www.ct-net.co.jp/company/childcare/,,,,,,,,,
5020001014810,株式会社日立システムズエンジニアリングサービス,14:神奈川県,2124人,G:情報通信業,,,,,,,,,,
5020001028075,日本データスキル株式会社,14:神奈川県,519人,G:情報通信業,http://www.nds.co.jp,,,,,,,,,
5021001064259,株式会社ＰｏｌｉＰｏｌｉ,13:東京都,23人,G:情報通信業,,,,,,,,,,
5100001005339,使えるねっと株式会社,20:長野県,24人,G:情報通信業,https://www.tsukaeru.net,,,,,,,,,
6010401053929,株式会社ハイシンクジャパン,13:東京都,683人,G:情報通信業,,,,,,,,,,
6010001120773,株式会社ＣＮインターボイス,13:東京都,61人,G:情報通信業,,,,,,,,,,
6010001151703,株式会社ＨＥＲＯ　ｉｎｎｏｖａｔｉｏｎ,40:福岡県,153人,G:情報通信業,,,,,,,,,,
5120001092169,株式会社プロトリオス,27:大阪府,127人,G:情報通信業,,,,,,,,,,
5120001209243,株式会社Ｍｉｃｏ,27:大阪府,226人,G:情報通信業,https://mico-inc.com/,,,,,,,,,
5120001092383,株式会社ロココ,27:大阪府,604人,G:情報通信業,,,,,,,,,,
5120001117272,株式会社ＨＡＹＡＷＡＺＡ,13:東京都,22人,G:情報通信業,,,,,,,,,,
5180001031740,豊田通商システムズ株式会社,23:愛知県,500人,G:情報通信業,https://www.ttsystems.com/jp,,,,,,,,,
5220001006440,北陸放送株式会社,17:石川県,96人,G:情報通信業,,,,,,,,,,
5370001011434,株式会社トインクス,04:宮城県,798人,G:情報通信業,https://www.toinx.co.jp/,,,,21.0%/29.0%/14.0%,,,,,
6180001039378,株式会社デンソークリエイト,23:愛知県,313人,G:情報通信業,,,,,,,,,,
5410001011603,株式会社コンダクター,05:秋田県,13人,G:情報通信業,,,,,,,,,,
6010001018919,株式会社小学館,13:東京都,774人,G:情報通信業,,,,,,,,,,
6010001015081,株式会社ＱＵＩＣＫ　Ｅ‐Ｓｏｌｕｔｉｏｎｓ,13:東京都,224人,G:情報通信業,,,,,,,,,,
6010001121012,ナショナルソフトウェア株式会社,13:東京都,328人,G:情報通信業,https://www.nationalsoftware.co.jp/,,,,,,,,,
6010001181808,ＵｉＰａｔｈ株式会社,13:東京都,250人,G:情報通信業,https://www.uipath.com/ja,,,,,,,,,
6010401036207,クレスコ・イー・ソリューション株式会社,13:東京都,155人,G:情報通信業,,,,,,,,,,
6010401043789,株式会社テレビ東京コミュニケーションズ,13:東京都,96人,G:情報通信業,,,,,,,,,,
6010001247187,株式会社ＳＴＥＬＡＱ,13:東京都,204人,G:情報通信業,https://stelaq.co.jp,,,,,,,,,
6010401095632,エリクソン・ジャパン株式会社,13:東京都,1117人,G:情報通信業,,,,,,,,,,
6010401091012,ＮＴＴドコモビジネスデータ株式会社,13:東京都,135人,G:情報通信業,,,,,,,,,,
6011001038345,ＧＭＯプロダクトプラットフォーム株式会社,13:東京都,10人,G:情報通信業,,,,,,,,,,
6010701027558,株式会社メルカリ,13:東京都,2101人,G:情報通信業,,,,,,,,,,
6010401153571,株式会社ＴＢＳアクト,13:東京都,1304人,G:情報通信業,,,,,,,,,,
6020001028371,株式会社ハイマックス,14:神奈川県,881人,G:情報通信業,https://www.himacs.jp/,,,,,,,,,
6011101025078,株式会社ツリーベル,13:東京都,800人,G:情報通信業,https://www.treebell.co.jp/index.html,https://www.treebell.co.jp/recruit/,,,,1:有,1:有,1:有,1:有,
8020001020723,株式会社ソフィックス,14:神奈川県,134人,G:情報通信業,,,,,,,,,,
6012301005910,株式会社マネージビジネス,13:東京都,105人,G:情報通信業,,,,,,,,,,
6011701019462,株式会社ＴＯＹＯＤＡＴＡ,13:東京都,11人,G:情報通信業,,,,,,,,,,
6040001138607,ＦＵＬＬＡＬＬＧＯＬ株式会社,12:千葉県,108人,G:情報通信業,,,,,,,,,,
6110001005295,株式会社マルゴシステム,15:新潟県,49人,G:情報通信業,http://www.marugo-system.co.jp/,https://job.career-tasu.jp/2024/icorp/00073767/,1人/0人/1人,0人/0人/0人,,1:有,1:有,1:有,1:有,
6180001038974,スターキャット株式会社,23:愛知県,241人,G:情報通信業,http://www.starcat.co.jp,,,,,,,,,
6180301017380,デンソーテクノ株式会社,23:愛知県,3288人,G:情報通信業,http://www.densotechno.co.jp/,,,,,,,,,
6180001150168,株式会社ａｉ－ｓｏｕｍｕ,23:愛知県,1人,G:情報通信業,,,,,,,,,,
6250001009332,山口放送株式会社,35:山口県,119人,G:情報通信業,http://kry.co.jp,,,,,,,,,
6280001000255,株式会社山陰中央新報社,32:島根県,265人,G:情報通信業,,,,,,,,,,
6240001011297,株式会社ミウラ,34:広島県,438人,G:情報通信業,https://kkmiura.com/company/actionplan/,,,,,,,,,
9011301002989,株式会社シオン,13:東京都,4人,G:情報通信業,,,,,,,,,,
6500001002963,南海放送株式会社,38:愛媛県,116人,G:情報通信業,https://www.rnb.co.jp/,,,,,,,,,
6390003001538,Ｓ．Ｅ．Ｏｎｅｔｏｐ合同会社,06:山形県,2人,G:情報通信業,,,,,,,,,,
6440001004652,株式会社ｉＤ,01:北海道,102人,G:情報通信業,http://www.intelligent-design.co.jp/,,,,,,,,,
7010001065142,ＮＴＴ株式会社,13:東京都,2950人,G:情報通信業,https://group.ntt/jp/,,,,,,,,,
7010001018703,株式会社時事通信社,13:東京都,1000人,G:情報通信業,https://www.jiji.co.jp/recruit/workstyle,,,,,,,,,
7010001086832,株式会社トラストシステム,13:東京都,281人,G:情報通信業,https://www.trustsystem.co.jp/company/company,,,,,,,,,
7010001145596,アユダンテ株式会社,13:東京都,69人,G:情報通信業,,,,,,,,,,
7010401074602,株式会社ＪＰメディアダイレクト,13:東京都,210人,G:情報通信業,,,,,,,,,,
7010401054281,株式会社ＢＲＥＸＡ　Ｃｏｍｍｕｎｉｃａｔｉｏｎｓ,13:東京都,1400人,G:情報通信業,,,,,,,,,,
7010001157823,株式会社ミラボ,13:東京都,130人,G:情報通信業,https://mi-labo.co.jp/,,,,,,,,,
7010401162324,スパイラル株式会社,13:東京都,598人,G:情報通信業,,,,,,,,,,
7011101008362,株式会社シー・アイ・シー,13:東京都,214人,G:情報通信業,https://www.cic.co.jp/,,,,,,,,,
7011001035606,株式会社ファンコミュニケーションズ,13:東京都,447人,G:情報通信業,,,,,,,,,,
7011105002089,独立行政法人統計センター,13:東京都,904人,G:情報通信業,https://www.nstac.go.jp/release/project.html,,,,,,,,,
7010701034132,Ｕｂｉｅ株式会社,13:東京都,239人,G:情報通信業,,,,,,,,,,
7011001016597,イッツ・コミュニケーションズ株式会社,13:東京都,649人,G:情報通信業,,,,,,,,,,
7010801020866,株式会社ＡＰＰＬＩＬＡＢ,13:東京都,22人,G:情報通信業,,https://www.green-japan.com/company/9570/job/291964,2人/3人/9人,2人/3人/2人,,1:有,1:有,1:有,1:有,
7011001108741,株式会社コジマプロダクション,13:東京都,230人,G:情報通信業,,,,,,,,,,
7013201018266,株式会社ヒッツカンパニー,13:東京都,157人,G:情報通信業,https://www.hits-company.co.jp/,,,,,,,,,
7030001013074,株式会社ＣＰＳ,11:埼玉県,65人,G:情報通信業,,,,,,,,,,
7021001009732,富士ソフト企画株式会社,14:神奈川県,320人,G:情報通信業,,,,,,,,,,
7012401000521,国際ソフトウェア株式会社,13:東京都,234人,G:情報通信業,https://www.ksw.co.jp/,,,,,,,,,
7013301014017,株式会社パピレス,13:東京都,107人,G:情報通信業,,,,,,,,,,
7120001075907,株式会社エムケイシステム,27:大阪府,121人,G:情報通信業,https://www.mks.jp/company/,,,,,,,,,
7190001010568,株式会社松阪電子計算センター,24:三重県,310人,G:情報通信業,https://www.matsusaka.co.jp/effort.html,,,,,,,,,
7180001022382,東邦ガス情報システム株式会社,23:愛知県,227人,G:情報通信業,http://www.togis.co.jp/,,,,,,,,,
7180001056397,株式会社ＩＴＡＧＥ,23:愛知県,127人,G:情報通信業,http://www.itage.co.jp/,https://job.mynavi.jp/27/pc/search/corp214357/outline.html,0人/0人/0人,0人/0人/0人,,1:有,1:有,1:有,1:有,
7220001006208,株式会社北國新聞社,17:石川県,324人,G:情報通信業,https://www.hokkoku.co.jp/,,,,,,,,,
7320002000100,有限会社大分合同新聞社,44:大分県,330人,G:情報通信業,https://www.oita-press.co.jp/kodokeikaku,,,,,,,,,
7290001006977,株式会社ＱＴｎｅｔ,40:福岡県,1136人,G:情報通信業,http://www.qtnet.co.jp/,,,,,,,,,
7360001008875,株式会社スピア,47:沖縄県,35人,G:情報通信業,http://www.spia.co.jp,,1人/0人/2人,0人/0人/2人,,1:有,0:無,1:有,1:有,
7430001029022,株式会社ファイバーゲート,01:北海道,218人,G:情報通信業,,,,,,,,,,
8010401019705,ＴＯＰＰＡＮシステムインテグレーション株式会社,13:東京都,2382人,G:情報通信業,,,,,,,,,,
8010401088972,株式会社ココペリ,13:東京都,96人,G:情報通信業,https://www.kokopelli-inc.jp/,,,,,,,,,
8010401052268,アドソル日進株式会社,13:東京都,619人,G:情報通信業,https://www.adniss.jp/,,,,,,,,,
8010001118865,ＳｐｉｒｅＸ株式会社,13:東京都,315人,G:情報通信業,,,,,,,,,,
8010001133138,イデア・コンサルティング株式会社,13:東京都,190人,G:情報通信業,https://www.ideacns.co.jp/,,,,,,,,,
8010001072492,株式会社プレジデント社,13:東京都,124人,G:情報通信業,,,,,,,,,,
8010001077112,ディーコム株式会社,13:東京都,160人,G:情報通信業,,,,,,,,,,
8010601042812,株式会社フジ・ネクステラ・ラボ,13:東京都,222人,G:情報通信業,https://www.fnl.co.jp/,,,,,,,,,
8011001021778,株式会社ホビージャパン,13:東京都,150人,G:情報通信業,,,,,,,,,,
8010601049329,株式会社リガーレジャパン,13:東京都,35人,G:情報通信業,https://rigarejapan.co.jp/,,,,,,,,,
8011001073076,株式会社トラストバンク,13:東京都,271人,G:情報通信業,,,,,,,,,,
8011001034111,日本デジタル配信株式会社,13:東京都,115人,G:情報通信業,,,,,,,,,,
8011001121909,株式会社クラス,13:東京都,146人,G:情報通信業,https://clas.style/,,,,,,,,,
8013201019057,ＮＴＴデータソフィア株式会社,13:東京都,790人,G:情報通信業,https://www.nttdsofia.co.jp/,,,,,,,,,
8011301018061,ＭＳ＆ＡＤシステムズ株式会社,13:東京都,1841人,G:情報通信業,https://www.ms-ad-systems.com/,,,,,,,,,
8011201014326,株式会社スタイル・エッジ,13:東京都,345人,G:情報通信業,https://styleedge.co.jp/about/company/,,,,,,,,,
8020001082235,株式会社リープ,13:東京都,36人,G:情報通信業,https://leapinc.co.jp/company.html,,,,,,,,,
8021001073067,株式会社ギグー,14:神奈川県,117人,G:情報通信業,,,,,,,,,,
8030001057574,株式会社タカインフォテクノ,11:埼玉県,212人,G:情報通信業,https://www.taka-infotechno.co.jp/,,,,,,,,,
8040001063472,株式会社エヌアイデイ,12:千葉県,1148人,G:情報通信業,http://www.nid.co.jp/,,,,,,,,,
9011001120991,Ｔｅｂｉｋｉ株式会社,13:東京都,200人,G:情報通信業,,,,,,,,,,
8110001004023,株式会社新潟日報社,15:新潟県,526人,G:情報通信業,https://www.niigata-nippo.co.jp/guide/actionplan/womanactivity.html,,,,,,,,,
8110001025226,株式会社トラス・テック,15:新潟県,51人,G:情報通信業,,,,,,,,,,
8120001046642,株式会社パワーハウス,27:大阪府,190人,G:情報通信業,https://www.power-h.co.jp/,,,,,,,,,
8120001063233,株式会社近宣,27:大阪府,141人,G:情報通信業,https://www.kinsen.co.jp,,,,,,,,,
8120001046444,ノバシステム株式会社,27:大阪府,547人,G:情報通信業,https://www.nova-system.com/,,,,,,,,,
8140001030280,カリーナシステム株式会社,28:兵庫県,82人,G:情報通信業,,,,,,,,,,
8180301013659,アイチ情報システム株式会社,23:愛知県,211人,G:情報通信業,,,,,,,,,,
8250001003052,株式会社宇部情報システム,35:山口県,500人,G:情報通信業,https://www.uis-inf.co.jp/,,,,,,,,,
8220001007989,株式会社イーネットソリューションズ,17:石川県,82人,G:情報通信業,https://www.enetsolutions.co.jp/,,,,,,,,,
8220001002008,株式会社金沢エンジニアリングシステムズ,17:石川県,146人,G:情報通信業,https://kanazawa-es.co.jp/,,,,,,,,,
8220001001455,株式会社ＮＴＴデータ北陸,17:石川県,196人,G:情報通信業,,,,,,,,,,
8290801003000,株式会社ニシコン,40:福岡県,176人,G:情報通信業,https://www.nckk.co.jp/,,,,,,,,,
8380001001547,株式会社福島民報社,07:福島県,322人,G:情報通信業,,,,,,,,,,
8360001000583,沖電グローバルシステムズ株式会社,47:沖縄県,155人,G:情報通信業,https://www.okiden-gs.co.jp/company/1647746533/,,,,,,,,,
9010001023222,株式会社電力計算センター,13:東京都,127人,G:情報通信業,https://www.dcc.co.jp/,,,,,,,,,
9010001086426,ＡＢＣシステム株式会社,13:東京都,310人,G:情報通信業,https://www.abcs.addo.co.jp/,,,,,,,,,
9010001101119,ビジネスエンジニアリング株式会社,13:東京都,580人,G:情報通信業,https://www.b-en-g.co.jp/jp/sustainability/initiatives/social.html,,,,,,,,,
9010001100847,株式会社アクティス,13:東京都,328人,G:情報通信業,,,,,,,,,,
9010101004717,株式会社日本テクノス,13:東京都,249人,G:情報通信業,,,,,,,,,,
9010001223243,弥生株式会社,13:東京都,790人,G:情報通信業,https://www.yayoi-kk.co.jp/,,,,,,,,,
9010001155370,ＣＴＷ株式会社,13:東京都,102人,G:情報通信業,https://ctw.inc/,https://jobs.ctw.inc/ja/,,,,,,,,
9010401018565,テクバン株式会社,13:東京都,1300人,G:情報通信業,,,,,,,,,,
9010601027473,株式会社サン・メルクス,13:東京都,97人,G:情報通信業,http://www.sunmelx.com/,,,,,,,,,
9010401023053,ＮＴＴデータフロンティア株式会社,13:東京都,902人,G:情報通信業,https://www.nttd-fr.com/company/dei.html,,,,,,,,,
9010401050510,株式会社日本カードネットワーク,13:東京都,298人,G:情報通信業,https://www.cardnet.co.jp/company/about.html,,,,,,,,,
9010401127309,株式会社ＬａｂＢａｓｅ,13:東京都,135人,G:情報通信業,,,,,,,,,,
9011101086407,エヌ・デーソフトウェア株式会社,06:山形県,600人,G:情報通信業,https://www.ndsoft.jp/,,,,,,,,,
9011201009845,イーソル株式会社,13:東京都,505人,G:情報通信業,https://www.esol.co.jp/,,,,,,,,,
9012401019691,株式会社日立ソリューションズ・テクノロジー,13:東京都,723人,G:情報通信業,https://www.hitachi-solutions-tech.co.jp/index.html,,,,,,,,,
9011101061475,ＩＮＳＩＧＨＴ　ＬＡＢ株式会社,13:東京都,112人,G:情報通信業,,,,,,,,,,
9011101033243,株式会社ビジョン,13:東京都,500人,G:情報通信業,,,,,,,,,,
9011001132789,株式会社リモートワーククラウド,13:東京都,1人,G:情報通信業,,,,,,,,,,
9011001040835,株式会社ドリーム・アーツ,13:東京都,230人,G:情報通信業,,,,,,,,,,
9020001029549,株式会社ワイイーシーソリューションズ,14:神奈川県,212人,G:情報通信業,http://www.yec.ne.jp/,,,,,,,,,
9020001024764,株式会社ヨコシネディーアイエー,14:神奈川県,110人,G:情報通信業,,,,,,,,,,
9070001007459,株式会社高崎共同計算センター,10:群馬県,330人,G:情報通信業,,,,,,,,,,
9020001071212,デル・テクノロジーズ株式会社,13:東京都,2950人,G:情報通信業,,,,,,,,,,
9020001095467,株式会社ヒノタマ,14:神奈川県,3人,G:情報通信業,,,,,,,,,,
9080101007028,株式会社ドゥシステム,22:静岡県,145人,G:情報通信業,,,,,,,,,,
9130001000572,株式会社ＫＹＯＳＯ,26:京都府,507人,G:情報通信業,http://www.kyoso.co.jp/,,,,,,,,,
9180001094206,日鉄ソリューションズ中部株式会社,23:愛知県,283人,G:情報通信業,,,,,,,,,,
9210001015208,福井コンピュータスマート株式会社,18:福井県,127人,G:情報通信業,,,,,,,,,,
9260001003257,株式会社システムズナカシマ,33:岡山県,159人,G:情報通信業,http://www.systems.nakashima.co.jp/,,,,,,,,,
9260001014510,ピープルソフトウェア株式会社,33:岡山県,147人,G:情報通信業,https://pscsrv.co.jp/,,,,,,,,,
8180001106886,クオリア株式会社,23:愛知県,6人,G:情報通信業,,,,,,,,,,
9280001003197,株式会社シーエスエー,32:島根県,56人,G:情報通信業,https://recruit.raiden.co.jp,https://recruit.raiden.co.jp/,2人/4人/5人,0人/0人/1人,,1:有,1:有,1:有,1:有,
8210001002891,福井コンピュータホールディングス株式会社,18:福井県,95人,G:情報通信業,,,,,,,,,,
2011001114018,ＳＥＡＳ株式会社,13:東京都,12人,G:情報通信業,,,,,,,,,,
2010703003453,ブリューワールド合同会社,13:東京都,7人,G:情報通信業,,,,,,,,,,
9400001000033,株式会社アイビーシー岩手放送,03:岩手県,111人,G:情報通信業,http://www.ibc.co.jp,,,,,,,,,
2010701042040,ＭＵＳＶＩ株式会社,13:東京都,15人,G:情報通信業,,,,,,,,,,
6011001125548,ＳＡＬＥＳＣＯＲＥ株式会社,13:東京都,73人,G:情報通信業,https://corp.salescore.jp/,,,,,,,,,
2010001070072,株式会社エヌジーシー,13:東京都,70人,G:情報通信業,https://www.ngc-ngc.jp/,,,,,,,,,
2010401130830,株式会社ＡＮＤＥＮＴ,13:東京都,52人,G:情報通信業,https://stu.inc/,,,,,,,,,
2011001147356,株式会社ラパンコード,13:東京都,22人,G:情報通信業,https://lupinchord.com/?page_id=33,,,,,,,,,
2010001101455,ネイチャーインサイト株式会社,13:東京都,214人,G:情報通信業,,,,,,,,,,
2011001141128,株式会社ＮＥＸＸ,13:東京都,7人,G:情報通信業,,,,,,,,,,
2011001120932,株式会社チアード,13:東京都,2人,G:情報通信業,,,,,,,,,,
2010701029137,Ｖｉｓｏｌａｂ株式会社,13:東京都,6人,G:情報通信業,,,,,,,,,,
2011601015508,トゥモロー総研株式会社,13:東京都,7人,G:情報通信業,https://tomorrow-souken.com/,,,,,,,,,
2011601027131,ＫＩＤＺＫＩ株式会社,13:東京都,3人,G:情報通信業,https://www.kidzki.com/,,,,,,,,,
2280001003187,株式会社島根情報処理センター,32:島根県,89人,G:情報通信業,,https://www.sjc-inc.co.jp/recruit,5人/2人/3人,0人/0人/0人,,1:有,0:無,1:有,1:有,
3010601065371,株式会社ＷＡＶＥＥ,13:東京都,2人,G:情報通信業,,,,,,,,,,
3010401109114,株式会社ビーグリー,13:東京都,111人,G:情報通信業,,,,,,,,,,
3010401058559,株式会社メディアタージ,13:東京都,15人,G:情報通信業,,,,,,,,,,
8360001015276,株式会社ベリサーブ沖縄,47:沖縄県,185人,G:情報通信業,,,,,,,,,,
4011801035923,株式会社ベターソリューション,13:東京都,6人,G:情報通信業,http://bettersolution.jp/,,,,,,,,,
4010401098975,株式会社ボードルア,13:東京都,1200人,G:情報通信業,,,,,,,,,,
7110001028840,株式会社スマイルファーム,15:新潟県,7人,G:情報通信業,http://smile-farm.co.jp/,,,,,,,,,
7180001073194,株式会社ＨｏｍｅＰａｇｅＳｈｏｐ,23:愛知県,15人,G:情報通信業,https://hp-shop.co.jp/%e4%b8%80%e8%88%ac%e4%ba%8b%e6%a5%ad%e4%b8%bb%e8%a1%8c%e5%8b%95%e8%a8%88%e7%94%bb,,,,,,,,,
8011001120349,株式会社Ｌｉｎｃ’ｗｅｌｌ,13:東京都,208人,G:情報通信業,,,,,,,,,,
8011101086589,株式会社ＹＯＴＳＵＩＲＯ,13:東京都,3人,G:情報通信業,,,,,,,,,,
8011101066178,株式会社エイリム,13:東京都,102人,G:情報通信業,,,,,,,,,,
8011101052839,株式会社Ｋ＆Ｃファクトリー,13:東京都,44人,G:情報通信業,,,,,,,,,,
8290001090368,株式会社オケイオス,40:福岡県,2人,G:情報通信業,,,,,,,,,,
9011001067358,株式会社Ｊ－フィンテック,13:東京都,6人,G:情報通信業,https://www.j-fth.jp/,,,,,,,,,
8370001013931,トライポッドワークス株式会社,04:宮城県,54人,G:情報通信業,,,,,,,,,,
8380001008162,株式会社ＮＣＥ,07:福島県,105人,G:情報通信業,https://nce.co.jp/company/kodo-keikaku/,,,,,,,,,
1010001100425,株式会社ぎょうせい,13:東京都,713人,G:情報通信業,https://gyosei.jp/,,,,,,,,,
1010001121776,コーディア株式会社,13:東京都,20人,G:情報通信業,https://codia.co.jp/,,,,,,,,,
1010401025478,株式会社フェアーウェイ,13:東京都,30人,G:情報通信業,http://www.fairway-corp.co.jp/,,,,,,,,,
1010001026918,株式会社テレコムスクエア,13:東京都,111人,G:情報通信業,https://www.telecomsquare.net/aboutus/ge_actionplan/,,,,,,,,,
1010001159494,株式会社Ｐｒｅｆｅｒｒｅｄ　Ｎｅｔｗｏｒｋｓ,13:東京都,436人,G:情報通信業,https://www.preferred.jp/ja/,,,,,,,,,
1010001194260,ＢＥＡＵＴＥＣＨ株式会社,13:東京都,23人,G:情報通信業,,,,,,,,,,
1010002048317,有限会社ウニコ,13:東京都,50人,G:情報通信業,,,,,,,,,,
2180002058050,有限会社松本電波家本舗,23:愛知県,50人,G:情報通信業,,,,,,,,,,
1010401083212,ＳＡＳ　Ｉｎｓｔｉｔｕｔｅ　Ｊａｐａｎ株式会社,13:東京都,289人,G:情報通信業,http://www.sas.com/jp,,,,,,,,,
1011001064429,株式会社ＰＬＡＹ,13:東京都,138人,G:情報通信業,,,,,,,,,,
1010401089812,株式会社３Ｆｉｌｍｓ,13:東京都,24人,G:情報通信業,,,,,,,,,,
1011001045750,株式会社アルコ,13:東京都,3人,G:情報通信業,https://www.alco.co.jp/about/,,,,,,,,,
1010501043792,株式会社ＩＶＲｙ,13:東京都,255人,G:情報通信業,https://ivry.jp/company/,,,,,,,,,
1010401053173,ロジザード株式会社,13:東京都,134人,G:情報通信業,https://www.logizard.co.jp/recruit/,,,,,,,,,
1011301008928,株式会社ヴァル研究所,13:東京都,159人,G:情報通信業,http://www.val.co.jp/,,,,,,,,,
1021001033060,ヒューマンズ・ネット株式会社,14:神奈川県,206人,G:情報通信業,,,,,,,,,,
9010001067748,株式会社角川アスキー総合研究所,13:東京都,185人,G:情報通信業,,,,,,,,,,
1120001096140,岩谷情報システム株式会社,27:大阪府,160人,G:情報通信業,https://www.iisnet.co.jp/,,,,,,,,,
1120001058058,株式会社シナプスイノベーション,27:大阪府,205人,G:情報通信業,http://www.synapse-i.jp/,,,,,,,,,
1120001042136,株式会社オートメーション．サービス,27:大阪府,142人,G:情報通信業,,,,,,,,,,
1120001143264,株式会社コンテナ,27:大阪府,23人,G:情報通信業,,,,,,,,,,
1110001030769,株式会社Ｍａｔｃｈｂｏｘ　Ｔｅｃｈｎｏｌｏｇｉｅｓ,15:新潟県,81人,G:情報通信業,,,,,,,,,,
1180001120340,株式会社ＺＩＺＡＩ,13:東京都,75人,G:情報通信業,https://zizai.co.jp/,,,,,,,,,
1240001009239,ヒロコン株式会社,34:広島県,27人,G:情報通信業,,https://www.hiro-con.co.jp/recruit/,0人/1人/3人,0人/0人/1人,,1:有,1:有,1:有,0:無,
1290001017278,株式会社リサーチアンドソリューション,40:福岡県,237人,G:情報通信業,http://www.rands-co.com,,,,,,,,,
1290801006819,株式会社ヴィンテージ,40:福岡県,34人,G:情報通信業,http://www.vintage.ne.jp/,,,,,,,,,
9010401039891,株式会社いい生活,13:東京都,210人,G:情報通信業,https://www.e-seikatsu.info/aboutUs/csr.html,,,,,,,,,
9010901002168,株式会社オー・エル・エム,13:東京都,217人,G:情報通信業,,,,,,,,,,
1360001030777,株式会社Ｇｌａｎ’ｚ,47:沖縄県,20人,G:情報通信業,,,,,,,,,,
1470001015222,メロディ・インターナショナル株式会社,37:香川県,19人,G:情報通信業,http://melody.international/,,,,,,,,,
9010901019600,株式会社ナターシャ,13:東京都,112人,G:情報通信業,,,,,,,,,,
2010401060466,株式会社インタラクティブ・コミュニケーション・デザイン,13:東京都,175人,G:情報通信業,https://www.icd.co.jp/,,,,,,,,,
2010001219272,資生堂インタラクティブビューティー株式会社,13:東京都,4人,G:情報通信業,,,,,,,,,,
2010001203714,株式会社ルトラ,13:東京都,157人,G:情報通信業,,,,,,,,,,
2010001084915,株式会社クオリティア,13:東京都,120人,G:情報通信業,,,,,,,,,,
2011101045864,株式会社ゼロメディカル,13:東京都,180人,G:情報通信業,https://zeromedical.tv/,,,,,,,,,
2010701003380,株式会社国際テクノロジーセンター,13:東京都,135人,G:情報通信業,http://www.ktcc.co.jp/,,,,,,,,,
2011101037985,株式会社キーマネジメントソリューションズ,13:東京都,330人,G:情報通信業,http://www.kyms.co.jp/,,,,,,,,,
2011101070788,株式会社ＣｕｒｅＡｐｐ,13:東京都,134人,G:情報通信業,,,,,,,,,,
2011002036500,有限会社ファンキー・コープ,13:東京都,12人,G:情報通信業,,,,,,,,,,
2011001055815,キャリアフィールド株式会社,13:東京都,8人,G:情報通信業,,,,,,,,,,
2012701001447,株式会社商工中金情報システム,13:東京都,200人,G:情報通信業,https://www.shochu-comp.co.jp/,,,,,,,,,
7011001068275,アイユー株式会社,13:東京都,6人,G:情報通信業,,,,,,,,,,
2020001071375,エヌアイシー・ネットシステム株式会社,13:東京都,150人,G:情報通信業,,,,,,,,,,
1010701044120,株式会社Ｌｅａｐｓｅｃ,13:東京都,2人,G:情報通信業,,,,,,,,,,
5010601024474,株式会社ピア,13:東京都,22人,G:情報通信業,,,,,,,,,,
9011201001117,株式会社海洋先端技術研究所,13:東京都,11人,G:情報通信業,,,,,,,,,,
2220001000603,株式会社ＩＣＣサービスセンター,17:石川県,76人,G:情報通信業,https://www.isc.co.jp/,,,,,,,,,
2340001000657,株式会社エム・ディ・エス,46:鹿児島県,120人,G:情報通信業,https://www.kk-mds.jp/,,,,,,,,,
2340003001570,合同会社ＷＡＬＫ　ＩＮＮ　ＳＴＵＤＩＯ,46:鹿児島県,4人,G:情報通信業,,,,,,,,,,
3010001033086,株式会社日本経済新聞社,13:東京都,3186人,G:情報通信業,http://www.nikkei.co.jp/nikkeiinfo/,,,,,,,,,
3010001019663,システム・アナライズ株式会社,13:東京都,104人,G:情報通信業,https://www.sacn.co.jp/,,,,,,,,,
9070001001511,システム・アルファ株式会社,10:群馬県,265人,G:情報通信業,https://www.system-alpha.co.jp/,,,,,,,,,
3011101034313,インフォテック・サービス株式会社,13:東京都,458人,G:情報通信業,http://www.iftc-svc.co.jp/,,,,72.0%/74.0%/50.0%,,,,,
3010401089133,キヤノン電子テクノロジー株式会社,13:東京都,428人,G:情報通信業,http://www.canon-electec.co.jp/,,,,,,,,,
3012701002527,株式会社マークス,13:東京都,332人,G:情報通信業,http://www.marksnet.co.jp/,,,,,,,,,
3011101065465,ｍｏｎｏＡＩ　ｔｅｃｈｎｏｌｏｇｙ株式会社,28:兵庫県,110人,G:情報通信業,,,,,,,,,,
3060001022142,株式会社Ａｉ．Ｃｏｎｎｅｃｔ,09:栃木県,41人,G:情報通信業,,,,,,,,,,
3040001076396,株式会社アオラ,13:東京都,55人,G:情報通信業,,,,,,,,,,
3080001005698,株式会社リバティー,22:静岡県,315人,G:情報通信業,,,,,,,,,,
3080401005901,株式会社ロジック,22:静岡県,43人,G:情報通信業,http://logic-soft.jp,,,,,,,,,
3220003001441,アグリゲーション合同会社,17:石川県,16人,G:情報通信業,https://aggshop.net/,,,,,,,,,
3180001046666,株式会社エヌ・メルクス,23:愛知県,120人,G:情報通信業,https://ssl.nmerx.co.jp,,,,,,,,,
3180001054636,株式会社東海理化アドバンスト,23:愛知県,131人,G:情報通信業,,,,,,,,,,
3220001000949,株式会社石川コンピュータ・センター,17:石川県,444人,G:情報通信業,https://www.icc.co.jp/,,,,19.0%/13.3%/4.8%,,,,,
3340001008708,株式会社盛岡電工,46:鹿児島県,175人,G:情報通信業,http://morioka-denkou.co.jp,,,,,,,,,
4010001068635,株式会社エーティケー,13:東京都,42人,G:情報通信業,https://www.a-tk.co.jp/,,,,,,,,,
3380001022878,株式会社プレイノベーション,07:福島県,14人,G:情報通信業,,,,,,,,,,
3430001025025,株式会社ハ・ン・ド,01:北海道,174人,G:情報通信業,http://www.hand.co.jp,,,,,,,,,
3430001073742,Ｓｅｐｔｅｎｉ　Ａｄ　Ｃｒｅａｔｉｖｅ株式会社,01:北海道,113人,G:情報通信業,https://www.septeni-adcreative.co.jp/,,,,,,,,,
4010001050832,株式会社ティ・アイ・ディ,13:東京都,192人,G:情報通信業,https://www.tid.co.jp,,,,,,,,,
4010001091991,株式会社インテリジェントウェイブ,13:東京都,492人,G:情報通信業,https://www.iwi.co.jp/,,,,,,,,,
4010001089490,ネット・インフォメーション株式会社,13:東京都,211人,G:情報通信業,https://www.netinf.co.jp/company/sdgs.html,,,,,,,,,
4010001131525,株式会社スタディスト,13:東京都,284人,G:情報通信業,,,,,,,,,,
4010001024761,株式会社トランスネット,13:東京都,220人,G:情報通信業,https://www.tni.co.jp/activities,,,,,,,,,
4010001173996,株式会社ＢｅｅＸ,13:東京都,184人,G:情報通信業,https://www.beex-inc.com/careers_talk-session/01,,,,,,,,,
4020001143461,株式会社イテラソリューションズ,14:神奈川県,15人,G:情報通信業,,,,,,,,,,
4010001220641,Ｔｕｒｉｎｇ株式会社,13:東京都,83人,G:情報通信業,https://tur.ing/,,,,,,,,,
4010501037775,株式会社イーサン,13:東京都,9人,G:情報通信業,http://www.ethan.co.jp/,,,,,,,,,
4010401133534,ＴＸＰ　Ｍｅｄｉｃａｌ株式会社,13:東京都,80人,G:情報通信業,,,,,,,,,,
4010901050626,株式会社Ｆｉｖｅ,13:東京都,7人,G:情報通信業,https://five-inc.co.jp/,,,,,,,,,
4020001061110,株式会社コーエーテクモホールディングス,14:神奈川県,2489人,G:情報通信業,http://www.koeitecmo.co.jp/,,,,,,,,,
4012701009298,ブリヂストンソフトウェア株式会社,13:東京都,304人,G:情報通信業,https://www.bsw.co.jp/,,,,,,,,,
4011101062395,株式会社サムライ・アドウェイズ,13:東京都,27人,G:情報通信業,,,,,,,,,,
4011101011096,Ｚｅｎｋｅｎ株式会社,13:東京都,448人,G:情報通信業,https://www.zenken.co.jp/,https://recruit.zenken.co.jp/,,,,1:有,1:有,0:無,0:無,
4011001097376,株式会社ＲＯＸＸ,13:東京都,335人,G:情報通信業,https://roxx.co.jp/,,,,,,,,,
4021001048378,株式会社ＨｏｍｅＧｒｏｗｉｎ,14:神奈川県,58人,G:情報通信業,http://homegrowin.jp/,,,,,,,,,
4180001101916,エム・ユー・ティ・ビジネスアウトソーシング株式会社,23:愛知県,119人,G:情報通信業,,,,,,,,,,
4240001009384,株式会社広島情報シンフォニー,34:広島県,176人,G:情報通信業,http://www.symphony.co.jp/,,,,,,,,,
4290001023926,ＴＩＳ西日本株式会社,40:福岡県,206人,G:情報通信業,https://www.tis-w.co.jp/,,,,,,,,,
4300001005600,名村情報システム株式会社,41:佐賀県,176人,G:情報通信業,,,,,,,,,,
5010401054663,株式会社ＲＪＣ,13:東京都,99人,G:情報通信業,,,,,,,,,,
5010001087865,ＮＴＴインテグレーション株式会社,13:東京都,1027人,G:情報通信業,https://www.niandc.co.jp/,,,,,,,,,
5010001133116,インパクトＭ株式会社,13:東京都,12人,G:情報通信業,https://www.impactm.co.jp/,,,,,,,,,
5010401048905,株式会社アイネスリレーションズ,13:東京都,475人,G:情報通信業,,,,,,,,,,
5010401141866,ネクストゲート株式会社,13:東京都,12人,G:情報通信業,,,,,,,,,,
5010401064737,株式会社ビッグエムズワイ,13:東京都,123人,G:情報通信業,,,,,,,,,,
5010001215839,アイティクスシステム株式会社,13:東京都,8人,G:情報通信業,,,,,,,,,,
5011101069539,株式会社ＮＴＴ東日本サービス,13:東京都,3745人,G:情報通信業,,,,,,,,,,
5011101010403,株式会社ＮＴＴデータ数理システム,13:東京都,140人,G:情報通信業,https://www.msi.co.jp/,,,,,,,,,
5011001091576,株式会社ＡＢＥＪＡ,13:東京都,133人,G:情報通信業,https://abejainc.com/ja,,,,,,,,,
5011001133238,株式会社プラットワークス,13:東京都,120人,G:情報通信業,,,,,,,,,,
5011101040334,株式会社セキュア,13:東京都,107人,G:情報通信業,,,,,,,,,,
5011001146842,株式会社ＭＥＤＶＥＲＳＥ,13:東京都,0人,G:情報通信業,,,,,,,,,,
5011001058352,アークモバイル株式会社,13:東京都,10人,G:情報通信業,,,,,,,,,,
5012702013389,株式会社イングリウッド,13:東京都,356人,G:情報通信業,https://inglewood.co.jp,,,,,,,,,
5120001141652,シックスウェブコンサルティング株式会社,27:大阪府,0人,G:情報通信業,,,,,,,,,,
5180001040163,株式会社ファルコン,23:愛知県,30人,G:情報通信業,,,,,,,,,,
5180003009644,株式会社オンザロード,23:愛知県,21人,G:情報通信業,https://www.otr-jp.com,,,,,,,,,
5240001009508,広島テレビ放送株式会社,34:広島県,136人,G:情報通信業,,,,,,,,,,
5210001016390,株式会社江守情報,18:福井県,147人,G:情報通信業,https://www.i-emori.co.jp/,,,,,,,,,
5220001002035,金沢ケーブル株式会社,17:石川県,46人,G:情報通信業,,,,,,,,,,
5290001010106,フォーサイトシステム株式会社,40:福岡県,471人,G:情報通信業,https://www.foresight.co.jp/,,,,,,,,,
5270001000307,株式会社新日本海新聞社,31:鳥取県,258人,G:情報通信業,,,,,,,,,,
5260001008508,エクシードシステム株式会社,33:岡山県,82人,G:情報通信業,,,,,,,,,,
6010001025741,株式会社日経リサーチ,13:東京都,272人,G:情報通信業,,,,,,,,,,
6010401087200,Ｈａｐｐｙ　Ｅｌｅｍｅｎｔｓ株式会社,26:京都府,315人,G:情報通信業,,,,,92%/97%/88%,,,,,
6010001184620,ギリア株式会社,13:東京都,75人,G:情報通信業,,,,,,,,,,
6010701025982,キヤノンＩＴソリューションズ株式会社,13:東京都,4258人,G:情報通信業,http://www.canon-its.co.jp/,,,,,,,,,
6011101041752,株式会社プライムクロス,13:東京都,212人,G:情報通信業,https://www.prime-x.co.jp/,,,,,,,,,
6010601048555,株式会社ＵＲシステムズ,13:東京都,101人,G:情報通信業,,,,,,,,,,
6010601032955,株式会社ピーシーキッド,13:東京都,60人,G:情報通信業,,,,,,,,,,
6010901038990,株式会社プラスジャム,13:東京都,11人,G:情報通信業,https://plusjam.jp/,,,,,,,,,
6020001077121,株式会社中央コンピュータシステム,13:東京都,950人,G:情報通信業,https://www.c-com.co.jp/,,,,0.1%/2.4%/1.8%,,,,,
6011501006529,株式会社サーベイリサーチセンター,13:東京都,804人,G:情報通信業,http://www.surece.co.jp/,,,,,,,,,
6020001015634,株式会社ＮＢＥ,14:神奈川県,272人,G:情報通信業,http://www.nbe.co.jp,,,,,,,,,
6020001029691,株式会社ＹＳＬソリューション,14:神奈川県,413人,G:情報通信業,https://www.ysl.co.jp/,,,,,,,,,
3290001037753,株式会社ＨＳＤ,40:福岡県,5人,G:情報通信業,,,,,,,,,,
6040001049985,株式会社アライヴネットワーク,12:千葉県,1人,G:情報通信業,http://www.alivenetwork.jp/index.html,,,,,,,,,
6070001036519,ＲＯＳＣＡ株式会社,13:東京都,27人,G:情報通信業,,,,,,,,,,
3220001017183,株式会社システム創造研究所,17:石川県,13人,G:情報通信業,,,,,,,,,,
6140003009044,合同会社甲南キッチン,28:兵庫県,13人,G:情報通信業,https://kohnan-kitchen.net,,,,,,,,,
6180001053759,株式会社イークリエイト,23:愛知県,50人,G:情報通信業,http://www.e-create.jp,,,,,,,,,
6180001055739,株式会社ブレイン・ゲート,23:愛知県,223人,G:情報通信業,http://www.braingate.co.jp,,,,,,,,,
6180001065151,株式会社コネクティボ,23:愛知県,19人,G:情報通信業,https://www.conextivo.com/,,,,,,,,,
2430001087710,株式会社ＬｅｅＬ,01:北海道,16人,G:情報通信業,,,,,,,,,,
6220001002760,株式会社コスモビジネス,17:石川県,45人,G:情報通信業,http://www.csn.co.jp/cb/,,,,,,,,,
6220001026074,株式会社システムサポート,17:石川県,1370人,G:情報通信業,https://www.sts-inc.co.jp,,,,,,,,,
6240001005753,株式会社第一学習社,34:広島県,343人,G:情報通信業,http://www.daiichi-g.co.jp,,,,,,,,,
6240001007304,株式会社テレビ新広島,34:広島県,128人,G:情報通信業,http://www.tss-tv.co.jp/,,,,,,,,,
6290001021770,株式会社レベルファイブ,40:福岡県,315人,G:情報通信業,,,,,,,,,,
6430001022465,株式会社北海道日立システムズ,01:北海道,384人,G:情報通信業,https://www.hokkaido-hitachi-systems.co.jp/,,,,,,,,,
8040001009723,株式会社アクティブブレインズ,12:千葉県,5人,G:情報通信業,,,,,,,,,,
7010001002252,株式会社群羊社,13:東京都,1人,G:情報通信業,,,,,,,,,,
7010401003890,株式会社エーエスエル,13:東京都,550人,G:情報通信業,http://www.asl.co.jp/,,,,,,,,,
7010601037648,株式会社ジャノメクレディア,13:東京都,207人,G:情報通信業,,,,,,,,,,
7011101056568,株式会社ダブルキャスト,13:東京都,8人,G:情報通信業,,,,,,,,,,
7010701028670,株式会社ダイアログ,13:東京都,100人,G:情報通信業,http://www.dialog-inc.com/,,,,,,,,,
7010401143695,ペイトナー株式会社,13:東京都,21人,G:情報通信業,,,,,,,,,,
7010701029792,株式会社ＳＥＡ,13:東京都,79人,G:情報通信業,https://sea-itsoft.com/,,,,,,,,,
7010401098601,株式会社協栄情報,13:東京都,315人,G:情報通信業,https://www.cp-info.co.jp/,,,,,,,,,
1010001054555,株式会社ハタデコラティブアート,13:東京都,21人,G:情報通信業,,,,,,,,,,
7011001011268,株式会社白川プロ,13:東京都,275人,G:情報通信業,,,,,,,,,,
7013201012673,株式会社オロ,13:東京都,335人,G:情報通信業,https://www.oro.com/ja/,,,,,,,,,
7010801023464,株式会社サマー・スノウ,13:東京都,3人,G:情報通信業,,,,,,,,,,
7011001153572,ニンテンドーシステムズ株式会社,13:東京都,77人,G:情報通信業,,,,,,,,,,
7011201000780,エス・ビー・エス株式会社,13:東京都,119人,G:情報通信業,https://www.sbsnt.co.jp/,,,,,,,,,
7013301035450,イーライフシステム株式会社,13:東京都,12人,G:情報通信業,https://www.elifes.co.jp,,,,,,,,,
7120001093280,日本ソフトウエア株式会社,27:大阪府,123人,G:情報通信業,https://www.nsware.co.jp/,,,,,,,,,
7190001001096,株式会社ミエデン,24:三重県,561人,G:情報通信業,https://www.mieden.co.jp/,,,,,,,,,
7220001002751,株式会社コスモサミツト,17:石川県,164人,G:情報通信業,http://www.csn.co.jp/,,,,,,,,,
1240001006946,株式会社中建日報社,34:広島県,15人,G:情報通信業,,,,,,,,,,
7200001025606,三井金属ユアソフト株式会社,21:岐阜県,180人,G:情報通信業,http://www.mitsui-kinzoku.co.jp/group/yoursoft/,,,,,,,,,
7180001124113,株式会社ＧＥクリエイティブ,23:愛知県,180人,G:情報通信業,https://mghd.ge-creative.co.jp/,,,,,,,,,
8110001030606,株式会社クーネルワーク,15:新潟県,37人,G:情報通信業,https://cunelwork.co.jp/,,,,,,,,,
7280001002473,ＴＳＫエンタープライズＤＣ株式会社,32:島根県,51人,G:情報通信業,,,,,,,,,,
7330001000364,株式会社イノス,43:熊本県,137人,G:情報通信業,http://www.inos.co.jp,,,,,,,,,
7360001018833,株式会社Ｐａｙｋｅ,47:沖縄県,20人,G:情報通信業,https://payke.co.jp/,,,,,,,,,
7370001006432,株式会社東北電子計算センター,04:宮城県,240人,G:情報通信業,,,,,,,,,,
7500001000231,株式会社いよぎんコンピュータサービス,38:愛媛県,211人,G:情報通信業,,,,,,,,,,
7430001022225,株式会社ＮＴＴデータ北海道,01:北海道,316人,G:情報通信業,https://www.nttdata-hokkaido.co.jp/,,,,,,,,,
8010001117875,プルデンシャル・ジャパン・テクノロジー株式会社,13:東京都,252人,G:情報通信業,https://pjtech.prudential.com/,,,,,,,,,
8010101001161,ゲンダイエージェンシー株式会社,13:東京都,202人,G:情報通信業,http://www.gendai-a.co.jp/,,,,,,,,,
8010401022320,株式会社ＮＴＴデータビジネスブレインズ,13:東京都,286人,G:情報通信業,http://www.nttd-bb.com/,,,,,,,,,
8010001102588,株式会社キャドセンター,13:東京都,164人,G:情報通信業,,,,,,,,,,
8010001208798,ａｖａｔａｒｉｎ株式会社,13:東京都,94人,G:情報通信業,https://about.avatarin.com/,,,,,,,,,
8010001146156,株式会社地元カンパニー,20:長野県,23人,G:情報通信業,,,,,,,,,,
8010001124087,株式会社アイ・エー・アイ,13:東京都,38人,G:情報通信業,,,,,,,,,,
8011101090970,ＮＥＷＪＩ株式会社,13:東京都,1人,G:情報通信業,https://company.newji.ai,,,,,,,,,
8010401113061,株式会社ＢｉｔＳｔａｒ,13:東京都,143人,G:情報通信業,https://corp.bitstar.tokyo/company/,,,,,,,,,
8010701012252,株式会社テクノマックス,13:東京都,238人,G:情報通信業,https://www.t-max.co.jp/,,,,,,,,,
8010601044643,グローバル・アスピレーションズ株式会社,13:東京都,21人,G:情報通信業,https://www.global-asp.co.jp,,,,,,,,,
8011101044489,株式会社ディバータ,13:東京都,33人,G:情報通信業,,,,,,,,,,
8011001120670,株式会社フライウィール,13:東京都,101人,G:情報通信業,,,,,,,,,,
8013301016292,アイビスジャパン株式会社,13:東京都,150人,G:情報通信業,,,,,,,,,,
8011801024088,株式会社日本技研プロフェッショナルアーキテクト,13:東京都,136人,G:情報通信業,,,,,,,,,,
8120001035166,株式会社ベイ・コミュニケーションズ,27:大阪府,159人,G:情報通信業,https://baycom.jp,,,,,,,,,
8140001047052,株式会社ＰＥＡＮＵＴＳ,28:兵庫県,9人,G:情報通信業,,,,,,,,,,
8130001021041,株式会社システムディ,26:京都府,303人,G:情報通信業,http://www.systemd.co.jp/,,,,,,,,,
2040003016319,合同会社ＣＪＣシステムズ,12:千葉県,2人,G:情報通信業,,,,,,,,,,
8340001002433,ソフトマックス株式会社,46:鹿児島県,246人,G:情報通信業,https://www.s-max.co.jp/company/sustainability/,,,,,,,,,
2010001196082,株式会社ＭａａＳ　Ｔｅｃｈ　Ｊａｐａｎ,13:東京都,11人,G:情報通信業,,,,,,,,,,
1013401001845,株式会社ＫＳＫ,13:東京都,1942人,G:情報通信業,https://www.ksk.co.jp/,,,,,,,,,
1430001021884,株式会社北海道キューブシステム,01:北海道,95人,G:情報通信業,,,,,,,,,,
1370001023334,ＳａｉＳプロダクション株式会社,04:宮城県,21人,G:情報通信業,https://saisproduction.com/,,,,,,,,,
2011103017102,合同会社ＡＲＵＯ,13:東京都,3人,G:情報通信業,,,,,,,,,,
3011101007450,株式会社サイバーウェア,13:東京都,27人,G:情報通信業,,,,,,,,,,
3010401185931,株式会社ギアソリューションズ,13:東京都,1人,G:情報通信業,,,,,,,,,,
3010401162352,株式会社ゼロボード,13:東京都,140人,G:情報通信業,,,,,,,,,,
3011001131879,株式会社Ｐｉｅ　Ｓｙｓｔｅｍｓ　Ｊａｐａｎ,13:東京都,110人,G:情報通信業,,,,,,,,,,
3220001013983,株式会社ファインゴール,17:石川県,15人,G:情報通信業,,,,,,,,,,
4013301024836,株式会社シーズコミュニケーションズ,13:東京都,18人,G:情報通信業,,,,,,,,,,
4010001089532,株式会社ぶんか社,13:東京都,142人,G:情報通信業,https://www.bunkasha.co.jp/,,,,,,,,,
5010401077565,アヴェイルテクノロジ株式会社,13:東京都,28人,G:情報通信業,,,,,,,,,,
5011101049375,株式会社ネイティブクリエイション,13:東京都,4人,G:情報通信業,,,,,,,,,,
6011101039301,ベンチュリーコンサルティング株式会社,13:東京都,41人,G:情報通信業,,,,,,,,,,
6010401197973,株式会社Ｌｉｎｋｔｉｅｒ,13:東京都,1人,G:情報通信業,https://www.linktier.io/,,,,,,,,,
6010001201458,日本トライスタイル株式会社,27:大阪府,23人,G:情報通信業,https://jpn-ts.co.jp/,,,,,,,,,
6011101046768,株式会社エキスパート,13:東京都,18人,G:情報通信業,,,,,,,,,,
6010001245918,株式会社安佑,13:東京都,2人,G:情報通信業,,,,,,,,,,
6011101062625,リバージ株式会社,13:東京都,4人,G:情報通信業,,,,,,,,,,
6012401040931,株式会社ｍｅｉｎｇ,13:東京都,1人,G:情報通信業,https://meing.dev,,,,,,,,,
7010001247946,株式会社マクロミル,13:東京都,1308人,G:情報通信業,http://www.macromill.com/,,,,,,,,,
7010401191983,株式会社ケアネット,13:東京都,217人,G:情報通信業,,,,,,,,,,
7030001124763,株式会社Ｘ‐ＨＡＣＫ,13:東京都,8人,G:情報通信業,,,,,,,,,,
7011101102289,株式会社Ｅｕｐｈｏｎａｕｔｓ,13:東京都,63人,G:情報通信業,,,,,,,,,,
7130001056393,ＡＮＮＡＩ株式会社,13:東京都,12人,G:情報通信業,,,,,,,,,,
8013201017985,株式会社ディグロス,13:東京都,245人,G:情報通信業,https://dgloss.co.jp/,,,,,,,,,
8011003010416,Ｒｉｍｏ合同会社,13:東京都,7人,G:情報通信業,https://rimo.app,,,,,,,,,
8020001041884,株式会社ドヴァ,14:神奈川県,40人,G:情報通信業,,,,,,,,,,
8120001244155,株式会社ＬＢ,27:大阪府,10人,G:情報通信業,,,,,,,,,,
8070003004521,合同会社高崎フードテック,10:群馬県,2人,G:情報通信業,,,,,,,,,,
8140001078774,株式会社ハーテック,28:兵庫県,10人,G:情報通信業,,,,,,,,,,
9010701029345,株式会社エニシアス,13:東京都,125人,G:情報通信業,,,,,,,,,,
9010901055249,ＣＬＯＶｉＺ株式会社,13:東京都,2人,G:情報通信業,https://www.cloviz.co.jp/ja/,,,,,,,,,
9040001124281,Ｍ＆Ｍ　Ｓｏｌｕｔｉｏｎｓ株式会社,12:千葉県,11人,G:情報通信業,,,,,,,,,,
1010701016549,三菱総研ＤＣＳ株式会社,13:東京都,2503人,G:情報通信業,https://www.dcs.co.jp/,,,,,,,,,
5010401032495,株式会社オープンドア,13:東京都,195人,G:情報通信業,http://www.opendoor.co.jp/,,,,,,,,,
2010001101026,株式会社ＪＳＯＬ,13:東京都,1418人,G:情報通信業,https://www.jsol.co.jp/company/sustainability/manage/wp/index.html,,,,,,,,,
2010001246985,富士ソフト株式会社,14:神奈川県,10158人,G:情報通信業,http://www.fsi.co.jp/index.html,,,,,,,,,
3010001008708,東宝株式会社,13:東京都,565人,G:情報通信業,,,,,,,,,,
7010401008700,株式会社クレスコ,13:東京都,1689人,G:情報通信業,http://www.cresco.co.jp,,,,,,,,,
