corporateNumber,company,prefecture,companySize,stratum,stratumPopulation,stratumSampled,populationWeight,homepageUrl,shokubaRecruitmentUrl
1010001010847,イー・アンド・エム株式会社,13:東京都,368人,300-999人 / 東京,277,277,1,http://www.eandm.co.jp/,
1010001012439,株式会社エフエム東京,13:東京都,124人,100-299人 / 東京,432,432,1,https://www.tfm.co.jp/company/profile/,
1010001012983,株式会社大塚商会,13:東京都,8673人,1000人以上 / 東京,147,147,1,https://www.otsuka-shokai.co.jp/,
1010001020788,株式会社世界文化ホールディングス,13:東京都,108人,100-299人 / 東京,432,432,1,https://recruit.sekaibunka.com/child/,
1010001022850,ＡＳロカス株式会社,12:千葉県,52人,30-99人 / 主要都市圏,188,188,1,https://www.as-locus.jp/,https://www.as-locus.jp/recruit/
1010001026595,株式会社パーフェクトマニージ,13:東京都,25人,10-29人 / 東京,299,299,1,https://www.perfect-m.co.jp,https://www.perfect-m.co.jp
1010001026918,株式会社テレコムスクエア,13:東京都,111人,100-299人 / 東京,432,432,1,https://www.telecomsquare.net/aboutus/ge_actionplan/,
1010001041784,株式会社教育評論社,13:東京都,4人,1-4人 / 東京,189,189,1,https://www.kyohyo.co.jp/,
1010001047369,株式会社主婦と生活社,13:東京都,180人,100-299人 / 東京,432,432,1,http://www.shufu.co.jp/,
1010001051437,株式会社東証コンピュータシステム,13:東京都,171人,100-299人 / 東京,432,432,1,https://www.tcs.co.jp/,
1010001051874,株式会社東洋経済新報社,13:東京都,327人,300-999人 / 東京,277,277,1,https://toyokeizai.net/,
1010001067912,株式会社ＮＴＴドコモ,13:東京都,13896人,1000人以上 / 東京,147,147,1,http://www.nttdocomo.co.jp/,
1010001073852,株式会社プロシップ,13:東京都,276人,100-299人 / 東京,432,432,1,http://www.proship.co.jp/,
1010001086672,テプコ・ソリューション・アドバンス株式会社,13:東京都,2392人,1000人以上 / 東京,147,147,1,https://www.tepco-sa.co.jp/ssl/,
1010001088256,株式会社エムズカンパニー,13:東京都,16人,10-29人 / 東京,299,299,1,https://msco.co.jp,
1010001091565,株式会社ワイズネット,13:東京都,4人,1-4人 / 東京,189,189,1,https://www.wize-net.co.jp/,
1010001098817,株式会社ＥＸＣＥＥＤ,13:東京都,72人,30-99人 / 東京,352,352,1,https://www.excd.jp/top,
1010001100425,株式会社ぎょうせい,13:東京都,713人,300-999人 / 東京,277,277,1,https://gyosei.jp/,
1010001101175,ジー・ブーン株式会社,13:東京都,70人,30-99人 / 東京,352,352,1,https://www.zeeboon.jp/,
1010001111678,株式会社カヤックアキバスタジオ,13:東京都,46人,30-99人 / 東京,352,352,1,http://akiba.kayac.studio/home/,
1010001118723,新日本コンピュータマネジメント株式会社,13:東京都,393人,300-999人 / 東京,277,277,1,https://www.scm-net.co.jp/,
1010001119093,株式会社ナレッジクリエーションテクノロジー,13:東京都,10人,10-29人 / 東京,299,299,1,https://www.jpkct.com/,
1010001121776,コーディア株式会社,13:東京都,20人,10-29人 / 東京,299,299,1,https://codia.co.jp/,
1010001126197,三菱ＵＦＪインフォメーションテクノロジー株式会社,13:東京都,2416人,1000人以上 / 東京,147,147,1,http://www.it.mufg.jp/,
1010001127179,株式会社ウマニティ,13:東京都,13人,10-29人 / 東京,299,299,1,https://umanity.jp/,
1010001128061,日本アイ・ビー・エム株式会社,13:東京都,9400人,1000人以上 / 東京,147,147,1,http://www.ibm.com/jp/ja/,
1010001132055,ＪＣＯＭ株式会社,13:東京都,15672人,1000人以上 / 東京,147,147,1,https://www.jcom.co.jp/corporate/sustainability/well_being/health/#attempt,
1010001132765,ゴマブックス株式会社,13:東京都,14人,10-29人 / 東京,299,299,1,http://www.goma-books.com/,
1010001134431,トヨクモ株式会社,13:東京都,93人,30-99人 / 東京,352,352,1,https://www.toyokumo.co.jp/,
1010001139901,株式会社ＩＩＪグローバルソリューションズ,13:東京都,408人,300-999人 / 東京,277,277,1,https://www.iijglobal.co.jp/,
1010001140297,株式会社ＤｅａｒＯｎｅ,13:東京都,99人,30-99人 / 東京,352,352,1,https://www.dearone.io/,
1010001141097,ＭＸモバイリング株式会社,13:東京都,4413人,1000人以上 / 東京,147,147,1,https://www.mxmobiling.co.jp/index.html,
1010001145924,株式会社口コミ広場,13:東京都,23人,10-29人 / 東京,299,299,1,https://kuchikomi-official.com/,
1010001147631,トライビュー・イノベーション株式会社,13:東京都,40人,30-99人 / 東京,352,352,1,https://www.triview-innovation.com,
1010001159065,アンバーテック株式会社,13:東京都,21人,10-29人 / 東京,299,299,1,http://www.ambertech.co.jp/,
1010001159494,株式会社Ｐｒｅｆｅｒｒｅｄ　Ｎｅｔｗｏｒｋｓ,13:東京都,436人,300-999人 / 東京,277,277,1,https://www.preferred.jp/ja/,
1010001159627,株式会社シーエーシー,13:東京都,1069人,1000人以上 / 東京,147,147,1,http://www.cac.co.jp/index.html,
1010001162333,Ａｎｚｏｆ株式会社,13:東京都,4人,1-4人 / 東京,189,189,1,http://radicalad.co.jp/,
1010001167456,株式会社さきラボ,13:東京都,1人,1-4人 / 東京,189,189,1,https://xn--w8jp02bub.jp,https://xn--w8jp02bub.jp/recruit/
1010001215578,株式会社テラスカイ・テクノロジーズ,13:東京都,400人,300-999人 / 東京,277,277,1,https://www.terrasky-tech.co.jp/analytics,
1010001226609,株式会社ＴｏｃｏＮａｎａ,13:東京都,20人,10-29人 / 東京,299,299,1,https://toconana.com/,
1010001265739,株式会社ＡＫＵＲＡＳ,13:東京都,5人,5-9人 / 東京,157,157,1,https://aku-ras.co.jp/,
1010401014423,株式会社ジャパンテクニカルソフトウェア,13:東京都,607人,300-999人 / 東京,277,277,1,https://www.jtsnet.co.jp,
1010401015149,スペースシャワーＳＫＩＹＡＫＩホールディングス株式会社,13:東京都,210人,100-299人 / 東京,432,432,1,http://www.spaceshower.net/,
1010401016139,創研情報株式会社,13:東京都,78人,30-99人 / 東京,352,352,1,https://www.souken.co.jp/,
1010401016295,株式会社ＳＯＦＴＧ,13:東京都,85人,30-99人 / 東京,352,352,1,https://www.softg.co.jp,https://www.softg.co.jp/#recruit
1010401025478,株式会社フェアーウェイ,13:東京都,30人,30-99人 / 東京,352,352,1,http://www.fairway-corp.co.jp/,
1010401036178,株式会社システムゼウス,13:東京都,67人,30-99人 / 東京,352,352,1,https://www.systemzeus.co.jp,
1010401040304,株式会社アイシンク,13:東京都,172人,100-299人 / 東京,432,432,1,http://www.ithink.co.jp/,
1010401045757,ナレッジワークス株式会社,13:東京都,19人,10-29人 / 東京,299,299,1,https://hp.knowledge-works.co.jp/,
1010401051219,株式会社ＦＲＯＮＴＥＯ,13:東京都,208人,100-299人 / 東京,432,432,1,https://www.fronteo.com/,
1010401052638,株式会社シャノン,13:東京都,247人,100-299人 / 東京,432,432,1,https://www.shanon.co.jp/,
1010401053173,ロジザード株式会社,13:東京都,134人,100-299人 / 東京,432,432,1,https://www.logizard.co.jp/recruit/,
1010401054361,株式会社リンクレア,13:東京都,545人,300-999人 / 東京,277,277,1,http://www.lincrea.co.jp/,
1010401057595,株式会社アイスタイル,13:東京都,681人,300-999人 / 東京,277,277,1,http://www.istyle.co.jp/,
1010401059022,オリックス・システム株式会社,13:東京都,359人,300-999人 / 東京,277,277,1,https://www.orix.co.jp/system/,
1010401062075,バリューコマース株式会社,13:東京都,374人,300-999人 / 東京,277,277,1,https://www.valuecommerce.co.jp/,
1010401062703,株式会社ｍｅｄｉｂａ,13:東京都,412人,300-999人 / 東京,277,277,1,http://www.mediba.jp/,
1010401062934,株式会社ＮＴＴ　ＤＡＴＡ，Ｉｎｃ．,13:東京都,79人,30-99人 / 東京,352,352,1,https://www.nttdata.com/global/ja/sustainability/dei/,
1010401066349,株式会社アクティブコア,14:神奈川県,21人,10-29人 / 主要都市圏,189,189,1,https://www.activecore.co.jp/,
1010401069392,株式会社ＩＴブレイド,13:東京都,22人,10-29人 / 東京,299,299,1,https://it-blade.co.jp,
1010401073460,株式会社セレス,13:東京都,336人,300-999人 / 東京,277,277,1,https://ceres-inc.jp/recruiting/office/,
1010401074343,株式会社しんがり,13:東京都,3人,1-4人 / 東京,189,189,1,http://www.shingari.jp/,
1010401081430,エクシオ・デジタルソリューションズ株式会社,13:東京都,816人,300-999人 / 東京,277,277,1,https://www.exeo-digitalsolutions.co.jp/,
1010401083212,ＳＡＳ　Ｉｎｓｔｉｔｕｔｅ　Ｊａｐａｎ株式会社,13:東京都,289人,100-299人 / 東京,432,432,1,http://www.sas.com/jp,
1010401084689,虎の穴ラボ株式会社,13:東京都,62人,30-99人 / 東京,352,352,1,https://toranoana-lab.co.jp/,
1010401087832,株式会社ユーエムイーネッツ,13:東京都,42人,30-99人 / 東京,352,352,1,https://www.umenetts.co.jp/,
1010401090646,株式会社リザーブリンク,13:東京都,25人,10-29人 / 東京,299,299,1,https://reservelink.co.jp,
1010401091628,株式会社ＬＩＦＵＬＬ,13:東京都,735人,300-999人 / 東京,277,277,1,https://recruit.lifull.com/culture/,
1010401116252,アイ・インテグレーション株式会社,13:東京都,31人,30-99人 / 東京,352,352,1,http://www.i-integration.co.jp,
1010401129592,サイオステクノロジー株式会社,13:東京都,411人,300-999人 / 東京,277,277,1,https://sios.jp/,
1010401132621,株式会社ペイミー,13:東京都,12人,10-29人 / 東京,299,299,1,https://payme.tokyo/,
1010401136275,株式会社ノーザ,13:東京都,341人,300-999人 / 東京,277,277,1,https://www.nhosa.com/,
1010401140756,株式会社ｃｏｃｏｌｏｎｉ,13:東京都,83人,30-99人 / 東京,352,352,1,https://cocoloni.com/,
1010401144773,株式会社ＫｉｔｅＲａ,13:東京都,139人,100-299人 / 東京,432,432,1,https://www.kitera.co.jp/,
1010401144939,Ｃｙｂｅｒｓ株式会社,13:東京都,5人,5-9人 / 東京,157,157,1,https://cybers.co.jp/,
1010401146357,株式会社Ｗｏｒｋｓ　Ｈｕｍａｎ　Ｉｎｔｅｌｌｉｇｅｎｃｅ,13:東京都,1925人,1000人以上 / 東京,147,147,1,https://www.works-hi.co.jp/corporate/workfun/worklifemix,
1010401153691,Ｔａｂｉ　Ｌｉｆｅ株式会社,14:神奈川県,10人,10-29人 / 主要都市圏,189,189,1,https://tabilife.co.jp/,
1010401178557,株式会社ピクセルグロー,13:東京都,1人,1-4人 / 東京,189,189,1,https://pixel-grow.com,
1010401179613,株式会社Ｂａｃｋｌｉｎｋ,13:東京都,2人,1-4人 / 東京,189,189,1,https://backlink.co.jp/initiatives/,
1010401181180,Ｎｓｉｇｈｔ株式会社,13:東京都,7人,5-9人 / 東京,157,157,1,https://nsight.jp,
1010401183755,株式会社日本広告創研,13:東京都,1人,1-4人 / 東京,189,189,1,https://jac-lab.com/,
1010501006766,株式会社セル,13:東京都,79人,30-99人 / 東京,352,352,1,https://www.sel-net.co.jp,https://www.sel-net.co.jp
1010501020593,ライトクリエイションシステム株式会社,13:東京都,26人,10-29人 / 東京,299,299,1,https://www.rcs-net.co.jp/,
1010501026244,株式会社Ｋ＆Ｇ,13:東京都,146人,100-299人 / 東京,432,432,1,https://www.kandg.co.jp/,
1010501028249,インフォコムテクノロジーズ株式会社,13:東京都,390人,300-999人 / 東京,277,277,1,https://www.infocom-tech.co.jp/,
1010501029156,エンザントレイズ株式会社,13:東京都,35人,30-99人 / 東京,352,352,1,https://www.enzantrades.co.jp/,
1010501043792,株式会社ＩＶＲｙ,13:東京都,255人,100-299人 / 東京,432,432,1,https://ivry.jp/company/,
1010501043958,株式会社ネッコス,13:東京都,8人,5-9人 / 東京,157,157,1,https://neccos.jp,
1010601020246,株式会社ＡＩＴ,13:東京都,112人,100-299人 / 東京,432,432,1,https://www.ait.co.jp/recruit/attractions/support/,
1010601022176,株式会社大和総研,13:東京都,1819人,1000人以上 / 東京,147,147,1,http://www.dir.co.jp/,
1010601027679,株式会社ガルフネット,13:東京都,109人,100-299人 / 東京,432,432,1,https://www.gulfnet.co.jp/,
1010601031219,株式会社オーミック,13:東京都,100人,100-299人 / 東京,432,432,1,https://www.omik.co.jp/,
1010601041779,株式会社ＡＺＥＡＬＢＲＡＮＤＩＮＧ,13:東京都,5人,5-9人 / 東京,157,157,1,https://www.tvc-web.com/,
1010601050334,株式会社ソアーズ,13:東京都,2人,1-4人 / 東京,189,189,1,https://soarz.co.jp,
1010601050631,株式会社ヘーゼルエンジニアリング,13:東京都,9人,5-9人 / 東京,157,157,1,https://www.hazel-engineering.com/home,
1010701002838,株式会社グローバルサイエンス,13:東京都,150人,100-299人 / 東京,432,432,1,https://www.globalsc.co.jp/,
1010701004248,株式会社シー・エス・エス,13:東京都,168人,100-299人 / 東京,432,432,1,http://www.css-net.co.jp,
1010701006244,株式会社ＦＩＥＬＤ　ＭＡＮＡＧＥＭＥＮＴ　ＥＸＰＡＮＤ,13:東京都,280人,100-299人 / 東京,432,432,1,https://group-fm.com/,
1010701008901,株式会社フォーカスシステムズ,13:東京都,1434人,1000人以上 / 東京,147,147,1,https://www.focus-s.com/sustainability/social/work_life_balance,
1010701016549,三菱総研ＤＣＳ株式会社,13:東京都,2503人,1000人以上 / 東京,147,147,1,https://www.dcs.co.jp/,
1010701021061,株式会社ランドコンピュータ,13:東京都,563人,300-999人 / 東京,277,277,1,http://www.rand.co.jp,
1010701022159,株式会社ガイアックス,13:東京都,140人,100-299人 / 東京,432,432,1,http://www.gaiax.co.jp/jp/,
1010701023818,株式会社ニコンシステム,14:神奈川県,508人,300-999人 / 主要都市圏,86,86,1,http://www.nikon-sys.co.jp/,
1010701026820,ソニービズネットワークス株式会社,13:東京都,185人,100-299人 / 東京,432,432,1,https://sonybn.co.jp/,
1010701041869,株式会社Ｕ－ＰＯＷＥＲ,13:東京都,198人,100-299人 / 東京,432,432,1,https://u-power.jp/,
1010703005186,Ｄｒｅａｗ合同会社,13:東京都,9人,5-9人 / 東京,157,157,1,https://dreaw.jp/,
1010901026918,株式会社セック,13:東京都,365人,300-999人 / 東京,277,277,1,https://www.sec.co.jp/,
1011001009672,株式会社サンウェル,13:東京都,274人,100-299人 / 東京,432,432,1,http://www.sw-net.co.jp/,
1011001010333,株式会社システム計画研究所,13:東京都,124人,100-299人 / 東京,432,432,1,http://www.isp.co.jp/,
1011001017717,ＮＳＷ株式会社,13:東京都,2070人,1000人以上 / 東京,147,147,1,https://www.nsw.co.jp/,
1011001020415,株式会社フロム・ソフトウェア,13:東京都,486人,300-999人 / 東京,277,277,1,https://www.fromsoftware.jp/,
1011001022576,ミツイワ情報株式会社,13:東京都,100人,100-299人 / 東京,432,432,1,https://www.mitsuiwa-info.co.jp/,
1011001028004,株式会社アジャスト,13:東京都,31人,30-99人 / 東京,352,352,1,https://adjust-net.co.jp/,
1011001032872,ＧＭＯインターネット株式会社,13:東京都,55人,30-99人 / 東京,352,352,1,https://internet.gmo/,
1011001038424,株式会社ニックス,13:東京都,48人,30-99人 / 東京,352,352,1,https://www.nics.co.jp/,
1011001045750,株式会社アルコ,13:東京都,3人,1-4人 / 東京,189,189,1,https://www.alco.co.jp/about/,
1011001046393,ＯＺ　ＭＯＤＥ株式会社,13:東京都,57人,30-99人 / 東京,352,352,1,http://oz-mode.com/,
1011001047078,ＧＲＡＳグループ株式会社,13:東京都,80人,30-99人 / 東京,352,352,1,https://gras-group.co.jp/,
1011001055840,株式会社トゥモロー,13:東京都,3人,1-4人 / 東京,189,189,1,http://www.4tomorrow.jp/index.html,
1011001059701,株式会社ＳＫＩＹＡＫＩ,13:東京都,120人,100-299人 / 東京,432,432,1,https://recruit.skiyaki.com/contents/950501,
1011001060089,株式会社クリエイターズマッチ,13:東京都,40人,30-99人 / 東京,352,352,1,https://c-m.co.jp/,
1011001067480,株式会社キーワーズ・インターナショナル,13:東京都,386人,300-999人 / 東京,277,277,1,http://www.keywordsstudios.com/,
1011001070212,株式会社グッドプレイス,13:東京都,4人,1-4人 / 東京,189,189,1,http://www.good-place.co.jp/,
1011001091349,エンライズホールディングス株式会社,13:東京都,230人,100-299人 / 東京,432,432,1,http://www.enrise-corp.co.jp/,
1011001096686,株式会社プラウドデータ,13:東京都,45人,30-99人 / 東京,352,352,1,http://proud-g.jp/,
1011001100290,株式会社リベロエンジニア,13:東京都,35人,30-99人 / 東京,352,352,1,https://libero-en.jp/,
1011001101603,ブルームストリート株式会社,13:東京都,5人,5-9人 / 東京,157,157,1,https://www.bloomstreet.jp/,https://www.bloomstreet.jp/recruit/
1011001109084,アルサーガパートナーズ株式会社,13:東京都,400人,300-999人 / 東京,277,277,1,https://www.arsaga.jp/,
1011001112443,テックフライヤーグループ株式会社,13:東京都,2人,1-4人 / 東京,189,189,1,https://techflyer.co.jp/,https://techflyer.co.jp/recruit
1011001115413,株式会社ＶＡＳＥ　ＫＵＪＵ,44:大分県,35人,30-99人 / その他,169,169,1,https://shogo.co.jp/,
1011001116238,株式会社Ｆｒｏｍ　Ｎｏｒｔｈ,01:北海道,20人,10-29人 / 主要都市圏,189,189,1,https://from-north.jp/,https://from-north.jp/recruit/
1011001144981,株式会社ライフ,13:東京都,4人,1-4人 / 東京,189,189,1,https://life-enterprise.net/,
1011001144998,株式会社ライズサクセス,13:東京都,12人,10-29人 / 東京,299,299,1,http://rise-g.jp,
1011001149031,Ｈｅａｌｔｈ　Ｃｏｎｎｅｃｔ株式会社,13:東京都,1人,1-4人 / 東京,189,189,1,https://healthconnect-inc.jp/,
1011001153314,株式会社ゼンビット,13:東京都,3人,1-4人 / 東京,189,189,1,https://www.zen-bit.com/,https://www.zen-bit.com/recruit/
1011001156044,株式会社ＩＧＮＩＳ　ＧＡＴＥ,13:東京都,35人,30-99人 / 東京,352,352,1,https://ignisgate.co.jp/,
1011001156911,株式会社グロースピリット,13:東京都,4人,1-4人 / 東京,189,189,1,https://growspirit.jp/,https://growspirit.jp/
1011003011668,ＳｕｒｐａｓｓＯｎｅ株式会社,13:東京都,7人,5-9人 / 東京,157,157,1,https://about.surpassone.com/,
1011003011791,株式会社ＣＩＶＩＱ,13:東京都,2人,1-4人 / 東京,189,189,1,https://www.civiq.ai/,
1011003011899,株式会社ヴィレグループ,13:東京都,2人,1-4人 / 東京,189,189,1,https://ville-ville.com/,
1011005010024,一般社団法人版元ドットコム,13:東京都,3人,1-4人 / 東京,189,189,1,https://www.hanmoto.com/,
1011101003195,株式会社エデルタ,13:東京都,301人,300-999人 / 東京,277,277,1,https://www.edelta.co.jp/,
1011101004581,株式会社仮説社,13:東京都,4人,1-4人 / 東京,189,189,1,https://www.kasetu.co.jp/,
1011101009060,株式会社新潮社,13:東京都,473人,300-999人 / 東京,277,277,1,http://www.shinchosha.co.jp/,
1011101015281,株式会社内外切抜通信社,13:東京都,58人,30-99人 / 東京,352,352,1,https://www.naigaipc.co.jp/,
1011101027070,株式会社ＤＮＰ情報システム,13:東京都,844人,300-999人 / 東京,277,277,1,https://www.dnp.co.jp/sustainability/society/diversity-inclusion/action-plan/,
1011101027780,株式会社ティーム・ゼロ,13:東京都,8人,5-9人 / 東京,157,157,1,http://www.teamzero.co.jp/index.html,
1011101031931,再春館システム株式会社,13:東京都,109人,100-299人 / 東京,432,432,1,https://www.saishunkansys.com/,
1011101045361,株式会社フリーウェイジャパン,13:東京都,9人,5-9人 / 東京,157,157,1,http://freeway-japan.com/,
1011101046616,株式会社ＮＳＤ,13:東京都,3300人,1000人以上 / 東京,147,147,1,http://www.nsd.co.jp/,
1011101050337,株式会社ドリコム,13:東京都,288人,100-299人 / 東京,432,432,1,http://www.drecom.co.jp/,
1011101054346,株式会社クロステレビビジョン,13:東京都,160人,100-299人 / 東京,432,432,1,http://www.crosstvv.co.jp/,
1011101056945,株式会社ＮＴＴ東日本－南関東,13:東京都,2721人,1000人以上 / 東京,147,147,1,http://www.minamikanto.ntt-east.co.jp/,
1011101060385,クラスメソッドオペレーションズ株式会社,13:東京都,198人,100-299人 / 東京,432,432,1,https://classmethod-operations.jp/,
1011101063198,クリエイティブソフト株式会社,13:東京都,76人,30-99人 / 東京,352,352,1,http://www.cr-soft.co.jo,
1011101070517,Ｒａｐｙｕｔａ　Ｒｏｂｏｔｉｃｓ株式会社,13:東京都,180人,100-299人 / 東京,432,432,1,https://www.rapyuta-robotics.com/ja/,
1011101073718,株式会社ブライブ,13:東京都,9人,5-9人 / 東京,157,157,1,http://www.braeve.jp/,
1011101098418,株式会社ケアリッツ・テクノロジーズ,13:東京都,876人,300-999人 / 東京,277,277,1,https://www.careritztc.co.jp/,
1011201000828,株式会社エヌデーデー,13:東京都,391人,300-999人 / 東京,277,277,1,https://www.nddhq.co.jp/,
1011301008928,株式会社ヴァル研究所,13:東京都,159人,100-299人 / 東京,432,432,1,http://www.val.co.jp/,
1011401013613,株式会社オンマックス,13:東京都,13人,10-29人 / 東京,299,299,1,https://www.onmax.co.jp,https://onmax.co.jp/recruit/
1011401022218,株式会社Ｄ＆Ｓ,13:東京都,5人,5-9人 / 東京,157,157,1,https://d8s.co.jp/ja/,
1011501001443,株式会社構造ソフト,13:東京都,31人,30-99人 / 東京,352,352,1,https://www.kozosoft.co.jp/,
1011501003547,日本ノーベル株式会社,13:東京都,148人,100-299人 / 東京,432,432,1,https://www.jnovel.co.jp/,
1011501012242,株式会社地方総合研究所,13:東京都,20人,10-29人 / 東京,299,299,1,https://uejimagroup.com/,https://en-gage.net/lgi_career/
1011503005426,合同会社ラプラス・ディー,13:東京都,1人,1-4人 / 東京,189,189,1,https://www.sumaipark.com/sdgs-action/,https://www.sumaipark.com/recruit/
1011801019838,株式会社じも研,13:東京都,10人,10-29人 / 東京,299,299,1,https://www.jimoken.co.jp/about/,
1011801030670,株式会社エクシトトリニティー,13:東京都,7人,5-9人 / 東京,157,157,1,https://exitotrinity.co.jp/,https://exitotrinity.co.jp/recruit/
1012301007531,株式会社シャンテリー,13:東京都,115人,100-299人 / 東京,432,432,1,https://www.shantery.co.jp,
1012401004940,株式会社アープ,13:東京都,61人,30-99人 / 東京,352,352,1,https://www.arp-corp.co.jp/,
1012401023387,シンギ株式会社,13:東京都,3人,1-4人 / 東京,189,189,1,https://sng.co.jp,
1012801007056,株式会社コスモ・インテリジェンス,13:東京都,57人,30-99人 / 東京,352,352,1,https://www.cosmo-intelligence.com,https://www.cosmo-intelligence.com/recruit/
1013103000872,合同会社ドットクリエイション,13:東京都,5人,5-9人 / 東京,157,157,1,https://dot-creation.com/,
1013201007836,株式会社フォーラムエイト,13:東京都,224人,100-299人 / 東京,432,432,1,http://www.forum8.co.jp/,
1013201018866,ＦＩＴＥＣ株式会社,13:東京都,318人,300-999人 / 東京,277,277,1,http://www.fitec.co.jp/recruit/spirit/woman/index.html,
1013301009245,株式会社日本システムコンサルタント,13:東京都,320人,300-999人 / 東京,277,277,1,http://www.nsc-kk.co.jp/,
1013301021019,東京京装コンピュータ株式会社,13:東京都,78人,30-99人 / 東京,352,352,1,http://www.tkc-net.com,
1013301031562,株式会社コムデ,13:東京都,80人,30-99人 / 東京,352,352,1,https://www.commude.co.jp/,
1013301038376,ライフログテクノロジー株式会社,13:東京都,11人,10-29人 / 東京,299,299,1,https://calomeal.com/,
1013303001489,株式会社アクロビジョン,13:東京都,60人,30-99人 / 東京,352,352,1,https://www.acrovision.jp/,
1013401001399,株式会社トゥインクル,13:東京都,416人,300-999人 / 東京,277,277,1,https://www.twk.co.jp/,
1013401001845,株式会社ＫＳＫ,13:東京都,1942人,1000人以上 / 東京,147,147,1,https://www.ksk.co.jp/,
1013401006555,日本システム開発株式会社,13:東京都,129人,100-299人 / 東京,432,432,1,http://www.nsk.co.jp,
1020001015606,株式会社ＣＩＪ,14:神奈川県,818人,300-999人 / 主要都市圏,86,86,1,https://www.cij.co.jp/company/wlb/,
1020001022841,株式会社キャッツ,14:神奈川県,60人,30-99人 / 主要都市圏,188,188,1,http://www.cats-net.co.jp/,http://www.cats-net.co.jp/
1020001028459,株式会社日立ソリューションズ・クリエイト,13:東京都,3964人,1000人以上 / 東京,147,147,1,https://www.hitachi-solutions-create.co.jp/,
1020001030992,株式会社アークテック,13:東京都,24人,10-29人 / 東京,299,299,1,http://www.arctec.jp/,
1020001037212,株式会社クロステック,14:神奈川県,195人,100-299人 / 主要都市圏,186,186,1,http://www.xtec.co.jp/,
1020001038458,株式会社アナザーウェア,14:神奈川県,110人,100-299人 / 主要都市圏,186,186,1,http://www.another-ware.co.jp/index.html,
1020001112428,株式会社キーサイエンス,13:東京都,18人,10-29人 / 東京,299,299,1,http://www.ks-global.co.jp,
1020001113566,株式会社白,14:神奈川県,4人,1-4人 / 主要都市圏,119,119,1,http://si-ro.jp,
1020001130735,株式会社ＩＯＢＩ,27:大阪府,20人,10-29人 / 主要都市圏,189,189,1,https://iobi.co.jp/,
1020001148166,ファスト株式会社,13:東京都,10人,10-29人 / 東京,299,299,1,https://thefast.co.jp/,
1020003018037,ＡＣＲＩＵＳ合同会社,13:東京都,10人,10-29人 / 東京,299,299,1,https://acrius.co.jp/company/,
1021001013186,株式会社ＴＥＳ,14:神奈川県,65人,30-99人 / 主要都市圏,188,188,1,https://www.tes.co.jp/,
1021001014498,株式会社エフ・トレード,14:神奈川県,84人,30-99人 / 主要都市圏,188,188,1,https://www.ftrade.co.jp/,
1021001019662,株式会社クエリー,14:神奈川県,130人,100-299人 / 主要都市圏,186,186,1,https://www.query.jp/health/,
1021001035552,サンアンドサンズコンサルティング株式会社,14:神奈川県,43人,30-99人 / 主要都市圏,188,188,1,https://sunsons.jp/cn3/recruit.html,
1021002028134,株式会社ジーツーゲイト,13:東京都,7人,5-9人 / 東京,157,157,1,https://g2gate.co.jp/,
1030001039307,株式会社Ｐｈｏｎｅ　Ａｐｐｌｉ,13:東京都,250人,100-299人 / 東京,432,432,1,https://phoneappli.net/corp/company/policy/well-being/,
1030001082892,株式会社太陽カンパニー,13:東京都,20人,10-29人 / 東京,299,299,1,https://taiyo-company.com/company/,
1030001096331,株式会社アイディーアクト,11:埼玉県,7人,5-9人 / 主要都市圏,77,77,1,http://www.idact.net/,
1040001004838,千葉テレビ放送株式会社,12:千葉県,71人,30-99人 / 主要都市圏,188,188,1,https://www.chiba-tv.com/,https://job.mynavi.jp/26/pc/search/corp89868/outline.html
1040001013715,株式会社システムイオ,12:千葉県,315人,300-999人 / 主要都市圏,86,86,1,https://www.systemio.co.jp,
1040001036848,株式会社ＮＴＴデータ・エム・シー・エス,12:千葉県,116人,100-299人 / 主要都市圏,186,186,1,https://www.mcserve.co.jp/,
1040001042350,アソビュー株式会社,13:東京都,200人,100-299人 / 東京,432,432,1,https://www.asoview.co.jp/company/info,
1040001070517,株式会社フラットフィールド,12:千葉県,3人,1-4人 / 主要都市圏,119,119,1,https://www.f-field.jp/,
1040001087651,株式会社ＲＵＮＴＥＱ,13:東京都,33人,30-99人 / 東京,352,352,1,https://www.runteq.co.jp/,
1040001100802,エム・ティ・ストラテジー株式会社,13:東京都,23人,10-29人 / 東京,299,299,1,http://www.mt-strategy.biz,
1040001105058,株式会社テクノ・スクエア,47:沖縄県,3人,1-4人 / その他,50,50,1,https://www.techno-square.com/,
1040001106064,株式会社ＡＳネットワークセキュリティ,12:千葉県,38人,30-99人 / 主要都市圏,188,188,1,https://www.asns.jp/,
1040001126946,株式会社ＢｏｒｄｅｒＴｅｃｈ,12:千葉県,1人,1-4人 / 主要都市圏,119,119,1,https://www.bordertech.co.jp,
1040003026698,ヒルクレスト合同会社,12:千葉県,2人,1-4人 / 主要都市圏,119,119,1,https://hillcrest.jp/,
1050001012550,ティー・エヌ・エス株式会社,13:東京都,36人,30-99人 / 東京,352,352,1,https://tns.co.jp,
1050001020289,大栄システム株式会社,08:茨城県,120人,100-299人 / その他,170,170,1,http://www.daiei-sys.co.jp/,https://www.daiei-sys.co.jp/recruit/
1050001022756,株式会社ハイファクトリ,08:茨城県,26人,10-29人 / その他,129,129,1,http://www.hifactory.co.jp/,https://recruit-hifactory.drecruiting.jp/
1070001001056,ぐんぎんシステムサービス株式会社,10:群馬県,122人,100-299人 / その他,170,170,1,http://www.gss.co.jp,http://www.gss.co.jp/recruit/index.html
1070001002376,株式会社ナブアシスト,10:群馬県,196人,100-299人 / その他,170,170,1,https://www.nav-assist.co.jp/,
1070001003457,リード株式会社,10:群馬県,110人,100-299人 / その他,170,170,1,https://www.lead-ltd.co.jp/company/#employers,
1070001004827,株式会社エクスブレーン,10:群馬県,48人,30-99人 / その他,169,169,1,http://www.exbrain.jp/,
1070001008836,株式会社インターゾーン,10:群馬県,165人,100-299人 / その他,170,170,1,http://www.inter-zone.jp/,
1070001008852,株式会社スリーアイ,10:群馬県,31人,30-99人 / その他,169,169,1,https://www.3i-net.co.jp/,
1070001034568,株式会社ＴｈｅＮｅｗＧａｔｅ,10:群馬県,362人,300-999人 / その他,76,76,1,https://thenewgate.co.jp/,
1080001000627,モノプラス株式会社,13:東京都,19人,10-29人 / 東京,299,299,1,https://www.monoplus.com/,
1080001006310,株式会社ケアコネクトジャパン,22:静岡県,194人,100-299人 / その他,170,170,1,https://www.carekarte.jp,
1080401019564,株式会社アロック,22:静岡県,5人,5-9人 / その他,65,65,1,http://alloc.co.jp/,
1100001002083,株式会社電算,20:長野県,703人,300-999人 / その他,76,76,1,https://www.ndensan.co.jp/,
1100001002637,ジェイエスピー株式会社,20:長野県,38人,30-99人 / その他,169,169,1,https://www.jsp-com.co.jp/,
1100001009475,株式会社ＡＮＸ,20:長野県,130人,100-299人 / その他,170,170,1,https://anx.inc,
1110001009615,株式会社テルベル,15:新潟県,21人,10-29人 / その他,129,129,1,http://telvel.main.jp/,
1110001022733,株式会社ソリマチ技研,15:新潟県,67人,30-99人 / その他,169,169,1,http://www.s-giken.co.jp/,
1120001041939,エブリ株式会社,27:大阪府,130人,100-299人 / 主要都市圏,186,186,1,http://www.every365.co.jp/,
1120001045519,株式会社電算情報技研,27:大阪府,123人,100-299人 / 主要都市圏,186,186,1,https://densanjoho.co.jp/,
1120001047507,株式会社マックス,27:大阪府,73人,30-99人 / 主要都市圏,188,188,1,https://www.macs.co.jp/actionplan/actionplan_jisedai/,
1120001056037,株式会社シンプルソフトウェア研究所,27:大阪府,45人,30-99人 / 主要都市圏,188,188,1,http://www.simple-soft.co.jp/,
1120001056193,スミセイ情報システム株式会社,27:大阪府,1567人,1000人以上 / 主要都市圏,54,54,1,https://www.slcs.co.jp/,
1120001057290,株式会社ナレッジソフトウェア,27:大阪府,36人,30-99人 / 主要都市圏,188,188,1,http://www.knsw.co.jp,
1120001058058,株式会社シナプスイノベーション,27:大阪府,205人,100-299人 / 主要都市圏,186,186,1,http://www.synapse-i.jp/,
1120001086265,ナビオコンピュータ株式会社,27:大阪府,1727人,1000人以上 / 主要都市圏,54,54,1,http://www.navio.co.jp,
1120001096140,岩谷情報システム株式会社,27:大阪府,160人,100-299人 / 主要都市圏,186,186,1,https://www.iisnet.co.jp/,
1120001102699,株式会社シーエスコミュニケーション,13:東京都,114人,100-299人 / 東京,432,432,1,https://www.cs-com.co.jp/index.html,
1120001107293,バルテス・ホールディングス株式会社,27:大阪府,114人,100-299人 / 主要都市圏,186,186,1,https://www.valtes-hd.co.jp/,
1120001107450,株式会社ＧＳＰ,27:大阪府,54人,30-99人 / 主要都市圏,188,188,1,https://www.mic-west.co.jp/gsp/,
1120001110280,パナソニックデジタル株式会社,27:大阪府,2200人,1000人以上 / 主要都市圏,54,54,1,https://panasonic.co.jp/is-c/,
1120001113309,株式会社チェルト,27:大阪府,30人,30-99人 / 主要都市圏,188,188,1,https://www.certo-co.com/,
1120001117458,株式会社ミュートス,27:大阪府,40人,30-99人 / 主要都市圏,188,188,1,https://www.mythos-jp.com/,
1120001120263,ＬＲＭ株式会社,28:兵庫県,90人,30-99人 / 主要都市圏,188,188,1,https://www.lrm.jp/,
1120001139700,株式会社タイタン・アート,27:大阪府,43人,30-99人 / 主要都市圏,188,188,1,http://titan-art.com,
1120001145277,カコムスホールディングス株式会社,27:大阪府,35人,30-99人 / 主要都市圏,188,188,1,https://www.kacoms-hd.co.jp/,
1120001146779,株式会社プロディライト,27:大阪府,55人,30-99人 / 主要都市圏,188,188,1,http://www.prodelight.co.jp/,
1120001169094,トンガルマン株式会社,27:大阪府,15人,10-29人 / 主要都市圏,189,189,1,https://tongullman.co.jp/,
1120001170300,株式会社アクセスブリッジ,27:大阪府,193人,100-299人 / 主要都市圏,186,186,1,http://www.access-bridge.co.jp/,
1120001172098,システム開発株式会社,27:大阪府,18人,10-29人 / 主要都市圏,189,189,1,https://www.sysky.co.jp/,
1120001174177,株式会社サブスクセールスパートナー,27:大阪府,18人,10-29人 / 主要都市圏,189,189,1,https://subsc-salespartner.co.jp/about/,
1120001176149,株式会社Ｄｅｆ　ｔｒｉｂｅ,27:大阪府,150人,100-299人 / 主要都市圏,186,186,1,https://www.e-deftribe.com/,
1120001179102,バケモノ株式会社,27:大阪府,11人,10-29人 / 主要都市圏,189,189,1,https://bakemono.co.jp/,
1120001180638,株式会社アライズ,27:大阪府,35人,30-99人 / 主要都市圏,188,188,1,http://www.a-lis.co.jp/,
1120001189638,Ｇａｔｅテクノロジーズ株式会社,27:大阪府,87人,30-99人 / 主要都市圏,188,188,1,https://www.gatecs.co.jp,
1120001197731,株式会社クロスウェブ,27:大阪府,1人,1-4人 / 主要都市圏,119,119,1,https://cross-web.co.jp/,
1120001206673,未知株式会社,27:大阪府,30人,30-99人 / 主要都市圏,188,188,1,https://www.mchs.co.jp/,https://www.mchs.co.jp/recruit/
1120001207515,株式会社セブンオーシャン,27:大阪府,15人,10-29人 / 主要都市圏,189,189,1,http://seven-ocean7.com,
1120001207878,株式会社パワートラベラー,27:大阪府,2人,1-4人 / 主要都市圏,119,119,1,https://powertraveler.co.jp,https://e-tushin.com/recruit/
1120001218207,株式会社セキサ,27:大阪府,3人,1-4人 / 主要都市圏,119,119,1,https://sekisa.co.jp/,
1120001221937,シナジーマーケティング株式会社,27:大阪府,280人,100-299人 / 主要都市圏,186,186,1,https://www.synergy-marketing.co.jp/,
1120001226580,株式会社ｎｏｗｌｕｃｋ,27:大阪府,2人,1-4人 / 主要都市圏,119,119,1,https://nowluck.co.jp,
1120001236407,株式会社ＭＯＮＪＵ,27:大阪府,4人,1-4人 / 主要都市圏,119,119,1,https://monju-inc.jp/,
1120001244500,株式会社ハイライト,27:大阪府,1人,1-4人 / 主要都市圏,119,119,1,https://highlight-inc-2022.com/,
1120001250556,株式会社レオンアーツ,27:大阪府,13人,10-29人 / 主要都市圏,189,189,1,https://www.leonarts.co.jp/welfare/,
1120002056696,有限会社Ｅ　ｐｒｏｊｅｃｔ,27:大阪府,1人,1-4人 / 主要都市圏,119,119,1,https://www.itshop.jp,
1120002060558,株式会社タニスタ,27:大阪府,16人,10-29人 / 主要都市圏,189,189,1,http://www.tanista.net/,
1120003026855,税理士おすすめ比較ナビ合同会社,27:大阪府,4人,1-4人 / 主要都市圏,119,119,1,https://tax0us.co.jp/company/,
1120901008368,北港情報サービス株式会社,27:大阪府,133人,100-299人 / 主要都市圏,186,186,1,http://www.hokkohj.co.jp/,
1122001027926,株式会社イメディア,27:大阪府,2人,1-4人 / 主要都市圏,119,119,1,https://sns-support.com/,
1130001016808,オムロンデジタル株式会社,26:京都府,430人,300-999人 / 主要都市圏,86,86,1,https://socialsolution.omron.com/software/,
1130001044718,スマイルフォース株式会社,13:東京都,6人,5-9人 / 東京,157,157,1,https://www.smileforce.jp/,
1130001047101,株式会社クロスウィッシュ,26:京都府,3人,1-4人 / 主要都市圏,119,119,1,https://www.crosswish.com/,
1140001023794,株式会社キャプサー,28:兵庫県,30人,30-99人 / 主要都市圏,188,188,1,http://capsor.com,
1140001044733,株式会社ファインシステム,28:兵庫県,36人,30-99人 / 主要都市圏,188,188,1,https://fine-system.co.jp/,
1140001055549,株式会社ＮＳＩＴ,27:大阪府,37人,30-99人 / 主要都市圏,188,188,1,https://www.nsit.co.jp,
1140001056258,株式会社システムリサーチ,28:兵庫県,131人,100-299人 / 主要都市圏,186,186,1,https://www.sr-co.co.jp/about/wlb.html,
1140001068336,株式会社関電システムズ,27:大阪府,800人,300-999人 / 主要都市圏,86,86,1,https://kanden-sys.jp/,
1140001078509,西菱電機株式会社,28:兵庫県,420人,300-999人 / 主要都市圏,86,86,1,http://www.seiryodenki.co.jp/,
1150001001717,キステム株式会社,29:奈良県,60人,30-99人 / その他,169,169,1,http://www.kistem.com/index.php,
1160001003431,株式会社ユーストン,25:滋賀県,7人,5-9人 / その他,65,65,1,https://www.ustone.space/,
1170001000923,紀陽情報システム株式会社,30:和歌山県,254人,100-299人 / その他,170,170,1,https://www.k-js.co.jp/,
1180001010995,アビームシステムズ株式会社,23:愛知県,1156人,1000人以上 / 主要都市圏,54,54,1,http://www.abeam-s.com/,
1180001036669,株式会社ＣＢＣクリエイション,23:愛知県,137人,100-299人 / 主要都市圏,186,186,1,http://www.cbc-creation.co.jp/,
1180001041842,株式会社リオ,23:愛知県,48人,30-99人 / 主要都市圏,188,188,1,https://www.rio.ne.jp/,
1180001056163,株式会社アビリブ,23:愛知県,168人,100-299人 / 主要都市圏,186,186,1,http://www.ab-net.co.jp/,
1180001056171,ＮＤＳインフォス株式会社,23:愛知県,275人,100-299人 / 主要都市圏,186,186,1,https://www.nds-infos.co.jp/,
1180001058143,株式会社フェアウィンド,23:愛知県,18人,10-29人 / 主要都市圏,189,189,1,https://www.fair-wind.co.jp,
1180001059645,株式会社テクニカルアンサー,23:愛知県,28人,10-29人 / 主要都市圏,189,189,1,http://www.t-answer.jp/index.htm,
1180001065197,株式会社Ａｒｃ,23:愛知県,25人,10-29人 / 主要都市圏,189,189,1,https://www.arc-u.net,
1180001070759,株式会社Ｃ－ＵＮＩＴ　ＳＱＵＡＲＥ,23:愛知県,10人,10-29人 / 主要都市圏,189,189,1,https://www.c-unit.co.jp,
1180001085121,株式会社エクサース,23:愛知県,24人,10-29人 / 主要都市圏,189,189,1,http://www.exars.com,
1180001089799,株式会社ＤＲＡＧＯＮ　ＡＧＥＮＣＹ,23:愛知県,36人,30-99人 / 主要都市圏,188,188,1,https://dragonagency.co.jp/,
1180001105176,ＴＩＳシステムサービス株式会社,13:東京都,984人,300-999人 / 東京,277,277,1,http://www.tss-j.co.jp/,
1180001111018,株式会社エイチームライフデザイン,23:愛知県,225人,100-299人 / 主要都市圏,186,186,1,https://www.a-tm.co.jp/sustainability/diversity/,
1180001118087,株式会社クリエイターズプラットホーム,23:愛知県,10人,10-29人 / 主要都市圏,189,189,1,https://cre-plat.com,
1180001120340,株式会社ＺＩＺＡＩ,13:東京都,75人,30-99人 / 東京,352,352,1,https://zizai.co.jp/,
1180001124085,株式会社スノーピークビジネスソリューションズ,23:愛知県,33人,30-99人 / 主要都市圏,188,188,1,https://snowpeak-bs.co.jp/,
1180001143341,マーケットハック株式会社,23:愛知県,3人,1-4人 / 主要都市圏,119,119,1,https://www.sodanshitsu.co.jp/about-us/,
1180001152516,株式会社オンジン,23:愛知県,1人,1-4人 / 主要都市圏,119,119,1,https://onjin.co.jp/company/csr/male-leaders,
1180001160188,株式会社Ｇｒａｂｂｉｔ,23:愛知県,1人,1-4人 / 主要都市圏,119,119,1,https://grabbit.co.jp/,
1180002054001,有限会社オープンタイプ,23:愛知県,1人,1-4人 / 主要都市圏,119,119,1,https://www.otype.co.jp/gaiyou.html,
1180003020943,株式会社ａｃｃｔ,23:愛知県,6人,5-9人 / 主要都市圏,77,77,1,https://acct-inc.com/,
1180301011710,株式会社ＥｎｊｏｙＳｙｓｔｅｍ,23:愛知県,43人,30-99人 / 主要都市圏,188,188,1,https://enjoysystem.co.jp/,
1190001015093,株式会社シー・ティー・ワイ,24:三重県,226人,100-299人 / その他,170,170,1,https://cty-cns.jp/,
1200001023219,株式会社パケモ,21:岐阜県,10人,10-29人 / その他,129,129,1,http://pakemo.jp/,
1210001001520,株式会社システム研究所,18:福井県,45人,30-99人 / その他,169,169,1,http://www.sysken.ne.jp/,http://www.sysken.ne.jp/recruit/
1210001008573,株式会社ＡＬＬ　ＣＯＮＮＥＣＴ,18:福井県,496人,300-999人 / その他,76,76,1,https://all-connect.co.jp/,
1220001001734,株式会社刊広社,17:石川県,141人,100-299人 / その他,170,170,1,http://map.jp/,
1220001006485,株式会社ホクリクコム,17:石川県,30人,30-99人 / その他,169,169,1,https://www.hopnet.co.jp/,
1220001009661,株式会社アイサス,17:石川県,46人,30-99人 / その他,169,169,1,https://www.i-sus.com/company/csr/ryoritsu/index.html,
1220001012995,株式会社ＣＯＭ－ＯＮＥ,17:石川県,38人,30-99人 / その他,169,169,1,https://www.com-one.com/,
1230001005585,株式会社ブレインファクトリー,16:富山県,30人,30-99人 / その他,169,169,1,https://www.brain-factory.jp,https://brain-factory.jp/recruit/
1230001005676,株式会社ジオインフォシステム,16:富山県,25人,10-29人 / その他,129,129,1,https://geoinfo.co.jp/,
1230001006798,ケボウソフトウェア株式会社,16:富山県,14人,10-29人 / その他,129,129,1,http://www.kebo.jp/,
1240001012779,株式会社サンネット,34:広島県,340人,300-999人 / その他,76,76,1,http://www.csunnet.co.jp/,
1240001012853,株式会社ＮＴＴデータ中国,34:広島県,358人,300-999人 / その他,76,76,1,http://www.nttdata-chugoku.co.jp/,
1240001043246,株式会社レイアウト,34:広島県,7人,5-9人 / その他,65,65,1,https://www.layout-web.com/,
1250001004370,株式会社エイム,35:山口県,101人,100-299人 / その他,170,170,1,https://www.aim-it.jp/,
1260001010384,株式会社オーディオストック,33:岡山県,33人,30-99人 / その他,169,169,1,https://audiostock.co.jp/,
1260001023097,株式会社ディービジョン,33:岡山県,11人,10-29人 / その他,129,129,1,https://d-vision-create.com/,
1260001027478,リベラルマーケティング株式会社,13:東京都,13人,10-29人 / 東京,299,299,1,http://liberal-marketing.com/,
1260002022593,有限会社アクシス,33:岡山県,16人,10-29人 / その他,129,129,1,https://www.axis2002.jp,
1260003001943,システムエンジニア合同会社,33:岡山県,9人,5-9人 / その他,65,65,1,https://sellc.jp/,
1270001003676,株式会社山陰ビデオシステム,31:鳥取県,19人,10-29人 / その他,129,129,1,https://s-video.co.jp/次世代育成支援対策推進法に基づく一般事業主行/,
1290001005555,株式会社エヌ・ティ・ティ・データＮＣＢ,40:福岡県,191人,100-299人 / 主要都市圏,186,186,1,https://www.nttdata-ncb.co.jp/,
1290001013616,シスメックスＣＮＡ株式会社,40:福岡県,237人,100-299人 / 主要都市圏,186,186,1,http://www.sysmex-cna.co.jp/,
1290001014985,株式会社ドコモＣＳ九州,40:福岡県,1291人,1000人以上 / 主要都市圏,54,54,1,http://www.docomo-cs-kyushu.co.jp/,
1290001017278,株式会社リサーチアンドソリューション,40:福岡県,237人,100-299人 / 主要都市圏,186,186,1,http://www.rands-co.com,
1290001018160,メディアファイブ株式会社,40:福岡県,230人,100-299人 / 主要都市圏,186,186,1,https://www.media5.co.jp,
1290001018771,株式会社フラウ,40:福岡県,15人,10-29人 / 主要都市圏,189,189,1,http://www.frau-net.com/,
1290001019299,株式会社ネオス,40:福岡県,44人,30-99人 / 主要都市圏,188,188,1,https://www.neos.ne.jp/,
1290001022781,ペーパレススタジオジャパン株式会社,13:東京都,9人,5-9人 / 東京,157,157,1,http://www.paper-less-studio.com,
1290001065104,株式会社コードグラフ,47:沖縄県,1人,1-4人 / その他,50,50,1,http://cdgrph.com/,
1290001068395,株式会社ヒューマンテクノシステムホールディングス,40:福岡県,20人,10-29人 / 主要都市圏,189,189,1,https://www.kkhts.com/,
1290001069567,十六夜ソリューション株式会社,40:福岡県,3人,1-4人 / 主要都市圏,119,119,1,http://www.izayoi.co.jp/,
1290001080219,株式会社まいぺんらい,40:福岡県,2人,1-4人 / 主要都市圏,119,119,1,https://maipenrai-inc.co.jp/,
1290001087651,株式会社Ｌｉｆｅ　Ｓｔｏｒｉｅｓ,40:福岡県,1人,1-4人 / 主要都市圏,119,119,1,https://life-stories.co.jp/,
1290001090060,株式会社ラインズウェア,40:福岡県,7人,5-9人 / 主要都市圏,77,77,1,https://www.linesware.co.jp,
1290001097808,諾新科技株式会社,40:福岡県,3人,1-4人 / 主要都市圏,119,119,1,https://www.nuoxin.jp/,
1290003013259,合同会社まるて,40:福岡県,1人,1-4人 / 主要都市圏,119,119,1,https://maru-te.co.jp/,
1290801006819,株式会社ヴィンテージ,40:福岡県,34人,30-99人 / 主要都市圏,188,188,1,http://www.vintage.ne.jp/,
1290801009078,日鉄ソリューションズ九州株式会社,40:福岡県,698人,300-999人 / 主要都市圏,86,86,1,https://www.nssol.nipponsteel.com/kyushu/,
1320001002986,株式会社ウィルウェイ,44:大分県,3人,1-4人 / その他,50,50,1,http://www.willway.co.jp,
1320001005361,Ｓｐａｒｋｌｉｎｇ　Ｌｉｂｅｒｔｙ株式会社,44:大分県,2人,1-4人 / その他,50,50,1,https://www.web-f.net/,
1320001015872,株式会社ＨＡＢ＆Ｃｏ．,44:大分県,34人,30-99人 / その他,169,169,1,https://hab-co.jp,
1330001003612,株式会社西日本エグゼック,43:熊本県,58人,30-99人 / その他,169,169,1,http://www.exec.co.jp/,
1330001005815,株式会社エヌ・アイ・ケイ,43:熊本県,31人,30-99人 / その他,169,169,1,https://www.nik-net.co.jp/company,
1330001015062,天草ケーブルネットワーク株式会社,43:熊本県,38人,30-99人 / その他,169,169,1,https://www.acn-tv.co.jp/,
1340001003487,株式会社ハイパーソフト,46:鹿児島県,43人,30-99人 / その他,169,169,1,https://hypersoft.co.jp/,
1340001016547,株式会社ユニマル,46:鹿児島県,12人,10-29人 / その他,129,129,1,https://unimal.jp,
1350001008353,ＢＴＶ株式会社,45:宮崎県,109人,100-299人 / その他,170,170,1,https://portal.btvm.ne.jp/,
1350002006281,有限会社アイネット,45:宮崎県,2人,1-4人 / その他,50,50,1,http://www.iiinet.jp,
1360001002264,株式会社琉球ネットワークサービス,47:沖縄県,192人,100-299人 / その他,170,170,1,https://www.r-net.co.jp/user_data/packages/default/img/rns_hp/rns/ziygoukeikaku2024-2026_zisedaisien.pdf,
1360001014581,トラストコミュニケーション株式会社,47:沖縄県,33人,30-99人 / その他,169,169,1,https://www.tcom.co.jp/,
1360001018021,株式会社スタークラウン,47:沖縄県,8人,5-9人 / その他,65,65,1,http://starcrown.co.jp/,
1360001019977,４７インキュベーション株式会社,13:東京都,28人,10-29人 / 東京,299,299,1,https://47co.jp/about/47incubation,
1360001024110,株式会社プラズマ,47:沖縄県,10人,10-29人 / その他,129,129,1,http://www.plazma.co.jp/,
1370001001067,パイオニアシステムテクノロジー株式会社,04:宮城県,232人,100-299人 / その他,170,170,1,http://pioneer.jp/corp/info/globalnetwork/japan/pioneersystemtechnologies/,
1370001007295,株式会社ＮＴＴ東日本‐東北,04:宮城県,1103人,1000人以上 / その他,8,8,1,http://www.tohoku.ntt-east.co.jp/,
1370001009911,株式会社日立ソリューションズ東日本,04:宮城県,1259人,1000人以上 / その他,8,8,1,http://www.hitachi-solutions-east.co.jp/index.html,
1370001014556,ＴＯＭＯＳＥデザインアンドテクノロジーズ株式会社,04:宮城県,17人,10-29人 / その他,129,129,1,https://html-coding.co.jp/,
1370001023334,ＳａｉＳプロダクション株式会社,04:宮城県,21人,10-29人 / その他,129,129,1,https://saisproduction.com/,
1380001000233,株式会社エフイーシー,07:福島県,21人,10-29人 / その他,129,129,1,https://www.fec.co.jp/,
1380001001504,福島テレビ株式会社,07:福島県,108人,100-299人 / その他,170,170,1,http://www.fukushima-tv.co.jp/,
1380001004696,株式会社エフコム,07:福島県,365人,300-999人 / その他,76,76,1,https://www.f-com.co.jp/,
1380001006486,株式会社福島情報処理センター,07:福島県,260人,100-299人 / その他,170,170,1,https://fic.co.jp/,
1390001002030,株式会社山形新聞社,06:山形県,219人,100-299人 / その他,170,170,1,http://yamagata-np.jp,
1400001002185,株式会社イーアールアイ,03:岩手県,33人,30-99人 / その他,169,169,1,https://www.erii.co.jp/,https://mid-holdings.co.jp/recruit/
1400001006104,株式会社システムベース,03:岩手県,170人,100-299人 / その他,170,170,1,http://www.systembase.co.jp/,
1410001001574,株式会社タイセイ商会,05:秋田県,50人,30-99人 / その他,169,169,1,http://taisei.ltd,
1420001000261,青森放送株式会社,02:青森県,131人,100-299人 / その他,170,170,1,https://www.rab.co.jp/,
1430001032097,株式会社エスプランニング,01:北海道,18人,10-29人 / 主要都市圏,189,189,1,http://es-planning.jp/,
1430001035934,株式会社ノースポイント,01:北海道,8人,5-9人 / 主要都市圏,77,77,1,http://www.northpoint.jp/,
1430001039456,株式会社ＨｉＳＣ,01:北海道,45人,30-99人 / 主要都市圏,188,188,1,https://hisc.co.jp/,
1430001041759,株式会社調和技研,01:北海道,57人,30-99人 / 主要都市圏,188,188,1,http://www.chowagiken.co.jp/,
1430001068298,株式会社ランベル,01:北海道,17人,10-29人 / 主要都市圏,189,189,1,https://www.lambell.co.jp/,
1430001088619,株式会社セレブロ・ストラテジック・パートナーズ,01:北海道,9人,5-9人 / 主要都市圏,77,77,1,https://cerebro-strategic.co.jp,
1430003013483,期間工合同会社,01:北海道,4人,1-4人 / 主要都市圏,119,119,1,https://kikankou.co.jp/,
1440002006082,マークネクスト株式会社,01:北海道,19人,10-29人 / 主要都市圏,189,189,1,http://www.h-maneki.net/,
1470001002575,株式会社ＤｙｎａｘＴ,37:香川県,51人,30-99人 / その他,169,169,1,https://wp.dynaxt.co.jp/,
1470001004043,株式会社メディアミックス研究所,37:香川県,20人,10-29人 / その他,129,129,1,http://www.mmlab.co.jp,
1470001006353,アド・セイル株式会社,37:香川県,21人,10-29人 / その他,129,129,1,https://www.ad-sail.jp,
1470001015222,メロディ・インターナショナル株式会社,37:香川県,19人,10-29人 / その他,129,129,1,http://melody.international/,
1490001000619,株式会社高知新聞社,39:高知県,260人,100-299人 / その他,170,170,1,https://corporate.kochinews.co.jp/,
1490001001518,株式会社テレビ高知,39:高知県,101人,100-299人 / その他,170,170,1,http://www.kutv.co.jp/,
1490001002318,ワールドビジネスシスコム株式会社,39:高知県,98人,30-99人 / その他,169,169,1,https://www.wbsc.co.jp,https://www.wbsc.co.jp/recruit/
1500001000617,株式会社ウイン,38:愛媛県,345人,300-999人 / その他,76,76,1,https://www.pro-win.co.jp/profile/actionplan_nextgeneration.html,
1500001004543,株式会社フェローシステム,38:愛媛県,45人,30-99人 / その他,169,169,1,http://www.fellow.co.jp/,
1500001004709,株式会社エイチビーソフトスタジオ,38:愛媛県,6人,5-9人 / その他,65,65,1,http://www.hbss.co.jp/,
1500001013197,サンブロードバンド株式会社,38:愛媛県,22人,10-29人 / その他,129,129,1,https://www.san-group.co.jp/recruit/benefits/,
1500001023023,株式会社オフィス・クラフト,38:愛媛県,8人,5-9人 / その他,65,65,1,https://office-craft.co.jp/,
2010001010788,伊藤忠テクノソリューションズ株式会社,13:東京都,6426人,1000人以上 / 東京,147,147,1,https://www.ctc-g.co.jp/company/sustainability/evaluation/next-generation.html,
2010001011737,エイ・エス株式会社,13:東京都,50人,30-99人 / 東京,352,352,1,http://www.as-c.co.jp/,http://www.as-c.co.jp/
2010001016678,コムコ株式会社,13:東京都,245人,100-299人 / 東京,432,432,1,https://comco.co.jp/,
2010001029969,株式会社毎日新聞社,13:東京都,1948人,1000人以上 / 東京,147,147,1,http://mainichi.jp/,
2010001033384,株式会社ＪＯＥ,13:東京都,237人,100-299人 / 東京,432,432,1,https://www.joe-hr.com/sdgs/training/,
2010001035777,株式会社アトラス,13:東京都,50人,30-99人 / 東京,352,352,1,https://www.atlas.jp/recruit#block-61170a1dd92543afbdd7b20c798422ff,
2010001049249,株式会社ディーソル,13:東京都,280人,100-299人 / 東京,432,432,1,http://www.d2sol.co.jp/,
2010001063299,ＮＴＴインフラネット株式会社,13:東京都,1493人,1000人以上 / 東京,147,147,1,http://www.nttinf.co.jp/,
2010001065535,株式会社ジェイ・クリエイション,13:東京都,134人,100-299人 / 東京,432,432,1,https://www.jcreation.co.jp,
2010001069602,デンタルシステムズ株式会社,13:東京都,74人,30-99人 / 東京,352,352,1,https://www.dentalsystems.jp/,
2010001070072,株式会社エヌジーシー,13:東京都,70人,30-99人 / 東京,352,352,1,https://www.ngc-ngc.jp/,
2010001074742,株式会社クレスソフト,13:東京都,121人,100-299人 / 東京,432,432,1,https://cressoft.co.jp,
2010001080815,株式会社ＨＳ情報システムズ,13:東京都,97人,30-99人 / 東京,352,352,1,https://www.hs-net.co.jp/,
2010001084295,株式会社ＩＴ働楽研究所,13:東京都,200人,100-299人 / 東京,432,432,1,http://www.dorakuken.co.jp/,
2010001085459,株式会社ケーエムケーワールド,13:東京都,75人,30-99人 / 東京,352,352,1,http://www.kmkworld.com/,
2010001091036,株式会社ＦＩＶＥＳＴＡＲｉｎｔｅｒａｃｔｉｖｅ,13:東京都,104人,100-299人 / 東京,432,432,1,https://5star.co.jp/,
2010001094204,株式会社富士経済,13:東京都,204人,100-299人 / 東京,432,432,1,https://www.fuji-keizai.co.jp/recruit/environment.html,
2010001094906,株式会社ムーランド,13:東京都,11人,10-29人 / 東京,299,299,1,http://www.ad-mland.co.jp,
2010001096365,株式会社デジタルスフィア,13:東京都,20人,10-29人 / 東京,299,299,1,http://www.digital-sphere.co.jp/,
2010001101026,株式会社ＪＳＯＬ,13:東京都,1418人,1000人以上 / 東京,147,147,1,https://www.jsol.co.jp/company/sustainability/manage/wp/index.html,
2010001109077,株式会社ビートワン,13:東京都,1人,1-4人 / 東京,189,189,1,https://www.beatone.co.jp/,
2010001115397,株式会社ジェネスティコンサルティング,13:東京都,18人,10-29人 / 東京,299,299,1,http://www.jenesty.co.jp/profile/index.html,
2010001115455,株式会社コミット,13:東京都,38人,30-99人 / 東京,352,352,1,https://www.comit.co.jp/,
2010001117468,アルファパートナーズ株式会社,13:東京都,30人,30-99人 / 東京,352,352,1,https://en-gage.net/al-p/,
2010001123763,株式会社ＰＫＵＴＥＣＨ,13:東京都,153人,100-299人 / 東京,432,432,1,https://pkutech.co.jp/worklifebalance/,
2010001127112,株式会社プロフェース・システムズ,13:東京都,47人,30-99人 / 東京,352,352,1,https://www.proface-sys.com/,
2010001134133,ＴＩＳＩ株式会社,13:東京都,10404人,1000人以上 / 東京,147,147,1,https://www.tisi.jp/,
2010001136204,株式会社ニジボックス,13:東京都,410人,300-999人 / 東京,277,277,1,https://www.nijibox.jp/about,
2010001139512,フォージビジョン株式会社,13:東京都,29人,10-29人 / 東京,299,299,1,http://www.forgevision.com/,
2010001142978,株式会社インフォネット,13:東京都,123人,100-299人 / 東京,432,432,1,https://www.e-infonet.jp/corporate/profile.html,
2010001143464,株式会社アルファネット,13:東京都,70人,30-99人 / 東京,352,352,1,http://www.alfanet.co.jp,
2010001146797,ビッグローブ株式会社,13:東京都,636人,300-999人 / 東京,277,277,1,http://www.biglobe.co.jp/,
2010001154503,株式会社ワイズマン,03:岩手県,519人,300-999人 / その他,76,76,1,http://www.wiseman.co.jp/,
2010001155749,株式会社エーフォース,13:東京都,4人,1-4人 / 東京,189,189,1,https://aforce.co.jp,https://aforce.co.jp/recruit/index.php
2010001163289,株式会社ＫＡＤＯＫＡＷＡ,13:東京都,2309人,1000人以上 / 東京,147,147,1,https://www.kadokawa.co.jp/,
2010001171473,株式会社ＳＵＭＵＳ,13:東京都,30人,30-99人 / 東京,352,352,1,https://sumus-inc.co.jp/,
2010001189400,株式会社Ｉｎｓｉｔｙ,13:東京都,2人,1-4人 / 東京,189,189,1,https://insity.jp/,
2010001190003,株式会社ｈａｄａｔｏ,13:東京都,15人,10-29人 / 東京,299,299,1,https://veramagazine.jp/,
2010001191307,株式会社ハイストリート,13:東京都,18人,10-29人 / 東京,299,299,1,https://highstreet.co.jp,https://highstreet.co.jp/recruit/
2010001193831,株式会社ビッグツリーテクノロジー＆コンサルティング,13:東京都,469人,300-999人 / 東京,277,277,1,https://www.bigtreetc.com,
2010001200942,ノンズ株式会社,13:東京都,1人,1-4人 / 東京,189,189,1,https://nons.jp/,
2010001217078,株式会社ＳＩＧ,13:東京都,473人,300-999人 / 東京,277,277,1,https://www.sig-c.co.jp/,
2010001228694,株式会社ポラスト,13:東京都,7人,5-9人 / 東京,157,157,1,https://porust.co.jp,
2010001236747,株式会社グローバル・ファイナンス,13:東京都,7人,5-9人 / 東京,157,157,1,https://global-finance.co.jp/,
2010001241607,株式会社ＡＰＯＳＴＲＯ,13:東京都,62人,30-99人 / 東京,352,352,1,https://apostro.co.jp/,https://apostro.co.jp/recruit/
2010001246985,富士ソフト株式会社,14:神奈川県,10158人,1000人以上 / 主要都市圏,54,54,1,http://www.fsi.co.jp/index.html,
2010003024068,合同会社Ｗｅｅｙｂｒｉｄ,13:東京都,1人,1-4人 / 東京,189,189,1,https://weeybrid.co.jp/,
2010401001461,麻布プラザ株式会社,13:東京都,110人,100-299人 / 東京,432,432,1,https://az-p.net/,
2010401017689,株式会社ＣＨＩＮＴＡＩ,13:東京都,155人,100-299人 / 東京,432,432,1,https://www.chintai.jp/,
2010401018646,株式会社コスモ・コンピューティングシステム,13:東京都,105人,100-299人 / 東京,432,432,1,https://www.cosmocomputing.co.jp/,
2010401025923,株式会社文化工房,13:東京都,215人,100-299人 / 東京,432,432,1,http://www.bun.co.jp/,
2010401025989,株式会社扶桑社,13:東京都,138人,100-299人 / 東京,432,432,1,http://www.fusosha.co.jp/,
2010401027300,株式会社放送技術社,13:東京都,643人,300-999人 / 東京,277,277,1,http://www.khg-net.co.jp,
2010401034593,株式会社ユニリタ,13:東京都,306人,300-999人 / 東京,277,277,1,https://www.unirita.co.jp,
2010401034734,株式会社ワークスアプリケーションズ,13:東京都,80人,30-99人 / 東京,352,352,1,https://www.worksap.co.jp/,
2010401041383,株式会社インフォマート,13:東京都,829人,300-999人 / 東京,277,277,1,http://www.infomart.co.jp/,
2010401055029,日本プロセス株式会社,13:東京都,724人,300-999人 / 東京,277,277,1,https://www.jpd.co.jp/,
2010401056836,デジタルフュージョン株式会社,13:東京都,40人,30-99人 / 東京,352,352,1,https://cs-tech.jp,
2010401057883,クロス・ヘッド株式会社,13:東京都,381人,300-999人 / 東京,277,277,1,https://www.crosshead.co.jp/,
2010401060466,株式会社インタラクティブ・コミュニケーション・デザイン,13:東京都,175人,100-299人 / 東京,432,432,1,https://www.icd.co.jp/,
2010401062090,株式会社プラージュ,13:東京都,13人,10-29人 / 東京,299,299,1,http://www.prage.jp,
2010401068617,株式会社ソルクシーズ,13:東京都,488人,300-999人 / 東京,277,277,1,https://www.solxyz.co.jp/,
2010401070317,株式会社コンサイド,13:東京都,52人,30-99人 / 東京,352,352,1,https://www.conside.info/,
2010401071678,株式会社ＵＰＤＡＴＡ,13:東京都,2人,1-4人 / 東京,189,189,1,https://updata.tech/,
2010401075423,ＵＱコミュニケーションズ株式会社,13:東京都,260人,100-299人 / 東京,432,432,1,http://www.uqwimax.jp/,
2010401077469,株式会社アド・バンテージ,13:東京都,5人,5-9人 / 東京,157,157,1,http://adv.vc/,
2010401081132,リベロジック株式会社,13:東京都,8人,5-9人 / 東京,157,157,1,http://www.liberogic.jp/,
2010401082114,サイブリッジグループ株式会社,13:東京都,45人,30-99人 / 東京,352,352,1,http://www.cybridge.jp/,
2010401083558,株式会社コアアセットマネジメント,13:東京都,156人,100-299人 / 東京,432,432,1,http://www.iflag.co.jp/,
2010401083715,日本コンピュータシステム株式会社,13:東京都,606人,300-999人 / 東京,277,277,1,https://www.ncsx.co.jp/company-information/ease-of-work/#wadvance-actionplan,
2010401092245,日本マイクロソフト株式会社,13:東京都,3230人,1000人以上 / 東京,147,147,1,https://news.microsoft.com/ja-jp/2017/09/05/170905-family-friendly-leave/,
2010401094225,株式会社ｉＣＡＲＥ,13:東京都,127人,100-299人 / 東京,432,432,1,https://www.icare-carely.co.jp/sustainability/kenkokeiei,
2010401125178,株式会社ステップクラウド,13:東京都,17人,10-29人 / 東京,299,299,1,http://www.stepxcloud.com/,
2010401130830,株式会社ＡＮＤＥＮＴ,13:東京都,52人,30-99人 / 東京,352,352,1,https://stu.inc/,
2010401136514,ポップコーン株式会社,13:東京都,10人,10-29人 / 東京,299,299,1,https://ppcn.co.jp,
2010401137025,テックタッチ株式会社,13:東京都,230人,100-299人 / 東京,432,432,1,https://techtouch.jp/recruit/,
2010401144186,株式会社ＯＶＥＲ　ＤＲＩＶＥ,13:東京都,2人,1-4人 / 東京,189,189,1,http://o-drive.co.jp/,
2010401187680,株式会社ＥＮＴＬＡ,13:東京都,4人,1-4人 / 東京,189,189,1,https://entla.co.jp/company/,
2010403020897,トゥーサウザンド合同会社,13:東京都,3人,1-4人 / 東京,189,189,1,https://www.2-thousand.com,
2010403036191,株式会社Ｓｔａｎｄｅｌｌａ,13:東京都,1人,1-4人 / 東京,189,189,1,https://standella.jp,
2010501019247,株式会社ＮＥＳＩ,08:茨城県,364人,300-999人 / その他,76,76,1,http://www.nesi.co.jp/,
2010501023802,株式会社ジャスティック,13:東京都,38人,30-99人 / 東京,352,352,1,http://www.justic.co.jp/index.html,
2010501028017,株式会社アップグレード,13:東京都,10人,10-29人 / 東京,299,299,1,https://www.upgrade.co.jp/,
2010501032951,マルスコア株式会社,13:東京都,30人,30-99人 / 東京,352,352,1,https://mars-c.co.jp/,
2010601028247,株式会社ＤＳＢ情報システム,13:東京都,299人,100-299人 / 東京,432,432,1,https://www.dsb-is.co.jp/,
2010601032678,株式会社ＮＴＴデータＳＭＳ,13:東京都,1010人,1000人以上 / 東京,147,147,1,http://www.nttdata-sms.co.jp/,
2010601034105,株式会社クリエイティブワークス,13:東京都,5人,5-9人 / 東京,157,157,1,http://www.creative-works.biz/,
2010601038584,日本電子計算株式会社,13:東京都,1577人,1000人以上 / 東京,147,147,1,http://www.jip.co.jp/,
2010601038717,エスアイエス・テクノサービス株式会社,13:東京都,294人,100-299人 / 東京,432,432,1,https://www.sis-techno.co.jp/,
2010601044657,アエスト株式会社,13:東京都,16人,10-29人 / 東京,299,299,1,http://ae-st.com/,
2010601045804,株式会社日立システムズパワーサービス,13:東京都,770人,300-999人 / 東京,277,277,1,http://www.hitachi-systems-ps.co.jp/,
2010601047420,ムーバクラウド株式会社,13:東京都,20人,10-29人 / 東京,299,299,1,https://www.movacloud.co.jp/,
2010601050333,ウミトロン株式会社,13:東京都,36人,30-99人 / 東京,352,352,1,https://umitron.com/ja/index.html,
2010601062956,株式会社アルトレオス,13:東京都,1人,1-4人 / 東京,189,189,1,https://artreoss.com/,
2010701002300,カチシステムプロダクツ株式会社,13:東京都,307人,300-999人 / 東京,277,277,1,https://www.knet.co.jp/,
2010701003380,株式会社国際テクノロジーセンター,13:東京都,135人,100-299人 / 東京,432,432,1,http://www.ktcc.co.jp/,
2010701006193,株式会社ティエスイー,13:東京都,59人,30-99人 / 東京,352,352,1,http://www.kktse.co.jp/,
2010701007869,ＮＣＤ株式会社,13:東京都,1131人,1000人以上 / 東京,147,147,1,https://www.ncd.co.jp/company/society/,
2010701019501,株式会社エルプランニング,13:東京都,35人,30-99人 / 東京,352,352,1,https://www.elplanning.co.jp/,
2010701021655,株式会社Ｇａｋｋｅｎ,13:東京都,700人,300-999人 / 東京,277,277,1,https://www.corp-gakken.co.jp/,
2010701022595,株式会社ＩＰ　ＤＲＥＡＭ,13:東京都,37人,30-99人 / 東京,352,352,1,https://www.ip-dream.co.jp/,
2010701022694,株式会社日本コンピュータ開発,14:神奈川県,101人,100-299人 / 主要都市圏,186,186,1,https://www.nck-tky.co.jp/,
2010701025004,株式会社ＮＴＴデータ・ビジネス・システムズ,13:東京都,1382人,1000人以上 / 東京,147,147,1,http://www.nttdata-bizsys.co.jp/,
2010701031191,株式会社森林ソフト,12:千葉県,2人,1-4人 / 主要都市圏,119,119,1,https://forest-soft.net/,
2010701034723,株式会社Ａｓｏｂｉｃａ,13:東京都,110人,100-299人 / 東京,432,432,1,https://asobica.co.jp/,
2010701035465,Ｈｉｇｈ　Ｊｕｎｋ株式会社,13:東京都,35人,30-99人 / 東京,352,352,1,https://highjunk.co.jp/,
2010701043154,株式会社Ｇｌｉｇｈｔ,13:東京都,4人,1-4人 / 東京,189,189,1,https://glight.jp/,
2010801012348,ユニインフォーメーション株式会社,13:東京都,281人,100-299人 / 東京,432,432,1,https://www.uni-info.co.jp/,https://www.uni-info.co.jp/recruit
2010801013387,ニッセイ情報テクノロジー株式会社,13:東京都,2735人,1000人以上 / 東京,147,147,1,http://www.nissay-it.co.jp/index.html,
2010801014798,株式会社富士通バンキングソリューションズ,14:神奈川県,90人,30-99人 / 主要都市圏,188,188,1,https://www.fujitsu.com/jp/group/fbsol/,
2010801020474,株式会社ＩＳＴソフトウェア,13:東京都,515人,300-999人 / 東京,277,277,1,https://www.ist-software.co.jp,
2010801023642,Ｔｈｉｎｋ　ａ　Ｐｈａｓｅ株式会社,13:東京都,7人,5-9人 / 東京,157,157,1,https://thinkaphase.co.jp/,
2010901030183,アジアクエスト株式会社,13:東京都,461人,300-999人 / 東京,277,277,1,https://www.asia-quest.jp/,
2010901032543,株式会社トレタ,13:東京都,70人,30-99人 / 東京,352,352,1,https://corp.toreta.in/,
2011001015117,株式会社テレビマンユニオン,13:東京都,155人,100-299人 / 東京,432,432,1,http://www.tvu.co.jp,
2011001015471,株式会社トータルオーエーシステムズ,13:東京都,170人,100-299人 / 東京,432,432,1,https://www.totaloa.co.jp,https://www.totaloa.co.jp/recruit/emp_main.php
2011001032632,株式会社ダイヤモンド社,13:東京都,215人,100-299人 / 東京,432,432,1,https://www.diamond.co.jp/,
2011001039495,株式会社スカイウイル,13:東京都,253人,100-299人 / 東京,432,432,1,https://www.skywill.jp/,
2011001041781,株式会社オーケーウェブ,13:東京都,176人,100-299人 / 東京,432,432,1,https://www.okwave.co.jp/,
2011001045428,ナレッジオンデマンド株式会社,13:東京都,23人,10-29人 / 東京,299,299,1,https://kodnet.co.jp/,
2011001046319,ピクシブ株式会社,13:東京都,446人,300-999人 / 東京,277,277,1,https://www.pixiv.co.jp/,
2011001048059,株式会社スリー・イー,13:東京都,1070人,1000人以上 / 東京,147,147,1,http://www.3ep.jp/index.html,
2011001050741,株式会社レプレ,13:東京都,6人,5-9人 / 東京,157,157,1,https://www.lepre.co.jp/,
2011001054214,トーワシステムサポート株式会社,13:東京都,13人,10-29人 / 東京,299,299,1,http://www.towas.co.jp,
2011001056152,株式会社日本国際放送,13:東京都,100人,100-299人 / 東京,432,432,1,https://www.jibtv.com/,
2011001058413,株式会社ビズリーチ,13:東京都,1125人,1000人以上 / 東京,147,147,1,http://www.bizreach.co.jp/,
2011001059411,株式会社情報戦略テクノロジー,13:東京都,339人,300-999人 / 東京,277,277,1,https://www.is-tech.co.jp/,
2011001062274,株式会社ＧＯＯＹＡ,13:東京都,1041人,1000人以上 / 東京,147,147,1,http://www.gooya.co.jp/,
2011001062349,ＣＴＣファーストコンタクト株式会社,13:東京都,508人,300-999人 / 東京,277,277,1,http://www.firstcontact.co.jp/,
2011001067819,トライベック株式会社,13:東京都,188人,100-299人 / 東京,432,432,1,https://www.tribeck.jp/,
2011001068791,株式会社ＲＥＴＲＩＰ,13:東京都,15人,10-29人 / 東京,299,299,1,http://curie.trippiece.com/company,
2011001094268,ＮＨＮ　ＪＡＰＡＮ株式会社,13:東京都,915人,300-999人 / 東京,277,277,1,http://www.nhn-japan.com/,
2011001099523,ＨＲクラウド株式会社,13:東京都,149人,100-299人 / 東京,432,432,1,https://hr-cloud.co.jp/,
2011001106766,株式会社アルファラック,13:東京都,3人,1-4人 / 東京,189,189,1,http://alpha-luck.com,
2011001110207,株式会社サンデイシステムズ,13:東京都,5人,5-9人 / 東京,157,157,1,https://www.sunday.systems,
2011001111725,株式会社おいしい健康,13:東京都,45人,30-99人 / 東京,352,352,1,https://corp.oishi-kenko.com/,
2011001127705,ｈｏｍｉｅ株式会社,13:東京都,110人,100-299人 / 東京,432,432,1,https://homie.co.jp/,
2011001132457,株式会社ＧＩＯテクノロジーズ,13:東京都,30人,30-99人 / 東京,352,352,1,https://www.gio-tech.jp/,
2011001133356,株式会社アーバンエックステクノロジーズ,13:東京都,25人,10-29人 / 東京,299,299,1,https://www.urbanx-tech.com,
2011001147356,株式会社ラパンコード,13:東京都,22人,10-29人 / 東京,299,299,1,https://lupinchord.com/?page_id=33,
2011001147554,Ｔｅｍｐｕｒａ　ｔｅｃｈｎｏｌｏｇｉｅｓ株式会社,13:東京都,4人,1-4人 / 東京,189,189,1,https://tempuradao.xyz/,
2011001149856,アンカーテクノロジーズ株式会社,13:東京都,11人,10-29人 / 東京,299,299,1,http://anchor-u.com/wp-content/uploads/AT_action_plan.pdf,https://open.talentio.com/r/1/c/anchor-u/homes/4042
2011001150335,シンシアリー株式会社,13:東京都,4人,1-4人 / 東京,189,189,1,https://cynthialy.co.jp/#contact,
2011001150525,株式会社ＴＦ,13:東京都,2人,1-4人 / 東京,189,189,1,https://omosuku.co.jp,https://omosuku.co.jp
2011001154435,株式会社Ｒｅｒｏｏｔ,13:東京都,8人,5-9人 / 東京,157,157,1,https://www.reroot.jp/,
2011101002279,ヴァイタル・インフォメーション株式会社,13:東京都,276人,100-299人 / 東京,432,432,1,http://www.vitals.co.jp,
2011101009695,ジョルダン株式会社,13:東京都,164人,100-299人 / 東京,432,432,1,http://www.jorudan.co.jp,
2011101011783,ＤＡＩＫＯ　ＸＴＥＣＨ株式会社,13:東京都,773人,300-999人 / 東京,277,277,1,https://www.daiko-xtech.co.jp,
2011101025239,日本システム通信株式会社,13:東京都,22人,10-29人 / 東京,299,299,1,https://www.sunmake.co.jp/jsc/,
2011101028134,株式会社レグラス,13:東京都,41人,30-99人 / 東京,352,352,1,https://www.reglus.co.jp/,
2011101037985,株式会社キーマネジメントソリューションズ,13:東京都,330人,300-999人 / 東京,277,277,1,http://www.kyms.co.jp/,
2011101045591,エファタ株式会社,13:東京都,9人,5-9人 / 東京,157,157,1,https://www.effata.co.jp/news/6981,
2011101045864,株式会社ゼロメディカル,13:東京都,180人,100-299人 / 東京,432,432,1,https://zeromedical.tv/,
2011101047134,株式会社ａｓｋｅｎ,13:東京都,92人,30-99人 / 東京,352,352,1,https://www.asken.inc/health-management,
2011101048297,エムシーツー株式会社,13:東京都,125人,100-299人 / 東京,432,432,1,https://www.mc2-ltd.jp/,
2011101048784,株式会社サンフラ,13:東京都,18人,10-29人 / 東京,299,299,1,https://fulltas.co.jp/,
2011101054972,株式会社テクノスジャパン,13:東京都,248人,100-299人 / 東京,432,432,1,http://www.tecnos.co.jp/,
2011101056358,株式会社ＮＴＴデータ・アイ,13:東京都,2373人,1000人以上 / 東京,147,147,1,https://www.nttd-i.co.jp/,
2011101066381,株式会社フィックスポイント,13:東京都,9人,5-9人 / 東京,157,157,1,https://www.fixpoint.co.jp/,
2011101068618,株式会社ドキドキグルーヴワークス,13:東京都,490人,300-999人 / 東京,277,277,1,https://dokidoki.co.jp/,
2011101069293,株式会社１０バトン,13:東京都,34人,30-99人 / 東京,352,352,1,https://10baton.com/,
2011101075853,株式会社アイディス,13:東京都,139人,100-299人 / 東京,432,432,1,https://www.aidis.co.jp/,
2011101079664,Ｔｐｌｕｓ株式会社,13:東京都,16人,10-29人 / 東京,299,299,1,https://tplus2017.co.jp,
2011101084771,株式会社バーチャルクラフト,13:東京都,7人,5-9人 / 東京,157,157,1,https://www.virtualcraft.jp/,
2011101087048,株式会社ヒプスター,13:東京都,30人,30-99人 / 東京,352,352,1,https://hipster-enterprise.com/,
2011101092403,株式会社ＹＮＰ,13:東京都,170人,100-299人 / 東京,432,432,1,https://y-n-p.co.jp/,
2011101094176,ハイファンシー株式会社,40:福岡県,1人,1-4人 / 主要都市圏,119,119,1,https://hifansee.co.jp/,
2011201007153,ＳＥＴソフトウェア株式会社,13:東京都,315人,300-999人 / 東京,277,277,1,http://www.setsw.co.jp,
2011205001664,いのちのことば宣教団,13:東京都,100人,100-299人 / 東京,432,432,1,https://www.wlpm.or.jp/,
2011401007325,富士フイルムシステムサービス株式会社,13:東京都,1700人,1000人以上 / 東京,147,147,1,https://www.fujifilm.com/fbss/company/diversity?lnk=flyout,
2011501001129,近代システムビューロー株式会社,13:東京都,117人,100-299人 / 東京,432,432,1,http://www.ksbkk.co.jp/,
2011501015896,ＧＯ株式会社,13:東京都,646人,300-999人 / 東京,277,277,1,https://goinc.jp/,
2011501019294,株式会社ワークスピーディー,13:東京都,1人,1-4人 / 東京,189,189,1,https://workspeedy.co.jp/,
2011601015508,トゥモロー総研株式会社,13:東京都,7人,5-9人 / 東京,157,157,1,https://tomorrow-souken.com/,
2011601016761,株式会社Ｇｒｅｅｎ　ｒｏｍｐ,13:東京都,10人,10-29人 / 東京,299,299,1,https://green-romp.com/,
2011601021324,株式会社Ｍ．ａｎｄ．Ａｇｅｎｃｙ,13:東京都,6人,5-9人 / 東京,157,157,1,https://m-and-agency.com/,
2011601027131,ＫＩＤＺＫＩ株式会社,13:東京都,3人,1-4人 / 東京,189,189,1,https://www.kidzki.com/,
2012401010038,ヴェクソンインターナショナル株式会社,13:東京都,41人,30-99人 / 東京,352,352,1,https://vexon-intnl.com/,
2012403006083,ｆ．ｅ．ｅ．ｌ合同会社,13:東京都,2人,1-4人 / 東京,189,189,1,https://www.f-e-e-l.co.jp/,
2012701001447,株式会社商工中金情報システム,13:東京都,200人,100-299人 / 東京,432,432,1,https://www.shochu-comp.co.jp/,
2012701012725,株式会社ｇｒｉｎｌｅａｐ,13:東京都,26人,10-29人 / 東京,299,299,1,https://grinleap.co.jp/employment/,
2012801000497,コニカミノルタ情報システム株式会社,13:東京都,186人,100-299人 / 東京,432,432,1,http://www.konicaminolta.jp/about/corporate/group/hjs/index.html,
2013201001540,銀河ソフトウェア株式会社,13:東京都,193人,100-299人 / 東京,432,432,1,http://www.ginga.co.jp,
2013201005401,ミネベアソフトウェアソリューションズ株式会社,14:神奈川県,272人,100-299人 / 主要都市圏,186,186,1,https://www.minebea-ss.com/,
2013201007991,株式会社アクティブ・ブレインズ,14:神奈川県,30人,30-99人 / 主要都市圏,188,188,1,https://www.activebrains.co.jp/,
2013301004229,ＣＳエコー株式会社,13:東京都,96人,30-99人 / 東京,352,352,1,http://www.cs-echo.co.jp,
2013301005268,株式会社シスマック,13:東京都,25人,10-29人 / 東京,299,299,1,https://sysmac.co.jp/plan,
2013301014112,株式会社マイオクリエイティブ,13:東京都,25人,10-29人 / 東京,299,299,1,http://www.muio.co.jp,
2013301015614,株式会社ユーグラフ,13:東京都,34人,30-99人 / 東京,352,352,1,https://ugraph.co.jp,
2013301015820,株式会社ユーベック,13:東京都,27人,10-29人 / 東京,299,299,1,http://www.u-vec.co.jp/,
2013301020119,株式会社マクスマラシステムズ,13:東京都,3人,1-4人 / 東京,189,189,1,http://www.maxmalla.jp/,
2013301024895,株式会社スタイラジー,13:東京都,185人,100-299人 / 東京,432,432,1,https://www.stylagy.co.jp/,
2013301032080,株式会社Ｗｉｚ,13:東京都,1000人,1000人以上 / 東京,147,147,1,http://012grp.co.jp/,
2013301043747,株式会社アットファンズ・マーケティング,13:東京都,4人,1-4人 / 東京,189,189,1,https://atfanz-m.co.jp/,
2013401001381,東京海上日動システムズ株式会社,13:東京都,1575人,1000人以上 / 東京,147,147,1,https://www.tmn-systems.jp/environment/welfare.html,
2020001008807,株式会社図研,14:神奈川県,456人,300-999人 / 主要都市圏,86,86,1,https://www.zuken.co.jp/,
2020001011934,バイオコミュニケーションズ株式会社,14:神奈川県,140人,100-299人 / 主要都市圏,186,186,1,https://www.e-bio.co.jp/,
2020001030067,株式会社アイネス,13:東京都,1023人,1000人以上 / 東京,147,147,1,https://www.ines.co.jp/csr/work.html,
2020001031222,アーバン・コーポレーション株式会社,13:東京都,230人,100-299人 / 東京,432,432,1,http://www.urban-web.co.jp/,
2020001036493,株式会社アクティブ,14:神奈川県,23人,10-29人 / 主要都市圏,189,189,1,http://www.active-web.co.jp/,
2020001048423,ネットチャート株式会社,14:神奈川県,196人,100-299人 / 主要都市圏,186,186,1,http://www.ncj.co.jp/,
2020001071937,株式会社アプリコット,14:神奈川県,280人,100-299人 / 主要都市圏,186,186,1,https://www.apricotinc.co.jp,
2020001081242,コアフューテック株式会社,14:神奈川県,55人,30-99人 / 主要都市圏,188,188,1,https://www.corefutec.co.jp/,
2020001087033,株式会社インスパイアリング,14:神奈川県,16人,10-29人 / 主要都市圏,189,189,1,https://www.inspiring.co.jp/,
2020001094748,株式会社ハッピーデザイン,13:東京都,65人,30-99人 / 東京,352,352,1,https://www.happy-design.co.jp,
2020001122079,株式会社Ａｐｒｅｎｄｅｒ,40:福岡県,11人,10-29人 / 主要都市圏,189,189,1,https://aprender-inc.notion.site/Aprender-114cc9819bfe80b5b812ee476cc0e77d,
2020001137936,ＴＩＳ千代田システムズ株式会社,14:神奈川県,231人,100-299人 / 主要都市圏,186,186,1,https://www.tc-systems.co.jp/,
2020001149130,コネクシオ株式会社,13:東京都,4243人,1000人以上 / 東京,147,147,1,https://www.conexio.co.jp,
2020001155335,ティアンドエス株式会社,14:神奈川県,292人,100-299人 / 主要都市圏,186,186,1,https://www.tecsvc.co.jp/,
2020003014200,ＺＥＲＯＵＭ株式会社,13:東京都,4人,1-4人 / 東京,189,189,1,https://www.zeroum.co.jp/,
2021001000092,株式会社アトムシステム,14:神奈川県,92人,30-99人 / 主要都市圏,188,188,1,https://www.atomsystem.co.jp/,
2021001018606,株式会社ウィザード,14:神奈川県,36人,30-99人 / 主要都市圏,188,188,1,https://wiz-t.co.jp/,
2021001044404,株式会社マスターズソリューション,13:東京都,16人,10-29人 / 東京,299,299,1,https://ms-sol.co.jp/,
2021003011823,アースレーベル合同会社,14:神奈川県,9人,5-9人 / 主要都市圏,77,77,1,https://earth-label.com/,
2030001000011,ＡＧＳ株式会社,11:埼玉県,800人,300-999人 / 主要都市圏,86,86,1,http://www.ags.co.jp,
2030001006999,株式会社ビジネスサポート,11:埼玉県,15人,10-29人 / 主要都市圏,189,189,1,https://bs-saitama.jp/,
2030001009127,株式会社アローシステム,13:東京都,37人,30-99人 / 東京,352,352,1,http://www.allow.co.jp/,
2030001010159,株式会社ＮＴＴ東日本‐関信越,11:埼玉県,1261人,1000人以上 / 主要都市圏,54,54,1,http://www.kanshinetsu.ntt-east.co.jp/,
2030001055427,株式会社ビージーシステム,11:埼玉県,21人,10-29人 / 主要都市圏,189,189,1,https://www.bgsystem.co.jp/,
2030002020207,有限会社ケーズドットコム,11:埼玉県,20人,10-29人 / 主要都市圏,189,189,1,http://www.k--s.com,
2030003016914,合同会社浅見制作所,11:埼玉県,1人,1-4人 / 主要都市圏,119,119,1,https://azami-seisaku.com/,
2040001004102,株式会社大東システムエンジニアリング,12:千葉県,90人,30-99人 / 主要都市圏,188,188,1,https://www.daitoh-se.co.jp/,
2040001100487,株式会社ネコカリ,12:千葉県,11人,10-29人 / 主要都市圏,189,189,1,https://www.nekokari.co.jp/,
2050001006551,株式会社アルコ・イーエックス,08:茨城県,76人,30-99人 / その他,169,169,1,https://www.alco-ex.jp/,
2050002031210,アイエンジニアリング株式会社,08:茨城県,31人,30-99人 / その他,169,169,1,https://iengz.co.jp/,https://iengz.co.jp/recruit/
2060001000900,株式会社エフエム栃木,09:栃木県,24人,10-29人 / その他,129,129,1,https://www.berry.co.jp,
2060001012086,ペンタテクノサービス株式会社,09:栃木県,58人,30-99人 / その他,169,169,1,http://www.penta-techno.co.jp/,
2060001016517,ケーブルテレビ株式会社,09:栃木県,190人,100-299人 / その他,170,170,1,https://www.cc9.jp/,https://www.cc9.jp/recruit/
2060003003595,ＡＢＣ株式会社,23:愛知県,5人,5-9人 / 主要都市圏,77,77,1,https://abckk.dev,
2070001016771,株式会社両毛システムズ,10:群馬県,738人,300-999人 / その他,76,76,1,http://www.ryomo.co.jp/,
2080001000667,株式会社ＳＤＴエンタープライズ,22:静岡県,90人,30-99人 / その他,169,169,1,https://sdte.co.jp/,
2080001002721,株式会社静岡教育出版社,22:静岡県,42人,30-99人 / その他,169,169,1,http://www.shizedpu.co.jp/,
2080001004346,株式会社ＴＯＫＡＩコミュニケーションズ,22:静岡県,1304人,1000人以上 / その他,8,8,1,http://www.tokai-com.co.jp/,
2080001005526,株式会社ユニテック,22:静岡県,92人,30-99人 / その他,169,169,1,http://www.unitec.jp,
2080101025606,株式会社Ｃａｒｅ　Ｓｅｅｄ,22:静岡県,2人,1-4人 / その他,50,50,1,https://care-seed.jp/,
2080401000309,株式会社アミック,22:静岡県,133人,100-299人 / その他,170,170,1,http://www.ammic.co.jp/,
2080401004029,浜松ケーブルテレビ株式会社,22:静岡県,58人,30-99人 / その他,169,169,1,http://www.winde.jp/,
2080401018664,株式会社ＮＯＫＩＯＯ,22:静岡県,17人,10-29人 / その他,129,129,1,https://www.nokioo.jp/,
2090001017181,ｐ．ｃ．ｃ．メディアマーケティング株式会社,19:山梨県,5人,5-9人 / その他,65,65,1,https://www.bestsalonreport.jp/,
2100001001266,信越放送株式会社,20:長野県,131人,100-299人 / その他,170,170,1,https://sbc21.co.jp/,
2100001003411,株式会社インテージテクノスフィア,20:長野県,668人,300-999人 / その他,76,76,1,http://www.intage-technosphere.co.jp/,
2110001003807,キヤノンイメージングシステムズ株式会社,15:新潟県,515人,300-999人 / その他,76,76,1,https://imgsys.canon/ja/recruit,
2110001008698,株式会社インプレッシヴ,15:新潟県,52人,30-99人 / その他,169,169,1,http://www.impressive.jp/,
2110001014267,株式会社システムエース,15:新潟県,19人,10-29人 / その他,129,129,1,https://www.system-ace.co.jp/plan/,
2110001022732,ソリマチ株式会社,15:新潟県,144人,100-299人 / その他,170,170,1,https://www.sorimachi.co.jp/,
2120001015669,株式会社ドコモＣＳ関西,27:大阪府,1762人,1000人以上 / 主要都市圏,54,54,1,http://www.docomo-cs-kansai.co.jp/sustainability/diversity.html,
2120001022211,株式会社アレックスマネジメント,27:大阪府,91人,30-99人 / 主要都市圏,188,188,1,https://www.alex.co.jp/,https://www.alex.co.jp/recruit/graduate/
2120001034108,株式会社アイル,27:大阪府,992人,300-999人 / 主要都市圏,86,86,1,https://www.ill.co.jp/,
2120001055772,株式会社システムアイ,27:大阪府,5人,5-9人 / 主要都市圏,77,77,1,http://www.system-i.co.jp/,
2120001064906,株式会社シスコ,27:大阪府,179人,100-299人 / 主要都市圏,186,186,1,http://www.toray-sysco.co.jp/,https://www.career-map.biz/recruit/page_toray_sysco
2120001073097,株式会社アイアンドディ,27:大阪府,46人,30-99人 / 主要都市圏,188,188,1,https://www.aidi.co.jp/,
2120001079565,株式会社コモンプロダクツ,27:大阪府,41人,30-99人 / 主要都市圏,188,188,1,https://www.cnanet.co.jp,
2120001084730,ディーアイエスサービス＆ソリューション株式会社,27:大阪府,94人,30-99人 / 主要都市圏,188,188,1,https://www.dis-sas.co.jp/,
2120001102814,株式会社ソフトム,27:大阪府,30人,30-99人 / 主要都市圏,188,188,1,https://www.softm.co.jp,
2120001105478,ＯＳＳ株式会社,27:大阪府,17人,10-29人 / 主要都市圏,189,189,1,http://www.spacechart.co.jp,
2120001106708,株式会社マイスター・ギルド,27:大阪府,21人,10-29人 / 主要都市圏,189,189,1,https://www.m-gild.com/,
2120001115345,株式会社サファリゲームズ,27:大阪府,142人,100-299人 / 主要都市圏,186,186,1,https://www.safarigames.com/,
2120001120592,株式会社イーフォルム,27:大阪府,100人,100-299人 / 主要都市圏,186,186,1,http://e-form.co.jp/,
2120001123265,株式会社アップライト,27:大阪府,16人,10-29人 / 主要都市圏,189,189,1,https://upright.co.jp/,
2120001138726,株式会社ＮＴＴ西日本ルセント,27:大阪府,425人,300-999人 / 主要都市圏,86,86,1,http://nttwest-lucent.co.jp/,
2120001171017,株式会社ユニソンプラネット,27:大阪府,35人,30-99人 / 主要都市圏,188,188,1,http://www.unison-planet.com/,
2120001189653,株式会社オークン,27:大阪府,28人,10-29人 / 主要都市圏,189,189,1,https://o-kun.com/,
2120001196831,オアシ株式会社,27:大阪府,2人,1-4人 / 主要都市圏,119,119,1,http://www.oasi.co.jp,
2120001215087,株式会社Ｓエナジーユニオン,27:大阪府,5人,5-9人 / 主要都市圏,77,77,1,https://senergy.co.jp,
2120002065192,有限会社ななくる,27:大阪府,9人,5-9人 / 主要都市圏,77,77,1,https://www.nanakuru.com/,
2120003011336,株式会社ＡＫＹ,13:東京都,30人,30-99人 / 東京,352,352,1,https://aky-net.co.jp/,
2120101035765,株式会社ＰＰＲ,27:大阪府,66人,30-99人 / 主要都市圏,188,188,1,http://www.ppr-do.co.jp/,
2120101071513,極速メディア株式会社,13:東京都,2人,1-4人 / 東京,189,189,1,https://www.speedmediajp.com/,
2120103003679,コンベンションクラウド合同会社,27:大阪府,4人,1-4人 / 主要都市圏,119,119,1,https://c-cloud.co.jp,
2120901016130,株式会社ミライト・ワン・システムズ,13:東京都,385人,300-999人 / 東京,277,277,1,https://www.mirait-one-systems.co.jp,
2120901038546,Ａｓｔｅｍ　Ｃｌｏｕｄ株式会社,27:大阪府,5人,5-9人 / 主要都市圏,77,77,1,https://www.astem.com/asteminfo/astemcloud/,https://www.astem.com/asteminfo/recruit/
2122001018949,センコー情報システム株式会社,27:大阪府,229人,100-299人 / 主要都市圏,186,186,1,https://www.sis-recruit.senko.co.jp/,
2122001029046,株式会社オスカー,13:東京都,20人,10-29人 / 東京,299,299,1,https://oscarjapan.co.jp/company/,
2122003001003,合同会社しばふ,27:大阪府,2人,1-4人 / 主要都市圏,119,119,1,http://www.shibafu.biz,
2130001010677,ＳＧシステム株式会社,26:京都府,2720人,1000人以上 / 主要都市圏,54,54,1,http://www.sg-systems.co.jp/,
2130001018398,株式会社日新システムズ,26:京都府,223人,100-299人 / 主要都市圏,186,186,1,https://www.co-nss.co.jp/company/,
2130001020016,株式会社エクザム,26:京都府,35人,30-99人 / 主要都市圏,188,188,1,https://www.ekzm.co.jp/company/,
2130001021063,島津エス・ディー株式会社,26:京都府,183人,100-299人 / 主要都市圏,186,186,1,http://www.shimadzusd.co.jp/home.htm,
2130001021286,セブンシステム株式会社,26:京都府,29人,10-29人 / 主要都市圏,189,189,1,https://www.seven-sys.co.jp/,
2130001023349,京都電子計算株式会社,26:京都府,309人,300-999人 / 主要都市圏,86,86,1,http://www.kip.co.jp,
2130001031079,株式会社知能情報システム,26:京都府,20人,10-29人 / 主要都市圏,189,189,1,https://www.chino-js.com/,
2130001055391,株式会社アドバンシス,26:京都府,1人,1-4人 / 主要都市圏,119,119,1,https://advancis.jp/,
2140001018439,ジイ・アンド・ジイ株式会社,28:兵庫県,64人,30-99人 / 主要都市圏,188,188,1,http://www.gandg.co.jp/,
2140001035178,株式会社テクノツリー,28:兵庫県,182人,100-299人 / 主要都市圏,186,186,1,http://www.technotree.com,
2140001087145,株式会社ｉ－ｐｌｕｇ,27:大阪府,407人,300-999人 / 主要都市圏,86,86,1,http://i-plug.co.jp/,
2140001092599,株式会社アイユース,28:兵庫県,40人,30-99人 / 主要都市圏,188,188,1,https://i-youth.co.jp/,
2150001017051,株式会社テック,13:東京都,2人,1-4人 / 東京,189,189,1,https://tec-resous.com/,
2160001020871,株式会社しがトコ,25:滋賀県,5人,5-9人 / その他,65,65,1,https://shigatoco.com/,
2160001024906,株式会社磐戸,27:大阪府,9人,5-9人 / 主要都市圏,77,77,1,https://www.copyki-gmen.com/fukugoki,
2180001016265,ＮＴＴメディアサプライ株式会社,27:大阪府,9722人,1000人以上 / 主要都市圏,54,54,1,http://www.nttbizsol.jp/,
2180001031801,名古屋総合システム株式会社,23:愛知県,60人,30-99人 / 主要都市圏,188,188,1,http://www.nasubi.co.jp/,https://www.nasubi.co.jp/recruit-top/
2180001040422,株式会社プロトコーポレーション,23:愛知県,673人,300-999人 / 主要都市圏,86,86,1,https://www.proto-g.co.jp/,
2180001047905,株式会社メディアドゥ,13:東京都,291人,100-299人 / 東京,432,432,1,https://mediado.jp/,
2180001049694,トヨタコネクティッド株式会社,23:愛知県,573人,300-999人 / 主要都市圏,86,86,1,http://www.toyotaconnected.co.jp/,
2180001055412,株式会社アベイル,23:愛知県,21人,10-29人 / 主要都市圏,189,189,1,https://www.avail-ltd.com/,
2180001061708,シェアリングテクノロジー株式会社,23:愛知県,265人,100-299人 / 主要都市圏,186,186,1,https://www.sharing-tech.co.jp/,
2180001062094,株式会社シープロジェクト,23:愛知県,2人,1-4人 / 主要都市圏,119,119,1,http://www.cproject.co.jp/,
2180001066062,ＡＺＡＰＡ株式会社,23:愛知県,34人,30-99人 / 主要都市圏,188,188,1,http://www.azapa.co.jp/,
2180001066368,株式会社メイシ,23:愛知県,17人,10-29人 / 主要都市圏,189,189,1,http://www.meisi.co.jp,
2180001101455,ＧＴソリューション株式会社,23:愛知県,138人,100-299人 / 主要都市圏,186,186,1,https://www.gts-jp.com/,
2180001102230,株式会社カルテットコミュニケーションズ,23:愛知県,61人,30-99人 / 主要都市圏,188,188,1,https://quartet-communications.com/,https://www.wantedly.com/companies/quartetcom
2180001119910,エンゲージソフト株式会社,23:愛知県,8人,5-9人 / 主要都市圏,77,77,1,https://engagesoft.co.jp,
2180001130578,株式会社ダンデライオンズ,23:愛知県,23人,10-29人 / 主要都市圏,189,189,1,https://dandelions.co.jp/,
2180301019091,ひまわりネットワーク株式会社,23:愛知県,216人,100-299人 / 主要都市圏,186,186,1,https://recruit.himawari.co.jp/,
2190001006182,株式会社ビズヒッツ,24:三重県,2人,1-4人 / その他,50,50,1,https://bizhits.co.jp/,
2190001006372,株式会社アイ・シー・エス,24:三重県,169人,100-299人 / その他,170,170,1,http://www.ise-ics.co.jp,
2200001001347,株式会社岐阜新聞社,21:岐阜県,167人,100-299人 / その他,170,170,1,https://www.gifu-np.co.jp/,
2200001011461,株式会社文溪堂,21:岐阜県,231人,100-299人 / その他,170,170,1,https://www.bunkei.co.jp/,
2200001030172,株式会社ＩＴｒｅａｔ,21:岐阜県,12人,10-29人 / その他,129,129,1,http://itreat.co.jp/,
2210001003689,福井テレビジョン放送株式会社,18:福井県,115人,100-299人 / その他,170,170,1,https://www.fukui-tv.co.jp/,
2210001019611,ランクアップ株式会社,18:福井県,1人,1-4人 / その他,50,50,1,https://rankup-stage.com/,https://rankup-stage.com/
2220001000603,株式会社ＩＣＣサービスセンター,17:石川県,76人,30-99人 / その他,169,169,1,https://www.isc.co.jp/,
2220001008381,クレスコ北陸株式会社,17:石川県,79人,30-99人 / その他,169,169,1,http://www.cresco-hokuriku.jp/,
2220001008662,株式会社リンケージ,17:石川県,8人,5-9人 / その他,65,65,1,http://www.linkage-jp.com/index.html,
2230001002235,株式会社日本オープンシステムズ,16:富山県,424人,300-999人 / その他,76,76,1,https://www.jops.co.jp/,
2240001006697,株式会社エネコム,34:広島県,1074人,1000人以上 / その他,8,8,1,https://www.enecom.co.jp/,
2240001051388,株式会社デジタルウィンズ,34:広島県,1人,1-4人 / その他,50,50,1,https://www.digitalwinds.net/,
2250001012703,シンテック株式会社,35:山口県,22人,10-29人 / その他,129,129,1,https://shintechoptics.com,
2250001014146,株式会社地域情報新聞しものせき,35:山口県,7人,5-9人 / その他,65,65,1,https://www.hop-s.jp/,
2250001014880,株式会社アワセルブス,35:山口県,3人,1-4人 / その他,50,50,1,https://ourselves.jp,
2250001020020,株式会社ラゲッジ,35:山口県,5人,5-9人 / その他,65,65,1,https://ymgfg.co.jp/,
2260001001143,ＯＥＣ株式会社,33:岡山県,285人,100-299人 / その他,170,170,1,http://www.oec-o.co.jp/,
2260001003263,株式会社システムヨシイ,33:岡山県,11人,10-29人 / その他,129,129,1,http://www.systemyoshii.co.jp,
2260001005516,ピコシステム株式会社,33:岡山県,141人,100-299人 / その他,170,170,1,http://www.picosystem.co.jp/,
2260001017701,笠岡放送株式会社,33:岡山県,44人,30-99人 / その他,169,169,1,https://yumenet.jp/,
2280001003542,いずもトータルネット株式会社,32:島根県,4人,1-4人 / その他,50,50,1,https://www.izumo-it.co.jp,
2280001006421,株式会社八雲ソフトウェア,32:島根県,22人,10-29人 / その他,129,129,1,https://8clouds.co.jp/,
2290001005166,コスミックビジネス株式会社,40:福岡県,85人,30-99人 / 主要都市圏,188,188,1,https://www.cosmicb.co.jp/,
2290001015735,株式会社クレイトソリューションズ,13:東京都,192人,100-299人 / 東京,432,432,1,https://www.creitsol.co.jp/,https://www.creitsol.co.jp/recruit/job-description/#new-graduates
2290001035188,株式会社エフ・ソルト,40:福岡県,18人,10-29人 / 主要都市圏,189,189,1,http://www.f-salt.co.jp,
2290001061993,株式会社グッドラックスリー,40:福岡県,51人,30-99人 / 主要都市圏,188,188,1,http://www.gl-inc.jp/,
2290001063651,グラウド株式会社,40:福岡県,120人,100-299人 / 主要都市圏,186,186,1,http://www.glowd.co.jp/,
2290001084094,ＳＭＡＲＴＩ株式会社,40:福岡県,15人,10-29人 / 主要都市圏,189,189,1,http://www.smartichip.co.jp,
2290001085605,株式会社マイクロミニスター,40:福岡県,3人,1-4人 / 主要都市圏,119,119,1,https://microminister.co.jp/koudou_plan/,
2290001093888,株式会社リンク,40:福岡県,5人,5-9人 / 主要都市圏,77,77,1,https://link-cop.jp/,
2290801002908,日本コンピューター株式会社,40:福岡県,123人,100-299人 / 主要都市圏,186,186,1,https://www.nck.co.jp/,
2290801009473,株式会社ソルネット,40:福岡県,120人,100-299人 / 主要都市圏,186,186,1,https://www.solnet-dot.com/,
2300001003993,株式会社ジェピック,41:佐賀県,6人,5-9人 / その他,65,65,1,http://www.e-jpic.co.jp,
2300002002219,株式会社プライム,41:佐賀県,16人,10-29人 / その他,129,129,1,http://www.prime18.co.jp,
2310001017266,株式会社スライベックス,42:長崎県,5人,5-9人 / その他,65,65,1,https://thrivex.co.jp/,
2320001000758,クライム株式会社,44:大分県,17人,10-29人 / その他,129,129,1,http://climb.ne.jp/,https://climb.ne.jp/recruit2024/
2320001004874,株式会社ＡＴＴＳ,44:大分県,111人,100-299人 / その他,170,170,1,http://www.att-sys.co.jp/,https://att-sys.co.jp/recruitlist/
2320001016630,株式会社ザイナス,44:大分県,164人,100-299人 / その他,170,170,1,https://zynas.co.jp/,
2330001002654,ソフトウエアビジョン株式会社,43:熊本県,164人,100-299人 / その他,170,170,1,http://www.svckk.co.jp,
2330001007694,株式会社フルスケール,43:熊本県,5人,5-9人 / その他,65,65,1,https://fullscale.jp,
2340001000657,株式会社エム・ディ・エス,46:鹿児島県,120人,100-299人 / その他,170,170,1,https://www.kk-mds.jp/,
2340001003750,富士電通株式会社,46:鹿児島県,40人,30-99人 / その他,169,169,1,http://www.fujidentsu.co.jp/,
2350001005093,株式会社グローアップ,45:宮崎県,43人,30-99人 / その他,169,169,1,https://growup-un.com/,
2360001009424,ＦＲＴ株式会社,47:沖縄県,173人,100-299人 / その他,170,170,1,https://www.firstriding.co.jp/,
2360001010191,株式会社プロトソリューション,47:沖縄県,439人,300-999人 / その他,76,76,1,http://www.protosolution.co.jp/,
2360001015083,株式会社うちなーうぇぶ,47:沖縄県,16人,10-29人 / その他,129,129,1,https://www.uchina-web.co.jp/,
2360001035338,株式会社カフーブリッジ,47:沖縄県,3人,1-4人 / その他,50,50,1,https://kafuu-bridge.co.jp/,
2370001004746,株式会社ＮＴＴデータ東北,04:宮城県,312人,300-999人 / その他,76,76,1,https://www.nttdata-tohoku.co.jp/,
2370001005736,株式会社ドコモＣＳ東北,04:宮城県,922人,300-999人 / その他,76,76,1,http://www.docomo-cs-tohoku.co.jp/,
2370001044370,ミライウェブ株式会社,13:東京都,8人,5-9人 / 東京,157,157,1,https://www.miraiweb.co.jp/,
2370001053702,株式会社ＶＡＩＺＯ,04:宮城県,9人,5-9人 / その他,65,65,1,https://vaizo.jp/,
2380001011337,株式会社日本アドシス,07:福島県,56人,30-99人 / その他,169,169,1,https://www.jadsys.co.jp/,https://www.jadsys.co.jp/
2380001014240,株式会社システムフォワード,07:福島県,10人,10-29人 / その他,129,129,1,https://www.sysforward.co.jp/,
2390001002095,山形放送株式会社,06:山形県,134人,100-299人 / その他,170,170,1,http://www.ybc.co.jp/,
2390001010651,株式会社日本ケアコミュニケーションズ,06:山形県,50人,30-99人 / その他,169,169,1,https://www.care-com.co.jp/,
2400001001748,株式会社リードコナン,03:岩手県,99人,30-99人 / その他,169,169,1,https://www.leadkonan.co.jp/,
2420001013857,株式会社Ｍ＆Ｃｏ．,02:青森県,5人,5-9人 / その他,65,65,1,https://m-and.co/,
2420002019110,有限会社ヒーローネット,02:青森県,6人,5-9人 / その他,65,65,1,https://heronet.jp/ja/wp-content/pdf/koudoukeikaku.pdf,
2430001002561,株式会社デジック,01:北海道,110人,100-299人 / 主要都市圏,186,186,1,https://www.dgic.co.jp/,
2430001015010,北都システム株式会社,01:北海道,200人,100-299人 / 主要都市圏,186,186,1,http://www.hscnet.co.jp/,
2430001021958,株式会社北海道総合技術研究所,01:北海道,65人,30-99人 / 主要都市圏,188,188,1,https://www.hit-giken.jp/,
2430001024812,ＴＩＳ北海道株式会社,01:北海道,78人,30-99人 / 主要都市圏,188,188,1,https://www.tis-h.co.jp/,https://recruit.tis-h.co.jp/
2430001028796,株式会社アイビーソリューションズ,01:北海道,33人,30-99人 / 主要都市圏,188,188,1,https://www.ib-s.co.jp,https://www.ib-s.co.jp/recruit/
2430001029753,株式会社ＣＳソリューション,01:北海道,24人,10-29人 / 主要都市圏,189,189,1,http://www.cs-sol.co.jp/,
2430001032039,株式会社ブレインソフト,01:北海道,20人,10-29人 / 主要都市圏,189,189,1,http://www.brainsoft-net.co.jp,
2430001032732,株式会社ネットジャパン,01:北海道,18人,10-29人 / 主要都市圏,189,189,1,http://www.net-japan.jp/index.html,
2430001032798,ユニバーサル・システム株式会社,01:北海道,56人,30-99人 / 主要都市圏,188,188,1,https://www.us-kk.co.jp/,
2430001072290,株式会社Ｏｌｉｖｉｅｒ,01:北海道,18人,10-29人 / 主要都市圏,189,189,1,http://olivier.co.jp/,
2430001078429,株式会社ノースディテール,01:北海道,91人,30-99人 / 主要都市圏,188,188,1,https://www.northdetail.co.jp/recruit/data/,
2470001004331,株式会社ロジック,37:香川県,64人,30-99人 / その他,169,169,1,https://www.kagawa-logic.co.jp/,https://www.kagawa-logic.co.jp/recruit/
2500001000764,株式会社愛媛新聞社,38:愛媛県,251人,100-299人 / その他,170,170,1,http://www.ehime-np.co.jp/kaisha/,
3010001000243,株式会社アクト,13:東京都,60人,30-99人 / 東京,352,352,1,https://act1.co.jp/company/,
3010001005226,東京コンピュータサービス株式会社,13:東京都,514人,300-999人 / 東京,277,277,1,http://www.to-kon.co.jp/,
3010001015811,株式会社京葉情報システム,13:東京都,136人,100-299人 / 東京,432,432,1,https://www.kiskk.com/,
3010001017626,サン・エム・システム株式会社,13:東京都,312人,300-999人 / 東京,277,277,1,http://www.sun-m.co.jp/,
3010001019663,システム・アナライズ株式会社,13:東京都,104人,100-299人 / 東京,432,432,1,https://www.sacn.co.jp/,
3010001024250,株式会社東和コンピュータマネジメント,13:東京都,151人,100-299人 / 東京,432,432,1,https://info.towa-cm.co.jp/,
3010001024705,クラリベイト・アナリティクス・ジャパン株式会社,13:東京都,150人,100-299人 / 東京,432,432,1,https://clarivate.jp/,
3010001025546,日鉄日立システムソリューションズ株式会社,13:東京都,528人,300-999人 / 東京,277,277,1,https://www.nhs.co.jp/,
3010001033086,株式会社日本経済新聞社,13:東京都,3186人,1000人以上 / 東京,147,147,1,http://www.nikkei.co.jp/nikkeiinfo/,
3010001033417,日本通信ネットワーク株式会社,13:東京都,200人,100-299人 / 東京,432,432,1,https://www.c-ntn.co.jp/,
3010001039042,松竹ブロードキャスティング株式会社,13:東京都,42人,30-99人 / 東京,352,352,1,https://www.broadcasting.co.jp/sbc/,
3010001040339,兼松エレクトロニクス株式会社,13:東京都,519人,300-999人 / 東京,277,277,1,https://www.kel.co.jp/company/sustainability/health.html,
3010001042244,株式会社エーピーコミュニケーションズ,13:東京都,382人,300-999人 / 東京,277,277,1,http://www.ap-com.co.jp/,
3010001043713,株式会社コムニック,13:東京都,287人,100-299人 / 東京,432,432,1,http://www.comnic.co.jp/,
3010001045552,株式会社昭和システムエンジニアリング,13:東京都,534人,300-999人 / 東京,277,277,1,https://www.showa-sys-eng.co.jp/,
3010001058678,株式会社ムサシ・エービーシー,13:東京都,186人,100-299人 / 東京,432,432,1,http://www.musashi-abc.co.jp/,
3010001060378,三菱ケミカルシステム株式会社,13:東京都,687人,300-999人 / 東京,277,277,1,https://www.mitsubishichem-sys.co.jp/,
3010001070229,株式会社福音館書店,13:東京都,122人,100-299人 / 東京,432,432,1,http://www.fukuinkan.co.jp/,
3010001081473,株式会社日立フーズ＆ロジスティクスシステムズ,13:東京都,161人,100-299人 / 東京,432,432,1,http://www.hitachi-fls.co.jp/,
3010001088477,エヌアイシー・ソフト株式会社,13:東京都,157人,100-299人 / 東京,432,432,1,https://www.nicsoft.co.jp/,
3010001091373,ｅ－Ｊａｎネットワークス株式会社,13:東京都,104人,100-299人 / 東京,432,432,1,https://www.e-jan.co.jp/,
3010001096117,デジタルアーツ株式会社,13:東京都,300人,300-999人 / 東京,277,277,1,http://www.daj.jp/,
3010001097899,株式会社ＧＲＣＳ,13:東京都,213人,100-299人 / 東京,432,432,1,https://www.grcs.co.jp/corporate/esg,
3010001098113,株式会社写易,12:千葉県,48人,30-99人 / 主要都市圏,188,188,1,http://www.xieyi.co.jp/,
3010001106809,株式会社リベルワークス,13:東京都,61人,30-99人 / 東京,352,352,1,http://www.liberworks.co.jp/,
3010001106833,株式会社日立医薬情報ソリューションズ,13:東京都,310人,300-999人 / 東京,277,277,1,https://www.hitachi-pi.co.jp/,
3010001125817,ＶＡＬＵＥＮＥＸ株式会社,13:東京都,28人,10-29人 / 東京,299,299,1,https://www.valuenex.com/,
3010001127111,株式会社グッドワークス,13:東京都,268人,100-299人 / 東京,432,432,1,https://www.good-works.co.jp/,
3010001127747,ＳＰＩ株式会社,13:東京都,52人,30-99人 / 東京,352,352,1,https://www.spi-jp.com/,
3010001129215,パナソニックコネクト株式会社,40:福岡県,11600人,1000人以上 / 主要都市圏,54,54,1,https://connect.panasonic.com/jp-ja/about/sustainability,
3010001132912,株式会社ＢｌｕｅＭｅｍｅ,13:東京都,144人,100-299人 / 東京,432,432,1,https://www.bluememe.jp/,
3010001137969,株式会社ＦＢＳ,13:東京都,322人,300-999人 / 東京,277,277,1,http://www.f-b-s.jp/,
3010001139230,株式会社テンクー,13:東京都,44人,30-99人 / 東京,352,352,1,https://xcoo.co.jp/,
3010001147200,ジープラ株式会社,13:東京都,102人,100-299人 / 東京,432,432,1,http://www.geeplus.jp/,
3010001149650,バーズ・ビュー株式会社,13:東京都,8人,5-9人 / 東京,157,157,1,http://www.birdsview.jp,
3010001152563,株式会社インテージ,13:東京都,1067人,1000人以上 / 東京,147,147,1,http://www.intage.co.jp/,
3010001159633,日本ナレッジスペース株式会社,13:東京都,200人,100-299人 / 東京,432,432,1,https://www.jpn-ks.co.jp/,
3010001171431,株式会社ＴＨＩＲＤ,13:東京都,174人,100-299人 / 東京,432,432,1,https://third-inc.co.jp/,
3010001177445,ＮＲＩデジタル株式会社,13:東京都,80人,30-99人 / 東京,352,352,1,https://www.nri-digital.jp/,
3010001181141,株式会社ＣＣＮグループ,13:東京都,151人,100-299人 / 東京,432,432,1,https://ccn-g.co.jp/,
3010001190365,Ｊ＆Ｗネクサス株式会社,13:東京都,32人,30-99人 / 東京,352,352,1,https://jw-nexus.com/?news/68.html=,
3010001195645,株式会社壱,13:東京都,24人,10-29人 / 東京,299,299,1,https://i-chi.co.jp/,
3010001209479,Ｈ＆Ｈ　ＣＯＮＮＥＣＴ株式会社,13:東京都,20人,10-29人 / 東京,299,299,1,https://www.hh-c.co.jp/,
3010001231540,株式会社Ｉｋｉｇａｉ,13:東京都,10人,10-29人 / 東京,299,299,1,https://ai-know.ai/,
3010002053513,有限会社ＦＤＳｉ,13:東京都,1人,1-4人 / 東京,189,189,1,https://www.fds.co.jp,
3010003034842,株式会社ＰＫＳＨＡ　Ｃｏｍｍｕｎｉｃａｔｉｏｎ,13:東京都,97人,30-99人 / 東京,352,352,1,https://prazna.com/,
3010401003184,インフォマートジャパン株式会社,13:東京都,2人,1-4人 / 東京,189,189,1,https://infomart-japan.com/company_profile/,
3010401004372,エルゼビア・ジャパン株式会社,13:東京都,177人,100-299人 / 東京,432,432,1,https://www.elsevier.com/ja-jp,
3010401009628,株式会社工業市場研究所,13:東京都,86人,30-99人 / 東京,352,352,1,http://www.kohken-net.co.jp/,
3010401012318,株式会社ジェーエムエーシステムズ,13:東京都,344人,300-999人 / 東京,277,277,1,http://www.jmas.co.jp/,
3010401014223,ＪＡＬデジタル株式会社,13:東京都,1102人,1000人以上 / 東京,147,147,1,https://www.jaldx.co.jp/company/sustainability/,
3010401014925,鈴与シンワート株式会社,13:東京都,786人,300-999人 / 東京,277,277,1,http://www.shinwart.co.jp/,
3010401015790,株式会社東北新社,13:東京都,829人,300-999人 / 東京,277,277,1,http://www.tfc.co.jp/,
3010401017052,ティーコム株式会社,13:東京都,129人,100-299人 / 東京,432,432,1,https://www.tcomm.co.jp/,
3010401019619,株式会社ドコモＣＳ,13:東京都,5242人,1000人以上 / 東京,147,147,1,http://www.docomo-cs.co.jp/index.html,
3010401022977,ＮＥＣフィールディング株式会社,13:東京都,4482人,1000人以上 / 東京,147,147,1,http://www.fielding.co.jp/index.html,
3010401023595,株式会社クレヴァシステムズ,13:東京都,286人,100-299人 / 東京,432,432,1,https://www.crevasystems.co.jp/,
3010401031664,株式会社菱友システムズ,13:東京都,1194人,1000人以上 / 東京,147,147,1,http://www.ryoyu.co.jp/,
3010401036275,株式会社アクト・インフォメーション・サービス,13:東京都,113人,100-299人 / 東京,432,432,1,https://www.act-inf.co.jp,
3010401040467,株式会社ＴＢＳテレビ,13:東京都,1255人,1000人以上 / 東京,147,147,1,https://www.tbsholdings.co.jp/tbstv/corporate/actionplan.html,
3010401040855,株式会社メディックメディア,13:東京都,139人,100-299人 / 東京,432,432,1,https://medicmedia.com/,
3010401051200,ＳＣＳＫサービスウェア株式会社,13:東京都,5454人,1000人以上 / 東京,147,147,1,http://www.scskserviceware.co.jp/,
3010401051605,株式会社トヨテック,13:東京都,120人,100-299人 / 東京,432,432,1,http://www.toyotec-jp.com,
3010401056265,株式会社グラフネットワーク,13:東京都,9人,5-9人 / 東京,157,157,1,http://www.graphnetwork.com/,
3010401057965,株式会社ソービック,13:東京都,11人,10-29人 / 東京,299,299,1,https://www.sovic.jp/,
3010401058014,データインデックス株式会社,13:東京都,23人,10-29人 / 東京,299,299,1,http://www.data-index.co.jp/,
3010401061595,Ｗ２株式会社,13:東京都,280人,100-299人 / 東京,432,432,1,https://www.w2solution.co.jp/,
3010401061819,株式会社ＫＤＤＩテクノロジー,13:東京都,178人,100-299人 / 東京,432,432,1,https://kddi-tech.com/,
3010401064771,サイバートラスト株式会社,13:東京都,238人,100-299人 / 東京,432,432,1,https://www.cybertrust.co.jp/,
3010401071693,ノキアソリューションズ＆ネットワークス合同会社,13:東京都,580人,300-999人 / 東京,277,277,1,https://www.nokia.com/ja_jp/,
3010401075711,アスノシステム株式会社,13:東京都,175人,100-299人 / 東京,432,432,1,http://www.asno-sys.co.jp/,
3010401081957,株式会社ＴＥＡＭ－Ａ,13:東京都,15人,10-29人 / 東京,299,299,1,http://www.team-anet.com/,
3010401085586,株式会社ダイジョブス,13:東京都,93人,30-99人 / 東京,352,352,1,http://bigjobs.tv/,
3010401088688,株式会社ビジネスブレイン太田昭和,13:東京都,1151人,1000人以上 / 東京,147,147,1,https://www.bbs.co.jp/,
3010401089133,キヤノン電子テクノロジー株式会社,13:東京都,428人,300-999人 / 東京,277,277,1,http://www.canon-electec.co.jp/,
3010401089298,ＮＴＴドコモビジネスエンジニアリング株式会社,13:東京都,2116人,1000人以上 / 東京,147,147,1,https://www.nttceng.com/,
3010401089562,株式会社Ｆａｎｐｌｕｓ,13:東京都,106人,100-299人 / 東京,432,432,1,http://emtg.co.jp/,
3010401091774,株式会社アイオス,13:東京都,276人,100-299人 / 東京,432,432,1,https://www.ios-net.co.jp,
3010401092046,株式会社サーフコミュニケーションズ,13:東京都,4人,1-4人 / 東京,189,189,1,http://surfcom.jp/,
3010401095767,株式会社ｇｌｏｏｐｓ,11:埼玉県,271人,100-299人 / 主要都市圏,186,186,1,http://gloops.com/,
3010401096229,株式会社サイダス,13:東京都,47人,30-99人 / 東京,352,352,1,http://www.cydas.com/,
3010401097045,日本タタ・コンサルタンシー・サービシズ株式会社,13:東京都,3700人,1000人以上 / 東京,147,147,1,https://www.tcs.com/jp-ja/home,
3010401097763,株式会社ＡＭＧ　Ｓｏｌｕｔｉｏｎ,13:東京都,26人,10-29人 / 東京,299,299,1,https://amg-solution.jp/,
3010401099586,株式会社ＴＯＤＯ,13:東京都,11人,10-29人 / 東京,299,299,1,https://todo.co.jp/,
3010401099784,株式会社内田洋行ＩＴソリューションズ,13:東京都,600人,300-999人 / 東京,277,277,1,https://www.uchida-it.co.jp/corporate/employeractionplan/nextgeneration/,
3010401103249,株式会社Ｗｉｌｌ　Ｓｍａｒｔ,13:東京都,49人,30-99人 / 東京,352,352,1,https://willsmart.co.jp/,
3010401111111,ＳＢ　Ｃ＆Ｓ株式会社,13:東京都,2263人,1000人以上 / 東京,147,147,1,https://cas.softbank.jp/sustainability/diversity/,
3010401141208,株式会社くふう住まい,13:東京都,100人,100-299人 / 東京,432,432,1,https://kufusumai.co.jp/,
3010401144929,ＩＶＡ株式会社,13:東京都,26人,10-29人 / 東京,299,299,1,https://www.iva-corp.com/company,
3010401150415,クレジットエンジン株式会社,13:東京都,130人,100-299人 / 東京,432,432,1,https://creditengine.jp/general-employers-action-plan,
3010401159480,ｉｓｓｉｎ株式会社,13:東京都,13人,10-29人 / 東京,299,299,1,https://issin.cc,
3010401160505,Ｓｃａｌａｂｌｙ株式会社,13:東京都,2人,1-4人 / 東京,189,189,1,https://scalably.com,
3010401185378,株式会社トライフォース,13:東京都,1人,1-4人 / 東京,189,189,1,https://tri-force.co.jp/the-team/,
3010403030904,株式会社Ａｒｃ　Ｓｔａｇｅ,13:東京都,5人,5-9人 / 東京,157,157,1,https://arc-stage.com/,
3010501033008,株式会社デジタル・ナレッジ,13:東京都,200人,100-299人 / 東京,432,432,1,https://www.digital-knowledge.co.jp/about/action-plan/,
3010501055043,株式会社ＶＥＸＹ　ｓｏｌｕｔｉｏｎ’ｓ,13:東京都,10人,10-29人 / 東京,299,299,1,https://vexy-solutions.co.jp/,
3010601021713,株式会社日立社会情報サービス,13:東京都,2809人,1000人以上 / 東京,147,147,1,http://www.hitachi-sis.co.jp/index.html,
3010601027009,株式会社ＯＳＫ,13:東京都,444人,300-999人 / 東京,277,277,1,https://www.kk-osk.co.jp/,
3010601027306,ロジスティードソリューションズ株式会社,13:東京都,725人,300-999人 / 東京,277,277,1,https://sol.logisteed.com/,
3010601030549,株式会社スーパーリージョナル,13:東京都,80人,30-99人 / 東京,352,352,1,http://www.super-r.net/,
3010601032363,ネオアクシス株式会社,13:東京都,180人,100-299人 / 東京,432,432,1,http://www.neoaxis.co.jp,
3010601037759,株式会社フリーダムランド,13:東京都,63人,30-99人 / 東京,352,352,1,https://freedomland.jp/,
3010601041018,株式会社ヒロケイ,13:東京都,144人,100-299人 / 東京,432,432,1,http://www.hirokei.co.jp/,
3010601042197,株式会社ＭＤビジネスパートナー,13:東京都,300人,300-999人 / 東京,277,277,1,http://www.md-bp.co.jp,
3010601042676,株式会社アトムソリューションズ,13:東京都,6人,5-9人 / 東京,157,157,1,https://www.atom-solutions.jp,
3010601056998,株式会社ＡｉＣＡＮ,14:神奈川県,27人,10-29人 / 主要都市圏,189,189,1,https://www.aican-inc.com/,
3010701001012,株式会社ＩＣ,13:東京都,733人,300-999人 / 東京,277,277,1,https://www.ic-net.co.jp/,
3010701002794,株式会社ブライエ,13:東京都,336人,300-999人 / 東京,277,277,1,https://www.brigh-e.co.jp/,
3010701002836,株式会社グローバルシステム,13:東京都,5人,5-9人 / 東京,157,157,1,http://sys-global.co.jp/,
3010701004403,株式会社信興テクノミスト,13:東京都,463人,300-999人 / 東京,277,277,1,https://www.shinko-1930.co.jp/,
3010701011473,ＡＮＡテレマート株式会社,13:東京都,1135人,1000人以上 / 東京,147,147,1,https://www.ana-telemart.co.jp/,
3010701012661,ブリタニカ・ジャパン株式会社,13:東京都,11人,10-29人 / 東京,299,299,1,https://www.britannica.co.jp/,
3010701013775,株式会社フォーク,13:東京都,204人,100-299人 / 東京,432,432,1,https://www.fork.co.jp/,
3010701023163,株式会社ブロードリーフ,13:東京都,781人,300-999人 / 東京,277,277,1,http://www.broadleaf.co.jp/,
3010701031769,アーティクル株式会社,13:東京都,37人,30-99人 / 東京,352,352,1,https://harch.jp/recruit/personnelsystem,
3010801017461,株式会社システムコラボ,13:東京都,35人,30-99人 / 東京,352,352,1,https://system-c.org/,
3010801027139,パロットビーク株式会社,13:東京都,16人,10-29人 / 東京,299,299,1,https://parrotbeak.co.jp/,
3010901022213,株式会社アルゴスシステム,13:東京都,9人,5-9人 / 東京,157,157,1,http://argus0804.com/,
3010901033466,パンパシフィック株式会社,13:東京都,7人,5-9人 / 東京,157,157,1,https://panpaci.com,
3010901041394,株式会社しんげん,13:東京都,2人,1-4人 / 東京,189,189,1,https://shingen-inc.com/about-us/,
3010901055394,Ａｘｙ　Ｍｅｄｉａ　Ｐａｒｔｎｅｒｓ株式会社,13:東京都,3人,1-4人 / 東京,189,189,1,https://axy-inc.tokyo/,
3010903005273,合同会社セイチ,13:東京都,1人,1-4人 / 東京,189,189,1,https://seichi.site/,
3011001006354,株式会社キャンドゥコンセプト,13:東京都,69人,30-99人 / 東京,352,352,1,https://www.cando.co.jp/,https://www.cando.co.jp/recruit/
3011001006461,キャロルシステム株式会社,13:東京都,81人,30-99人 / 東京,352,352,1,http://carol.co.jp/,
3011001016337,東京システムズ株式会社,13:東京都,400人,300-999人 / 東京,277,277,1,http://www.tss-net.jp/,
3011001017896,ＮＳＳ株式会社,13:東京都,400人,300-999人 / 東京,277,277,1,https://www.nsw-ss.co.jp/,
3011001024059,株式会社ユリーカ,20:長野県,58人,30-99人 / その他,169,169,1,http://viva-eureka.com/,https://recruit.viva-eureka.com/
3011001025718,キリンビジネスシステム株式会社,13:東京都,329人,300-999人 / 東京,277,277,1,http://www.kirinbs.co.jp/,
3011001034545,ユミルリンク株式会社,13:東京都,141人,100-299人 / 東京,432,432,1,http://www.ymir.co.jp,
3011001035097,株式会社アルファポリス,13:東京都,160人,100-299人 / 東京,432,432,1,https://ssl4.eir-parts.net/doc/9467/ir_material_for_fiscal_ym/155209/00.pdf,
3011001037993,株式会社ソフト流通センター,46:鹿児島県,115人,100-299人 / その他,170,170,1,https://www.srckagoshima.co.jp/SRC_R/C&R/part_7.html#top,
3011001039098,株式会社インテックソリューションパワー,13:東京都,1228人,1000人以上 / 東京,147,147,1,http://www.intec-sp.co.jp,
3011001041541,株式会社メディアジーン,13:東京都,143人,100-299人 / 東京,432,432,1,https://www.mediagene.co.jp/,
3011001043199,株式会社ミラクルソリューション,13:東京都,90人,30-99人 / 東京,352,352,1,http://www.miracle-solution.com/,http://www.miracle-solution.com/recruit_new/
3011001056358,アクシスルートホールディングス株式会社,13:東京都,15人,10-29人 / 東京,299,299,1,https://axisroot-holdings.co.jp/,
3011001057199,インフォコム株式会社,13:東京都,727人,300-999人 / 東京,277,277,1,http://www.infocom.co.jp/,
3011001057554,株式会社スロウ,13:東京都,5人,5-9人 / 東京,157,157,1,https://s-low.jp,
3011001066076,Ｏｔｓｕｍｕ株式会社,13:東京都,2人,1-4人 / 東京,189,189,1,https://otsumu.co.jp/,
3011001067132,株式会社Ｕ‐ＮＥＸＴ　ＨＯＬＤＩＮＧＳ,13:東京都,791人,300-999人 / 東京,277,277,1,https://usen-next.co.jp/,
3011001068337,株式会社ジモティー,13:東京都,234人,100-299人 / 東京,432,432,1,http://jmty.jp/,
3011001070185,株式会社カカオピッコマ,13:東京都,273人,100-299人 / 東京,432,432,1,https://www.kakaopiccoma.com/,
3011001093731,日本プロジェクトソリューションズ株式会社,13:東京都,49人,30-99人 / 東京,352,352,1,https://www.japan-project-solutions.com/,https://www.japan-project-solutions.com/recruit
3011001096445,株式会社スペースリー,13:東京都,63人,30-99人 / 東京,352,352,1,https://info.spacely.co.jp/,
3011001097105,株式会社サンカ,13:東京都,5人,5-9人 / 東京,157,157,1,https://sanka.io/ja,
3011001098045,株式会社Ｃａｌｌ　ｔｏ　Ｂｅａｕｔｙ,13:東京都,10人,10-29人 / 東京,299,299,1,https://corp-call-to-beauty.com/,
3011001098276,株式会社ニューロープ,13:東京都,3人,1-4人 / 東京,189,189,1,http://newrope.biz,
3011001101072,株式会社ＡＳＷ,13:東京都,51人,30-99人 / 東京,352,352,1,https://a-sw.jp,
3011001111633,株式会社サムライソード,13:東京都,9人,5-9人 / 東京,157,157,1,https://samuraisword.co.jp/,https://en-gage.net/samuraisword_team/
3011001123876,ＢＳＴ株式会社,13:東京都,22人,10-29人 / 東京,299,299,1,https://bstinc.co.jp/,
3011001151134,株式会社ＤｒｕｍＲｏｌｅ,13:東京都,3人,1-4人 / 東京,189,189,1,https://drumrole.jp/,
3011001152256,株式会社ＵＣＷＯＲＬＤ,13:東京都,4人,1-4人 / 東京,189,189,1,https://uc-world.com/,https://jp.indeed.com/cmp/%E6%A0%AA%E5%BC%8F%E4%BC%9A%E7%A4%BEucworld/jobs
3011001156307,株式会社ＪＩＴＴ,13:東京都,8人,5-9人 / 東京,157,157,1,https://www.jitt.co.jp/index.html,
3011001163022,Ｐｒｏｘ　Ｉｎｄｕｓｔｒｉｅｓ株式会社,13:東京都,23人,10-29人 / 東京,299,299,1,https://prox-industries.jp/,
3011001167072,株式会社ユーソレイド,13:東京都,3人,1-4人 / 東京,189,189,1,https://u-solaid.com/,
3011001174861,株式会社ＣＡＪＩＣＯ,13:東京都,1人,1-4人 / 東京,189,189,1,https://cajico.com,
3011003020642,株式会社ｄｏｔ　ＵＰ,13:東京都,1人,1-4人 / 東京,189,189,1,https://dotup.co.jp,
3011101000686,株式会社アグレックス,13:東京都,1971人,1000人以上 / 東京,147,147,1,https://www.agrex.co.jp/sustainability/social/human-resource/,
3011101002113,株式会社ＮＩＤ　ａｉｒ,13:東京都,170人,100-299人 / 東京,432,432,1,https://www.nidair.co.jp/,
3011101010181,株式会社システム・フジ,13:東京都,25人,10-29人 / 東京,299,299,1,https://www.systemfuji.co.jp,https://www.systemfuji.co.jp
3011101023530,ユーソナー株式会社,13:東京都,230人,100-299人 / 東京,432,432,1,https://usonar.co.jp/,
3011101025642,株式会社ニーズウェル,13:東京都,587人,300-999人 / 東京,277,277,1,https://www.needswell.com/ir/sdgs,
3011101027250,株式会社赤ちゃんとママ社,13:東京都,24人,10-29人 / 東京,299,299,1,http://www.akamama.co.jp,
3011101034016,アールシーソリューション株式会社,13:東京都,33人,30-99人 / 東京,352,352,1,http://www.rcsc.co.jp,
3011101034313,インフォテック・サービス株式会社,13:東京都,458人,300-999人 / 東京,277,277,1,http://www.iftc-svc.co.jp/,
3011101037464,アクアコンピュータサービス株式会社,13:東京都,40人,30-99人 / 東京,352,352,1,http://www.e-aqua.biz/,
3011101039304,株式会社Ｆａｉｔｈ　Ｐｌａｎｎｉｎｇ　Ｄｅｓｉｇｎ,13:東京都,11人,10-29人 / 東京,299,299,1,http://www.faith-pd.co.jp/,
3011101045005,株式会社Ｏｆｆｉｃｅ　Ｃｏｎｃｉｅｒｇｅ,13:東京都,20人,10-29人 / 東京,299,299,1,https://office-concierge.co.jp/,
3011101052934,株式会社スペースリンク,13:東京都,20人,10-29人 / 東京,299,299,1,http://spacelink.co.jp,
3011101061778,株式会社アイ・ユー・ケイ,13:東京都,190人,100-299人 / 東京,432,432,1,https://www.iukinc.co.jp/,
3011101062636,アールアイ・ソフトウェア株式会社,13:東京都,207人,100-299人 / 東京,432,432,1,http://www.ris.co.jp,
3011101068187,株式会社バーネット,13:東京都,21人,10-29人 / 東京,299,299,1,http://www.barnet.co.jp/,
3011101069598,株式会社ステップＩＴソリューション,13:東京都,27人,10-29人 / 東京,299,299,1,https://www.step-its.com/,
3011101083715,株式会社ハルメクホールディングス,13:東京都,34人,30-99人 / 東京,352,352,1,https://halmek-holdings.co.jp/,
3011101091214,株式会社つくね,11:埼玉県,6人,5-9人 / 主要都市圏,77,77,1,https://www.tsukune29ne.com/,
3011101099158,株式会社イチロク,13:東京都,5人,5-9人 / 東京,157,157,1,https://16match.co.jp/,
3011401015013,日本ＳＥ株式会社,13:東京都,440人,300-999人 / 東京,277,277,1,http://www.jse.co.jp/,
3011401021259,株式会社ＩＣＴ－Ｏ,13:東京都,25人,10-29人 / 東京,299,299,1,https://ict-o.com/,
3011601019433,ケーアールジー株式会社,13:東京都,3人,1-4人 / 東京,189,189,1,https://krg-inc.jp/,
3011701012957,株式会社ケイ・アイ・シー,13:東京都,21人,10-29人 / 東京,299,299,1,https://www.ki-c.co.jp/,
3011801036393,株式会社フォーセシステム,13:東京都,3人,1-4人 / 東京,189,189,1,https://forse.tokyo/,
3012301011291,アップストリームジャパン株式会社,13:東京都,11人,10-29人 / 東京,299,299,1,https://www.upstream-j.co.jp/,
3012401015291,シー・ディー・エル株式会社,34:広島県,5人,5-9人 / その他,65,65,1,http://cdl-net.com/index.html,
3012701002527,株式会社マークス,13:東京都,332人,300-999人 / 東京,277,277,1,http://www.marksnet.co.jp/,
3012701011131,アヴァント株式会社,13:東京都,123人,100-299人 / 東京,432,432,1,https://avant-sl.com/,
3012801020008,ＰＯＣ－ＤＣ株式会社,13:東京都,6人,5-9人 / 東京,157,157,1,https://poc-dc.com/,
3013201000954,株式会社ＮＴＴデータＮＪＫ,13:東京都,831人,300-999人 / 東京,277,277,1,https://www.njk.co.jp/,
3013301019556,株式会社マルジュ,13:東京都,25人,10-29人 / 東京,299,299,1,http://www.maru.jp/,
3013301020761,株式会社アリーナ・プロフェッショナル,13:東京都,70人,30-99人 / 東京,352,352,1,http://www.arena-pro.co.jp,
3013301022865,日本データベース開発株式会社,13:東京都,158人,100-299人 / 東京,432,432,1,http://www.ndk.co.jp/,
3013301025851,ＮＴＴ　ＭＥ株式会社,13:東京都,13082人,1000人以上 / 東京,147,147,1,http://www.ntt-me.co.jp/,
3013301029274,アイディアファクトリー株式会社,13:東京都,169人,100-299人 / 東京,432,432,1,http://www.ideaf.co.jp/,
3013301043507,株式会社カナグ,13:東京都,5人,5-9人 / 東京,157,157,1,https://kanagu-inc.jp/,
3013401001281,株式会社多摩テレビ,13:東京都,43人,30-99人 / 東京,352,352,1,https://www.ttv.co.jp/,
3013401002461,インフィニティメディカルソフト株式会社,13:東京都,23人,10-29人 / 東京,299,299,1,https://inf-medicalsoft.co.jp/recruit/,
3020001003220,日興テクノス株式会社,14:神奈川県,84人,30-99人 / 主要都市圏,188,188,1,https://www.nikko-technos.com/csr/,
3020001023367,シンポー情報システム株式会社,14:神奈川県,400人,300-999人 / 主要都市圏,86,86,1,http://www.shimpo.co.jp,
3020001025644,図研エルミック株式会社,14:神奈川県,52人,30-99人 / 主要都市圏,188,188,1,http://www.elwsc.co.jp/,
3020001032599,株式会社日立ハイシステム２１,14:神奈川県,884人,300-999人 / 主要都市圏,86,86,1,https://www.hs21.co.jp/,
3020001037904,株式会社メビウス,14:神奈川県,107人,100-299人 / 主要都市圏,186,186,1,http://www.mebius.co.jp/,
3020001045436,株式会社Ｏ・Ｎ・Ｔ,14:神奈川県,30人,30-99人 / 主要都市圏,188,188,1,https://ont.co.jp/compliance/,
3020001047944,株式会社カールビット,14:神奈川県,118人,100-299人 / 主要都市圏,186,186,1,http://www.karbit.co.jp/,
3020001053240,株式会社ティー・アンド・エス・システムズ,13:東京都,25人,10-29人 / 東京,299,299,1,https://www.t-s-systems.com,
3020001065244,アイシス株式会社,14:神奈川県,20人,10-29人 / 主要都市圏,189,189,1,http://www.isis.co.jp/,http://www.isis.co.jp/recruit/
3020001081423,輸出入・港湾関連情報処理センター株式会社,13:東京都,100人,100-299人 / 東京,432,432,1,https://www.naccs.jp/aboutcenter/sustainability-index.html,
3020001091240,富士ゼロックスアドバンストテクノロジー株式会社,14:神奈川県,1313人,1000人以上 / 主要都市圏,54,54,1,http://www.fxat.co.jp/,
3020001104415,スマイルテクノロジーユナイテッド株式会社,14:神奈川県,3人,1-4人 / 主要都市圏,119,119,1,http://www.stu-inc.com/,
3020001106287,株式会社ＧＥＥＸ,13:東京都,28人,10-29人 / 東京,299,299,1,http://www.geexjp.com,
3020001115627,株式会社シスメトン,14:神奈川県,9人,5-9人 / 主要都市圏,77,77,1,http://cisumeton.com/,
3020001115701,株式会社ＪＡＣＯＦ,14:神奈川県,7人,5-9人 / 主要都市圏,77,77,1,http://jacof.co.jp/,
3020001161976,株式会社スリスタ,14:神奈川県,1人,1-4人 / 主要都市圏,119,119,1,https://surisuta.jp,
3021001002724,株式会社サーフレジェンド,14:神奈川県,28人,10-29人 / 主要都市圏,189,189,1,http://www.surflegend.co.jp,
3021001043693,株式会社ネクストレベル,13:東京都,7人,5-9人 / 東京,157,157,1,http://next-level.biz/,
3021001046135,株式会社分析屋,14:神奈川県,305人,300-999人 / 主要都市圏,86,86,1,https://analytics-jp.com/,
3030001012162,ＡＧＳプロサービス株式会社,11:埼玉県,531人,300-999人 / 主要都市圏,86,86,1,http://www.ags-ps.co.jp/index.html,
3030001014786,株式会社ワールドリンク,11:埼玉県,24人,10-29人 / 主要都市圏,189,189,1,http://world-link-system.com/index.html,
3030001113778,Ｓａｚｅ株式会社,13:東京都,113人,100-299人 / 東京,432,432,1,https://saze.co.jp/,
3030001118050,イントラサービス株式会社,11:埼玉県,2人,1-4人 / 主要都市圏,119,119,1,https://intra-service.jp/,
3030001167262,ジョブモア株式会社,11:埼玉県,1人,1-4人 / 主要都市圏,119,119,1,https://jobmore.co.jp/,
3030005012927,一般社団法人ＧｒｏｗＡｓＰｅｏｐｌｅ,13:東京都,4人,1-4人 / 東京,189,189,1,http://www.growaspeople.org,
3040001004596,ちばぎんコンピューターサービス株式会社,12:千葉県,242人,100-299人 / 主要都市圏,186,186,1,http://www.ccsnet.co.jp/,
3040001014059,イオンマーケティング株式会社,12:千葉県,116人,100-299人 / 主要都市圏,186,186,1,http://www.aeonmarketing.co.jp,
3040001051614,株式会社イーエスケイ,12:千葉県,76人,30-99人 / 主要都市圏,188,188,1,http://www.eskfw.co.jp,
3050001001163,常陽コンピューターサービス株式会社,08:茨城県,127人,100-299人 / その他,170,170,1,http://www.joyonet.jp/,
3050001003341,日本システム・エイト株式会社,08:茨城県,235人,100-299人 / その他,170,170,1,https://nse-inc.co.jp,
3050001006591,インターソシオシステム株式会社,08:茨城県,35人,30-99人 / その他,169,169,1,https://www.socio.co.jp,
3050001046547,株式会社Ｋ－プロモーション,08:茨城県,4人,1-4人 / その他,50,50,1,https://k-promotion.co.jp/,
3060001007358,アップデート株式会社,09:栃木県,17人,10-29人 / その他,129,129,1,https://updx.co.jp/,
3070001005352,株式会社リネイル,10:群馬県,46人,30-99人 / その他,169,169,1,http://www.reneil.jp/,
3070001019922,株式会社日東システムテクノロジーズ,10:群馬県,155人,100-299人 / その他,170,170,1,https://www.nittosys.co.jp/,
3080001000229,株式会社アドテクニカ,22:静岡県,21人,10-29人 / その他,129,129,1,https://www.adtechnica.co.jp/,
3080001011085,株式会社Ｎｅｗデイシス,22:静岡県,169人,100-299人 / その他,170,170,1,https://www.newdaysys.co.jp/,
3080101016348,株式会社ＴＯＫＡＩケーブルネットワーク,22:静岡県,287人,100-299人 / その他,170,170,1,http://tokai-catv.co.jp/,
3080101018831,株式会社アイ・ネクスト,22:静岡県,6人,5-9人 / その他,65,65,1,https://i-next.tech,
3080101022619,スノーリーズ株式会社,22:静岡県,2人,1-4人 / その他,50,50,1,https://www.snowlys.co.jp/,
3080401004333,株式会社ハブ,22:静岡県,20人,10-29人 / その他,129,129,1,http://www.habu-jp.com/,
3080401005447,株式会社モアソンジャパン,22:静岡県,200人,100-299人 / その他,170,170,1,https://www.morson.jp/,
3080401005901,株式会社ロジック,22:静岡県,43人,30-99人 / その他,169,169,1,http://logic-soft.jp,
3080401016485,ヤマハモーターソリューション株式会社,22:静岡県,435人,300-999人 / その他,76,76,1,https://www.ymsl.co.jp/,
3080402019322,有限会社フリーライディング,22:静岡県,1人,1-4人 / その他,50,50,1,http://freeriding.jp/,
3090001000806,株式会社コンピュータマインド,19:山梨県,171人,100-299人 / その他,170,170,1,https://www.compmind.co.jp,
3100001001224,信濃毎日新聞株式会社,20:長野県,440人,300-999人 / その他,76,76,1,http://www.shinmai.co.jp,
3100001010035,株式会社東京コンピューター,20:長野県,36人,30-99人 / その他,169,169,1,http://www.tokyo-computer.com,
3110001000745,株式会社第四北越ＩＴソリューションズ,15:新潟県,230人,100-299人 / その他,170,170,1,https://www.ncs-ngt.co.jp/about/work_environment,
3110001007567,株式会社ビット・エイ,15:新潟県,185人,100-299人 / その他,170,170,1,http://www.bit.or.jp/,
3110001009084,株式会社プライムネット,15:新潟県,35人,30-99人 / その他,169,169,1,http://primenet-group.com/,
3110001022995,株式会社エヌ・シィ・ティ,15:新潟県,131人,100-299人 / その他,170,170,1,https://www.nct9.co.jp/about/activities/,
3110001023572,株式会社メビウス,15:新潟県,278人,100-299人 / その他,170,170,1,https://www.mob.co.jp,
3110001033984,株式会社ｏＲｏ　ｃｏｄｅ　ＭＯＣ,15:新潟県,87人,30-99人 / その他,169,169,1,https://comedoc.oro.com/about/,
3120001042051,株式会社オージス総研,27:大阪府,1725人,1000人以上 / 主要都市圏,54,54,1,https://www.ogis-ri.co.jp/csr/workbalance/,
3120001059871,アガ・システム株式会社,27:大阪府,30人,30-99人 / 主要都市圏,188,188,1,http://www.agasystem.co.jp/,
3120001064946,株式会社システムネットワーク,27:大阪府,25人,10-29人 / 主要都市圏,189,189,1,http://www.system-network.co.jp,
3120001068105,株式会社どりむ社,27:大阪府,45人,30-99人 / 主要都市圏,188,188,1,http://www.dorimu-web.com/index.html,
3120001072817,日本システム技術株式会社,27:大阪府,1202人,1000人以上 / 主要都市圏,54,54,1,http://www.jast.jp,
3120001077956,株式会社キャピタル・アセット・プランニング,27:大阪府,338人,300-999人 / 主要都市圏,86,86,1,https://www.cap-net.co.jp/,
3120001079845,さくらインターネット株式会社,27:大阪府,952人,300-999人 / 主要都市圏,86,86,1,http://www.sakura.ad.jp/,
3120001097161,株式会社ビジネスブレーン,27:大阪府,37人,30-99人 / 主要都市圏,188,188,1,https://www.miyako.com/,
3120001097855,コーデソリューション株式会社,27:大阪府,25人,10-29人 / 主要都市圏,189,189,1,http://www.codesol.jp/,
3120001104090,キーウェア西日本株式会社,27:大阪府,149人,100-299人 / 主要都市圏,186,186,1,https://www.keyware.co.jp/nishinippon/about/csr/index.html,
3120001105510,株式会社リプロス,27:大阪府,15人,10-29人 / 主要都市圏,189,189,1,https://www.repros.co.jp/,
3120001107192,カコムス株式会社,27:大阪府,151人,100-299人 / 主要都市圏,186,186,1,https://www.kacoms.co.jp/company/innovation/work-style/,
3120001114313,エムダブ株式会社,27:大阪府,3人,1-4人 / 主要都市圏,119,119,1,http://www.webkikaku.com,
3120001114726,ＤＩＴ株式会社,13:東京都,8人,5-9人 / 東京,157,157,1,https://www.dolce-it.co.jp/about/,
3120001120385,株式会社コウズ,27:大阪府,28人,10-29人 / 主要都市圏,189,189,1,https://recruit.kous.co.jp/culture/welfare/,
3120001121929,アイテックソフトウェア株式会社,27:大阪府,153人,100-299人 / 主要都市圏,186,186,1,https://www.itec-software.co.jp/,
3120001131011,株式会社ユーエムイー,27:大阪府,9人,5-9人 / 主要都市圏,77,77,1,http://www.ume-group.jp/index.html,
3120001143592,株式会社アイビスデザイン,27:大阪府,28人,10-29人 / 主要都市圏,189,189,1,http://ibis.gs/company/,
3120001186591,株式会社ロックシステム,27:大阪府,97人,30-99人 / 主要都市圏,188,188,1,http://rocksystem.co.jp/,
3120001189289,株式会社リヴァイト,27:大阪府,15人,10-29人 / 主要都市圏,189,189,1,https://re-vite.com/,
3120001196814,株式会社エヌ・ケイ・カスタマイズ,46:鹿児島県,14人,10-29人 / その他,129,129,1,https://nkcustomize.co.jp/,
3120001235191,株式会社ＡＳ　ＯＮＥ,27:大阪府,21人,10-29人 / 主要都市圏,189,189,1,https://asone-osaka.com/,
3120001253929,バルテス株式会社,27:大阪府,660人,300-999人 / 主要都市圏,86,86,1,https://www.valtes.co.jp/,
3120002064771,株式会社スマレジ,27:大阪府,279人,100-299人 / 主要都市圏,186,186,1,https://corp.smaregi.jp/,
3120003027843,ピラティス人気比較ナビ合同会社,27:大阪府,20人,10-29人 / 主要都市圏,189,189,1,https://pila0tes.co.jp/company/,
3120901037464,ＰＧＶ株式会社,13:東京都,17人,10-29人 / 東京,299,299,1,https://www.pgv.co.jp/,
3122001027032,株式会社シナジア,27:大阪府,3人,1-4人 / 主要都市圏,119,119,1,https://synergia.co.jp/,
3122001036438,Ｖｅｒｔｉｃａｌｌｉｍｉｔ株式会社,27:大阪府,31人,30-99人 / 主要都市圏,188,188,1,https://verticallimit.co.jp/,https://verticallimit.co.jp/rec_top/
3130001022300,株式会社フェイス,26:京都府,142人,100-299人 / 主要都市圏,186,186,1,http://www.faith.co.jp/,
3130001024445,株式会社ブリッジコーポレーション,26:京都府,40人,30-99人 / 主要都市圏,188,188,1,https://www.bridge-net.co.jp/,
3130001034485,株式会社フィールドロジック,27:大阪府,52人,30-99人 / 主要都市圏,188,188,1,http://www.f-logic.jp/,
3130001034758,メディアマックスジャパン株式会社,26:京都府,17人,10-29人 / 主要都市圏,189,189,1,https://www.mmj.ne.jp/,
3130001059334,株式会社ｙｕｃｃａ,13:東京都,6人,5-9人 / 東京,157,157,1,https://www.yucca.co.jp/,
3130001075851,株式会社ＳＴＡＲ　ＵＰ,26:京都府,1人,1-4人 / 主要都市圏,119,119,1,https://starup01.jp/,
3130003006994,株式会社Ｒｉｎ９,26:京都府,2人,1-4人 / 主要都市圏,119,119,1,https://rin9.jp/,
3140001007886,株式会社さくらケーシーエス,28:兵庫県,1063人,1000人以上 / 主要都市圏,54,54,1,http://www.kcs.co.jp/,
3140001022638,株式会社ミックウェア,28:兵庫県,448人,300-999人 / 主要都市圏,86,86,1,http://micware.co.jp/,
3140001028973,株式会社ＴＭＦ,28:兵庫県,120人,100-299人 / 主要都市圏,186,186,1,http://www.tmf-co.jp/,
3140001057964,株式会社サイプレス・ソリューションズ,13:東京都,500人,300-999人 / 東京,277,277,1,http://www.cypress-sol.co.jp/,
3140001070109,株式会社ヒーロー,27:大阪府,21人,10-29人 / 主要都市圏,189,189,1,https://www.herojp.co.jp,
3140001108759,株式会社アイピア,28:兵庫県,15人,10-29人 / 主要都市圏,189,189,1,https://aippearnet.com/company/,
3150001004809,近鉄ケーブルネットワーク株式会社,29:奈良県,310人,300-999人 / その他,76,76,1,http://www.kcn.jp/,
3150003002851,株式会社ＡＷＬＬ,13:東京都,16人,10-29人 / 東京,299,299,1,https://www.awll.jp/,
3160001011770,株式会社Ｆｒｅｅ　Ｓｔｙｌｅ,25:滋賀県,13人,10-29人 / その他,129,129,1,https://www.freestyle8.com,
3160001014410,株式会社アクセル,25:滋賀県,14人,10-29人 / その他,129,129,1,https://axl.co.jp/,
3160001022768,株式会社ＴＡＣＴ,25:滋賀県,248人,100-299人 / その他,170,170,1,https://www.tactinc.jp/,
3170001001614,株式会社サイバーリンクス,30:和歌山県,631人,300-999人 / その他,76,76,1,https://www.cyber-l.co.jp/,
3180001003790,株式会社キュー,23:愛知県,38人,30-99人 / 主要都市圏,188,188,1,https://www.cue-inc.co.jp/,
3180001018442,株式会社メイテツコム,23:愛知県,408人,300-999人 / 主要都市圏,86,86,1,http://www.meitetsucom.co.jp//,
3180001029803,株式会社カーネル・ソフト・エンジニアリング,23:愛知県,884人,300-999人 / 主要都市圏,86,86,1,https://www.kernel-se.co.jp/,
3180001033937,株式会社アドテックス,23:愛知県,19人,10-29人 / 主要都市圏,189,189,1,http://www.addtechs.co.jp,http://www.addtechs.co.jp
3180001036675,株式会社シーライン,23:愛知県,10人,10-29人 / 主要都市圏,189,189,1,http://www.c-line.co.jp/index.html,
3180001046666,株式会社エヌ・メルクス,23:愛知県,120人,100-299人 / 主要都市圏,186,186,1,https://ssl.nmerx.co.jp,
3180001054702,株式会社ネットパーク２１,23:愛知県,70人,30-99人 / 主要都市圏,188,188,1,https://www.netpark21.co.jp/,
3180001059486,株式会社プライムソフトサービス,23:愛知県,72人,30-99人 / 主要都市圏,188,188,1,https://www.primesoftservice.com/,https://www.primesoftservice.com/recruit.html
3180001060865,株式会社アイ・ティ・ワークス,23:愛知県,56人,30-99人 / 主要都市圏,188,188,1,https://itw.co.jp/,
3180001071689,株式会社ＷＥＢ企画,23:愛知県,43人,30-99人 / 主要都市圏,188,188,1,https://webkikaku.co.jp/homepage/,
3180001090912,株式会社日本ＩＴソリューションズ,23:愛知県,29人,10-29人 / 主要都市圏,189,189,1,https://jitsol.co.jp/,
3180001109729,株式会社ＣＢＣテレビ,23:愛知県,305人,300-999人 / 主要都市圏,86,86,1,https://hicbc.com/tv/corporation/general/,
3180001113565,株式会社ｃｒｅａｔｏ,23:愛知県,19人,10-29人 / 主要都市圏,189,189,1,http://www.creato-c.jp/,
3180001121428,株式会社ナレッジソースワークス,23:愛知県,5人,5-9人 / 主要都市圏,77,77,1,https://knowledge-source-works.co.jp/,
3180001127920,アルチテック株式会社,23:愛知県,2人,1-4人 / 主要都市圏,119,119,1,https://artitech.co.jp/,https://artitech.co.jp/recruit/
3180003009365,株式会社イーポート,23:愛知県,6人,5-9人 / 主要都市圏,77,77,1,https://e-port.co.jp/,
3180301006312,テクノシステム株式会社,23:愛知県,107人,100-299人 / 主要都市圏,186,186,1,https://www.technosystems.co.jp/,
3180301028447,株式会社グリットウェブ,23:愛知県,4人,1-4人 / 主要都市圏,119,119,1,https://gritweb.co.jp/,
3180301030551,ＺＡＺＡ株式会社,23:愛知県,300人,300-999人 / 主要都市圏,86,86,1,https://metoree.com/company/,
3210001001733,株式会社シー・シー・ユー,18:福井県,45人,30-99人 / その他,169,169,1,http://www.ccu.co.jp,
3210001016517,株式会社フィッシュパス,18:福井県,20人,10-29人 / その他,129,129,1,https://fishpass.jp/,
3220001000949,株式会社石川コンピュータ・センター,17:石川県,444人,300-999人 / その他,76,76,1,https://www.icc.co.jp/,
3220001003282,株式会社システムサポートホールディングス,17:石川県,52人,30-99人 / その他,169,169,1,https://www.sts-hd.co.jp,
3220003001441,アグリゲーション合同会社,17:石川県,16人,10-29人 / その他,129,129,1,https://aggshop.net/,
3230001000758,北日本放送株式会社,16:富山県,165人,100-299人 / その他,170,170,1,http://www.knb.ne.jp/,
3230001001970,株式会社トヤマデータセンター,16:富山県,100人,100-299人 / その他,170,170,1,https://www.tdc-ict.co.jp/employeractionplan/,
3230001011821,コムテックス株式会社,16:富山県,103人,100-299人 / その他,170,170,1,https://www.ctx.co.jp/,
3230001018073,株式会社ＭＡＲＢＬＥ,16:富山県,3人,1-4人 / その他,50,50,1,http://marble-heroes.com/,
3240001006770,株式会社中国放送,34:広島県,169人,100-299人 / その他,170,170,1,https://rcc.co.jp/rcc.html,
3240001014682,株式会社タスネット,13:東京都,62人,30-99人 / 東京,352,352,1,https://www.tasnet.jp,
3250001001325,株式会社ＹＫプランニング,35:山口県,46人,30-99人 / その他,169,169,1,https://www.yk-planning.com/,https://www.yk-planning.com/recruit/index.html
3250001003445,株式会社常盤商会,35:山口県,73人,30-99人 / その他,169,169,1,http://www.siy.co.jp,
3260001006810,株式会社ユーコム,33:岡山県,16人,10-29人 / その他,129,129,1,http://www.youcom.co.jp,
3260001009020,株式会社マッシュルームソフト,33:岡山県,12人,10-29人 / その他,129,129,1,http://www.msrsoft.com/,
3260001011109,ウェブティ株式会社,33:岡山県,4人,1-4人 / その他,50,50,1,http://webty.jp/,
3260001024077,株式会社ハジメクリエイト,33:岡山県,10人,10-29人 / その他,129,129,1,https://hajimecreate.com/,
3260001024746,株式会社クリエ・ココ,33:岡山県,2人,1-4人 / その他,50,50,1,https://www.crea-coco.com/,
3270001006396,株式会社ＭａｇｉｃＰｌｕｓ,31:鳥取県,33人,30-99人 / その他,169,169,1,https://magic-plus.net/,
3290001005248,株式会社シティアスコム,40:福岡県,512人,300-999人 / 主要都市圏,86,86,1,https://www.city.co.jp/company/forworker/,
3290001005603,株式会社ＢＣＣ,40:福岡県,387人,300-999人 / 主要都市圏,86,86,1,http://www.bcc-net.co.jp/,
3290001007855,ＳＣＳＫ九州株式会社,40:福岡県,221人,100-299人 / 主要都市圏,186,186,1,https://www.scsk-kyushu.co.jp/,
3290001007995,株式会社システムビィー・アルファ,40:福岡県,27人,10-29人 / 主要都市圏,189,189,1,https://www.be-alpha.co.jp/,
3290001012491,株式会社ＮＴＴデータ九州,40:福岡県,531人,300-999人 / 主要都市圏,86,86,1,http://www.nttdata-kyushu.co.jp/,
3290001018175,株式会社ペンシル,40:福岡県,102人,100-299人 / 主要都市圏,186,186,1,http://www.pencil.co.jp/,
3290001022251,株式会社ガンバリオン,40:福岡県,107人,100-299人 / 主要都市圏,186,186,1,https://www.ganbarion.co.jp/company/,
3290001029206,株式会社エニセンス,40:福岡県,17人,10-29人 / 主要都市圏,189,189,1,https://anysense.co.jp/,
3290001046151,株式会社ネットワークソリューション,40:福岡県,181人,100-299人 / 主要都市圏,186,186,1,https://www.nw-solution.co.jp/,
3290001048726,久留米情報システム株式会社,40:福岡県,114人,100-299人 / 主要都市圏,186,186,1,https://www.kisc.co.jp,
3290001061200,もぐ株式会社,40:福岡県,4人,1-4人 / 主要都市圏,119,119,1,http://mgmg.co.jp/,
3290001061357,株式会社琉球カンパニー,47:沖縄県,23人,10-29人 / その他,129,129,1,https://www.ryuq.co.jp/,
3290001089472,ウェブココル株式会社,40:福岡県,15人,10-29人 / 主要都市圏,189,189,1,https://cocol.co.jp/,
3290801001891,システージ株式会社,40:福岡県,21人,10-29人 / 主要都市圏,189,189,1,http://www.systage.co.jp/,
3290801008053,株式会社ネクステージ,40:福岡県,11人,10-29人 / 主要都市圏,189,189,1,http://www.nexstage.co.jp/,
3310001003604,株式会社ディーエスブランド,42:長崎県,305人,300-999人 / その他,76,76,1,https://dsbranch.works/careers/pages/711/,
3310001016291,株式会社ｉｔｏｑ,13:東京都,88人,30-99人 / 東京,352,352,1,https://www.itoq.co.jp/,
3320001019153,株式会社ＳＨＩＰ,44:大分県,24人,10-29人 / その他,129,129,1,https://ship-inc.jp/,
3330001006448,株式会社ナトーハイシステムズ,43:熊本県,56人,30-99人 / その他,169,169,1,https://www.nato-high.co.jp/,
3330001011092,株式会社テクノミックス,13:東京都,5人,5-9人 / 東京,157,157,1,https://www.tmix.co.jp/,
3340001000219,アイテップ株式会社,46:鹿児島県,63人,30-99人 / その他,169,169,1,https://itep.jp,http://itep.jp/recruitment/
3340001000623,パステムソリューションズ株式会社,46:鹿児島県,79人,30-99人 / その他,169,169,1,http://www.necps.jp,
3340001004260,株式会社南日本新聞社,46:鹿児島県,296人,100-299人 / その他,170,170,1,https://373news.com,
3340001008708,株式会社盛岡電工,46:鹿児島県,175人,100-299人 / その他,170,170,1,http://morioka-denkou.co.jp,
3350001001439,株式会社ひむか流通ネットワーク,45:宮崎県,40人,30-99人 / その他,169,169,1,https://www.hdnc.jp/,
3350001014283,株式会社オロ宮崎,45:宮崎県,79人,30-99人 / その他,169,169,1,https://www.oro-miyazaki.com/,
3360001002469,沖縄日立ネットワークシステムズ株式会社,47:沖縄県,264人,100-299人 / その他,170,170,1,https://www.ohns.co.jp/,
3360001005744,ＳＵＮモバイル株式会社,47:沖縄県,96人,30-99人 / その他,169,169,1,http://www.sunmobile.co.jp/,
3360001021386,株式会社ヴィッツ沖縄,47:沖縄県,45人,30-99人 / その他,169,169,1,https://www.oknw.witz-inc.co.jp,https://www.oknw.witz-inc.co.jp/recruit/
3360001031385,株式会社オキジモ,47:沖縄県,2人,1-4人 / その他,50,50,1,https://okijimo.jp/,
3370001024066,株式会社ねこまた,04:宮城県,13人,10-29人 / その他,129,129,1,http://necomata.co.jp/,
3370001031384,株式会社イトナブ,04:宮城県,25人,10-29人 / その他,129,129,1,https://itnav.co.jp/,
3370001053503,エリシアンキャリア株式会社,04:宮城県,37人,30-99人 / その他,169,169,1,http://www.carina.co.jp/index.html,
3380001018744,株式会社アクシス,07:福島県,52人,30-99人 / その他,169,169,1,https://www.f-axis.co.jp/,
3390001000230,株式会社ＪｉｍｏＴｅｃ,06:山形県,14人,10-29人 / その他,129,129,1,https://www.jimotec.co.jp/,
3390001006640,株式会社日情システムソリューションズ,06:山形県,145人,100-299人 / その他,170,170,1,https://www.nichijosys.com/,
3400601001163,株式会社ＪＡＺＺＲＩＺＥ　ＤＥＳＩＧＮ,03:岩手県,8人,5-9人 / その他,65,65,1,http://jazzrize.com/,
3410001000946,北日本コンピューターサービス株式会社,05:秋田県,231人,100-299人 / その他,170,170,1,https://www.kitacom.co.jp/,https://www.kitacom.co.jp/recruit
3410001003214,株式会社アルファシステム,05:秋田県,57人,30-99人 / その他,169,169,1,https://www.alpha-sy.jp/,
3410001003305,株式会社エイチ・アイ・ティ,05:秋田県,36人,30-99人 / その他,169,169,1,https://a-hit.co.jp/,
3410001006076,東光コンピュータ・サービス株式会社,05:秋田県,77人,30-99人 / その他,169,169,1,https://www.tcs.tokogrp.co.jp/,
3420001000202,株式会社青森電子計算センター,02:青森県,300人,300-999人 / その他,76,76,1,https://www.acsc.co.jp,
3430001007452,システムバンク株式会社,01:北海道,50人,30-99人 / 主要都市圏,188,188,1,http://www.sbn.co.jp,
3430001010217,ダットジャパン株式会社,01:北海道,330人,300-999人 / 主要都市圏,86,86,1,http://www.datt.co.jp/,
3430001010902,株式会社テクノラボ,01:北海道,108人,100-299人 / 主要都市圏,186,186,1,https://www.techno-labo.co.jp/,
3430001015406,プロテック株式会社,01:北海道,14人,10-29人 / 主要都市圏,189,189,1,https://www.protech-web.co.jp,
3430001022088,株式会社北海道新聞社,01:北海道,1238人,1000人以上 / 主要都市圏,54,54,1,http://jinji.hokkaido-np.co.jp/company/divercity.html,
3430001022690,ＨＩＳホールディングス株式会社,01:北海道,203人,100-299人 / 主要都市圏,186,186,1,https://www.hokuyois.co.jp/csr/actionplan/,
3430001024588,新光商事エルエスアイデザインセンター株式会社,01:北海道,101人,100-299人 / 主要都市圏,186,186,1,https://www.sld-shinko.co.jp,
3430001025025,株式会社ハ・ン・ド,01:北海道,174人,100-299人 / 主要都市圏,186,186,1,http://www.hand.co.jp,
3430001027491,株式会社つうけんアドバンスシステムズ,01:北海道,443人,300-999人 / 主要都市圏,86,86,1,https://www.tads.co.jp/,
3430001027574,ＪＩＧ－ＳＡＷ株式会社,01:北海道,174人,100-299人 / 主要都市圏,186,186,1,https://www.jig-saw.com/,
3430001066432,株式会社ＣｒｅａｔｅＦ,01:北海道,6人,5-9人 / 主要都市圏,77,77,1,http://www.createf.jp/index.php,
3430001069798,株式会社ＤｅｓｅｒｔＲｏｓｅ,01:北海道,66人,30-99人 / 主要都市圏,188,188,1,http://desertrose.link/company.html,
3430001073742,Ｓｅｐｔｅｎｉ　Ａｄ　Ｃｒｅａｔｉｖｅ株式会社,01:北海道,113人,100-299人 / 主要都市圏,186,186,1,https://www.septeni-adcreative.co.jp/,
3430001074848,株式会社ｐｉｘｙｄａ,01:北海道,52人,30-99人 / 主要都市圏,188,188,1,http://www.pixyda.co.jp/,
3430001080854,Ｌｉｂｅｒｔｙ株式会社,01:北海道,5人,5-9人 / 主要都市圏,77,77,1,https://libertyinc.jp/,
3430001081340,株式会社ラプラス,01:北海道,27人,10-29人 / 主要都市圏,189,189,1,https://www.laplus2014.jp/,
3430001085481,株式会社セガ札幌スタジオ,01:北海道,143人,100-299人 / 主要都市圏,186,186,1,https://sega-sapporo-studio.co.jp/,
3440001007633,株式会社クロス・プロップワークス,13:東京都,110人,100-299人 / 東京,432,432,1,https://www.propworks.co.jp/,
3440001008169,株式会社Ｒ－ｓｔｙｌｅ,01:北海道,3人,1-4人 / 主要都市圏,119,119,1,https://r-style1.co.jp/,
3450003001658,株式会社プレジールライフ,01:北海道,7人,5-9人 / 主要都市圏,77,77,1,http://plaisir-life.info/,
3470001000610,株式会社ウィザード,37:香川県,35人,30-99人 / その他,169,169,1,https://www.wizardinc.co.jp/,
3470001004719,株式会社ゴーフィールド,37:香川県,29人,10-29人 / その他,129,129,1,https://www.gofield.co.jp/,
3470001007556,株式会社シー・キュー,37:香川県,5人,5-9人 / その他,65,65,1,http://kkcq.jp/,
3470001010568,株式会社タクマテック,37:香川県,26人,10-29人 / その他,129,129,1,http://www.takumatec.co.jp/,
3480001000832,四国システム開発株式会社,36:徳島県,100人,100-299人 / その他,170,170,1,https://www.ssdc.co.jp/,
3490001001004,高知さんさんテレビ株式会社,39:高知県,68人,30-99人 / その他,169,169,1,https://www.sunsuntv.co.jp/,
3490001006127,株式会社ソフテック,39:高知県,214人,100-299人 / その他,170,170,1,http://www.softec-inc.co.jp/,
3500001008542,株式会社三瀬商店,38:愛媛県,54人,30-99人 / その他,169,169,1,http://www.mise2001.co.jp/,
4010001000011,日活株式会社,13:東京都,211人,100-299人 / 東京,432,432,1,http://www.nikkatsu.com/,
4010001006966,株式会社文理,13:東京都,147人,100-299人 / 東京,432,432,1,https://www.bunri.co.jp/,
4010001007205,株式会社ホワイトロック,13:東京都,6人,5-9人 / 東京,157,157,1,https://whiterock.co.jp/,
4010001012386,株式会社ＮＴＴデータ・フィナンシャルテクノロジー,13:東京都,2201人,1000人以上 / 東京,147,147,1,http://www.nttdft.com/,
4010001017427,株式会社産業経済新聞社,13:東京都,1350人,1000人以上 / 東京,147,147,1,http://sankei.jp/,
4010001024761,株式会社トランスネット,13:東京都,220人,100-299人 / 東京,432,432,1,https://www.tni.co.jp/activities,
4010001025561,日販テクシード株式会社,13:東京都,250人,100-299人 / 東京,432,432,1,https://www.techceed-inc.com/,
4010001025727,株式会社日経映像,13:東京都,136人,100-299人 / 東京,432,432,1,https://www.nikkeivi.co.jp/,
4010001027327,ピー・シー・エー株式会社,13:東京都,625人,300-999人 / 東京,277,277,1,https://pca.jp/,
4010001046302,株式会社しんきん情報システムセンター,13:東京都,257人,100-299人 / 東京,432,432,1,https://www.shinkin.co.jp/ssc/,
4010001047705,株式会社ストアーズ社,13:東京都,9人,5-9人 / 東京,157,157,1,http://www.stores.co.jp/,
4010001050832,株式会社ティ・アイ・ディ,13:東京都,192人,100-299人 / 東京,432,432,1,https://www.tid.co.jp,
4010001051681,東海ビジネスサービス株式会社,13:東京都,260人,100-299人 / 東京,432,432,1,https://www.tokai-bs.co.jp/sustainability/,
4010001053447,双日テックイノベーション株式会社,13:東京都,819人,300-999人 / 東京,277,277,1,https://www.sojitz-ti.com/,
4010001054032,株式会社野村総合研究所,13:東京都,7982人,1000人以上 / 東京,147,147,1,https://www.nri.com/jp/,
4010001067331,株式会社エスエイシー総研,13:東京都,15人,10-29人 / 東京,299,299,1,https://www.sacsoken.com/,
4010001068635,株式会社エーティケー,13:東京都,42人,30-99人 / 東京,352,352,1,https://www.a-tk.co.jp/,
4010001070401,株式会社ウェブインパクト,13:東京都,27人,10-29人 / 東京,299,299,1,https://www.webimpact.co.jp/,
4010001074443,株式会社アナハイム・テクノロジー,13:東京都,38人,30-99人 / 東京,352,352,1,http://www.ah-tech.net/index.html,
4010001080243,株式会社グリフィン,13:東京都,263人,100-299人 / 東京,432,432,1,https://griffin-net.co.jp/,
4010001086298,ケイレックス・テクノロジー株式会社,13:東京都,55人,30-99人 / 東京,352,352,1,https://www.keirex.com/,
4010001088889,株式会社テラバイト,13:東京都,45人,30-99人 / 東京,352,352,1,https://www.terrabyte.co.jp,
4010001089490,ネット・インフォメーション株式会社,13:東京都,211人,100-299人 / 東京,432,432,1,https://www.netinf.co.jp/company/sdgs.html,
4010001089532,株式会社ぶんか社,13:東京都,142人,100-299人 / 東京,432,432,1,https://www.bunkasha.co.jp/,
4010001091991,株式会社インテリジェントウェイブ,13:東京都,492人,300-999人 / 東京,277,277,1,https://www.iwi.co.jp/,
4010001094689,株式会社サウンズネクスト,13:東京都,89人,30-99人 / 東京,352,352,1,https://www.soundsnext.co.jp/,
4010001098649,株式会社エイジング,13:東京都,57人,30-99人 / 東京,352,352,1,https://www.azing.co.jp/,
4010001100819,ＣＬＩＮＫＳ株式会社,13:東京都,930人,300-999人 / 東京,277,277,1,https://www.clinks.jp/,
4010001101676,東京メトロポリタンテレビジョン株式会社,13:東京都,149人,100-299人 / 東京,432,432,1,https://s.mxtv.jp/,
4010001102162,株式会社デジタルホールディングス,13:東京都,83人,30-99人 / 東京,352,352,1,https://digital-holdings.co.jp/,
4010001103838,株式会社ＧＣＴ研究所,13:東京都,3人,1-4人 / 東京,189,189,1,https://gcti.co.jp,
4010001115453,株式会社クロノシステム,13:東京都,9人,5-9人 / 東京,157,157,1,http://www.chrono.co.jp,
4010001116006,株式会社オークネット,13:東京都,319人,300-999人 / 東京,277,277,1,https://www.aucnet.co.jp/,
4010001120965,Ｓａｎｓａｎ株式会社,13:東京都,2064人,1000人以上 / 東京,147,147,1,http://jp.corp-sansan.com/,
4010001121708,株式会社ブレイバンス,13:東京都,60人,30-99人 / 東京,352,352,1,http://www.bravance.co.jp/,
4010001125345,株式会社システムソフィア,13:東京都,55人,30-99人 / 東京,352,352,1,http://www.system-sophia.co.jp/,
4010001127738,株式会社コアコンセプト・テクノロジー,13:東京都,432人,300-999人 / 東京,277,277,1,https://www.cct-inc.co.jp/sustainability/,
4010001128042,ピースミール・テクノロジー株式会社,13:東京都,77人,30-99人 / 東京,352,352,1,https://www.pmtech.co.jp/,
4010001136152,株式会社Ｃｒｅｓｃｅｎｔ,13:東京都,13人,10-29人 / 東京,299,299,1,https://crescents.jp/,
4010001139808,株式会社ワイヤ・アンド・ワイヤレス,13:東京都,42人,30-99人 / 東京,352,352,1,https://wi2.co.jp/,
4010001170894,株式会社ウィシェア,13:東京都,19人,10-29人 / 東京,299,299,1,https://www.weshare.co.jp/,https://www.weshare.co.jp/recruit/
4010001173996,株式会社ＢｅｅＸ,13:東京都,184人,100-299人 / 東京,432,432,1,https://www.beex-inc.com/careers_talk-session/01,
4010001174292,株式会社システムフロンティア,13:東京都,269人,100-299人 / 東京,432,432,1,https://www.sfrontier.co.jp,
4010001199728,株式会社Ｊ－ＱｕＡＤ　ＤＹＮＡＭＩＣＳ,13:東京都,630人,300-999人 / 東京,277,277,1,https://www.j-quad.co.jp/workplace/,
4010001210790,ソフトブレーン株式会社,13:東京都,244人,100-299人 / 東京,432,432,1,http://www.softbrain.co.jp/,
4010001213843,ジオテクノロジーズ株式会社,13:東京都,481人,300-999人 / 東京,277,277,1,https://geot.jp/,
4010001219436,株式会社ＪＰデジタル,13:東京都,109人,100-299人 / 東京,432,432,1,https://jp-digital.jp/,
4010001220641,Ｔｕｒｉｎｇ株式会社,13:東京都,83人,30-99人 / 東京,352,352,1,https://tur.ing/,
4010001226085,株式会社エクスレイ,13:東京都,9人,5-9人 / 東京,157,157,1,https://www.officesoudan.com/,
4010001228874,メシウス株式会社,04:宮城県,269人,100-299人 / その他,170,170,1,https://www.mescius.com/,
4010002039073,株式会社ビー・エス・デーインフォメーションテクノロジー,13:東京都,58人,30-99人 / 東京,352,352,1,https://www.bsd-it.co.jp/,
4010003032853,合同会社ＬＧＬ,13:東京都,5人,5-9人 / 東京,157,157,1,https://lgl.co.jp/,
4010101010331,株式会社ソフトフロー,13:東京都,18人,10-29人 / 東京,299,299,1,https://www.softflow.jp/,
4010101012344,株式会社ＶＲＣ,13:東京都,6人,5-9人 / 東京,157,157,1,https://www.vrcjp.com/,
4010401005007,ＮＴＴＰＣコミュニケーションズ株式会社,13:東京都,650人,300-999人 / 東京,277,277,1,http://www.nttpc.co.jp/,
4010401011500,株式会社ザ・チューブ,13:東京都,160人,100-299人 / 東京,432,432,1,http://www.the-tube.co.jp/,
4010401013232,株式会社システムフロア,13:東京都,50人,30-99人 / 東京,352,352,1,http://www.systemfloor.co.jp/,
4010401014057,株式会社ジャステック,13:東京都,1432人,1000人以上 / 東京,147,147,1,http://www.jastec.co.jp/,
4010401024691,株式会社ピーエスシー,13:東京都,700人,300-999人 / 東京,277,277,1,http://www.psc-inc.co.jp/,
4010401032249,ＮＴＴドコモソリューションズ株式会社,13:東京都,7089人,1000人以上 / 東京,147,147,1,http://www.nttcom.co.jp/,
4010401039979,ＬＩＮＥヤフー株式会社,13:東京都,11136人,1000人以上 / 東京,147,147,1,https://www.lycorp.co.jp/ja/sustainability/,
4010401041588,日本ビジネスシステムズ株式会社,13:東京都,2502人,1000人以上 / 東京,147,147,1,http://www.jbs.co.jp/,
4010401045903,ドコモ・テクノロジ株式会社,13:東京都,663人,300-999人 / 東京,277,277,1,https://www.docomo-tech.co.jp/,
4010401049813,株式会社ＤＧフィナンシャルテクノロジー,13:東京都,249人,100-299人 / 東京,432,432,1,https://www.dgft.jp/company/,
4010401052932,司システム株式会社,13:東京都,135人,100-299人 / 東京,432,432,1,https://www.tsukasasys.co.jp/,
4010401054152,株式会社デリバリーコンサルティング,13:東京都,204人,100-299人 / 東京,432,432,1,https://www.deliv.co.jp/,
4010401058467,テクマトリックス株式会社,13:東京都,650人,300-999人 / 東京,277,277,1,http://www.techmatrix.co.jp,
4010401059151,京セラ丸善システムインテグレーション株式会社,13:東京都,321人,300-999人 / 東京,277,277,1,http://www.kmsi.co.jp/,
4010401059705,株式会社バリューソフトウエア,13:東京都,73人,30-99人 / 東京,352,352,1,https://www.valuenet.co.jp/,
4010401060159,株式会社日経ビーピー,13:東京都,781人,300-999人 / 東京,277,277,1,http://corporate.nikkeibp.co.jp/,
4010401065760,株式会社ＮＸワンビシアーカイブズ,13:東京都,1860人,1000人以上 / 東京,147,147,1,http://www.wanbishi.co.jp/index.html,
4010401070273,クウジット株式会社,13:東京都,10人,10-29人 / 東京,299,299,1,https://www.koozyt.com/,
4010401072609,株式会社ネスト,13:東京都,20人,10-29人 / 東京,299,299,1,http://nest-o.co.jp,
4010401078085,日本オラクル株式会社,13:東京都,2131人,1000人以上 / 東京,147,147,1,https://www.oracle.com/jp/careers/diversity-inclusion/policy/,
4010401079331,株式会社ｆ－ｍｅ,13:東京都,6人,5-9人 / 東京,157,157,1,https://f-me.co.jp/,
4010401086988,株式会社レトロミーム,13:東京都,10人,10-29人 / 東京,299,299,1,https://retromeme.jp/,
4010401089594,ＷｉｚＢｉｚ株式会社,13:東京都,12人,10-29人 / 東京,299,299,1,https://wizbiz.co.jp/,
4010401090073,株式会社ネクストアイ,13:東京都,11人,10-29人 / 東京,299,299,1,https://www.next-eye.jp/,
4010401092904,株式会社イー・コミュニケーションズ,13:東京都,30人,30-99人 / 東京,352,352,1,https://www.e-coms.co.jp/,
4010401093365,株式会社ＷＯＯＲＯＭ．,13:東京都,30人,30-99人 / 東京,352,352,1,http://www.woorom.com/,
4010401096178,株式会社サンバード,13:東京都,15人,10-29人 / 東京,299,299,1,https://sun-bird.jp,
4010401097671,Ｃｏｎｎｅｈｉｔｏ株式会社,13:東京都,84人,30-99人 / 東京,352,352,1,https://connehito.com/about/,
4010401099544,株式会社エルテス,03:岩手県,152人,100-299人 / その他,170,170,1,https://eltes.co.jp/,
4010401103149,株式会社ＮＪＳ,13:東京都,4人,1-4人 / 東京,189,189,1,https://n-j-s.co.jp/,
4010401110062,株式会社マミーゴー,13:東京都,3人,1-4人 / 東京,189,189,1,http://mammy-go.jp/,
4010401117082,株式会社３ＤＡＹ,13:東京都,8人,5-9人 / 東京,157,157,1,https://3day.pet/,
4010401117090,ＡＩ　ＣＲＯＳＳ株式会社,13:東京都,54人,30-99人 / 東京,352,352,1,https://aicross.co.jp/employment/hr-policy/,
4010401119921,株式会社Ａｌｉｃｅ,13:東京都,24人,10-29人 / 東京,299,299,1,https://www.aliceinc.co.jp/,
4010401120747,ＮＨＮ　ＰｌａｙＡｒｔ株式会社,13:東京都,240人,100-299人 / 東京,432,432,1,https://www.nhn-playart.com/index.nhn,
4010401123163,シーズファイブ株式会社,13:東京都,2人,1-4人 / 東京,189,189,1,http://www.csfive.com/,
4010401124624,株式会社ＫＩＲＩＮＺ,13:東京都,99人,30-99人 / 東京,352,352,1,https://kirinz.tokyo/,
4010401128187,シルタス株式会社,13:東京都,4人,1-4人 / 東京,189,189,1,https://corp.sirutasu.com/news/about/,
4010401129425,ＮｅｘｔＤｒｉｖｅ株式会社,13:東京都,22人,10-29人 / 東京,299,299,1,https://www.nextdrive.io/ja/,
4010401145752,ｎａｔ株式会社,13:東京都,18人,10-29人 / 東京,299,299,1,https://www.natincs.com/,https://natinc.notion.site/nat-d812b0cd7be345d3875dea2aaf7471df
4010401149621,ポスタス株式会社,13:東京都,244人,100-299人 / 東京,432,432,1,https://www.postas.co.jp/,
4010401174652,株式会社マーキュリー,13:東京都,25人,10-29人 / 東京,299,299,1,https://mercvry.jp/about/,
4010405008740,一般社団法人共同通信社,13:東京都,1468人,1000人以上 / 東京,147,147,1,https://www.kyodonews.jp/,
4010501002498,株式会社エム・ソフト,13:東京都,308人,300-999人 / 東京,277,277,1,http://www.msoft.co.jp,
4010501004362,アイレック技建株式会社,13:東京都,150人,100-299人 / 東京,432,432,1,https://www.airec.co.jp/,
4010501024410,株式会社ディーワークス,13:東京都,7人,5-9人 / 東京,157,157,1,https://www.d-wks.jp,
4010501025879,株式会社サンシーア,13:東京都,49人,30-99人 / 東京,352,352,1,https://sunseer.co.jp/fringe_benefits/,
4010501031340,Ｔｅｃｈ　Ｆｕｎ株式会社,13:東京都,85人,30-99人 / 東京,352,352,1,https://www.techfun.co.jp/,
4010501037726,株式会社コードベリー,13:東京都,13人,10-29人 / 東京,299,299,1,https://codeberry.co.jp/,
4010501037775,株式会社イーサン,13:東京都,9人,5-9人 / 東京,157,157,1,http://www.ethan.co.jp/,
4010501037791,アプリワークス株式会社,13:東京都,10人,10-29人 / 東京,299,299,1,http://www.appworks.co.jp,
4010501040556,株式会社Ｈｕｕｕｕ,20:長野県,3人,1-4人 / その他,50,50,1,https://huuuu.jp/,
4010601019582,株式会社ぺいじず,13:東京都,5人,5-9人 / 東京,157,157,1,https://pages.co.jp,
4010601021794,株式会社ＮＴＴデータＣＣＳ,13:東京都,778人,300-999人 / 東京,277,277,1,http://www.nttdata-ccs.co.jp/,
4010601027461,ウチダエスコ株式会社,13:東京都,600人,300-999人 / 東京,277,277,1,https://www.esco.co.jp/actionplan/,
4010601028617,株式会社ＮＴＴデータＳＢＣ,27:大阪府,400人,300-999人 / 主要都市圏,86,86,1,https://www.nttdata-sbc.co.jp/,
4010601029458,株式会社ＮＴＴデータ・インフォメーションテクノロジー,13:東京都,432人,300-999人 / 東京,277,277,1,https://www.nttdata-it.com/,
4010601033105,ＪＦＥシステムズ株式会社,13:東京都,1600人,1000人以上 / 東京,147,147,1,https://www.jfe-systems.com/sustainability/society/employees.html,
4010601043384,ＰＣＩソリューションズ株式会社,13:東京都,1001人,1000人以上 / 東京,147,147,1,http://www.pci-sol.com,
4010601048193,Ｐｅａｃｈ株式会社,13:東京都,6人,5-9人 / 東京,157,157,1,https://extrapeach.jp/,
4010601058770,株式会社チッパー,13:東京都,3人,1-4人 / 東京,189,189,1,https://chipper.work/,
4010602029886,クロテッコ有限会社,13:東京都,10人,10-29人 / 東京,299,299,1,https://www.kurotekko.co.jp/,
4010603007148,Ｇｏｏｄ　Ｔｈｉｎｇｓ合同会社,13:東京都,3人,1-4人 / 東京,189,189,1,https://good-things.jp/,
4010701000269,株式会社アイ・エス・ビー,13:東京都,1025人,1000人以上 / 東京,147,147,1,https://www.isb.co.jp/,
4010701000905,いすゞシステムサービス株式会社,14:神奈川県,196人,100-299人 / 主要都市圏,186,186,1,http://www.iss.co.jp/,
4010701001143,株式会社ウィズダム,13:東京都,38人,30-99人 / 東京,352,352,1,https://www.wisdom.co.jp/,https://recruit.wisdom-dev.jp/
4010701002678,株式会社キューブシステム,13:東京都,709人,300-999人 / 東京,277,277,1,http://www.cubesystem.co.jp/,
4010701002802,株式会社クリエイトエンジニアリング,13:東京都,39人,30-99人 / 東京,352,352,1,http://www.cre-eng.co.jp/,
4010701007850,日本フィールド・エンジニアリング株式会社,13:東京都,408人,300-999人 / 東京,277,277,1,https://www.nfe.co.jp/,
4010701017008,アクトインディ株式会社,13:東京都,80人,30-99人 / 東京,352,352,1,https://actindi.net/,
4010701025456,株式会社ＢＴＭ,13:東京都,216人,100-299人 / 東京,432,432,1,https://www.b-tm.co.jp/,
4010701026082,株式会社日本総合研究所,13:東京都,4859人,1000人以上 / 東京,147,147,1,http://www.jri.co.jp/,
4010801014648,株式会社Ｐｒｏ－ＳＰＩＲＥ,13:東京都,130人,100-299人 / 東京,432,432,1,https://www.pro-spire.co.jp/action-plan,
4010901003823,株式会社コア,13:東京都,1145人,1000人以上 / 東京,147,147,1,https://www.core.co.jp/company/womenactivity,
4010901030545,株式会社Ｓｏｉｃｈｉｒｏ,13:東京都,17人,10-29人 / 東京,299,299,1,https://soichiro.co.jp/company/plan-of-action/,
4010901037565,株式会社ＨＯＮＵ,13:東京都,3人,1-4人 / 東京,189,189,1,https://honu.tokyo,
4010901050626,株式会社Ｆｉｖｅ,13:東京都,7人,5-9人 / 東京,157,157,1,https://five-inc.co.jp/,
4011001018258,農中情報システム株式会社,13:東京都,806人,300-999人 / 東京,277,277,1,https://www.nochu-info.co.jp/company/profile/,
4011001030808,株式会社ユカアンドアルファ,13:東京都,40人,30-99人 / 東京,352,352,1,https://yuka-alpha.com/,
4011001032721,株式会社ディー・エヌ・エー,13:東京都,1530人,1000人以上 / 東京,147,147,1,https://dldp.dena.com/,
4011001045145,株式会社ユウトハンズ,13:東京都,12人,10-29人 / 東京,299,299,1,https://www.youtohands.jp/,
4011001045698,株式会社アイエンター,13:東京都,300人,300-999人 / 東京,277,277,1,https://www.i-enter.co.jp/,
4011001046358,株式会社ネオマーケティング,13:東京都,150人,100-299人 / 東京,432,432,1,https://neo-m.jp/,
4011001050649,株式会社プロジェクトゼロ,13:東京都,4人,1-4人 / 東京,189,189,1,http://www.projectzero.jp/,
4011001055409,株式会社フォーデジット,13:東京都,139人,100-299人 / 東京,432,432,1,https://www.4digit.com/,
4011001059319,株式会社ジャックアンドビーンズ,13:東京都,38人,30-99人 / 東京,352,352,1,http://www.j-mamenoki.co.jp/,
4011001063527,オープンワーク株式会社,13:東京都,21人,10-29人 / 東京,299,299,1,http://www.vorkers.com/,
4011001065993,株式会社ＫＩＤ,13:東京都,5人,5-9人 / 東京,157,157,1,https://www.kid.co.jp,
4011001067486,株式会社ダブルクロップ,13:東京都,79人,30-99人 / 東京,352,352,1,https://www.double-crop.jp/,
4011001070267,株式会社メタバーズ,26:京都府,5人,5-9人 / 主要都市圏,77,77,1,https://metabirds.com/,
4011001070556,株式会社ＭＡＧＥＳ．,13:東京都,189人,100-299人 / 東京,432,432,1,http://mages.co.jp/,
4011001072890,株式会社みらいワークス,13:東京都,152人,100-299人 / 東京,432,432,1,http://mirai-works.co.jp/,
4011001090389,株式会社ｍａｇｉｃｎｕｍｂｅｒ,13:東京都,24人,10-29人 / 東京,299,299,1,http://magicnumber.co.jp/,
4011001094365,株式会社ＺＵＵ,13:東京都,120人,100-299人 / 東京,432,432,1,https://zuu.co.jp,
4011001097376,株式会社ＲＯＸＸ,13:東京都,335人,300-999人 / 東京,277,277,1,https://roxx.co.jp/,
4011001098457,株式会社ウィルオブ・パートナー,13:東京都,14人,10-29人 / 東京,299,299,1,https://jp.refcome.com/,
4011001121557,株式会社ＧＯＯＤ　ＶＩＢＥＳ　ＯＮＬＹ,13:東京都,5人,5-9人 / 東京,157,157,1,https://goodvibesonly.jp/,
4011001123958,株式会社ＭＵＮＩＣＡ,13:東京都,5人,5-9人 / 東京,157,157,1,https://corp.rite.co.jp/,
4011001127372,株式会社ワンモーメント,13:東京都,10人,10-29人 / 東京,299,299,1,https://1mmt.jp/,
4011001128890,Ｐｅｓｔａｌｏｚｚｉ　Ｔｅｃｈｎｏｌｏｇｙ株式会社,13:東京都,45人,30-99人 / 東京,352,352,1,https://pestalozzi-tech.com/,
4011001132232,株式会社ｗｅｓｉｏｎａｒｙＴＥＡＭ,13:東京都,1人,1-4人 / 東京,189,189,1,https://wesionary.team/,
4011001136984,株式会社ｖａｒ,13:東京都,9人,5-9人 / 東京,157,157,1,https://var.co.jp,
4011001151505,株式会社Ｔａｎｚａｎｉｔｅ,13:東京都,1人,1-4人 / 東京,189,189,1,https://tanzanite.co.jp/,
4011001159936,株式会社オークス,13:東京都,1人,1-4人 / 東京,189,189,1,https://ooaks.co.jp/,https://ooaks.co.jp/recruit
4011001166503,株式会社ＪＱＩＴ,13:東京都,125人,100-299人 / 東京,432,432,1,https://jqit.co.jp/,
4011101004182,株式会社博報堂ＳＹＮＶＯＩＣＥ,13:東京都,22人,10-29人 / 東京,299,299,1,https://www.optsp.co.jp,
4011101010148,システム技研株式会社,13:東京都,125人,100-299人 / 東京,432,432,1,https://www.s-giken.com/index.html,
4011101011096,Ｚｅｎｋｅｎ株式会社,13:東京都,448人,300-999人 / 東京,277,277,1,https://www.zenken.co.jp/,https://recruit.zenken.co.jp/
4011101014999,株式会社東京システム技研,13:東京都,180人,100-299人 / 東京,432,432,1,https://www.tsl.co.jp/,
4011101016888,インフォテック株式会社,13:東京都,548人,300-999人 / 東京,277,277,1,https://www.iftc.co.jp/,
4011101020849,株式会社アズワン,13:東京都,25人,10-29人 / 東京,299,299,1,http://az1.co.jp/,
4011101024791,株式会社テクノトップ,13:東京都,112人,100-299人 / 東京,432,432,1,https://www.ttop.co.jp/,
4011101028603,アイアンドエルソフトウェア株式会社,13:東京都,169人,100-299人 / 東京,432,432,1,https://www.iandl.co.jp/,
4011101031796,株式会社インターエデュ・ドットコム,13:東京都,50人,30-99人 / 東京,352,352,1,https://corporate.inter-edu.com/,
4011101036416,株式会社システム創造開発,13:東京都,70人,30-99人 / 東京,352,352,1,https://www.scd.co.jp/,
4011101039600,株式会社スタッフ・アンド・ブレーン,13:東京都,58人,30-99人 / 東京,352,352,1,https://sb-tokyo.jp/,https://sb-tokyo.jp/recruit/
4011101040211,株式会社ヘッドウォータース,13:東京都,98人,30-99人 / 東京,352,352,1,http://www.headwaters.co.jp/,
4011101040327,株式会社クリエイティブホープ,13:東京都,34人,30-99人 / 東京,352,352,1,https://www.creativehope.co.jp/,
4011101051761,株式会社ＩＤＣフロンティア,13:東京都,210人,100-299人 / 東京,432,432,1,https://www.idcf.jp/,
4011101060754,株式会社コンパスジャパン,13:東京都,103人,100-299人 / 東京,432,432,1,http://www.compass-japan.com/,http://www.compass-japan.com/contact.html
4011101072114,株式会社ＩＴＡＫＯ,13:東京都,6人,5-9人 / 東京,157,157,1,http://www.itakoh.co.jp/,
4011101073054,株式会社ＯｎｅＡＩ,40:福岡県,30人,30-99人 / 主要都市圏,188,188,1,https://hitobito.co.jp/,
4011101079200,株式会社ＰＩＧＮＵＳ,13:東京都,64人,30-99人 / 東京,352,352,1,https://www.pignus.co.jp/,
4011101095635,株式会社トキカタ,13:東京都,2人,1-4人 / 東京,189,189,1,https://tokikata.com/,
4011101100840,株式会社Ｍｏｌｌｙ,13:東京都,3人,1-4人 / 東京,189,189,1,https://molly.co.jp/,
4011103009304,ＩＮＰＡ株式会社,13:東京都,3人,1-4人 / 東京,189,189,1,https://inpa.jp/,
4011202011301,有限会社カナバングラフィックス,13:東京都,21人,10-29人 / 東京,299,299,1,http://www.kanaban.com/,
4011501015960,株式会社ディテイルクラウドクリエイティブ,13:東京都,10人,10-29人 / 東京,299,299,1,https://detail-cc.com/download/maternity_leave.pdf,
4011501017800,株式会社サムライ・ソフト,13:東京都,17人,10-29人 / 東京,299,299,1,http://www.samurai-soft.com/,
4011601015547,Ｍｏｇｉｃ株式会社,13:東京都,19人,10-29人 / 東京,299,299,1,http://www.mogic.jp/,
4011701010183,株式会社京葉電子工業,13:東京都,28人,10-29人 / 東京,299,299,1,http://www.keiyo.biz/,
4011701017708,ランテック株式会社,13:東京都,112人,100-299人 / 東京,432,432,1,https://run-tech.co.jp/,
4011801032648,株式会社ＳＵＩ,13:東京都,2人,1-4人 / 東京,189,189,1,https://sui.co.jp/,
4011801035923,株式会社ベターソリューション,13:東京都,6人,5-9人 / 東京,157,157,1,http://bettersolution.jp/,
4012401002041,株式会社カイ,13:東京都,13人,10-29人 / 東京,299,299,1,http://www.chi.co.jp,
4012401005044,三井住友トラストＴＡソリューション株式会社,13:東京都,490人,300-999人 / 東京,277,277,1,https://www.smttas.jp/recruitment/environment.html,
4012401021041,株式会社デジタルトレンズ,13:東京都,9人,5-9人 / 東京,157,157,1,https://dgtrends.com,
4012401022072,株式会社シンプリズム,13:東京都,110人,100-299人 / 東京,432,432,1,https://www.simplism.co.jp/,
4012401034670,株式会社サマシー,13:東京都,36人,30-99人 / 東京,352,352,1,https://www.summer@summersea.jp,
4012701009298,ブリヂストンソフトウェア株式会社,13:東京都,304人,300-999人 / 東京,277,277,1,https://www.bsw.co.jp/,
4013103000647,合同会社ｂａｓｉｃｍａｔｈ,26:京都府,2人,1-4人 / 主要都市圏,119,119,1,https://basicmath.jp,
4013201018698,株式会社ビットエー,13:東京都,204人,100-299人 / 東京,432,432,1,https://bita.jp/,
4013301007758,株式会社テクノカルチャー,13:東京都,92人,30-99人 / 東京,352,352,1,https://www.t-next.com/,https://recruit.t-next.com/
4013301009283,日本電算株式会社,13:東京都,96人,30-99人 / 東京,352,352,1,https://www.nd-inc.co.jp/action_plans.html,
4013301025157,日本情報システム株式会社,13:東京都,60人,30-99人 / 東京,352,352,1,http://www.nisweb.co.jp/main/index.html,https://job.mynavi.jp/26/pc/search/corp71669/outline.html
4013301026816,株式会社ＺＥＡＬＯＴ,13:東京都,17人,10-29人 / 東京,299,299,1,https://zealot.co.jp,
4013301040296,株式会社ＴＯＣＲＥＡＴＥＩＴ,13:東京都,1人,1-4人 / 東京,189,189,1,https://tocreateit.co.jp/,
4013301041880,トレードログ株式会社,13:東京都,4人,1-4人 / 東京,189,189,1,https://trade-log.io/,
4013303001817,合同会社エス・シー・エヌ,13:東京都,11人,10-29人 / 東京,299,299,1,http://www.scn-llc.jp/,
4020001007518,株式会社日立ＩＣＴビジネスサービス,14:神奈川県,2277人,1000人以上 / 主要都市圏,54,54,1,https://www.hitachi-bs.co.jp/,
4020001024331,株式会社ファルコン,14:神奈川県,71人,30-99人 / 主要都市圏,188,188,1,http://www.kk-falcon.co.jp/,
4020001061110,株式会社コーエーテクモホールディングス,14:神奈川県,2489人,1000人以上 / 主要都市圏,54,54,1,http://www.koeitecmo.co.jp/,
4020001073436,ソフトウエアクリエイション株式会社,13:東京都,108人,100-299人 / 東京,432,432,1,http://www.scc-inc.co.jp,
4020001075127,株式会社ワン,14:神奈川県,11人,10-29人 / 主要都市圏,189,189,1,http://www.j-one.ne.jp/,
4020001088161,株式会社ＰｒｏＶｉｓｉｏｎ,14:神奈川県,947人,300-999人 / 主要都市圏,86,86,1,https://www.pro-vision.jp/,
4020001120064,株式会社Ｃｏｎｔｒａｉｌ,14:神奈川県,19人,10-29人 / 主要都市圏,189,189,1,https://contrail-sys.co.jp/,
4020001123455,株式会社テリロジーサービスウェア,13:東京都,53人,30-99人 / 東京,352,352,1,https://terilogy-sw.com/,
4020001124684,株式会社わんわんわん,40:福岡県,2人,1-4人 / 主要都市圏,119,119,1,https://wanwanwan.co.jp/,
4020001144609,株式会社Ｍｅｄｉａ　Ｗｉｔｈ,13:東京都,1人,1-4人 / 東京,189,189,1,https://mediawith.co.jp/,
4021001004769,アデリープランニング株式会社,47:沖縄県,4人,1-4人 / その他,50,50,1,https://www.e-adeliae.com/news/2025/121899/,
4021001038593,株式会社アシスコ,14:神奈川県,13人,10-29人 / 主要都市圏,189,189,1,http://www.asysco.co.jp,
4021001048378,株式会社ＨｏｍｅＧｒｏｗｉｎ,14:神奈川県,58人,30-99人 / 主要都市圏,188,188,1,http://homegrowin.jp/,
4021001054979,株式会社アイディオット,13:東京都,28人,10-29人 / 東京,299,299,1,https://aidiot.jp/,
4030001060202,株式会社グローバルソフトウェア,11:埼玉県,111人,100-299人 / 主要都市圏,186,186,1,http://www.globals.jp/,
4030001149904,株式会社ホンシツシコウ,11:埼玉県,6人,5-9人 / 主要都市圏,77,77,1,https://essential-thinking.jp,
4030002016797,Ａｔｅｌｉｅｒ　Ｂｉｔｓ株式会社,11:埼玉県,6人,5-9人 / 主要都市圏,77,77,1,http://www.atelier-bits.co.jp/index.html,
4040001029527,株式会社サクラ情報システム,13:東京都,22人,10-29人 / 東京,299,299,1,http://www.e-cis.co.jp/,
4040001040715,株式会社ＦＹＦ,12:千葉県,53人,30-99人 / 主要都市圏,188,188,1,https://www.fyf-h.com/,https://www.fyf-h.com/recruit.html
4040001070407,株式会社エス・イー・シー・ハイテック,13:東京都,319人,300-999人 / 東京,277,277,1,https://sech.co.jp/sustainability/diversity/,
4040001080406,株式会社一元情報,13:東京都,85人,30-99人 / 東京,352,352,1,https://www.bss-j.co.jp/index.html,
4040001085066,Ｋ＆Ｋソリューション株式会社,13:東京都,54人,30-99人 / 東京,352,352,1,https://kksol.co.jp/message/philosophy/,
4040001087062,株式会社ＲＥＴＩＣＥ,08:茨城県,18人,10-29人 / その他,129,129,1,http://retice.biz,
4040001109535,株式会社ＧＲＩＰＳ,12:千葉県,6人,5-9人 / 主要都市圏,77,77,1,https://www.grips.co.jp/,
4040001128196,株式会社ＺＥＮ,12:千葉県,2人,1-4人 / 主要都市圏,119,119,1,https://zen-lab.jp/,
4040003005484,合同会社ミルディア,13:東京都,20人,10-29人 / 東京,299,299,1,https://www.milldea.com/,
4050001036885,Ｓｍａｒｔ　Ｓｏｌｕｔｉｏｎｓ株式会社,08:茨城県,10人,10-29人 / その他,129,129,1,https://smt-sol.jp/,https://smt-sol.jp/recruit/
4060001000221,株式会社アイ・シー・エス,09:栃木県,14人,10-29人 / その他,129,129,1,https://www.icsjpn.co.jp/,
4060002033922,有限会社トレンディハウス,09:栃木県,4人,1-4人 / その他,50,50,1,http://www.trendyhouse.co.jp,
4080001002827,株式会社静岡第一テレビ,22:静岡県,117人,100-299人 / その他,170,170,1,http://www.tv-sdt.co.jp/,
4080001008361,静銀ＩＴソリューション株式会社,22:静岡県,245人,100-299人 / その他,170,170,1,https://www.shizuoka-cs.co.jp,
4080001017602,株式会社いいね,22:静岡県,32人,30-99人 / その他,169,169,1,http://iine.jpn.com/,
4080002018632,株式会社ＡＣＯ,22:静岡県,13人,10-29人 / その他,129,129,1,http://a-c-o.com/,
4080101003849,富士通ミッションクリティカルソフトウェア株式会社,22:静岡県,189人,100-299人 / その他,170,170,1,http://jp.fujitsu.com/group/mcs/,
4080101015670,ＴＯＳＥＩ株式会社,22:静岡県,5人,5-9人 / その他,65,65,1,http://www.tosei-japan.com,
4110001000777,株式会社エフエムラジオ新潟,15:新潟県,38人,30-99人 / その他,169,169,1,https://www.fmniigata.com/,
4110001022219,株式会社エヌ・テー・シー,15:新潟県,106人,100-299人 / その他,170,170,1,https://www.kk-ntc.co.jp/,
4120001014405,株式会社ＮＴＴフィールドテクノ,27:大阪府,9278人,1000人以上 / 主要都市圏,54,54,1,https://www.ntt-ft.jp/company/csr/action.html#women,
4120001054120,株式会社ＮＴＴデータ関西,27:大阪府,1321人,1000人以上 / 主要都市圏,54,54,1,http://www.nttdata-kansai.co.jp/,
4120001054137,株式会社ＳＲＤ,26:京都府,146人,100-299人 / 主要都市圏,186,186,1,http://www.srd.co.jp/,
4120001067097,中央コンピューター株式会社,27:大阪府,576人,300-999人 / 主要都市圏,86,86,1,http://www.chuo-computer.co.jp/,
4120001068814,株式会社ノベラック,27:大阪府,14人,10-29人 / 主要都市圏,189,189,1,http://www.noveluck.co.jp/index.html,
4120001069639,平成ファームワークス株式会社,27:大阪府,63人,30-99人 / 主要都市圏,188,188,1,http://www.hfws.co.jp/,
4120001070448,株式会社ヴィンクス,13:東京都,1470人,1000人以上 / 東京,147,147,1,http://www.vinx.co.jp,
4120001083747,株式会社ＤＡＣＳ,27:大阪府,343人,300-999人 / 主要都市圏,86,86,1,https://www.dacs.co.jp,
4120001103331,株式会社ソフトウェア・サービス,27:大阪府,1755人,1000人以上 / 主要都市圏,54,54,1,https://www.softs.co.jp,
4120001115673,株式会社Ｂｅｅ,27:大阪府,51人,30-99人 / 主要都市圏,188,188,1,http://www.bee-u.com/,https://job.mynavi.jp/27/pc/search/corp105911/outline.html
4120001117554,株式会社エスピーネット,27:大阪府,57人,30-99人 / 主要都市圏,188,188,1,http://www.spnet.jp/,
4120001163920,キャル株式会社,27:大阪府,2973人,1000人以上 / 主要都市圏,54,54,1,https://www.wantedly.com/companies/company_9662504,
4120001170099,株式会社ＭＲＳ,27:大阪府,97人,30-99人 / 主要都市圏,188,188,1,http://mrs-inc.jp/,
4120001221232,株式会社ウェイバック,27:大阪府,3人,1-4人 / 主要都市圏,119,119,1,https://wayback.co.jp/,
4120003028907,ザＳＥＯ合同会社,27:大阪府,1人,1-4人 / 主要都市圏,119,119,1,https://the-seo.co.jp/,https://the-seo.co.jp/recruit/
4130001004198,株式会社京都放送,26:京都府,163人,100-299人 / 主要都市圏,186,186,1,http://www.kbs-kyoto.co.jp/,
4130001017794,ソフトコム株式会社,26:京都府,30人,30-99人 / 主要都市圏,188,188,1,https://www.soft-com.co.jp/,
4130001055935,ものレボ株式会社,26:京都府,8人,5-9人 / 主要都市圏,77,77,1,https://corp.monorevo.jp/,
4130001057130,株式会社ＳＣＲＥＥＮアドバンストシステムソリューションズ,26:京都府,56人,30-99人 / 主要都市圏,188,188,1,http://www.screen.co.jp/,
4130001079703,株式会社ヘルスケアイノベーションテクノロジー,26:京都府,10人,10-29人 / 主要都市圏,189,189,1,https://hc-i.tech/,
4130003003669,株式会社ＨＡＣＡＲＵＳ,26:京都府,40人,30-99人 / 主要都市圏,188,188,1,https://hacarus.com/ja/,
4140001006524,株式会社エマーテック,28:兵庫県,36人,30-99人 / 主要都市圏,188,188,1,https://www.emertech.co.jp/,
4140001024798,株式会社職人さんドットコム,14:神奈川県,4人,1-4人 / 主要都市圏,119,119,1,https://www.shokunin-san.com/,
4140001029302,株式会社クルーグ,28:兵庫県,20人,10-29人 / 主要都市圏,189,189,1,https://www.qloog.com/ja/,
4150001022561,ＭＢＴリンク株式会社,13:東京都,2人,1-4人 / 東京,189,189,1,https://www.mbtlink.com/,
4160001000590,キステム株式会社,25:滋賀県,235人,100-299人 / その他,170,170,1,http://www.kistem.co.jp,
4160001019383,株式会社ｔｉｗａｋｉ,25:滋賀県,18人,10-29人 / その他,129,129,1,https://www.tiwaki.com/company,
4180001006999,株式会社ドコモＣＳ東海,23:愛知県,1024人,1000人以上 / 主要都市圏,54,54,1,http://www.docomo-cs-tokai.co.jp/,
4180001013046,名電通株式会社,23:愛知県,48人,30-99人 / 主要都市圏,188,188,1,https://www.meidentsu.co.jp/,
4180001017641,株式会社トヨタシステムズ,23:愛知県,3422人,1000人以上 / 主要都市圏,54,54,1,https://www.toyotasystems.com/,
4180001034083,株式会社イエス,23:愛知県,36人,30-99人 / 主要都市圏,188,188,1,http://www.ies.jp/iesweb/,
4180001036757,株式会社システムクラフト,23:愛知県,33人,30-99人 / 主要都市圏,188,188,1,http://www.sys-craft.co.jp/,
4180001037961,株式会社中日新聞社,23:愛知県,2427人,1000人以上 / 主要都市圏,54,54,1,http://www.chunichi.co.jp,
4180001038423,株式会社テクノアスカ,23:愛知県,146人,100-299人 / 主要都市圏,186,186,1,https://www.t-ask.co.jp/,https://www.t-ask.co.jp/recruit.html
4180001038539,株式会社ＮＴＴデータ東海,23:愛知県,589人,300-999人 / 主要都市圏,86,86,1,https://www.nttdata-tokai.co.jp/,
4180001047184,株式会社トヨタマップマスター,23:愛知県,179人,100-299人 / 主要都市圏,186,186,1,http://www.mapmaster.co.jp/index.html,
4180001056549,株式会社サイトスコープ,23:愛知県,18人,10-29人 / 主要都市圏,189,189,1,https://sitescope.co.jp/,
4180001057530,株式会社クロス・ヒット,23:愛知県,25人,10-29人 / 主要都市圏,189,189,1,http://www.houtoku-it.co.jp/,
4180001076943,株式会社セルズ,23:愛知県,62人,30-99人 / 主要都市圏,188,188,1,https://www.cells.co.jp/,
4180001094838,菱友技研株式会社,23:愛知県,93人,30-99人 / 主要都市圏,188,188,1,https://ryoyu-giken.co.jp/,
4180001101569,株式会社ｌｉｆｅ　ｉｓ,23:愛知県,17人,10-29人 / 主要都市圏,189,189,1,http://lifeis-web.co.jp/,
4180001102914,株式会社インテックス,23:愛知県,27人,10-29人 / 主要都市圏,189,189,1,https://intecs.ne.jp/,
4180001124702,株式会社シナスタジア,13:東京都,11人,10-29人 / 東京,299,299,1,https://synesthesias.jp/news/74/,
4180001124925,株式会社ロコビット,23:愛知県,29人,10-29人 / 主要都市圏,189,189,1,https://www.locobit.co.jp/,
4180001138891,ｉ‐ＳＨＯＴ株式会社,13:東京都,13人,10-29人 / 東京,299,299,1,https://medifund.jp/,https://medifund.jp/jobs/
4190001000893,株式会社百五デジタルソリューションズ,24:三重県,112人,100-299人 / その他,170,170,1,https://www.105ds.co.jp/,
4200001003507,株式会社テクノシステム,21:岐阜県,35人,30-99人 / その他,169,169,1,https://www.technosys.co.jp/,
4200001039138,アークグロー株式会社,21:岐阜県,5人,5-9人 / その他,65,65,1,https://www.arcgrow.jp/initiatives-to-reform-work-styles-and-support-work-life-balance/,
4200001041390,株式会社ＤＡＯＷＯＲＫＳ,21:岐阜県,2人,1-4人 / その他,50,50,1,https://daoworks.co.jp/,
4210001003043,株式会社福井新聞社,18:福井県,283人,100-299人 / その他,170,170,1,http://www.fukuishimbun.co.jp/,
4210001004017,三谷コンピュータ株式会社,18:福井県,143人,100-299人 / その他,170,170,1,https://www.mtn.co.jp,
4210001013827,株式会社アートテクノロジー,18:福井県,391人,300-999人 / その他,76,76,1,http://www.art-tec.co.jp/,
4230001000030,株式会社アイドママーケティングコミュニケーション,16:富山県,239人,100-299人 / その他,170,170,1,https://www.e-aidma.co.jp/,
4230001002844,北電情報システムサービス株式会社,16:富山県,366人,300-999人 / その他,76,76,1,https://www.hiss.co.jp/,
4230001007785,ＡＷＳ株式会社,16:富山県,100人,100-299人 / その他,170,170,1,https://awsnet.co.jp/,https://awsnet.co.jp/recruit/
4230001014154,キュアコード株式会社,16:富山県,12人,10-29人 / その他,129,129,1,https://curecode.jp/,
4240001007628,株式会社ドコモＣＳ中国,34:広島県,797人,300-999人 / その他,76,76,1,https://www.docomo-cs-chugoku.co.jp/,
4240001009384,株式会社広島情報シンフォニー,34:広島県,176人,100-299人 / その他,170,170,1,http://www.symphony.co.jp/,
4240001014384,デジタルソリューション株式会社,34:広島県,62人,30-99人 / その他,169,169,1,https://www.digital-sol.co.jp/,
4240001016059,株式会社ネビジョン,34:広島県,5人,5-9人 / その他,65,65,1,https://nevision.co.jp,
4260001004739,株式会社トスコ,33:岡山県,584人,300-999人 / その他,76,76,1,https://www.tosco.co.jp,
4260001005935,株式会社プライム,33:岡山県,42人,30-99人 / その他,169,169,1,https://www.prime.co.jp/,
4260001027946,株式会社ベネッセインフォシェル,33:岡山県,405人,300-999人 / その他,76,76,1,http://www.benesse-infoshell.co.jp/index.html,
4290001012466,株式会社データプラス,41:佐賀県,200人,100-299人 / その他,170,170,1,http://www.data-p.co.jp/,
4290001016954,株式会社未来工房亞主,40:福岡県,13人,10-29人 / 主要都市圏,189,189,1,https://mirai-asu.co.jp/,
4290001017713,株式会社ディジテック,40:福岡県,58人,30-99人 / 主要都市圏,188,188,1,http://www.digitech.co.jp/,
4290001019783,芙蓉開発株式会社,40:福岡県,12人,10-29人 / 主要都市圏,189,189,1,https://www.fuyo-group.com/,
4290001023455,株式会社Ｆｕｓｉｃ,40:福岡県,146人,100-299人 / 主要都市圏,186,186,1,https://fusic.co.jp/,
4290001023926,ＴＩＳ西日本株式会社,40:福岡県,206人,100-299人 / 主要都市圏,186,186,1,https://www.tis-w.co.jp/,
4290001024783,ＮＥＸＴシステムズ株式会社,40:福岡県,4人,1-4人 / 主要都市圏,119,119,1,http://www.next-jp.net/,
4290001025055,株式会社イー・フォレスト,40:福岡県,4人,1-4人 / 主要都市圏,119,119,1,https://www.e-forest.co.jp/,
4290001046209,株式会社アプリップリ,40:福岡県,15人,10-29人 / 主要都市圏,189,189,1,https://applippli.co.jp,
4290001057420,株式会社アドコムソフト,40:福岡県,28人,10-29人 / 主要都市圏,189,189,1,https://adcomsoft.jp,
4290001068707,株式会社ウェブサポート,40:福岡県,21人,10-29人 / 主要都市圏,189,189,1,http://websupport.co.jp/,
4290001074952,株式会社シーエイティ,40:福岡県,4人,1-4人 / 主要都市圏,119,119,1,https://cat-jpn.com/,
4290801001998,株式会社ナダスワークス,40:福岡県,23人,10-29人 / 主要都市圏,189,189,1,https://www.nadusworks.jp/,
4290801006246,九州システムコンサルティング株式会社,40:福岡県,19人,10-29人 / 主要都市圏,189,189,1,http://www.k-s-c.co.jp/,
4290801028835,株式会社八州設計,40:福岡県,7人,5-9人 / 主要都市圏,77,77,1,https://yashima-d.com,
4300001010781,株式会社スチームシップ,41:佐賀県,230人,100-299人 / その他,170,170,1,https://steamship.co.jp/,
4320001000673,株式会社オーイーシー,44:大分県,503人,300-999人 / その他,76,76,1,http://www.oec.co.jp/,
4340001004664,株式会社ワンネット,46:鹿児島県,4人,1-4人 / その他,50,50,1,http://onenet.jp,
4340001006009,株式会社ＷＩＳＨシステムコンサルティング,46:鹿児島県,100人,100-299人 / その他,170,170,1,http://wish-sc.co.jp/,
4340001007386,南九州ケーブルテレビネット株式会社,46:鹿児島県,38人,30-99人 / その他,169,169,1,https://www.mct.jp/actionplan/,
4350001010612,センコービジネスサポート株式会社,45:宮崎県,424人,300-999人 / その他,76,76,1,http://www.sbs.senko.jp/,
4360001000249,株式会社ゼンリンインターマップ,47:沖縄県,154人,100-299人 / その他,170,170,1,http://www.intermap.co.jp/,
4360001005628,株式会社イー・コード,47:沖縄県,107人,100-299人 / その他,170,170,1,http://e-code.jp/,
4360001011881,株式会社プロペディア,13:東京都,1人,1-4人 / 東京,189,189,1,https://propedia.co.jp/,
4360001011989,株式会社ウィンリッヂ,13:東京都,18人,10-29人 / 東京,299,299,1,https://www.winridge.co.jp/,
4360001017474,株式会社オムニバスワンダーラボ,47:沖縄県,7人,5-9人 / その他,65,65,1,https://omwonlab.com/,
4370001012061,株式会社ＡＳＡ,04:宮城県,70人,30-99人 / その他,169,169,1,https://www.asadigital.net/jp/,
4370001016302,楽天ソシオビジネス株式会社,13:東京都,317人,300-999人 / 東京,277,277,1,https://corp.rakuten.co.jp/socio/,
4370001053015,サイバーコム株式会社,04:宮城県,1305人,1000人以上 / その他,8,8,1,https://www.cy-com.co.jp/,
4380001013711,株式会社ＦＳＫ,07:福島県,148人,100-299人 / その他,170,170,1,https://www.fsk-brain.co.jp/,
4390001002688,株式会社サム・コミュニケーションズ,06:山形県,8人,5-9人 / その他,65,65,1,https://sam-com.co.jp/,
4390001014543,株式会社エバーシード,01:北海道,4人,1-4人 / 主要都市圏,119,119,1,https://everceed-marketing.com/,
4420001000102,株式会社エービッツ,02:青森県,88人,30-99人 / その他,169,169,1,https://www.a-bits.co.jp,https://job.mynavi.jp/27/pc/search/corp220683/outline.html
4430001001859,株式会社ウイン・コンサル,01:北海道,102人,100-299人 / 主要都市圏,186,186,1,https://w3.winc.co.jp/,
4430001012996,株式会社ネイビーズ・クリエイション,01:北海道,11人,10-29人 / 主要都市圏,189,189,1,http://navys.co.jp/,
4430001022681,北洋システム開発株式会社,01:北海道,87人,30-99人 / 主要都市圏,188,188,1,https://www.hsd-hh.co.jp/news/pdf/20260702094750.pdf,
4430001030783,株式会社メディアサイエンス,01:北海道,28人,10-29人 / 主要都市圏,189,189,1,https://media-sci.co.jp/,https://media-sci.co.jp/recruit/
4430001059170,株式会社インプル,01:北海道,165人,100-299人 / 主要都市圏,186,186,1,https://www.impl.co.jp/,https://recruit.impl.co.jp/
4430001063585,株式会社シーエスアイ,01:北海道,207人,100-299人 / 主要都市圏,186,186,1,https://www.csiinc.co.jp/,
4430001075259,株式会社イレブンソフト,01:北海道,19人,10-29人 / 主要都市圏,189,189,1,http://11-soft.com,
4440001004547,株式会社ミュートネット,01:北海道,9人,5-9人 / 主要都市圏,77,77,1,https://www.mutenet.co.jp/,https://www.mutenet.co.jp/recruit/
4450001002913,株式会社北海道録画センター,01:北海道,11人,10-29人 / 主要都市圏,189,189,1,http://www.eolas.co.jp/rokuga,
4460101006607,株式会社Ｆａｎｔ,01:北海道,1人,1-4人 / 主要都市圏,119,119,1,https://fant.jp/,
4470001000428,株式会社穴吹カレッジサービス,37:香川県,179人,100-299人 / その他,170,170,1,http://www.anabuki.gr.jp/,
4490001001003,株式会社高知システムズ,39:高知県,91人,30-99人 / その他,169,169,1,http://www.ksco.co.jp/,
4500001000481,株式会社あいテレビ,38:愛媛県,87人,30-99人 / その他,169,169,1,https://www.itv6.jp/,
4500001000671,株式会社愛媛朝日テレビ,38:愛媛県,95人,30-99人 / その他,169,169,1,https://eat.jp/,
4500001004870,株式会社コモテック,38:愛媛県,11人,10-29人 / その他,129,129,1,https://www.comotec.ne.jp/index.shtml,
4500001005472,株式会社ベルソ,38:愛媛県,40人,30-99人 / その他,169,169,1,http://www.verso.jp/,
4500001005605,セーバー株式会社,38:愛媛県,24人,10-29人 / その他,129,129,1,https://www.saver.jp/,
5010001005331,株式会社東邦システムサイエンス,13:東京都,676人,300-999人 / 東京,277,277,1,http://www.tss.co.jp,
5010001006767,富士通Ｊａｐａｎ株式会社,14:神奈川県,6700人,1000人以上 / 主要都市圏,54,54,1,https://global.fujitsu/ja-JP/subsidiaries/fjj,
5010001008615,株式会社日新コンピュータシステム,13:東京都,125人,100-299人 / 東京,432,432,1,https://www.nisin.co.jp/,
5010001009662,株式会社ＡＣＣＥＳＳ,13:東京都,331人,300-999人 / 東京,277,277,1,https://www.access-company.com/esg/social/,
5010001022070,株式会社宝島社,13:東京都,295人,100-299人 / 東京,432,432,1,http://tkj.jp/,
5010001030775,株式会社メディアクリエイト,13:東京都,12人,10-29人 / 東京,299,299,1,http://www.m-create.com/,
5010001034090,株式会社東京技術計算コンサルタント,13:東京都,87人,30-99人 / 東京,352,352,1,https://www.ttc-net.co.jp/%e4%bc%9a%e7%a4%be%e7%94%9f%e6%b4%bb,
5010001034537,Ｃ‐ＨＲＣ株式会社,13:東京都,69人,30-99人 / 東京,352,352,1,https://c-hrc.jp/,
5010001035015,株式会社朝日学生新聞社,13:東京都,93人,30-99人 / 東京,352,352,1,http://asagaku.com/,
5010001043934,恒和情報技研株式会社,13:東京都,112人,100-299人 / 東京,432,432,1,http://www.kjg.co.jp,
5010001061804,日本インフォメーション株式会社,13:東京都,115人,100-299人 / 東京,432,432,1,https://www.n-info.co.jp/,
5010001062182,ジェイエスフィット株式会社,13:東京都,328人,300-999人 / 東京,277,277,1,https://www.jsfit.co.jp/,
5010001062587,株式会社日本リサーチセンター,13:東京都,120人,100-299人 / 東京,432,432,1,https://www.nrc.co.jp/,
5010001063230,株式会社ビルドシステム,09:栃木県,3人,1-4人 / その他,50,50,1,http://www.buildsystems.jp,
5010001064682,株式会社ワンゴジュウゴ,13:東京都,197人,100-299人 / 東京,432,432,1,https://www.wan55.co.jp/,
5010001070136,フューチャー・エクシィード株式会社,13:東京都,45人,30-99人 / 東京,352,352,1,https://www.fexd.co.jp/,
5010001072207,サイボウズ株式会社,13:東京都,1096人,1000人以上 / 東京,147,147,1,https://cybozu.co.jp/company/work-style/,
5010001075531,リスクモンスター株式会社,13:東京都,105人,100-299人 / 東京,432,432,1,https://www.riskmonster.co.jp/,
5010001078022,フコク情報システム株式会社,13:東京都,360人,300-999人 / 東京,277,277,1,https://www.fukoku-is.co.jp/,
5010001081067,株式会社アークシステム,13:東京都,209人,100-299人 / 東京,432,432,1,https://www.arksystems.co.jp/,
5010001081125,株式会社ゾネシステムズ,13:東京都,250人,100-299人 / 東京,432,432,1,http://www.zonesystems.co.jp/,
5010001083476,株式会社ビッグバン,13:東京都,30人,30-99人 / 東京,352,352,1,http://www.bigvan.co.jp/,
5010001087865,ＮＴＴインテグレーション株式会社,13:東京都,1027人,1000人以上 / 東京,147,147,1,https://www.niandc.co.jp/,
5010001089192,株式会社サイビーンズ,13:東京都,75人,30-99人 / 東京,352,352,1,http://www.cybeans.co.jp/,
5010001089614,Ｑｕｅｓｔ－Ｃｏｍ株式会社,13:東京都,60人,30-99人 / 東京,352,352,1,https://www.quest-com.co.jp,
5010001090118,株式会社モルフォ,13:東京都,102人,100-299人 / 東京,432,432,1,https://www.morphoinc.com/,
5010001097063,株式会社ディ・エフ・エフ,13:東京都,16人,10-29人 / 東京,299,299,1,http://www.dffinc.jp/index.html,
5010001100314,メディア株式会社,13:東京都,250人,100-299人 / 東京,432,432,1,https://saiyo.mediagroup.co.jp/benefits/,
5010001105833,株式会社クロスアクティブ,13:東京都,100人,100-299人 / 東京,432,432,1,https://www.xactive.co.jp/dpage/,
5010001113943,株式会社ラックテクノロジーズ,13:東京都,270人,100-299人 / 東京,432,432,1,https://www.lac-technologies.co.jp/,
5010001114388,株式会社リオ,13:東京都,30人,30-99人 / 東京,352,352,1,https://riocompany.jp/,
5010001118554,ＣＴＣシステムマネジメント株式会社,13:東京都,2075人,1000人以上 / 東京,147,147,1,http://www.ctcs.co.jp/,
5010001121335,Ｓｏｌａ株式会社,13:東京都,207人,100-299人 / 東京,432,432,1,https://www.sola-air.com/,
5010001125410,株式会社テラスカイ,13:東京都,685人,300-999人 / 東京,277,277,1,https://www.terrasky.co.jp/company/sustainability/,
5010001130666,株式会社モノス,13:東京都,52人,30-99人 / 東京,352,352,1,http://www.kmonos-design.com/index.html,
5010001133116,インパクトＭ株式会社,13:東京都,12人,10-29人 / 東京,299,299,1,https://www.impactm.co.jp/,
5010001134122,株式会社金融エンジニアリング・グループ,13:東京都,72人,30-99人 / 東京,352,352,1,https://www.feg.co.jp/,
5010001134287,株式会社東京商工リサーチ,13:東京都,2067人,1000人以上 / 東京,147,147,1,https://www.tsr-net.co.jp/,
5010001136291,株式会社Ｎｅｔｙ,13:東京都,30人,30-99人 / 東京,352,352,1,http://nety-it.com/,
5010001139138,アンテポスト株式会社,12:千葉県,60人,30-99人 / 主要都市圏,188,188,1,https://antepost.co.jp/,
5010001141218,株式会社ラディアント・ソリューションズ,13:東京都,77人,30-99人 / 東京,352,352,1,https://www.radiant-sol.co.jp/,
5010001142075,株式会社ジェニュインコーポレーション,13:東京都,9人,5-9人 / 東京,157,157,1,https://www.genuine-corporation.com/,
5010001142546,株式会社ＡＳＳＥＴ　ＣＯＭＭＵＮＩＣＡＴＩＯＮＳ,13:東京都,27人,10-29人 / 東京,299,299,1,https://assetcom.jp/,
5010001148221,東京インタープレイ株式会社,13:東京都,8人,5-9人 / 東京,157,157,1,http://www.tokyo-ip.co.jp/,
5010001148403,株式会社アジアンリザレクション,13:東京都,102人,100-299人 / 東京,432,432,1,https://www.asianresurrection.co.jp/,
5010001150573,ＡｓｉａｎＳｔｒｅａｍ株式会社,13:東京都,69人,30-99人 / 東京,352,352,1,https://asianstream.co.jp/recruit/climate.html,
5010001152157,ＪＩＣＯＯ株式会社,13:東京都,22人,10-29人 / 東京,299,299,1,http://jicoo.jp/,
5010001154434,ヒューマンリレーションネクスト株式会社,13:東京都,132人,100-299人 / 東京,432,432,1,https://www.hr-next.co.jp/policy/wlb/,
5010001155614,株式会社ヒュークラボ,13:東京都,14人,10-29人 / 東京,299,299,1,http://www.huclab.com/,
5010001166909,株式会社オプト,13:東京都,897人,300-999人 / 東京,277,277,1,https://www.opt.ne.jp/,
5010001174738,アルティマーク株式会社,13:東京都,30人,30-99人 / 東京,352,352,1,https://ultimark.co.jp/,
5010001212596,株式会社ｔｈｉｆｏｒｍ,13:東京都,1人,1-4人 / 東京,189,189,1,https://intern-lab.net/,
5010001232751,株式会社ＡＣＰ,13:東京都,3人,1-4人 / 東京,189,189,1,https://www.acpc.co.jp,
5010001241629,ＢｌｅｎｄＡＩ株式会社,13:東京都,1人,1-4人 / 東京,189,189,1,https://blendai.jp/,
5010001254639,株式会社ＰｒｉｍａｒｙＴｏｕｃｈ,13:東京都,1人,1-4人 / 東京,189,189,1,https://www.primarytouch.co.jp/,
5010001255612,株式会社コナミアーケードゲームス,13:東京都,520人,300-999人 / 東京,277,277,1,https://www.konami.com/arcadegames/corporate/ja/,
5010002045062,株式会社ＳＣＲＵＭ,13:東京都,26人,10-29人 / 東京,299,299,1,https://www.scrum-inc.net/,https://www.scrum-inc.net/recruit/
5010003028867,合同会社エリサ,13:東京都,1人,1-4人 / 東京,189,189,1,https://media.elisa.biz/300-2/,
5010005016746,一般財団法人工業所有権電子情報化センター,13:東京都,109人,100-299人 / 東京,432,432,1,https://www.papc.or.jp/,
5010101015528,株式会社クリックフォーユー,13:東京都,7人,5-9人 / 東京,157,157,1,https://www.click4u.jp/,
5010401000691,株式会社アイテック,13:東京都,94人,30-99人 / 東京,352,352,1,https://itecgr-portal.sakura.ne.jp/forums/topic/%e4%b8%a1%e7%ab%8b%e6%94%af%e6%8f%b4%e3%83%91%e3%83%b3%e3%83%952025/,
5010401004908,株式会社エヌ・エス・ティー,13:東京都,134人,100-299人 / 東京,432,432,1,http://www.nst-tvpro.co.jp/,
5010401019385,東都システム開発株式会社,13:東京都,128人,100-299人 / 東京,432,432,1,http://www.tohtosystem.co.jp,
5010401028741,三菱ＵＦＪトラストシステム株式会社,13:東京都,930人,300-999人 / 東京,277,277,1,https://www.musk.co.jp/recruit/culture/culture.html,
5010401032495,株式会社オープンドア,13:東京都,195人,100-299人 / 東京,432,432,1,http://www.opendoor.co.jp/,
5010401036125,株式会社デジタル・アンド・デザイン・ピクチャーズ,13:東京都,12人,10-29人 / 東京,299,299,1,https://www.d-dpictures.co.jp/,
5010401038988,オリコン株式会社,13:東京都,30人,30-99人 / 東京,352,352,1,http://www.oricon.jp/,
5010401046388,ユニバース情報システム株式会社,13:東京都,200人,100-299人 / 東京,432,432,1,https://uisnet.co.jp/,https://job.rikunabi.com/2025/company/r236700004/
5010401047403,アイエックス・ナレッジ株式会社,13:東京都,1428人,1000人以上 / 東京,147,147,1,http://www.ikic.co.jp/,
5010401056882,ＮＴＴテクノクロス株式会社,13:東京都,2101人,1000人以上 / 東京,147,147,1,https://www.ntt-tx.co.jp/corporate/diversity/,
5010401059670,ａ２ｎｅｔｗｏｒｋ株式会社,13:東京都,15人,10-29人 / 東京,299,299,1,http://www.a2network.jp/,
5010401061949,株式会社ブルーネットジャパン,13:東京都,20人,10-29人 / 東京,299,299,1,https://bluenet-jpn.com/,
5010401067707,株式会社システム・コンサルタンツ,13:東京都,34人,30-99人 / 東京,352,352,1,http://www.syscon.co.jp/,
5010401068234,株式会社カザン,13:東京都,40人,30-99人 / 東京,352,352,1,http://kazan.co.jp,
5010401074819,株式会社泉放送制作,13:東京都,112人,100-299人 / 東京,432,432,1,http://www.izumitvp.co.jp/,
5010401081220,株式会社エキサイター,13:東京都,17人,10-29人 / 東京,299,299,1,https://exciter.jp/,
5010401081856,エンパワーヘルスケア株式会社,13:東京都,115人,100-299人 / 東京,432,432,1,https://www.empower-hc.com/,
5010401087234,株式会社アムス,13:東京都,64人,30-99人 / 東京,352,352,1,https://ams-j.co.jp/company/,
5010401089800,株式会社フレイムハーツ,13:東京都,126人,100-299人 / 東京,432,432,1,https://www.flamehearts.co.jp/,
5010401093810,株式会社アクシス,13:東京都,26人,10-29人 / 東京,299,299,1,https://axi.co.jp/,
5010401095633,株式会社コンテンツセブン,13:東京都,31人,30-99人 / 東京,352,352,1,http://www.contents7.co.jp/,
5010401096937,ＳＥＮＳＹ株式会社,13:東京都,30人,30-99人 / 東京,352,352,1,https://www.sensy.ai/,
5010401110458,株式会社ローカルワークス,13:東京都,10人,10-29人 / 東京,299,299,1,https://localworks.co.jp/,
5010401114376,株式会社ｒｏｏｔ　ｉｐ,13:東京都,7人,5-9人 / 東京,157,157,1,https://rootip.co.jp/,
5010401128558,シンプレクス・ホールディングス株式会社,13:東京都,300人,300-999人 / 東京,277,277,1,https://www.simplex.holdings/sustainability/,
5010401143796,株式会社ａ　ｇｅｎｅｒａｌ　ｓｔｕｄｉｏ,13:東京都,16人,10-29人 / 東京,299,299,1,https://ageneralstudio.com/,
5010401161492,アートネット株式会社,13:東京都,7人,5-9人 / 東京,157,157,1,https://www.art-net.co.jp/recruit/,
5010401169081,株式会社ｆｅａｔ,13:東京都,196人,100-299人 / 東京,432,432,1,http://www.feat-inc.com/,
5010403021777,エルビーシー合同会社,14:神奈川県,1人,1-4人 / 主要都市圏,119,119,1,https://lbcjapan.pro/,
5010501022198,ジェネロ株式会社,13:東京都,9人,5-9人 / 東京,157,157,1,https://genero.jp,
5010501026406,株式会社ツナググループ・テクノロジーズ,13:東京都,14人,10-29人 / 東京,299,299,1,https://www.geek.co.jp,
5010501027544,株式会社ウィルド,13:東京都,10人,10-29人 / 東京,299,299,1,http://wyrd.co.jp/,
5010501036512,Ｒｅｐｒｏ株式会社,13:東京都,148人,100-299人 / 東京,432,432,1,https://repro.io/,
5010601030522,株式会社オートバックスデジタルイニシアチブ,13:東京都,129人,100-299人 / 東京,432,432,1,https://abdi.co.jp/,
5010601032155,株式会社ライトストーン,13:東京都,21人,10-29人 / 東京,299,299,1,https://www.lightstone.co.jp/,
5010601039365,明治安田システム・テクノロジー株式会社,13:東京都,1468人,1000人以上 / 東京,147,147,1,https://www.i-note.jp/mytecno/newgrad/environment/wellbeing.html,
5010601041718,株式会社プラネッタ,13:東京都,6人,5-9人 / 東京,157,157,1,http://pla-neta.co.jp/,
5010601041825,株式会社リンクトブレイン,13:東京都,130人,100-299人 / 東京,432,432,1,https://linkedbrain.jp/,
5010601049348,株式会社モアネクスト,13:東京都,9人,5-9人 / 東京,157,157,1,http://www.morenext.co.jp,
5010601049827,デザミス株式会社,13:東京都,66人,30-99人 / 東京,352,352,1,https://www.desamis.co.jp/,
5010601058019,ＢＩＰＲＯＧＹ株式会社,13:東京都,4359人,1000人以上 / 東京,147,147,1,https://biprogy.disclosure.site/ja/themes/107,
5010601063365,株式会社コスモポリタン・クリエイティブ・ラボ,13:東京都,60人,30-99人 / 東京,352,352,1,https://www.cclab.co.jp/company,
5010603007592,合同会社悟空国際商事,13:東京都,5人,5-9人 / 東京,157,157,1,http://www.0081.store/,
5010701001010,インフォテックス株式会社,13:東京都,150人,100-299人 / 東京,432,432,1,https://www.infotex.co.jp,
5010701002818,株式会社クロスキャット,13:東京都,622人,300-999人 / 東京,277,277,1,http://www.xcat.co.jp/,
5010701003510,コムシステクノ株式会社,13:東京都,160人,100-299人 / 東京,432,432,1,https://www.comsystechno.co.jp/,
5010701015555,アライドテレシス株式会社,13:東京都,891人,300-999人 / 東京,277,277,1,https://www.at-global.com/diversity/,
5010701015761,株式会社ユキシステムデザイン,13:東京都,35人,30-99人 / 東京,352,352,1,http://www.ysd-yuki.com,
5010701020150,株式会社リンクアット・ジャパン,13:東京都,112人,100-299人 / 東京,432,432,1,https://www.la-j.com/,
5010701020217,ＪＰシステム開発株式会社,13:東京都,91人,30-99人 / 東京,352,352,1,https://www.jp-sd.jp/index.html,
5010701024705,株式会社ゆめも,13:東京都,25人,10-29人 / 東京,299,299,1,http://www.yumemo.co.jp/,
5010701049289,株式会社ＴＯＫＹＯ　ＴＡＢＬＥ,13:東京都,1人,1-4人 / 東京,189,189,1,https://www.tokyotable.co.jp,
5010802006412,有限会社三美商工,13:東京都,4人,1-4人 / 東京,189,189,1,https://morotdice.asia/company/,
5010901008937,日本アルゴリズム株式会社,13:東京都,195人,100-299人 / 東京,432,432,1,https://www.nalgo.co.jp/company/plan/,http://recruit.nalgo.co.jp/
5010901011882,ムトーアイテックス株式会社,13:東京都,223人,100-299人 / 東京,432,432,1,https://www.mutoh-itex.jp,
5010901046846,株式会社Ａｌｔ,13:東京都,2人,1-4人 / 東京,189,189,1,https://alt-ow.com/,
5011001003977,株式会社ＮＨＫグローバルメディアサービス,13:東京都,446人,300-999人 / 東京,277,277,1,https://www.nhk-g.co.jp/recruit/culture-wlb/,
5011001009099,株式会社サンシステム,13:東京都,33人,30-99人 / 東京,352,352,1,http://www.sunsystem.com/,
5011001014966,株式会社デジタルガレージ,13:東京都,660人,300-999人 / 東京,277,277,1,http://www.garage.co.jp/ja/,
5011001027927,株式会社国際協力データサービス,13:東京都,27人,10-29人 / 東京,299,299,1,https://www.icds.co.jp/,https://job.mynavi.jp/27/pc/search/corp276399/outline.html
5011001031004,株式会社エス・エス・エス,13:東京都,27人,10-29人 / 東京,299,299,1,http://www.3si.co.jp/,
5011001033066,株式会社テイチクエンタテインメント,13:東京都,108人,100-299人 / 東京,432,432,1,http://www.teichiku.co.jp/,
5011001036944,アクセラテクノロジ株式会社,13:東京都,24人,10-29人 / 東京,299,299,1,https://www.accelatech.com,
5011001042496,ＧＭＯペパボ株式会社,13:東京都,362人,300-999人 / 東京,277,277,1,https://pepabo.com/,
5011001045012,株式会社クーシー,13:東京都,41人,30-99人 / 東京,352,352,1,https://coosy.co.jp/,https://coosy.co.jp/recruit/
5011001047784,株式会社ネットサポート,13:東京都,227人,100-299人 / 東京,432,432,1,https://www.n-support.jp,
5011001049459,インフラジスティックス・ジャパン株式会社,13:東京都,15人,10-29人 / 東京,299,299,1,https://jp.infragistics.com/,
5011001056843,株式会社ビジネスアプリケーションシステムズ,13:東京都,10人,10-29人 / 東京,299,299,1,http://www.basystems.co.jp,
5011001058146,株式会社スクウェア・エニックス,13:東京都,3247人,1000人以上 / 東京,147,147,1,http://www.square-enix.com/jp/,
5011001061661,株式会社ティーガイア,13:東京都,4609人,1000人以上 / 東京,147,147,1,http://www.t-gaia.co.jp/,
5011001063328,ＩｎｆｉｎｉＣｏｒｅ株式会社,13:東京都,60人,30-99人 / 東京,352,352,1,https://www.infinity-c.co.jp,
5011001068839,株式会社ｗｅｖｎａｌ,13:東京都,108人,100-299人 / 東京,432,432,1,https://wevnal.co.jp/,
5011001069481,株式会社インフォ・クリエイツ,13:東京都,23人,10-29人 / 東京,299,299,1,https://www.infocreate.co.jp/,
5011001072386,アクセルユニバース株式会社,13:東京都,9人,5-9人 / 東京,157,157,1,http://acceluniverse.com/,
5011001073161,株式会社システムピース,13:東京都,32人,30-99人 / 東京,352,352,1,http://www.syspiece.jp/,
5011001090314,株式会社ＪＴＯＷＥＲ,13:東京都,143人,100-299人 / 東京,432,432,1,https://www.jtower.co.jp/,
5011001091576,株式会社ＡＢＥＪＡ,13:東京都,133人,100-299人 / 東京,432,432,1,https://abejainc.com/ja,
5011001091881,株式会社ソフトクリエイト,13:東京都,303人,300-999人 / 東京,277,277,1,http://www.softcreate.co.jp/sc/,
5011001091907,株式会社ＳＡＫＵＲＵＧ,13:東京都,64人,30-99人 / 東京,352,352,1,https://sakurug.co.jp/,
5011001092582,ＧＭＯコマース株式会社,13:東京都,120人,100-299人 / 東京,432,432,1,https://www.gmo-c.jp/,
5011001093779,きびだんご株式会社,13:東京都,16人,10-29人 / 東京,299,299,1,https://kibidango.com/,https://www.wantedly.com/companies/kibidango
5011001095619,ＭＭＤＬａｂｏ株式会社,13:東京都,24人,10-29人 / 東京,299,299,1,https://www.mmdlabo.co.jp/,
5011001100964,株式会社Ｓｐｉｎｃｏａｓｔｅｒ,13:東京都,25人,10-29人 / 東京,299,299,1,https://spincoaster.co.jp,
5011001101384,ＤＡＴＵＭ　ＳＴＵＤＩＯ株式会社,13:東京都,244人,100-299人 / 東京,432,432,1,https://datumstudio.jp/,
5011001103678,株式会社スリーシェイク,13:東京都,105人,100-299人 / 東京,432,432,1,https://3-shake.com/,
5011001107134,株式会社Ｌｉｂｌｏｃｋ,13:東京都,30人,30-99人 / 東京,352,352,1,http://www.liblock.co.jp/,
5011001127108,株式会社Ｏｌｉｖｅ,13:東京都,26人,10-29人 / 東京,299,299,1,https://olive.style/,https://cheercareer.jp/companies/4648/offers
5011001134731,株式会社水鈴社,13:東京都,3人,1-4人 / 東京,189,189,1,https://www.suirinsha.co.jp/,
5011001146058,株式会社Ｊｏｂ　Ｔｅｃｈｎｏｌｏｇｙ,13:東京都,30人,30-99人 / 東京,352,352,1,https://job-technology.com/,
5011001168589,株式会社Ｂｅｃａｌｍ,13:東京都,41人,30-99人 / 東京,352,352,1,https://becalm.co.jp/,https://becalm.co.jp/recruit/
5011003004718,アップ合同会社,13:東京都,7人,5-9人 / 東京,157,157,1,http://www.uptokyo.co.jp/,
5011003013487,ＵＴＡＴＡ合同会社,13:東京都,4人,1-4人 / 東京,189,189,1,https://utata.co.jp/,
5011003023214,合同会社Ｈｏｓｈｉｋａｒｕ,13:東京都,1人,1-4人 / 東京,189,189,1,https://hoshikaru.com,
5011101010403,株式会社ＮＴＴデータ数理システム,13:東京都,140人,100-299人 / 東京,432,432,1,https://www.msi.co.jp/,
5011101014503,ＮＤＩソリューションズ株式会社,13:東京都,390人,300-999人 / 東京,277,277,1,https://www.ndisol.jp/,
5011101016383,日本総合システム株式会社,13:東京都,254人,100-299人 / 東京,432,432,1,https://www.nssys.co.jp/,
5011101025038,株式会社フォーサムアクティブ,13:東京都,112人,100-299人 / 東京,432,432,1,https://www.active-grp.co.jp/,
5011101028148,ニューテレス・テクノ株式会社,13:東京都,58人,30-99人 / 東京,352,352,1,https://ssl.newteles-techno.co.jp,
5011101032777,アウリガ・コンサルティング株式会社,13:東京都,29人,10-29人 / 東京,299,299,1,http://www.auriga.co.jp/,
5011101037603,クラスメソッド株式会社,13:東京都,562人,300-999人 / 東京,277,277,1,https://classmethod.jp/company/overview/,
5011101039319,アイビーウエーブ株式会社,13:東京都,15人,10-29人 / 東京,299,299,1,https://ivywave.com/,
5011101039376,株式会社ビー・エス・アール,13:東京都,76人,30-99人 / 東京,352,352,1,https://www.bsr-inc.jp/,https://www.bsr-inc.jp/recruit/
5011101042099,兼松グランクス株式会社,13:東京都,61人,30-99人 / 東京,352,352,1,https://www.granks.co.jp/,
5011101043477,株式会社メディア・ゲート・ジャパン,13:東京都,13人,10-29人 / 東京,299,299,1,http://mediagate-japan.com/,
5011101045366,デジタルトランスコミュニケーションズ株式会社,13:東京都,41人,30-99人 / 東京,352,352,1,https://www.dtcom.jp,
5011101048609,アンリミ株式会社,13:東京都,101人,100-299人 / 東京,432,432,1,https://unlimi.co.jp/,
5011101051026,株式会社テトラ・コミュニケーションズ,13:東京都,59人,30-99人 / 東京,352,352,1,http://www.tetracom.co.jp/,
5011101053609,インフォメーションサービスフォース株式会社,13:東京都,321人,300-999人 / 東京,277,277,1,https://www.isforce.jp/,
5011101055134,株式会社エー・ジー・ジェイ,13:東京都,18人,10-29人 / 東京,299,299,1,https://ag-j.co.jp/,
5011101059201,株式会社アクセルマーケティング,13:東京都,30人,30-99人 / 東京,352,352,1,https://nowcash.c-accel.co.jp/,
5011101060984,株式会社サイバーテック,13:東京都,50人,30-99人 / 東京,352,352,1,http://www.cybertech.co.jp/,https://www.cybertech.co.jp/recruit/
5011101063277,株式会社ウェリカ,13:東京都,16人,10-29人 / 東京,299,299,1,http://www.wellica.co.jp/,
5011101064787,株式会社ＰＫＳＨＡ　Ｔｅｃｈｎｏｌｏｇｙ,13:東京都,408人,300-999人 / 東京,277,277,1,https://www.pkshatech.com/,
5011101073342,株式会社ＫＡＴＡＣＨＩ,13:東京都,3人,1-4人 / 東京,189,189,1,http://www.katachi.tokyo/,
5011101078630,株式会社ｐａｌａｎ,13:東京都,24人,10-29人 / 東京,299,299,1,https://palan.co.jp/,
5011101094537,株式会社ライフクリエイト,13:東京都,15人,10-29人 / 東京,299,299,1,https://life-cr.co.jp/,
5011201000816,エヌシーアイ総合システム株式会社,13:東京都,242人,100-299人 / 東京,432,432,1,http://www.nci.co.jp/,
5011201013272,株式会社アクシス,13:東京都,16人,10-29人 / 東京,299,299,1,https://www.axisjp.co.jp/action-plan,
5011201013586,株式会社イード,13:東京都,135人,100-299人 / 東京,432,432,1,https://www.iid.co.jp/company/,
5011201017918,株式会社テトテ,13:東京都,8人,5-9人 / 東京,157,157,1,https://www.favori-cloud.com/,
5011201025474,株式会社７ｃ,40:福岡県,1人,1-4人 / 主要都市圏,119,119,1,https://7color.design,
5011301025688,株式会社プレグロ,13:東京都,10人,10-29人 / 東京,299,299,1,https://pregro.jp/,
5011401014814,株式会社Ｚｏｏｏｐｓ　Ｊａｐａｎ,13:東京都,51人,30-99人 / 東京,352,352,1,https://www.zooops-japan.co.jp/,
5011401016050,株式会社サムライリンクス,21:岐阜県,1人,1-4人 / その他,50,50,1,http://samurai-linx.com,
5011401023006,株式会社レアウェル,13:東京都,1人,1-4人 / 東京,189,189,1,https://rarewell.co.jp/,
5011501010135,株式会社アイブリッツ,13:東京都,6人,5-9人 / 東京,157,157,1,http://www.iblitz.co.jp/,
5011501017502,株式会社ソフタス,13:東京都,291人,100-299人 / 東京,432,432,1,http://www.softas.co.jp/,
5011501019457,株式会社ｙｅｐ,13:東京都,27人,10-29人 / 東京,299,299,1,https://www.ye-p.co.jp/,
5011501023203,株式会社ＤＰパートナーズ,13:東京都,2人,1-4人 / 東京,189,189,1,https://dp-partners.co.jp/about/,
5011601019159,イノビジョン株式会社,13:東京都,8人,5-9人 / 東京,157,157,1,http://www.innovision.co.jp/,
5011601022880,株式会社リチェイン,13:東京都,8人,5-9人 / 東京,157,157,1,https://www.rechain.co.jp,
5011801032928,ジャパンクレール株式会社,13:東京都,1人,1-4人 / 東京,189,189,1,http://japan-claire.com/,
5011801035245,株式会社ドットエッジ,13:東京都,5人,5-9人 / 東京,157,157,1,https://dotedge.co.jp/,
5012401013731,株式会社プロックス,13:東京都,5人,5-9人 / 東京,157,157,1,https://www.proxsoft.co.jp,
5012401025677,アーティサン株式会社,13:東京都,30人,30-99人 / 東京,352,352,1,https://www.artisan.jp.net/,
5012401033952,ｅＳＴＡＣＫ株式会社,13:東京都,13人,10-29人 / 東京,299,299,1,https://www.estack.co.jp/,
5012401040412,株式会社ｅｎｉｇｍａ,13:東京都,8人,5-9人 / 東京,157,157,1,https://eni-gma.com/,
5012702013389,株式会社イングリウッド,13:東京都,356人,300-999人 / 東京,277,277,1,https://inglewood.co.jp,
5012703002432,合同会社北村由衣,19:山梨県,1人,1-4人 / その他,50,50,1,https://yui-kitamura.co.jp/,
5013201007717,株式会社東京ドアーズ,13:東京都,4人,1-4人 / 東京,189,189,1,http://www.tokyodoors.co.jp/,
5013201014440,ＪＡＳＰＡＳ株式会社,13:東京都,12人,10-29人 / 東京,299,299,1,https://www.jaspas.jp/,
5013301014266,株式会社日本ブレーン,13:東京都,150人,100-299人 / 東京,432,432,1,https://www.jbc.co.jp,
5013301017946,株式会社アドバンスト・メディア,13:東京都,281人,100-299人 / 東京,432,432,1,https://www.advanced-media.co.jp/,
5013301030271,株式会社イージス,13:東京都,37人,30-99人 / 東京,352,352,1,https://aegis.cx/,
5013301030387,株式会社ウェブブランディング,13:東京都,2人,1-4人 / 東京,189,189,1,https://webbranding.pro/,
5013301031963,日本企業支援センター株式会社,13:東京都,20人,10-29人 / 東京,299,299,1,https://www.j-shien.co.jp/,
5013301044775,株式会社アンノーン,13:東京都,2人,1-4人 / 東京,189,189,1,https://unoun.co.jp/,
5013303004785,ＤｅｅｐＢｒａｉｎ合同会社,22:静岡県,3人,1-4人 / その他,50,50,1,http://deepbrain.jp/,
5020001027267,株式会社ＳＯＬＵＭＩＮＡ,14:神奈川県,150人,100-299人 / 主要都市圏,186,186,1,http://solumina.co.jp,
5020001028075,日本データスキル株式会社,14:神奈川県,519人,300-999人 / 主要都市圏,86,86,1,http://www.nds.co.jp,
5020001028100,株式会社日本コンピュータコンサルタント,14:神奈川県,287人,100-299人 / 主要都市圏,186,186,1,http://www.n-c-c.co.jp/,
5020001033331,株式会社星進エンジニアリング,14:神奈川県,8人,5-9人 / 主要都市圏,77,77,1,https://www.seishin-eng.co.jp/,
5020001036722,パナソニックＩＴＳ株式会社,14:神奈川県,686人,300-999人 / 主要都市圏,86,86,1,https://www.panasonic.com/jp/company/pits.html,
5020001038132,株式会社アローシステムズ,14:神奈川県,27人,10-29人 / 主要都市圏,189,189,1,https://www.arrow-systems.co.jp/,
5020001040360,株式会社アローズ・システムズ,14:神奈川県,150人,100-299人 / 主要都市圏,186,186,1,https://www.arrows-systems.co.jp/,
5020001045582,株式会社ＩＴＳコア,14:神奈川県,31人,30-99人 / 主要都市圏,188,188,1,http://www.its-core.jp/,
5020001059046,株式会社ＥｌｅｃｔｒｉｃＡｒｃｈｉｔｅｃｔ,14:神奈川県,80人,30-99人 / 主要都市圏,188,188,1,http://eaz.co.jp/index.html,
5020001070903,光伸エンジニアリング株式会社,14:神奈川県,18人,10-29人 / 主要都市圏,189,189,1,http://kohshin-eng.net/,
5020001074177,株式会社ソフテム,14:神奈川県,150人,100-299人 / 主要都市圏,186,186,1,https://www.softem.co.jp/,
5020001089092,みんなのマーケット株式会社,13:東京都,127人,100-299人 / 東京,432,432,1,https://www.minma.jp/,
5020001130418,株式会社ゼネラルＢＲＥＸＡテクノロジー,14:神奈川県,229人,100-299人 / 主要都市圏,186,186,1,https://www.fujitsu-general.com/jp/fgot/corporate/index.html,
5020003020162,合同会社Ｌａｎｉ,14:神奈川県,4人,1-4人 / 主要都市圏,119,119,1,https://lani.co.jp/,https://lani.co.jp/recruit
5021001054747,コムテック株式会社,14:神奈川県,1648人,1000人以上 / 主要都市圏,54,54,1,https://www.ct-net.co.jp/company/childcare/,
5021001058244,株式会社コミットグロース,13:東京都,4人,1-4人 / 東京,189,189,1,https://commitgrowth.co.jp/,
5030001004959,Ｔ＆Ｄ情報システム株式会社,11:埼玉県,101人,100-299人 / 主要都市圏,186,186,1,https://www.td-system.co.jp/,
5030001006393,日新火災情報システム株式会社,11:埼玉県,203人,100-299人 / 主要都市圏,186,186,1,https://www.nisshin-info.co.jp/,
5030001026284,狭山ケーブルテレビ株式会社,11:埼玉県,40人,30-99人 / 主要都市圏,188,188,1,http://www.s-cat.ne.jp/,
5030001060894,ラジエンスウエア株式会社,11:埼玉県,21人,10-29人 / 主要都市圏,189,189,1,http://www.radianceware.co.jp/,
5030001095057,エレビスタ株式会社,13:東京都,41人,30-99人 / 東京,352,352,1,https://erevista.co.jp/,
5030002112819,株式会社アチピレーションテクノロジー,11:埼玉県,52人,30-99人 / 主要都市圏,188,188,1,http://www.ak-system.co.jp/,
5040001007746,株式会社融和システム,12:千葉県,37人,30-99人 / 主要都市圏,188,188,1,https://www.yuwasystem.co.jp/,https://job.rikunabi.com/2025/company/r449791085/
5040001015427,株式会社エイ・コーポレーション,12:千葉県,33人,30-99人 / 主要都市圏,188,188,1,https://www.eic.co.jp/,
5040001024832,株式会社ネクステージ,12:千葉県,31人,30-99人 / 主要都市圏,188,188,1,https://www.nextage.co.jp/,https://www.nextage.co.jp/recruit/
5040001046876,株式会社ジィ・シィ企画,12:千葉県,131人,100-299人 / 主要都市圏,186,186,1,https://www.gck.co.jp/,
5040001086195,ＭＳＤ株式会社,13:東京都,12人,10-29人 / 東京,299,299,1,http://msd.tokyo,
5050001002358,株式会社ユードム,08:茨城県,429人,300-999人 / その他,76,76,1,https://www.udom.co.jp/,
5050001028279,株式会社ニチコム,08:茨城県,80人,30-99人 / その他,169,169,1,https://www.nichi-com.co.jp/,
5050001036843,常陽新聞株式会社,08:茨城県,20人,10-29人 / その他,129,129,1,http://joyonews.jp,
5060001026273,ならでわ株式会社,09:栃木県,8人,5-9人 / その他,65,65,1,https://naradewa.co.jp/,
5070001003602,株式会社アイエムエス,10:群馬県,35人,30-99人 / その他,169,169,1,http://www.imsnet.co.jp/,
5070001003684,株式会社リサージュ,10:群馬県,12人,10-29人 / その他,129,129,1,http://www.lissaj.com,
5070001008865,株式会社テクノクリエイション,13:東京都,147人,100-299人 / 東京,432,432,1,http://www.technocreation.co.jp,
5080001000672,株式会社ＳＢＳ情報システム,22:静岡県,277人,100-299人 / その他,170,170,1,http://www.sbs-infosys.co.jp,
5080101001901,明電システムソリューション株式会社,22:静岡県,346人,300-999人 / その他,76,76,1,https://www.meidensha.co.jp/mss/,
5080101019877,株式会社フォレスタ,22:静岡県,4人,1-4人 / その他,50,50,1,https://telwarp.co.jp/corporate/,
5090001005687,株式会社アイティードゥ,19:山梨県,16人,10-29人 / その他,129,129,1,http://itdo.jp/,
5100001000447,株式会社ＮＴＴデータ信越,20:長野県,126人,100-299人 / その他,170,170,1,https://www.nttdata-shinetsu.co.jp/,
5100001005339,使えるねっと株式会社,20:長野県,24人,10-29人 / その他,129,129,1,https://www.tsukaeru.net,
5100001009604,エプソンアヴァシス株式会社,20:長野県,440人,300-999人 / その他,76,76,1,http://avasys.jp,
5100001012979,キッセイコムテック株式会社,20:長野県,430人,300-999人 / その他,76,76,1,http://www.kicnet.co.jp/,
5100001016591,株式会社オフィスＰ’ｄｊ,20:長野県,20人,10-29人 / その他,129,129,1,https://www.officepdj.co.jp/,
5100001018761,株式会社デジタル・スパイス,20:長野県,110人,100-299人 / その他,170,170,1,https://www.digital-spice.co.jp,
5110001000181,株式会社ＩＴスクエア,15:新潟県,24人,10-29人 / その他,129,129,1,http://www.itsquare.co.jp,
5110001001857,株式会社けんと放送,15:新潟県,14人,10-29人 / その他,129,129,1,http://kento-inc.com/,
5110001006740,アイティーサポート株式会社,15:新潟県,20人,10-29人 / その他,129,129,1,https://itsupport-inc.com/,
5110001037059,株式会社ＴｒｙＴｒｅｅ,15:新潟県,100人,100-299人 / その他,170,170,1,https://trytree.co.jp/,
5120001030401,株式会社オービーシステム,27:大阪府,535人,300-999人 / 主要都市圏,86,86,1,http://www.obs.co.jp/,
5120001041704,株式会社エクス,27:大阪府,118人,100-299人 / 主要都市圏,186,186,1,https://www.xeex.co.jp/,
5120001048484,レイシスソフトウエアーサービス株式会社,27:大阪府,104人,100-299人 / 主要都市圏,186,186,1,https://rasis-soft.co.jp,
5120001054177,株式会社テイク－ワン,27:大阪府,100人,100-299人 / 主要都市圏,186,186,1,https://www.tk-1.co.jp/,
5120001064003,株式会社コールツプロダクション,27:大阪府,104人,100-299人 / 主要都市圏,186,186,1,http://www.quartz-pro.co.jp/,
5120001071247,株式会社メディアテック,27:大阪府,145人,100-299人 / 主要都市圏,186,186,1,https://www.mediatech.jp,
5120001073169,アイスター株式会社,27:大阪府,341人,300-999人 / 主要都市圏,86,86,1,http://www.i-star.co.jp/,
5120001082995,株式会社ブルーム,27:大阪府,23人,10-29人 / 主要都市圏,189,189,1,https://www.bloomco.net/,
5120001092375,ログイン株式会社,27:大阪府,32人,30-99人 / 主要都市圏,188,188,1,http://www.login-co.co.jp,
5120001103719,株式会社ブロードエンタープライズ,13:東京都,157人,100-299人 / 東京,432,432,1,https://broad-e.co.jp/,
5120001112793,株式会社ＥＭソリューション,27:大阪府,57人,30-99人 / 主要都市圏,188,188,1,https://www.em-sol.co.jp/,
5120001127742,株式会社クリエイターズカフェ,27:大阪府,9人,5-9人 / 主要都市圏,77,77,1,http://www.crecafe.co.jp,
5120001128253,エムオーテックス株式会社,27:大阪府,460人,300-999人 / 主要都市圏,86,86,1,http://www.motex.co.jp/,
5120001146742,株式会社リアルナ,27:大阪府,25人,10-29人 / 主要都市圏,189,189,1,https://www.realna.co.jp,
5120001154935,株式会社ニコシス,27:大阪府,36人,30-99人 / 主要都市圏,188,188,1,https://nicosys.co.jp/jp/,
5120001171303,株式会社グーフ,13:東京都,25人,10-29人 / 東京,299,299,1,https://goof.buzz,
5120001172086,ブレーメン株式会社,28:兵庫県,10人,10-29人 / 主要都市圏,189,189,1,http://bre-men.jp/,
5120001180840,株式会社イズイズ,27:大阪府,10人,10-29人 / 主要都市圏,189,189,1,http://www.wins-lb.org/,
5120001187704,株式会社オルタナワークス,27:大阪府,2人,1-4人 / 主要都市圏,119,119,1,https://www.alterna-works.jp/,
5120001189015,トランス・オーシャン・ジャパン株式会社,27:大阪府,81人,30-99人 / 主要都市圏,188,188,1,https://www.toj.jpn.com/,
5120001190113,株式会社トイント,26:京都府,3人,1-4人 / 主要都市圏,119,119,1,https://www.toint.co.jp/,
5120001193685,株式会社メイクスビュー,27:大阪府,38人,30-99人 / 主要都市圏,188,188,1,https://www.makes-view.co.jp/,https://www.makes-view.co.jp/recruitment/
5120001194964,ＨＯＵＳＥ　ＲＥＶＯ株式会社,13:東京都,5人,5-9人 / 東京,157,157,1,https://www.house-revo.com/company/,
5120001200862,株式会社コムイット,13:東京都,3人,1-4人 / 東京,189,189,1,https://www.c-i-t.jp,
5120001208261,株式会社Ｉｎｄｉｅ－ｕｓ　Ｇａｍｅｓ,27:大阪府,21人,10-29人 / 主要都市圏,189,189,1,https://indie-us-games.co.jp,
5120001209243,株式会社Ｍｉｃｏ,27:大阪府,226人,100-299人 / 主要都市圏,186,186,1,https://mico-inc.com/,
5120001214689,株式会社ＡＩＭＹ,13:東京都,10人,10-29人 / 東京,299,299,1,https://aimy-group.com/,
5120001229522,株式会社テックパートナーズ,27:大阪府,2人,1-4人 / 主要都市圏,119,119,1,https://tecpartners.jp/,
5120001230042,株式会社ＲｅＡｃｔ,27:大阪府,11人,10-29人 / 主要都市圏,189,189,1,https://react-system.co.jp/,
5120001240685,株式会社オサラキカク,27:大阪府,2人,1-4人 / 主要都市圏,119,119,1,https://www.osarakikaku.co.jp/jewelry/,
5120001247342,株式会社Ｒｅａｃｈ　ｏｕｔ,27:大阪府,31人,30-99人 / 主要都市圏,188,188,1,https://reach-out.co.jp/,
5120101001319,株式会社エッグ,13:東京都,14人,10-29人 / 東京,299,299,1,http://egg-net.co.jp/,
5120901008546,株式会社メクゼス,27:大阪府,165人,100-299人 / 主要都市圏,186,186,1,https://www.mexess.co.jp/,
5120901008884,ワイケイエス株式会社,27:大阪府,33人,30-99人 / 主要都市圏,188,188,1,https://ykseng.co.jp/,
5130001028196,株式会社おいかぜ,26:京都府,16人,10-29人 / 主要都市圏,189,189,1,http://www.oikaze.jp/,
5130001029070,株式会社アドインテ,26:京都府,190人,100-299人 / 主要都市圏,186,186,1,https://adinte.co.jp/,
5130001038914,株式会社ラプラス・システム,26:京都府,224人,100-299人 / 主要都市圏,186,186,1,http://www.lapsys.co.jp/,
5130001060240,エニシア株式会社,26:京都府,21人,10-29人 / 主要都市圏,189,189,1,https://enishia-inc.co.jp/company/,
5140001008692,株式会社ＳＲＩシステムズ,28:兵庫県,227人,100-299人 / 主要都市圏,186,186,1,http://www.srisys.co.jp/,
5140001023097,株式会社ポータルズ,27:大阪府,21人,10-29人 / 主要都市圏,189,189,1,https://www.portals.co.jp/,
5140001074792,株式会社ギフトパッド,27:大阪府,142人,100-299人 / 主要都市圏,186,186,1,https://corp.giftpad.co.jp/,
5140001087712,株式会社ディー・フォレスト,27:大阪府,5人,5-9人 / 主要都市圏,77,77,1,https://d-forest-corp.com,
5140002024202,株式会社ネオゾーン,28:兵庫県,6人,5-9人 / 主要都市圏,77,77,1,http://www.neozone.co.jp/,
5160001000276,株式会社エフエム滋賀,25:滋賀県,18人,10-29人 / その他,129,129,1,http://www.e-radio.co.jp/,
5180001004192,株式会社シー・イー・エス,23:愛知県,12人,10-29人 / 主要都市圏,189,189,1,https://c-e-s.co.jp,
5180001021618,エムシーシステム株式会社,23:愛知県,20人,10-29人 / 主要都市圏,189,189,1,http://www.mcsystem.co.jp/,http://www.mcsystem.co.jp/
5180001023333,株式会社オーエイ推進センター,23:愛知県,43人,30-99人 / 主要都市圏,188,188,1,http://www.oa-center.co.jp,
5180001031740,豊田通商システムズ株式会社,23:愛知県,500人,300-999人 / 主要都市圏,86,86,1,https://www.ttsystems.com/jp,
5180001032012,日本システム開発株式会社,23:愛知県,514人,300-999人 / 主要都市圏,86,86,1,https://www.nskint.co.jp/,https://www.nskint.co.jp/recruitment/
5180001034966,岡谷システム株式会社,23:愛知県,188人,100-299人 / 主要都市圏,186,186,1,http://www.okaya-system.co.jp/,
5180001035650,株式会社ゲイン,23:愛知県,39人,30-99人 / 主要都市圏,188,188,1,https://www.gain.co.jp/,
5180001035980,株式会社中電シーティーアイ,23:愛知県,1111人,1000人以上 / 主要都市圏,54,54,1,https://www.cti.co.jp/initiative/jisedai/,
5180001039651,勤次郎株式会社,13:東京都,315人,300-999人 / 東京,277,277,1,https://www.kinjiro-e.com/kinjiro-sustainability/,
5180001046805,株式会社名古屋リビング新聞社,23:愛知県,26人,10-29人 / 主要都市圏,189,189,1,http://rh-group.web.co.jp/NL.html,
5180001049428,アイサンテクノロジー株式会社,23:愛知県,152人,100-299人 / 主要都市圏,186,186,1,https://aisan-corp.com/ir/management/human-management/,
5180001070607,シーズウェブ株式会社,23:愛知県,20人,10-29人 / 主要都市圏,189,189,1,https://www.seasweb.com/diversity,
5180001072611,株式会社セントラル・デイリー,23:愛知県,84人,30-99人 / 主要都市圏,188,188,1,https://www.dac-group.co.jp/,
5180001124882,株式会社サニー情報システム,23:愛知県,19人,10-29人 / 主要都市圏,189,189,1,https://www.snny.co.jp/,
5180001155283,アノマリーマーケティング株式会社,23:愛知県,5人,5-9人 / 主要都市圏,77,77,1,https://anomaly-marketing.co.jp/,
5180003009644,株式会社オンザロード,23:愛知県,21人,10-29人 / 主要都市圏,189,189,1,https://www.otr-jp.com,
5180301021177,株式会社ルーコ,23:愛知県,6人,5-9人 / 主要都市圏,77,77,1,https://rou-co.com/overtimework0/flex.html,
5190001022061,株式会社サザンダイア,23:愛知県,14人,10-29人 / 主要都市圏,189,189,1,https://southerndia.co.jp/,
5190001027696,スパイラルローキャス株式会社,23:愛知県,63人,30-99人 / 主要都市圏,188,188,1,http://www.visor.co.jp/,
5190001029692,株式会社ＡＷＡ,23:愛知県,1人,1-4人 / 主要都市圏,119,119,1,https://www.a-w-a.co.jp/,
5200001003514,株式会社電算システム,21:岐阜県,779人,300-999人 / その他,76,76,1,https://www.densan-s.co.jp/,
5200001016326,株式会社ライトスピードソリューションズ,21:岐阜県,9人,5-9人 / その他,65,65,1,https://www.lightspeed.co.jp/,
5200001029253,リップルネット株式会社,21:岐阜県,6人,5-9人 / その他,65,65,1,http://www.rip-ple.com/,
5210001011755,こしの都ネットワーク株式会社,18:福井県,37人,30-99人 / その他,169,169,1,https://www.t-catv.co.jp,
5210001016390,株式会社江守情報,18:福井県,147人,100-299人 / その他,170,170,1,https://www.i-emori.co.jp/,
5210001017281,株式会社ＴＯＮＯＳＡＭＡ,18:福井県,14人,10-29人 / その他,129,129,1,https://tono-sama.net/,
5220002003180,株式会社ジョイテル,17:石川県,34人,30-99人 / その他,169,169,1,http://www.joy-tel.co.jp/index.html,
5230001015977,ステムソフト株式会社,16:富山県,25人,10-29人 / その他,129,129,1,https://stemsoft.jp/,
5240001030554,株式会社コアシステムズ,34:広島県,25人,10-29人 / その他,129,129,1,http://www.coasystems.net/,
5250001000234,株式会社サンデー山口,35:山口県,8人,5-9人 / その他,65,65,1,http://www.sunday-yamaguchi.co.jp/,
5260001001256,岡山放送株式会社,33:岡山県,132人,100-299人 / その他,170,170,1,http://www.ohk.co.jp,
5260001009274,ウェブクリエイティブ株式会社,33:岡山県,10人,10-29人 / その他,129,129,1,https://web3.co.jp/,
5260001021015,株式会社アサンテ,33:岡山県,5人,5-9人 / その他,65,65,1,http://www.asantesana.jp,
5280001001056,和幸情報システム株式会社,32:島根県,60人,30-99人 / その他,169,169,1,https://www.wisys.co.jp/,
5290001007168,株式会社九州日立システムズ,40:福岡県,567人,300-999人 / 主要都市圏,86,86,1,http://www.kyushu-hitachi-systems.co.jp/,
5290001009866,株式会社ＨＴＳライズ,40:福岡県,81人,30-99人 / 主要都市圏,188,188,1,https://www.htsrise.com,
5290001010106,フォーサイトシステム株式会社,40:福岡県,471人,300-999人 / 主要都市圏,86,86,1,https://www.foresight.co.jp/,
5290001013199,株式会社コンピューターサイエンス,40:福岡県,8人,5-9人 / 主要都市圏,77,77,1,http://www.netcs.co.jp,
5290001014049,西部ガス情報システム株式会社,40:福岡県,213人,100-299人 / 主要都市圏,186,186,1,https://www.sgis.co.jp/,
5290001026969,株式会社ダイヤグラムシステム,40:福岡県,19人,10-29人 / 主要都市圏,189,189,1,https://diagram.co.jp/,
5290001029988,フロイデ株式会社,40:福岡県,75人,30-99人 / 主要都市圏,188,188,1,https://froide.co.jp/,
5290001046091,株式会社イーサポート,40:福岡県,60人,30-99人 / 主要都市圏,188,188,1,https://www.e-sapo.co.jp/,
5290801002046,株式会社ゼンリン,40:福岡県,2441人,1000人以上 / 主要都市圏,54,54,1,http://www.zenrin.co.jp/,
5290801003746,株式会社ＹＥ　ＤＩＧＩＴＡＬ　Ｋｙｕｓｈｕ,40:福岡県,155人,100-299人 / 主要都市圏,186,186,1,http://www.openkit.com,
5290801004133,株式会社ガーマンドシステム,40:福岡県,24人,10-29人 / 主要都市圏,189,189,1,https://garmand.co.jp,
5330001001488,株式会社ＫＩＳ,43:熊本県,308人,300-999人 / その他,76,76,1,https://www.kis.co.jp/company_next/,https://www.kis.co.jp/recruit/
5340001005471,株式会社エス・テー・ラボ,46:鹿児島県,30人,30-99人 / その他,169,169,1,http://stlabj.co.jp/,
5350001002716,スパークジャパン株式会社,45:宮崎県,80人,30-99人 / その他,169,169,1,http://www.sparkjapan.co.jp/,
5360001000413,沖縄セルラー電話株式会社,47:沖縄県,323人,300-999人 / その他,76,76,1,https://okinawa-cellular.jp/,
5360001004983,琉球Ｓｏｆｔｗａｒｅ株式会社,47:沖縄県,20人,10-29人 / その他,129,129,1,https://www.ryukyusoftware.co.jp/,https://job.mynavi.jp/23/pc/search/corp77736/outline.html
5360001009470,株式会社リュウズシステム,47:沖縄県,38人,30-99人 / その他,169,169,1,http://ryussystem.co.jp/,https://ryussystem.co.jp/#___page-recruit
5360001017713,株式会社いえらぶ琉球,47:沖縄県,56人,30-99人 / その他,169,169,1,http://www.ielove-ryukyu.co.jp/,
5360001019668,ちゅらっぷす株式会社,47:沖縄県,38人,30-99人 / その他,169,169,1,https://churapps.co.jp/,
5360001024511,株式会社エアクル,47:沖縄県,28人,10-29人 / その他,129,129,1,https://alpacalab.jp/,
5370001008075,株式会社コンピュータシステム研究所,04:宮城県,523人,300-999人 / その他,76,76,1,https://www.cstnet.co.jp,
5370001011434,株式会社トインクス,04:宮城県,798人,300-999人 / その他,76,76,1,https://www.toinx.co.jp/,
5380001034153,株式会社ニボシ,07:福島県,12人,10-29人 / その他,129,129,1,https://www.niboshi.co.jp,
5390001001417,株式会社東北バンキングシステムズ,06:山形県,39人,30-99人 / その他,169,169,1,http://www.tb-system.co.jp/,
5390001002621,株式会社ハイテックシステム,06:山形県,21人,10-29人 / その他,129,129,1,https://www.hightech.co.jp,
5390001013511,Ａ－Ｓｙｓｔｅｍｓ株式会社,06:山形県,17人,10-29人 / その他,129,129,1,https://www.a-systems.jp/,https://www.a-systems.jp/recruit/recruit-sitemap.html
5400001000020,株式会社アイシーエス,03:岩手県,550人,300-999人 / その他,76,76,1,https://www.ics.co.jp/,
5400001000029,株式会社アイビーシー・ソフトアルファ,03:岩手県,96人,30-99人 / その他,169,169,1,https://www.ibcsoft.ne.jp/,
5430001025535,株式会社ナスカコンピュータ,01:北海道,57人,30-99人 / 主要都市圏,188,188,1,https://www.nazcacomputer.com/,https://www.nazcacomputer.com/recruit/
5430001030741,株式会社アンフィニ,01:北海道,32人,30-99人 / 主要都市圏,188,188,1,http://www.infini-crew.co.jp,
5430001040807,株式会社ソルブブレイン,01:北海道,11人,10-29人 / 主要都市圏,189,189,1,https://solve-brain.com/,
5430001041409,アールズ株式会社,01:北海道,10人,10-29人 / 主要都市圏,189,189,1,http://rrr-z.jp/about/,
5430001064723,株式会社アレクト,01:北海道,45人,30-99人 / 主要都市圏,188,188,1,https://www.arect.co.jp/,
5430001073807,株式会社シンカリンク,01:北海道,2人,1-4人 / 主要都市圏,119,119,1,https://sinka.link,
5430001075786,株式会社電通デジタルアンカー,13:東京都,345人,300-999人 / 東京,277,277,1,https://www.dentsu-danchor.co.jp/,
5430001082452,株式会社池内システムインテグレーション,01:北海道,4人,1-4人 / 主要都市圏,119,119,1,https://isi.ikeuchigroup.com/,
5430002036449,株式会社エスイーギルド,01:北海道,17人,10-29人 / 主要都市圏,189,189,1,http://seguild.com/,
5430003016763,合同会社リベリオン,01:北海道,1人,1-4人 / 主要都市圏,119,119,1,https://www.rebellion-inc.jp/,
5440005001399,ハコレコドットコム株式会社,01:北海道,8人,5-9人 / 主要都市圏,77,77,1,https://www.hakoreco.com/,
5450001005832,エイエステック株式会社,01:北海道,6人,5-9人 / 主要都市圏,77,77,1,http://as-tecs.co.jp/,
5462501000147,中央コンピューターサービス株式会社,01:北海道,98人,30-99人 / 主要都市圏,188,188,1,https://www.ccs1981.jp/,
5480002015984,有限会社データプロ,36:徳島県,21人,10-29人 / その他,129,129,1,http://dp778.co.jp/,
5500001000984,株式会社ＮＴＴデータ四国,38:愛媛県,259人,100-299人 / その他,170,170,1,http://www.nttdata-shikoku.co.jp/company/,
5500001005843,株式会社アイサイト,38:愛媛県,66人,30-99人 / その他,169,169,1,https://www.i-site.co.jp/,
6010001005504,株式会社同友館,13:東京都,8人,5-9人 / 東京,157,157,1,http://www.doyukan.co.jp/,
6010001009637,株式会社アーク情報システム,13:東京都,135人,100-299人 / 東京,432,432,1,https://www.ark-info-sys.co.jp/,
6010001010322,株式会社アルカディアソフト開発,13:東京都,43人,30-99人 / 東京,352,352,1,https://www.arcadia-soft.co.jp/,
6010001010826,株式会社岩波書店,13:東京都,148人,100-299人 / 東京,432,432,1,https://www.iwanami.co.jp/,
6010001011147,株式会社インターネットイニシアティブ,13:東京都,3018人,1000人以上 / 東京,147,147,1,https://www.iij.ad.jp/,
6010001028348,フラクタルシステムズ株式会社,13:東京都,85人,30-99人 / 東京,352,352,1,https://www.fractal.co.jp/corporate-initiatives/,
6010001030403,株式会社三菱総合研究所,13:東京都,1255人,1000人以上 / 東京,147,147,1,https://www.mri.co.jp/sustainability/social/balance.html,
6010001034809,松竹株式会社,13:東京都,906人,300-999人 / 東京,277,277,1,http://www.shochiku.co.jp/,
6010001034866,東映株式会社,13:東京都,461人,300-999人 / 東京,277,277,1,http://www.toei.co.jp/,
6010001045145,サン情報サービス株式会社,13:東京都,116人,100-299人 / 東京,432,432,1,http://www.sisco.co.jp/,
6010001060433,リコーＩＴソリューションズ株式会社,14:神奈川県,1032人,1000人以上 / 主要都市圏,54,54,1,http://www.jrits.co.jp/,
6010001065903,ストックウェザー株式会社,13:東京都,48人,30-99人 / 東京,352,352,1,https://finance.stockweather.co.jp/,
6010001066950,オープンリソース株式会社,13:東京都,194人,100-299人 / 東京,432,432,1,http://www.orc-net.com/,
6010001072478,ポリゴンマジック株式会社,13:東京都,125人,100-299人 / 東京,432,432,1,http://www.polygonmagic.com/,
6010001076116,新日本システック株式会社,13:東京都,164人,100-299人 / 東京,432,432,1,https://www.snsystec.co.jp/,https://www.snsystec.co.jp/recruit/
6010001081280,株式会社ネクソン,13:東京都,248人,100-299人 / 東京,432,432,1,http://www.nexon.co.jp,
6010001082956,株式会社ユニメディア,13:東京都,82人,30-99人 / 東京,352,352,1,https://unimedia.co.jp/,
6010001083962,株式会社交通タイムス社,13:東京都,44人,30-99人 / 東京,352,352,1,https://www.kotsu-times.jp/,
6010001087146,リアルシス株式会社,13:東京都,85人,30-99人 / 東京,352,352,1,https://www.realsys.co.jp/,
6010001092955,メディアコンソーシアム株式会社,13:東京都,19人,10-29人 / 東京,299,299,1,http://www.mediaconsortium.co.jp/index.html,
6010001093945,グローディア株式会社,13:東京都,54人,30-99人 / 東京,352,352,1,https://glodia.jp/recruit_main/work-environment/employee-benefits/,
6010001097517,株式会社ネクストジェン,13:東京都,139人,100-299人 / 東京,432,432,1,http://www.nextgen.co.jp,
6010001100734,ＪＩＰテクノサイエンス株式会社,13:東京都,275人,100-299人 / 東京,432,432,1,http://www.jip-ts.co.jp/index.html,
6010001102581,シスココンサルティング株式会社,13:東京都,60人,30-99人 / 東京,352,352,1,https://www.sisco-consulting.co.jp/,https://www.sisco-consulting.co.jp/recruit
6010001105345,株式会社Ｂｌｕｅｓｈｉｐ,13:東京都,82人,30-99人 / 東京,352,352,1,https://www.blueship.co.jp/,
6010001106038,株式会社パワーソリューションズ,13:東京都,319人,300-999人 / 東京,277,277,1,https://powersolutions.co.jp/,
6010001120410,株式会社サイバーディフェンス研究所,13:東京都,67人,30-99人 / 東京,352,352,1,https://www.cyberdefense.jp/,https://www.cyberdefense.jp/career.html
6010001121012,ナショナルソフトウェア株式会社,13:東京都,328人,300-999人 / 東京,277,277,1,https://www.nationalsoftware.co.jp/,
6010001121342,株式会社チアーズ,14:神奈川県,3人,1-4人 / 主要都市圏,119,119,1,https://33cheers.jp/,
6010001125005,インタセクト・コミュニケーションズ株式会社,13:東京都,137人,100-299人 / 東京,432,432,1,https://www.intasect.com/,
6010001127835,ディー・アール・テクノロジー株式会社,13:東京都,56人,30-99人 / 東京,352,352,1,https://www.drtech.jp/,
6010001127884,株式会社ユビレジ,13:東京都,78人,30-99人 / 東京,352,352,1,https://corp.ubiregi.jp/acceptance/,
6010001128313,株式会社ＡＳＳ,13:東京都,3人,1-4人 / 東京,189,189,1,http://as-systems.jp,
6010001135680,ＮＥＣネッツエスアイ株式会社,13:東京都,5741人,1000人以上 / 東京,147,147,1,http://www.nesic.co.jp,
6010001136927,株式会社ファインゲート,13:東京都,28人,10-29人 / 東京,299,299,1,http://www.finegate.co.jp/,
6010001138865,株式会社アッシュビー,13:東京都,24人,10-29人 / 東京,299,299,1,http://ashbey.jp,
6010001139161,グローバルイノベーションコンサルティング株式会社,13:東京都,240人,100-299人 / 東京,432,432,1,https://gicjp.com/,
6010001139434,ビリングシステム株式会社,13:東京都,107人,100-299人 / 東京,432,432,1,https://www.billingsystem.co.jp/,
6010001141613,チェックフィールド株式会社,13:東京都,14人,10-29人 / 東京,299,299,1,http://www.checkfield.co.jp/,
6010001143378,株式会社アルク,13:東京都,257人,100-299人 / 東京,432,432,1,http://www.alc.co.jp/,
6010001165686,株式会社ヒューマンテクノシステム,13:東京都,89人,30-99人 / 東京,352,352,1,https://www.human-techno-system.co.jp/,
6010001166635,株式会社ビーオーエス,13:東京都,23人,10-29人 / 東京,299,299,1,https://www.bos-web.com/,
6010001178804,ＲＥＳＴＡＲ株式会社,13:東京都,45人,30-99人 / 東京,352,352,1,https://www.restar-inc.com/,
6010001179653,Ｂｌｅａｆ株式会社,13:東京都,38人,30-99人 / 東京,352,352,1,https://bleaf.co.jp/,
6010001181808,ＵｉＰａｔｈ株式会社,13:東京都,250人,100-299人 / 東京,432,432,1,https://www.uipath.com/ja,
6010001188530,株式会社ＮＡＸ,13:東京都,1人,1-4人 / 東京,189,189,1,http://www.naxcorp.co.jp/,
6010001201417,株式会社アクシズ,13:東京都,13人,10-29人 / 東京,299,299,1,https://www.axesinc.jp/,
6010001201458,日本トライスタイル株式会社,27:大阪府,23人,10-29人 / 主要都市圏,189,189,1,https://jpn-ts.co.jp/,
6010001202415,株式会社イーズライフテクノロジー,13:東京都,1人,1-4人 / 東京,189,189,1,https://www.easelifetec.co.jp/,
6010001242824,株式会社Ｌｉｖｅｔｏｏｎ,13:東京都,7人,5-9人 / 東京,157,157,1,https://livetoon.net/,
6010001246296,株式会社ｉｆ,13:東京都,3人,1-4人 / 東京,189,189,1,https://itfrontier.co.jp/,https://itfrontier.co.jp/recruit/
6010001247187,株式会社ＳＴＥＬＡＱ,13:東京都,204人,100-299人 / 東京,432,432,1,https://stelaq.co.jp,
6010005018675,一般財団法人建設物価調査会,13:東京都,297人,100-299人 / 東京,432,432,1,https://www.kensetu-bukka.or.jp/about/actionplan/,
6010101000966,株式会社教育ソフトウェア,13:東京都,69人,30-99人 / 東京,352,352,1,https://www.kyoikusw.co.jp/,
6010101002657,株式会社トーセーシステムズ,13:東京都,190人,100-299人 / 東京,432,432,1,https://toseisystems.accretech.com/,
6010401003504,株式会社ウェザーニューズ,12:千葉県,978人,300-999人 / 主要都市圏,86,86,1,https://jp.weathernews.com/,
6010401015920,株式会社インボイス,13:東京都,250人,100-299人 / 東京,432,432,1,http://www.invoice.ne.jp/,
6010401022917,日本電気通信システム株式会社,13:東京都,2480人,1000人以上 / 東京,147,147,1,http://www.ncos.co.jp/index.html,
6010401024698,ＰＳＰ株式会社,13:東京都,481人,300-999人 / 東京,277,277,1,https://recruit.psp.co.jp/newgraduate/company/about/#number,
6010401052047,株式会社アイエスエフネット,13:東京都,2450人,1000人以上 / 東京,147,147,1,https://www.isfnet.co.jp/,
6010401058119,株式会社キーウォーカー,13:東京都,87人,30-99人 / 東京,352,352,1,https://recruit.keywalker.co.jp/#data,
6010401059802,株式会社ブロードバンドタワー,13:東京都,150人,100-299人 / 東京,432,432,1,https://www.bbtower.co.jp/,
6010401061980,ＶＡＬＸ株式会社,13:東京都,75人,30-99人 / 東京,352,352,1,https://www.lev.co.jp/,
6010401078785,三井情報株式会社,13:東京都,2020人,1000人以上 / 東京,147,147,1,http://www.mki.co.jp/index.html,
6010401079775,ＧＨ株式会社,13:東京都,4人,1-4人 / 東京,189,189,1,https://www.ghjapan.jp/,
6010401083620,ＢＲＡＮＵ株式会社,13:東京都,55人,30-99人 / 東京,352,352,1,https://branu.jp/,
6010401084791,株式会社フロンティアコンサルティング,13:東京都,8人,5-9人 / 東京,157,157,1,http://frontier-pr.jp/,
6010401088867,株式会社システナ,13:東京都,4185人,1000人以上 / 東京,147,147,1,http://www.systena.co.jp/,
6010401089808,Ｂｏｕｎｄｌｅｓｓ株式会社,13:東京都,68人,30-99人 / 東京,352,352,1,http://www.aolplatforms.jp/,
6010401095500,東京ガスｉネット株式会社,13:東京都,731人,300-999人 / 東京,277,277,1,http://www.tg-inet.co.jp,
6010401095871,株式会社ＦＲＡＭＥＬＵＮＣＨ,13:東京都,28人,10-29人 / 東京,299,299,1,http://framelunch.jp/,
6010401101415,ネクスト株式会社,13:東京都,12人,10-29人 / 東京,299,299,1,https://www.nxsw.co.jp/,
6010401103907,バレットグループ株式会社,13:東京都,178人,100-299人 / 東京,432,432,1,https://bltinc.co.jp/,
6010401104203,株式会社ヤプリ,13:東京都,270人,100-299人 / 東京,432,432,1,https://yappli.co.jp/,
6010401135677,株式会社ＰＯＴＥＴＯ　Ｍｅｄｉａ,13:東京都,8人,5-9人 / 東京,157,157,1,https://poteto.media,
6010401138085,ロイター・ニュース・アンド・メディア・ジャパン株式会社,13:東京都,109人,100-299人 / 東京,432,432,1,https://www.thomsonreuters.com/en.html,
6010401144892,株式会社ＣｉｎｅｍａＬｅａｐ,13:東京都,38人,30-99人 / 東京,352,352,1,https://cinemaleap.com/,
6010401158496,株式会社Ｊａｐａｎ　Ｔｅｃｈｎｏｌｏｇｙ,13:東京都,23人,10-29人 / 東京,299,299,1,https://j-tech.co.jp,https://j-tech.co.jp/recruit/
6010401164511,ぱんどら株式会社,13:東京都,1人,1-4人 / 東京,189,189,1,https://pandora.style/,
6010401170195,株式会社ＬＩＧＮＥＡ,13:東京都,6人,5-9人 / 東京,157,157,1,https://lignea.co.jp/company/,
6010401173512,株式会社Ｔｓｕｍｕｇｕ,13:東京都,1人,1-4人 / 東京,189,189,1,https://xtsumugu.com/,
6010401188246,株式会社ロクス,13:東京都,5人,5-9人 / 東京,157,157,1,https://roks.co.jp/company/,
6010401197973,株式会社Ｌｉｎｋｔｉｅｒ,13:東京都,1人,1-4人 / 東京,189,189,1,https://www.linktier.io/,
6010403013154,株式会社アイグル,13:東京都,13人,10-29人 / 東京,299,299,1,https://eyegle-design.co.jp/,
6010501010029,株式会社インフォーテック,13:東京都,56人,30-99人 / 東京,352,352,1,http://www.infortech.co.jp,
6010501015820,株式会社ライトウェル,13:東京都,228人,100-299人 / 東京,432,432,1,https://www.lightwell.co.jp/,
6010501026157,株式会社アゴラ・ステーション,13:東京都,12人,10-29人 / 東京,299,299,1,http://www.agosta.co.jp/index.html,
6010501029416,株式会社Ｃ．Ｄ．ＵＮＩＴＥＤ,13:東京都,30人,30-99人 / 東京,352,352,1,https://www.cdunited.net/,
6010501031280,株式会社ビーブリッド,13:東京都,22人,10-29人 / 東京,299,299,1,https://www.bibrid.co.jp/,
6010501037757,株式会社ＡＤＳＯＵＬ,13:東京都,9人,5-9人 / 東京,157,157,1,https://adsoul.jp/,
6010601021677,株式会社東京シー・エム・シー,13:東京都,16人,10-29人 / 東京,299,299,1,http://www.tcmc.co.jp/index.html,
6010601026040,株式会社システムコンサルタント,13:東京都,336人,300-999人 / 東京,277,277,1,http://www.ksc.co.jp,
6010601032609,ＮＴＴデータ・カスタマサービス株式会社,13:東京都,1068人,1000人以上 / 東京,147,147,1,http://www.nttdatacs.co.jp/,
6010601047805,ＥＮＥＣＨＡＮＧＥ株式会社,13:東京都,185人,100-299人 / 東京,432,432,1,https://enechange.co.jp/,
6010701000218,株式会社ＡＯＩ　Ｐｒｏ．,13:東京都,417人,300-999人 / 東京,277,277,1,http://www.aoi-pro.com/,
6010701012254,ソニーグローバルソリューションズ株式会社,13:東京都,468人,300-999人 / 東京,277,277,1,http://www.sonyglobalsolutions.jp/,
6010701018466,フューチャー株式会社,13:東京都,1186人,1000人以上 / 東京,147,147,1,https://www.future.co.jp/sustainability/diversity/,
6010701025710,株式会社日立システムズ,13:東京都,10285人,1000人以上 / 東京,147,147,1,https://www.hitachi-systems.com/,
6010701025982,キヤノンＩＴソリューションズ株式会社,13:東京都,4258人,1000人以上 / 東京,147,147,1,http://www.canon-its.co.jp/,
6010801022384,株式会社ＧｒｏｗＥｇｇ,13:東京都,11人,10-29人 / 東京,299,299,1,https://grow-e.com,
6010901002187,株式会社オーカム,13:東京都,50人,30-99人 / 東京,352,352,1,https://www.ocam.co.jp/,
6010901029429,株式会社ホライズン・データ・ワークス,13:東京都,8人,5-9人 / 東京,157,157,1,http://www.horizondataworks.com/,
6010901038990,株式会社プラスジャム,13:東京都,11人,10-29人 / 東京,299,299,1,https://plusjam.jp/,
6010901047802,株式会社ベアラー,13:東京都,2人,1-4人 / 東京,189,189,1,https://bearer.co.jp,
6010901048437,株式会社デジリハ,13:東京都,9人,5-9人 / 東京,157,157,1,https://www.digireha.com/,
6011001005411,ＧＭＯペイメントゲートウェイ株式会社,13:東京都,594人,300-999人 / 東京,277,277,1,https://www.gmo-pg.com/corp/sustainability/social/,
6011001029526,ＧＭＯインターネットグループ株式会社,13:東京都,213人,100-299人 / 東京,432,432,1,https://www.gmo.jp/,
6011001029641,鉄道情報システム株式会社,13:東京都,717人,300-999人 / 東京,277,277,1,https://www.jrs.co.jp/challenge/,
6011001036183,株式会社飯島情報企画,13:東京都,20人,10-29人 / 東京,299,299,1,https://www.iijima-jk.co.jp,
6011001045498,株式会社フレクト,13:東京都,481人,300-999人 / 東京,277,277,1,https://www.flect.co.jp/,
6011001048311,株式会社ファミリーネット・ジャパン,13:東京都,245人,100-299人 / 東京,432,432,1,https://www.fnj.co.jp/,
6011001048963,株式会社ＭＧＴ,13:東京都,2人,1-4人 / 東京,189,189,1,http://www.m-g-t.jp/,
6011001053419,株式会社ファーンリッジ・ジャパン,13:東京都,130人,100-299人 / 東京,432,432,1,http://www.fernridge.co.jp/,
6011001056801,ＣＲＡＶＩＡ株式会社,13:東京都,38人,30-99人 / 東京,352,352,1,http://agilemedia.jp/,
6011001065323,合同会社イグニス,13:東京都,234人,100-299人 / 東京,432,432,1,http://1923.co.jp/,
6011001068086,株式会社サイバード,13:東京都,206人,100-299人 / 東京,432,432,1,http://www.cybird.co.jp/,
6011001069935,ＣＲＩＴＥＯ株式会社,13:東京都,125人,100-299人 / 東京,432,432,1,https://www.criteo.com/jp/,
6011001091880,株式会社ｅｃｂｅｉｎｇ,13:東京都,490人,300-999人 / 東京,277,277,1,http://www.ecbeing.net/,
6011001105541,株式会社Ｇｉｚｕｍｏ,13:東京都,364人,300-999人 / 東京,277,277,1,http://gizumo-inc.jp/,
6011001116976,株式会社ＵＳＥＮ　ＮＥＴＷＯＲＫＳ,13:東京都,165人,100-299人 / 東京,432,432,1,https://usen-networks.co.jp/infomation.php,
6011001125548,ＳＡＬＥＳＣＯＲＥ株式会社,13:東京都,73人,30-99人 / 東京,352,352,1,https://corp.salescore.jp/,
6011001133708,ＴｉｅＵｐｓ株式会社,13:東京都,15人,10-29人 / 東京,299,299,1,https://tieups.com/,
6011001134755,ＬＩＶＥ　ＴＨＥ　ＣＲＥＡＴＩＶＥ株式会社,13:東京都,4人,1-4人 / 東京,189,189,1,https://livethecreative.co.jp/,
6011001145125,ｍｏｖ株式会社,13:東京都,1人,1-4人 / 東京,189,189,1,https://corp.mov.movie/,
6011001145760,株式会社ＮＯＫＩＤ,13:東京都,8人,5-9人 / 東京,157,157,1,https://nokid.jp/,
6011001151940,株式会社Ｉｎｆｌｕｅｎｃｅｒ　Ｔｅｃｈ,13:東京都,1人,1-4人 / 東京,189,189,1,https://we-eva.com/company.html,
6011001153739,株式会社ｍｉｉｂｏ,13:東京都,3人,1-4人 / 東京,189,189,1,https://miibo.co.jp,
6011003017636,株式会社Ｒｅｃｅｐｔ,13:東京都,10人,10-29人 / 東京,299,299,1,https://recept.earth/,
6011101003926,株式会社オービックビジネスコンサルタント,13:東京都,1065人,1000人以上 / 東京,147,147,1,http://www.obc.co.jp/,
6011101016787,ＰＴＣジャパン株式会社,13:東京都,186人,100-299人 / 東京,432,432,1,http://www.ptc.com/,
6011101023123,株式会社エムティーアイ,13:東京都,845人,300-999人 / 東京,277,277,1,https://www.mti.co.jp/?page_id=21469,
6011101023511,株式会社住宅産業新聞社,13:東京都,9人,5-9人 / 東京,157,157,1,http://www.housenews.jp,
6011101025078,株式会社ツリーベル,13:東京都,800人,300-999人 / 東京,277,277,1,https://www.treebell.co.jp/index.html,https://www.treebell.co.jp/recruit/
6011101029987,株式会社メディアフォース,13:東京都,222人,100-299人 / 東京,432,432,1,https://www.mforce.co.jp,
6011101030805,マッシュコーポレーション株式会社,11:埼玉県,16人,10-29人 / 主要都市圏,189,189,1,https://www.mash-inc.co.jp/,
6011101031893,株式会社ノア・ソリューション,13:東京都,68人,30-99人 / 東京,352,352,1,https://www.noa-sol.co.jp/,https://www.noa-sol.co.jp/
6011101032355,株式会社グリオグルーヴ,13:東京都,77人,30-99人 / 東京,352,352,1,https://www.griotgroove.com/,
6011101039739,株式会社リゾーム,13:東京都,94人,30-99人 / 東京,352,352,1,https://www.rhizo-me.com/,
6011101041752,株式会社プライムクロス,13:東京都,212人,100-299人 / 東京,432,432,1,https://www.prime-x.co.jp/,
6011101044391,株式会社アスネット,13:東京都,60人,30-99人 / 東京,352,352,1,https://www.asnet.co.jp/,https://www.asnet.co.jp/recruit/
6011101047015,株式会社フルエナジー,13:東京都,9人,5-9人 / 東京,157,157,1,http://fullenergy.co.jp,
6011101050489,株式会社全音楽譜出版社,13:東京都,133人,100-299人 / 東京,432,432,1,https://www.zen-on.co.jp/,
6011101052758,株式会社Ａｌｔｕｓ－Ｆｉｖｅ,13:東京都,21人,10-29人 / 東京,299,299,1,https://www.altus5.co.jp/company/,
6011101053797,株式会社あひる社,13:東京都,3人,1-4人 / 東京,189,189,1,http://ahil.jp/,
6011101054127,株式会社タイレルシステムズ,13:東京都,30人,30-99人 / 東京,352,352,1,http://www.tyrellsys.com/,
6011101058697,株式会社ドットゼロ,13:東京都,19人,10-29人 / 東京,299,299,1,https://www.dotzero.jp,
6011101060463,ＩＮＴ株式会社,13:東京都,266人,100-299人 / 東京,432,432,1,https://inest-inc.co.jp/,
6011101061486,株式会社ＺＩＴ,13:東京都,40人,30-99人 / 東京,352,352,1,https://zit.co.jp/,https://zit.co.jp/recruit/
6011101062212,中央システム株式会社,13:東京都,404人,300-999人 / 東京,277,277,1,http://www.chuosystem.co.jp/,
6011101066527,ＶｉｄｅｏＴｏｕｃｈ株式会社,13:東京都,57人,30-99人 / 東京,352,352,1,http://viibar.com/,
6011101072839,ノマドリング株式会社,13:東京都,23人,10-29人 / 東京,299,299,1,http://www.n-ring.co.jp/,
6011101078456,株式会社ロビンソン,13:東京都,56人,30-99人 / 東京,352,352,1,https://www.robinsons.co.jp,
6011101084784,株式会社ＲＵＮＷＡＹＳ,13:東京都,2人,1-4人 / 東京,189,189,1,https://runways.co.jp/,
6011101088810,株式会社ｖｉｓｕｍ,13:東京都,6人,5-9人 / 東京,157,157,1,https://visum.jp,
6011101098215,株式会社ＶＩＳＩＯＮＡＲＹ　ＪＡＰＡＮ,13:東京都,113人,100-299人 / 東京,432,432,1,https://visionary-jp.com/,
6011103010243,合同会社ブルーム,13:東京都,1人,1-4人 / 東京,189,189,1,https://bloom-company.co.jp,
6011201013750,サイトエンジン株式会社,13:東京都,17人,10-29人 / 東京,299,299,1,https://www.siteengine.co.jp/recruit/company/,
6011301016389,株式会社ｆｏｎｆｕｎ,13:東京都,22人,10-29人 / 東京,299,299,1,http://www.fonfun.co.jp/index.html,
6011301024953,株式会社ＧＯＯＤＲＥＩ,13:東京都,4人,1-4人 / 東京,189,189,1,https://goodrei.tokyo/,
6011303001645,株式会社ＩＴＰＭ,13:東京都,145人,100-299人 / 東京,432,432,1,https://www.itpm-gk.com/,
6011501006529,株式会社サーベイリサーチセンター,13:東京都,804人,300-999人 / 東京,277,277,1,http://www.surece.co.jp/,
6011501019274,ノマドマーケティング株式会社,13:東京都,2人,1-4人 / 東京,189,189,1,https://nomad-marketing.jp/,
6011601019397,株式会社ＢＯＰ,13:東京都,4人,1-4人 / 東京,189,189,1,https://www.b-o-p.jp/,
6011601022599,株式会社クレヨン,13:東京都,3人,1-4人 / 東京,189,189,1,https://fiika.jp/other/action_plan/,
6011603002392,合同会社ＫＴラボ,13:東京都,1人,1-4人 / 東京,189,189,1,https://kt-labo.co.jp/,
6011801029196,株式会社コアシーケンス,13:東京都,8人,5-9人 / 東京,157,157,1,https://coresequence.jp/,
6012301001315,株式会社セラフ,13:東京都,19人,10-29人 / 東京,299,299,1,https://www.srp.co.jp/,
6012301009473,株式会社コネクター・ジャパン,13:東京都,180人,100-299人 / 東京,432,432,1,http://cnctor.jp/,
6012401014027,ＮＴＴクラルティ株式会社,13:東京都,510人,300-999人 / 東京,277,277,1,https://www.ntt-claruty.co.jp/,
6012401014927,株式会社プラスビジョン,13:東京都,3人,1-4人 / 東京,189,189,1,https://www.plusvision.co.jp,
6012401017070,日本電気航空宇宙システム株式会社,13:東京都,859人,300-999人 / 東京,277,277,1,http://www.nas.co.jp/,
6012401040931,株式会社ｍｅｉｎｇ,13:東京都,1人,1-4人 / 東京,189,189,1,https://meing.dev,
6012701004917,株式会社インテージリサーチ,13:東京都,247人,100-299人 / 東京,432,432,1,http://www.intage-research.co.jp/,
6012801000080,株式会社アドックインターナショナル,13:東京都,195人,100-299人 / 東京,432,432,1,http://www.adoc.co.jp/,
6012801002127,株式会社サブスリー,13:東京都,67人,30-99人 / 東京,352,352,1,https://subthree.co.jp/,
6012801016250,ギフトテンインダストリ株式会社,13:東京都,2人,1-4人 / 東京,189,189,1,https://gift10.co.jp,
6013201015826,株式会社ナンバーワンソリューションズ,13:東京都,92人,30-99人 / 東京,352,352,1,https://www.no1s.biz/,
6013301019157,株式会社ソフトウエア・サイエンス,13:東京都,181人,100-299人 / 東京,432,432,1,https://www.ssi.co.jp/,
6013301020734,ユー・アイ・ソリューションズ株式会社,13:東京都,112人,100-299人 / 東京,432,432,1,https://www.ui-solutions.com,
6013301021476,株式会社エクストリーム,13:東京都,486人,300-999人 / 東京,277,277,1,http://www.e-xtreme.co.jp,
6013301023605,株式会社リスペクツ,13:東京都,25人,10-29人 / 東京,299,299,1,http://www.rspct.co.jp,
6013301025337,アクシスインターナショナル株式会社,13:東京都,20人,10-29人 / 東京,299,299,1,https://www.axis-ing.com/,
6013301026921,ネットメイク株式会社,13:東京都,10人,10-29人 / 東京,299,299,1,https://www.net-make.com/,https://www.net-make.com/
6013301028315,株式会社ＥＰＣ,13:東京都,139人,100-299人 / 東京,432,432,1,https://consulting.epark.co.jp/,
6013301036160,ＬＲテックス株式会社,13:東京都,35人,30-99人 / 東京,352,352,1,http://www.lrtechs.co.jp/,
6013301038504,スパイスファクトリー株式会社,13:東京都,75人,30-99人 / 東京,352,352,1,https://spice-factory.co.jp/,
6013301041516,ハーツテクノロジー株式会社,14:神奈川県,31人,30-99人 / 主要都市圏,188,188,1,https://www.hearts-tech.co.jp/hearts-blog/20200219/,
6020001009165,株式会社ネオジャパン,14:神奈川県,170人,100-299人 / 主要都市圏,186,186,1,https://www.neo.co.jp/corp/outline/plans.html,
6020001015634,株式会社ＮＢＥ,14:神奈川県,272人,100-299人 / 主要都市圏,186,186,1,http://www.nbe.co.jp,
6020001022218,株式会社エーアイネット・テクノロジ,14:神奈川県,194人,100-299人 / 主要都市圏,186,186,1,https://www.a-inet.jp/,
6020001025914,株式会社科学情報システムズ,14:神奈川県,318人,300-999人 / 主要都市圏,86,86,1,http://www.sisinc.co.jp/,
6020001028371,株式会社ハイマックス,14:神奈川県,881人,300-999人 / 主要都市圏,86,86,1,https://www.himacs.jp/,
6020001029691,株式会社ＹＳＬソリューション,14:神奈川県,413人,300-999人 / 主要都市圏,86,86,1,https://www.ysl.co.jp/,
6020001033132,株式会社アプトシステム,14:神奈川県,43人,30-99人 / 主要都市圏,188,188,1,http://www.aptsys.co.jp,
6020001036754,株式会社プロスター,14:神奈川県,4人,1-4人 / 主要都市圏,119,119,1,http://www.prostar.co.jp/,
6020001045648,株式会社グリーンシステム,13:東京都,11人,10-29人 / 東京,299,299,1,https://greensys.co.jp,
6020001077121,株式会社中央コンピュータシステム,13:東京都,950人,300-999人 / 東京,277,277,1,https://www.c-com.co.jp/,
6020001105922,株式会社ｗｏｏｐ,13:東京都,2人,1-4人 / 東京,189,189,1,http://wp-web.biz/,
6020001108116,株式会社ソフトユージング,13:東京都,177人,100-299人 / 東京,432,432,1,https://www.softusing.co.jp/,
6020003010600,株式会社エアホスト,13:東京都,30人,30-99人 / 東京,352,352,1,https://airhost.jp/,
6021001037073,日産車体コンピュータサービス株式会社,14:神奈川県,291人,100-299人 / 主要都市圏,186,186,1,https://www.ncs-net.co.jp/,
6021001038410,株式会社アクアリーフ,14:神奈川県,27人,10-29人 / 主要都市圏,189,189,1,https://www.aqualeaf.co.jp/,
6021001068738,株式会社ＳＭＡ,14:神奈川県,3人,1-4人 / 主要都市圏,119,119,1,https://sm-a.co.jp/,
6021001069380,株式会社ｌｏｇ　ｂｕｉｌｄ,14:神奈川県,26人,10-29人 / 主要都市圏,189,189,1,https://www.log-build.com/,
6021003001481,インクループ株式会社,14:神奈川県,12人,10-29人 / 主要都市圏,189,189,1,http://incloop.com/,
6021003008403,合同会社ＴＡＨＡＲＡ,14:神奈川県,20人,10-29人 / 主要都市圏,189,189,1,https://www.htahara.com/,
6030001003828,ＡＧＳビジネスコンピューター株式会社,11:埼玉県,122人,100-299人 / 主要都市圏,186,186,1,https://www.ags-bc.co.jp,
6030001013546,株式会社Ｍｉｒａｉｅ,13:東京都,48人,30-99人 / 東京,352,352,1,https://miraie-group.jp/,
6030001024799,株式会社日東テクノブレーン,11:埼玉県,290人,100-299人 / 主要都市圏,186,186,1,https://www.nitto-tech.co.jp/,
6030001032182,ＮＳＥＣ株式会社,11:埼玉県,247人,100-299人 / 主要都市圏,186,186,1,http://www.nisshin-soft.co.jp,
6030001048253,株式会社フロッサ,11:埼玉県,40人,30-99人 / 主要都市圏,188,188,1,http://www.flossa.co.jp/,http://www.flossa.co.jp/recruit.html
6030001054094,株式会社ＥＭメディア,11:埼玉県,3人,1-4人 / 主要都市圏,119,119,1,https://eigohiroba.jp/,
6030001065018,株式会社アルファプラス,11:埼玉県,29人,10-29人 / 主要都市圏,189,189,1,https://www.alphaplus.co.jp/,
6030001094396,株式会社グッドエレファント,45:宮崎県,7人,5-9人 / その他,65,65,1,https://good-elephant.co.jp/,
6030001129607,株式会社アイ・ピー・コンサルティング,13:東京都,25人,10-29人 / 東京,299,299,1,https://www.ip-consulting.co.jp,
6030001159769,株式会社パルシベイト,13:東京都,1人,1-4人 / 東京,189,189,1,https://www.pulsiv8.com/,
6030002023247,有限会社アソシエート,11:埼玉県,9人,5-9人 / 主要都市圏,77,77,1,http://associate777.com/,
6040001007266,三井Ｅ＆Ｓシステム技研株式会社,12:千葉県,658人,300-999人 / 主要都市圏,86,86,1,http://www.msr.co.jp/,
6040001033527,株式会社ｎｅｗ　ｃｒｅａｔｅ,10:群馬県,6人,5-9人 / その他,65,65,1,https://newcreate.co.jp/,
6040001049985,株式会社アライヴネットワーク,12:千葉県,1人,1-4人 / 主要都市圏,119,119,1,http://www.alivenetwork.jp/index.html,
6040001068077,システムスリーテン株式会社,12:千葉県,82人,30-99人 / 主要都市圏,188,188,1,https://www.system310.co.jp,https://www.system310.co.jp/recruit_newface.html
6040001100599,株式会社ＷＩＣＨ,13:東京都,5人,5-9人 / 東京,157,157,1,https://wich.co.jp/,
6040001112660,株式会社Ａｓｔｒｏ　Ｐｒｏｄｕｃｔｉｏｎ,12:千葉県,100人,100-299人 / 主要都市圏,186,186,1,https://astropro.co.jp/,
6040001124680,カサナレ株式会社,13:東京都,2人,1-4人 / 東京,189,189,1,https://kasanare.co.jp/,
6050001023774,株式会社日立産業制御ソリューションズ,13:東京都,3538人,1000人以上 / 東京,147,147,1,http://www.hitachi-ics.co.jp,
6050001037106,株式会社茨城新聞社,08:茨城県,207人,100-299人 / その他,170,170,1,https://ibarakinews.jp/top.php,
6070001001480,株式会社上毛新聞社,10:群馬県,345人,300-999人 / その他,76,76,1,https://www.jomo-news.co.jp/common/files/pdf/work-life-b2021.pdf,
6070001012255,株式会社ビズクリエイト,10:群馬県,8人,5-9人 / その他,65,65,1,http://biz-create.com/,
6070001035719,株式会社ｋａｏｉｒｉ,10:群馬県,13人,10-29人 / その他,129,129,1,https://kaoiri.co.jp/,
6080001003600,株式会社電算インフォメーション,22:静岡県,100人,100-299人 / その他,170,170,1,https://www.d-info.co.jp/employer_actionplan,
6080101001198,株式会社コサウェル,22:静岡県,316人,300-999人 / その他,76,76,1,http://www.cosawell.co.jp,
6080401002788,株式会社ソフテス,22:静岡県,168人,100-299人 / その他,170,170,1,http://www.softes.co.jp/,
6080401011839,株式会社イーエムアイピクチャーズエンターテイメント,22:静岡県,3人,1-4人 / その他,50,50,1,http://emi-pic.com,
6090001006313,株式会社エスビーシー,19:山梨県,70人,30-99人 / その他,169,169,1,http://www.sbc-i.co.jp,
6100001012664,株式会社アドヴァンスト・インフォーメイション・デザイン,20:長野県,645人,300-999人 / その他,76,76,1,https://www.a-i-d.co.jp/company/diversity.html,
6100001026243,ネクストリンクス株式会社,20:長野県,115人,100-299人 / その他,170,170,1,https://nextlinks.co.jp/,
6110001002383,株式会社シアンス,15:新潟県,65人,30-99人 / その他,169,169,1,https://www.siance.co.jp/,
6110001005295,株式会社マルゴシステム,15:新潟県,49人,30-99人 / その他,169,169,1,http://www.marugo-system.co.jp/,https://job.career-tasu.jp/2024/icorp/00073767/
6110001018644,アグリノート株式会社,15:新潟県,37人,30-99人 / その他,169,169,1,https://water-cell.jp/,
6110001024799,株式会社アイテック,15:新潟県,109人,100-299人 / その他,170,170,1,https://www.itecinc.jp/,https://www.itecinc.jp/recruit/
6120001015252,株式会社ステップ,27:大阪府,50人,30-99人 / 主要都市圏,188,188,1,https://stepjapan.jp/,
6120001034616,株式会社菓業食品新聞社,27:大阪府,3人,1-4人 / 主要都市圏,119,119,1,http://okashi.info,
6120001040374,株式会社ユニオンシンク,27:大阪府,170人,100-299人 / 主要都市圏,186,186,1,https://www.utc-net.co.jp/,
6120001056148,Ｓｋｙ株式会社,27:大阪府,4668人,1000人以上 / 主要都市圏,54,54,1,http://www.skygroup.jp/,
6120001059605,株式会社朝日新聞社,27:大阪府,3651人,1000人以上 / 主要都市圏,54,54,1,https://www.asahi.com/corporate/info/14728559,
6120001081039,株式会社シーシーエス,27:大阪府,56人,30-99人 / 主要都市圏,188,188,1,http://ccs-enet.co.jp/,
6120001085972,株式会社ナウプロダクション,27:大阪府,101人,100-299人 / 主要都市圏,186,186,1,http://www.nowpro.co.jp/,
6120001090989,株式会社はぴロジ,13:東京都,32人,30-99人 / 東京,352,352,1,http://www.bwave.co.jp/,
6120001101936,株式会社ベルチャイルド,27:大阪府,211人,100-299人 / 主要都市圏,186,186,1,https://bell-c.co.jp/,
6120001105838,シーレイシステム株式会社,27:大阪府,24人,10-29人 / 主要都市圏,189,189,1,http://www.searay.co.jp/,
6120001116950,システムアーツ株式会社,27:大阪府,13人,10-29人 / 主要都市圏,189,189,1,http://www.systemarts.jp/,
6120001126768,フィラーシステムズ株式会社,27:大阪府,117人,100-299人 / 主要都市圏,186,186,1,https://www.fsz.co.jp,
6120001166327,レプリス株式会社,27:大阪府,23人,10-29人 / 主要都市圏,189,189,1,https://www.lepris.co.jp/,
6120001200894,株式会社エンゲート,27:大阪府,25人,10-29人 / 主要都市圏,189,189,1,https://engatesoft.co.jp,
6120001251921,アイグッドサポート株式会社,27:大阪府,2人,1-4人 / 主要都市圏,119,119,1,https://i-good-sp.jp/actionplan/,
6120001261953,Ｓｕｐｅｒ　Ｉｎｔｅｒａｃｔｉｃａ株式会社,27:大阪府,5人,5-9人 / 主要都市圏,77,77,1,https://www.superinteractica.ai/,
6120001263842,株式会社ゼクノ,27:大阪府,1人,1-4人 / 主要都市圏,119,119,1,https://zekno.co.jp/,
6120101002687,株式会社スマートバリュー,27:大阪府,102人,100-299人 / 主要都市圏,186,186,1,https://www.smartvalue.ad.jp/,
6122001025685,株式会社インテリオール,27:大阪府,3人,1-4人 / 主要都市圏,119,119,1,http://interiall.jp/,
6130001012562,京セラコミュニケーションシステム株式会社,26:京都府,2570人,1000人以上 / 主要都市圏,54,54,1,http://www.kccs.co.jp/,
6130001021019,株式会社ＪＳＰ,26:京都府,5人,5-9人 / 主要都市圏,77,77,1,http://jsp.ne.jp/,
6130001022207,バンネットワーク株式会社,26:京都府,154人,100-299人 / 主要都市圏,186,186,1,https://van-nw.jp/,
6130001028559,株式会社インフィニティ,26:京都府,94人,30-99人 / 主要都市圏,188,188,1,https://infinity-k.co.jp/,
6130001060181,株式会社データグリッド,26:京都府,20人,10-29人 / 主要都市圏,189,189,1,https://datagrid.co.jp/,
6130003003378,合同会社バンクトゥ,26:京都府,12人,10-29人 / 主要都市圏,189,189,1,http://bankto.co.jp/,
6140001007719,コベルコソフトサービス株式会社,28:兵庫県,577人,300-999人 / 主要都市圏,86,86,1,http://www.kobelcosoft-service.co.jp/,
6140001023071,株式会社トラストブレイン,28:兵庫県,49人,30-99人 / 主要都市圏,188,188,1,https://www.trustbrain.co.jp,
6140001026322,キー・ポイント株式会社,28:兵庫県,27人,10-29人 / 主要都市圏,189,189,1,https://www.key-p.com/,
6140001038152,株式会社パスカル,28:兵庫県,9人,5-9人 / 主要都市圏,77,77,1,http://www.pascal-kobe.co.jp/,
6140001070262,株式会社フルノソフテック,28:兵庫県,64人,30-99人 / 主要都市圏,188,188,1,https://www.furunosoftech.co.jp,
6140001075856,株式会社ブレイン,28:兵庫県,30人,30-99人 / 主要都市圏,188,188,1,https://www.bb-brain.co.jp/actplan/,
6140001087083,Ｂ．Ｃｒｅａｔｉｏｎ株式会社,28:兵庫県,7人,5-9人 / 主要都市圏,77,77,1,https://bcreation.jp/,
6140003009044,合同会社甲南キッチン,28:兵庫県,13人,10-29人 / 主要都市圏,189,189,1,https://kohnan-kitchen.net,
6160002002114,有限会社ゼネラルソフトウェア,25:滋賀県,12人,10-29人 / その他,129,129,1,https://www.g-soft.co.jp/,
6170001001487,シティコンピュータ株式会社,30:和歌山県,251人,100-299人 / その他,170,170,1,http://www.cck.co.jp/,
6170001018564,株式会社ＩＨＡ,30:和歌山県,1人,1-4人 / その他,50,50,1,https://iha-cloudservice-support.jp/,
6180001026649,日本アドバンストリーダーズソフトウェア株式会社,23:愛知県,53人,30-99人 / 主要都市圏,188,188,1,https://www.nalsoft.co.jp/,
6180001029354,株式会社クロップス,23:愛知県,740人,300-999人 / 主要都市圏,86,86,1,https://www.crops.co.jp/,
6180001038116,中部テレコミュニケーション株式会社,23:愛知県,879人,300-999人 / 主要都市圏,86,86,1,https://www.ctc.co.jp/,
6180001038974,スターキャット株式会社,23:愛知県,241人,100-299人 / 主要都市圏,186,186,1,http://www.starcat.co.jp,
6180001053759,株式会社イークリエイト,23:愛知県,50人,30-99人 / 主要都市圏,188,188,1,http://www.e-create.jp,
6180001055739,株式会社ブレイン・ゲート,23:愛知県,223人,100-299人 / 主要都市圏,186,186,1,http://www.braingate.co.jp,
6180001060227,デジタルミックス株式会社,23:愛知県,51人,30-99人 / 主要都市圏,188,188,1,http://www.digitalmix.jp/,
6180001065151,株式会社コネクティボ,23:愛知県,19人,10-29人 / 主要都市圏,189,189,1,https://www.conextivo.com/,
6180001088631,株式会社Ｆｏｕｒ　Ｈｉｌｌｓ,23:愛知県,8人,5-9人 / 主要都市圏,77,77,1,https://fourhills.jp/,
6180001106327,株式会社フリースタイルエンターテイメント,23:愛知県,45人,30-99人 / 主要都市圏,188,188,1,https://www.freestyle-entertainment.co.jp/,
6180001108216,ジーエスネット株式会社,23:愛知県,5人,5-9人 / 主要都市圏,77,77,1,https://www.gsnt.co.jp,
6180001159754,シンコーＦＸ株式会社,23:愛知県,1人,1-4人 / 主要都市圏,119,119,1,https://www.shinkotoushin.co.jp/koudou-keikaku/,https://www.shinkotoushin.co.jp/recruit/
6180003023289,オオアケイ株式会社,13:東京都,16人,10-29人 / 東京,299,299,1,https://ooak.jp/jp,
6180301013116,株式会社デンソーエスアイ,23:愛知県,105人,100-299人 / 主要都市圏,186,186,1,https://www.denso.com/group/denso-si/,
6180301017380,デンソーテクノ株式会社,23:愛知県,3288人,1000人以上 / 主要都市圏,54,54,1,http://www.densotechno.co.jp/,
6190001003218,株式会社ミエデンシステムソリューション,24:三重県,273人,100-299人 / その他,170,170,1,http://www.msysol.co.jp/,
6200001013553,グレートインフォメーションネットワーク株式会社,21:岐阜県,39人,30-99人 / その他,169,169,1,http://www.ginet.jp/,
6200001015194,株式会社サイエンスネット,21:岐阜県,19人,10-29人 / その他,129,129,1,https://www.sciencenet.co.jp/about/initiative.html,
6200001031150,株式会社サイバーインテリジェンス,21:岐阜県,17人,10-29人 / その他,129,129,1,http://cyber-intelligence.jp/,
6200001041216,センシア株式会社,21:岐阜県,1人,1-4人 / その他,50,50,1,https://sensia.co.jp/,
6210001003017,チャンスメーカー株式会社,18:福井県,279人,100-299人 / その他,170,170,1,https://ch-mk.jp/,
6220001002760,株式会社コスモビジネス,17:石川県,45人,30-99人 / その他,169,169,1,http://www.csn.co.jp/cb/,
6220001004617,株式会社ドコモＣＳ北陸,17:石川県,401人,300-999人 / その他,76,76,1,https://www.docomo-cs-hokuriku.co.jp/,
6220001006183,北国インテックサービス株式会社,17:石川県,96人,30-99人 / その他,169,169,1,http://www.hokkoku-intec.co.jp/,
6220001026074,株式会社システムサポート,17:石川県,1370人,1000人以上 / その他,8,8,1,https://www.sts-inc.co.jp,
6240001005753,株式会社第一学習社,34:広島県,343人,300-999人 / その他,76,76,1,http://www.daiichi-g.co.jp,
6240001006009,株式会社ダイセック,34:広島県,50人,30-99人 / その他,169,169,1,https://www.disec.co.jp/recruit/welfare/,
6240001007304,株式会社テレビ新広島,34:広島県,128人,100-299人 / その他,170,170,1,http://www.tss-tv.co.jp/,
6240001011297,株式会社ミウラ,34:広島県,438人,300-999人 / その他,76,76,1,https://kkmiura.com/company/actionplan/,
6240001034091,株式会社シンクライズ,34:広島県,24人,10-29人 / その他,129,129,1,http://www.syncrise.co.jp/index.html,
6240001057191,ひろぎんＩＴソリューションズ株式会社,34:広島県,417人,300-999人 / その他,76,76,1,https://www.hirogin-its.co.jp/,
6250001009332,山口放送株式会社,35:山口県,119人,100-299人 / その他,170,170,1,http://kry.co.jp,
6260001003251,株式会社システムエンタープライズ,33:岡山県,135人,100-299人 / その他,170,170,1,https://www.s-enter.com/,
6260001022607,株式会社アイティーシー,33:岡山県,12人,10-29人 / その他,129,129,1,https://www.itccorp.co.jp,
6270001002574,株式会社ＬＡＳＳＩＣ,31:鳥取県,271人,100-299人 / その他,170,170,1,https://www.lassic.co.jp/,
6270001004959,株式会社アピオン,31:鳥取県,7人,5-9人 / その他,65,65,1,https://www.apionet.or.jp,
6270001006518,株式会社バードワークス,31:鳥取県,20人,10-29人 / その他,129,129,1,https://www.birdworks.co.jp/,
6280001000494,株式会社テクノプロジエクト,32:島根県,248人,100-299人 / その他,170,170,1,https://www.tpj.co.jp/,
6280001003547,株式会社プロビズモ,32:島根県,259人,100-299人 / その他,170,170,1,https://www.probizmo.co.jp/,
6290001014923,株式会社東洋放映,40:福岡県,12人,10-29人 / 主要都市圏,189,189,1,https://www.toyo-telecast.com/,
6290001018775,株式会社ピア,40:福岡県,43人,30-99人 / 主要都市圏,188,188,1,http://www.peerfuku.com,
6290001020830,株式会社九州ＤＴＳ,40:福岡県,172人,100-299人 / 主要都市圏,186,186,1,https://www.q-dts.co.jp/,
6290001023676,株式会社読売新聞西部本社,40:福岡県,414人,300-999人 / 主要都市圏,86,86,1,https://info.yomiuri.co.jp/,
6290001024245,株式会社パーソン,40:福岡県,12人,10-29人 / 主要都市圏,189,189,1,http://www.person3.com/,
6290001026729,株式会社アイルーク,40:福岡県,39人,30-99人 / 主要都市圏,188,188,1,https://www.iluke.co.jp,
6290001028270,株式会社日本画像配信,40:福岡県,49人,30-99人 / 主要都市圏,188,188,1,https://j-id.co.jp/,
6290001042164,株式会社アイキューブドシステムズ,40:福岡県,139人,100-299人 / 主要都市圏,186,186,1,https://www.i3-systems.com/careers/diversity.html,
6290001049738,株式会社ユー・エス・イー,40:福岡県,876人,300-999人 / 主要都市圏,86,86,1,https://www.use-ebisu.co.jp/,
6290001060769,株式会社ＩｎｔｅｒｎｅｔＳｏｃｉｅｔｙ　Ｐａｒｔｎｅｒｓ,13:東京都,1人,1-4人 / 東京,189,189,1,http://www.ispartners.jp/,
6290801026639,株式会社ＮＥＸＴＲＡＹ,40:福岡県,7人,5-9人 / 主要都市圏,77,77,1,https://www.nextray.biz/,
6300001000327,株式会社佐賀新聞社,41:佐賀県,143人,100-299人 / その他,170,170,1,https://www.saga-s.co.jp/,
6300001000509,株式会社サガテレビ,41:佐賀県,60人,30-99人 / その他,169,169,1,https://www.sagatv.co.jp/,
6300001003890,木村情報技術株式会社,41:佐賀県,414人,300-999人 / その他,76,76,1,http://www.k-idea.jp/,
6310001009648,島原ソフトウェア株式会社,42:長崎県,32人,30-99人 / その他,169,169,1,http://www.shimabara-soft.jp/,
6320001001562,ＡＩＤＡ　ＬＩＮＫ株式会社,44:大分県,36人,30-99人 / その他,169,169,1,https://aida-link.com/,
6320001003732,モバイルクリエイト株式会社,44:大分県,159人,100-299人 / その他,170,170,1,http://www.mcinc.jp/,
6320001005266,株式会社クオックス,44:大分県,9人,5-9人 / その他,65,65,1,https://qox.jp/,
6320001008401,株式会社日出ハイテック,44:大分県,109人,100-299人 / その他,170,170,1,https://www.hht.co.jp,
6350001016351,株式会社ｕｎｄｅｒｒｉｖｅｒ,45:宮崎県,4人,1-4人 / その他,50,50,1,https://www.ur-group-ins-under-river.net/,
6360001000486,ＯＴＮｅｔ株式会社,47:沖縄県,148人,100-299人 / その他,170,170,1,https://www.otnet.co.jp/recruit/workplace/,
6360001004693,株式会社沖縄ソフトウェアセンター,47:沖縄県,97人,30-99人 / その他,169,169,1,https://www.osc-corp.co.jp/,
6360001021499,株式会社メディアリンクス,13:東京都,2人,1-4人 / 東京,189,189,1,https://www.mm-p.co.jp/medialinks/,
6370001006499,株式会社東北システムズ・サポート,04:宮城県,225人,100-299人 / その他,170,170,1,https://www.tsstohoku.jp/security.html#support,
6370001007266,株式会社エスリゾーム,04:宮城県,11人,10-29人 / その他,129,129,1,http://www.s-rhizome.co.jp/,
6370001008693,株式会社ステップ,04:宮城県,213人,100-299人 / その他,170,170,1,https://www.stepltd.co.jp,
6370001013487,株式会社インストーク,04:宮城県,29人,10-29人 / その他,129,129,1,https://www.instok.co.jp/,
6370601002204,株式会社ティー・エス・シー,04:宮城県,61人,30-99人 / その他,169,169,1,http://www.tscnet.co.jp/,
6390001002380,株式会社ＹＣＣ情報システム,06:山形県,220人,100-299人 / その他,170,170,1,https://www.yamagata-ycc.co.jp/,
6400001009853,ルネッサンスルパン株式会社,03:岩手県,9人,5-9人 / その他,65,65,1,http://r-lupin.co.jp,
6400001016627,株式会社山海畑,03:岩手県,2人,1-4人 / その他,50,50,1,https://yamaumihatake.com/,
6410001000407,株式会社あきたタウン情報,05:秋田県,15人,10-29人 / その他,129,129,1,http://www.akitatj.co.jp,
6420001005917,株式会社サン・コンピュータ,02:青森県,84人,30-99人 / その他,169,169,1,https://www.sancom.co.jp/,https://www.sancom.co.jp/saiyou/
6430001000231,株式会社アイビーウェア,01:北海道,48人,30-99人 / 主要都市圏,188,188,1,http://www.ibw.co.jp/,
6430001000743,株式会社ＡＳＥ,01:北海道,113人,100-299人 / 主要都市圏,186,186,1,https://www.ase.co.jp/,
6430001007458,日本アイビーエム・ソリューション・サービス株式会社,01:北海道,1000人,1000人以上 / 主要都市圏,54,54,1,http://www-06.ibm.com/jp/isol/,
6430001022250,株式会社ＨＤＣ,01:北海道,365人,300-999人 / 主要都市圏,86,86,1,https://hdcweb.lilac.co.jp/company/geap/goapn/,
6430001022390,北海道放送株式会社,01:北海道,276人,100-299人 / 主要都市圏,186,186,1,http://www.hbc.jp/,
6430001022465,株式会社北海道日立システムズ,01:北海道,384人,300-999人 / 主要都市圏,86,86,1,https://www.hokkaido-hitachi-systems.co.jp/,
6430001032588,株式会社ＧＳＩ,01:北海道,468人,300-999人 / 主要都市圏,86,86,1,https://glue-si.com,
6430001066628,株式会社Ａｉｌｌｚ,01:北海道,15人,10-29人 / 主要都市圏,189,189,1,https://aillz.com/,
6430001072262,株式会社キットアライブ,01:北海道,25人,10-29人 / 主要都市圏,189,189,1,https://www.kitalive.co.jp/,
6430001077088,Ｒｅｎｏ株式会社,01:北海道,6人,5-9人 / 主要都市圏,77,77,1,https://reno-m.jp/company,
6430003013842,ＶＰＮ　Ｓｔｒｅａｍｉｎｇ合同会社,01:北海道,2人,1-4人 / 主要都市圏,119,119,1,https://her-rose.com/company,
6440001004652,株式会社ｉＤ,01:北海道,102人,100-299人 / 主要都市圏,186,186,1,http://www.intelligent-design.co.jp/,
6460101007479,株式会社ワクタス,01:北海道,1人,1-4人 / 主要都市圏,119,119,1,https://wakutas.co.jp/,
6460301000259,株式会社北見コンピューター・ビジネス,01:北海道,37人,30-99人 / 主要都市圏,188,188,1,http://www.k-cb.co.jp,
6470001001597,株式会社三光システム,37:香川県,35人,30-99人 / その他,169,169,1,https://sankou-sys.co.jp/,
6490001001232,四国情報管理センター株式会社,39:高知県,125人,100-299人 / その他,170,170,1,http://www.jokan.co.jp,
6500001002963,南海放送株式会社,38:愛媛県,116人,100-299人 / その他,170,170,1,https://www.rnb.co.jp/,
6500001005396,株式会社ビット,38:愛媛県,17人,10-29人 / その他,129,129,1,http://www.bitone.jp/,
7010001000561,株式会社医学書院,13:東京都,236人,100-299人 / 東京,432,432,1,http://www.igaku-shoin.co.jp,
7010001001114,株式会社ＳＩＧグループ,13:東京都,40人,30-99人 / 東京,352,352,1,https://www.sig-group.co.jp/,
7010001002962,サイバネットシステム株式会社,13:東京都,374人,300-999人 / 東京,277,277,1,http://www.cybernet.co.jp/,
7010001004348,ソフトム株式会社,13:東京都,22人,10-29人 / 東京,299,299,1,http://www.softom.co.jp/,
7010001018703,株式会社時事通信社,13:東京都,1000人,1000人以上 / 東京,147,147,1,https://www.jiji.co.jp/recruit/workstyle,
7010001022317,株式会社ダンクソフト,13:東京都,28人,10-29人 / 東京,299,299,1,https://www.dunksoft.com/,
7010001022911,株式会社千代田ビデオ,13:東京都,143人,100-299人 / 東京,432,432,1,https://www.chiyoda-v.co.jp/,
7010001025724,日経メディアマーケティング株式会社,13:東京都,174人,100-299人 / 東京,432,432,1,https://www.nikkeimm.co.jp/,
7010001030732,株式会社メディックス,13:東京都,318人,300-999人 / 東京,277,277,1,http://www.medix-inc.co.jp,
7010001033280,株式会社日本信用情報機構,13:東京都,116人,100-299人 / 東京,432,432,1,https://www.jicc.co.jp,
7010001033371,日本ソフトウエア株式会社,13:東京都,100人,100-299人 / 東京,432,432,1,https://www.nsk-japan.co.jp/challenge30/,
7010001035087,旭情報サービス株式会社,13:東京都,1952人,1000人以上 / 東京,147,147,1,http://www.aiskk.co.jp/,
7010001062783,株式会社アルゴグラフィックス,13:東京都,586人,300-999人 / 東京,277,277,1,http://www.argo-graph.co.jp/,
7010001063732,株式会社日本デジコム,13:東京都,32人,30-99人 / 東京,352,352,1,https://www.jdc.ne.jp/,
7010001064648,ＮＴＴドコモビジネス株式会社,13:東京都,6294人,1000人以上 / 東京,147,147,1,https://www.ntt.com/about-us/we-are-innovative/diversity.html,
7010001065142,ＮＴＴ株式会社,13:東京都,2950人,1000人以上 / 東京,147,147,1,https://group.ntt/jp/,
7010001076775,株式会社交通新聞社,13:東京都,244人,100-299人 / 東京,432,432,1,http://www.kotsu.co.jp/,
7010001086345,株式会社ワンブリッジ,13:東京都,55人,30-99人 / 東京,352,352,1,http://www.1bridge.co.jp/,
7010001086832,株式会社トラストシステム,13:東京都,281人,100-299人 / 東京,432,432,1,https://www.trustsystem.co.jp/company/company,
7010001087351,インタープリズム株式会社,13:東京都,77人,30-99人 / 東京,352,352,1,https://www.interprism.co.jp/,https://www.interprism.co.jp/recruit/
7010001087640,メディカル・データ・ビジョン株式会社,13:東京都,170人,100-299人 / 東京,432,432,1,http://www.mdv.co.jp/,
7010001087896,株式会社つなぐネットコミュニケーションズ,13:東京都,115人,100-299人 / 東京,432,432,1,https://www.tsunagunet.com/files/user/actplan/koudou.pdf,
7010001089876,株式会社ナビット,13:東京都,51人,30-99人 / 東京,352,352,1,https://www.navit-j.com/,
7010001092483,Ｔｅｃｈｎｏｃｒａｔｓ　Ｊａｐａｎ株式会社,13:東京都,110人,100-299人 / 東京,432,432,1,http://www.technocrats.jp/,
7010001095429,株式会社ＭＳＳ,13:東京都,33人,30-99人 / 東京,352,352,1,https://mssinc.jp/,
7010001096088,アシアル株式会社,13:東京都,40人,30-99人 / 東京,352,352,1,http://www.asial.co.jp/,
7010001098217,華為技術日本株式会社,13:東京都,950人,300-999人 / 東京,277,277,1,https://www.huawei.com/jp/,
7010001108792,株式会社システムマネージメント,13:東京都,87人,30-99人 / 東京,352,352,1,https://www.smc-net.co.jp/,
7010001118750,ソフトヒューベリオン株式会社,13:東京都,265人,100-299人 / 東京,432,432,1,https://soft-hyperion.com,
7010001123651,ｇｒｏｘｉ株式会社,13:東京都,209人,100-299人 / 東京,432,432,1,https://groxi.jp,
7010001128618,株式会社アクセル・モード,13:東京都,89人,30-99人 / 東京,352,352,1,https://www.axcel-mode.co.jp/,
7010001133477,株式会社クオリア・グローバル・エージェンシー,13:東京都,22人,10-29人 / 東京,299,299,1,http://www.qualia-ga.co.jp,
7010001134137,株式会社ラック,13:東京都,1924人,1000人以上 / 東京,147,147,1,https://www.lac.co.jp/,
7010001134211,株式会社エフ・ディー・シー,13:東京都,198人,100-299人 / 東京,432,432,1,https://www.fdc-inc.co.jp/about/csr/,
7010001134236,アルファテック・ソリューションズ株式会社,13:東京都,292人,100-299人 / 東京,432,432,1,http://www.alphatec-sol.co.jp/,
7010001139193,いきいきメディケアサポート株式会社,13:東京都,7人,5-9人 / 東京,157,157,1,https://www.ikiikimedicare.co.jp/,https://saiyou.doraku-holdings.co.jp/
7010001143666,ルームクリップ株式会社,13:東京都,150人,100-299人 / 東京,432,432,1,http://roomclip.jp/,
7010001144697,株式会社オキシス,13:東京都,37人,30-99人 / 東京,352,352,1,http://oxis.co.jp/,
7010001145877,イナゾウ株式会社,13:東京都,60人,30-99人 / 東京,352,352,1,https://inazou.jp,
7010001147527,株式会社えんがわ,13:東京都,4人,1-4人 / 東京,189,189,1,https://engawa.jp/,
7010001148302,ＹＵＩＭＥ株式会社,13:東京都,67人,30-99人 / 東京,352,352,1,http://abridge-co.jp/,
7010001150407,ジェイズ・テクノロジー株式会社,13:東京都,174人,100-299人 / 東京,432,432,1,https://js-tech.co.jp/,
7010001150464,株式会社アンヴィル,13:東京都,30人,30-99人 / 東京,352,352,1,https://www.anvil.ne.jp,
7010001150539,株式会社ゼンリンマーケティングソリューションズ,13:東京都,100人,100-299人 / 東京,432,432,1,https://www.zenrin-ms.co.jp/,
7010001157823,株式会社ミラボ,13:東京都,130人,100-299人 / 東京,432,432,1,https://mi-labo.co.jp/,
7010001184347,株式会社アクシス・クリエイト,13:東京都,832人,300-999人 / 東京,277,277,1,http://www.axiscreate.com/index.html,
7010001190320,ＹＡＫＫ株式会社,13:東京都,2人,1-4人 / 東京,189,189,1,https://www.yakk.co.jp/,
7010001190931,Ｃｏｌｏｒｆｕｌ株式会社,13:東京都,9人,5-9人 / 東京,157,157,1,https://colorful-inc.jp/,
7010001204947,株式会社Ｑｕａｎｔｏｍｉｃｓ,13:東京都,5人,5-9人 / 東京,157,157,1,https://quantomics.co.jp/,
7010001207272,ネオス株式会社,13:東京都,185人,100-299人 / 東京,432,432,1,https://www.neoscorp.jp/,
7010001214293,株式会社プログレス,13:東京都,108人,100-299人 / 東京,432,432,1,https://www.progress-all.co.jp/,
7010001224615,株式会社トレファクテクノロジーズ,13:東京都,16人,10-29人 / 東京,299,299,1,https://www.trefac-t.tech/,
7010001241288,株式会社Ａｆｆａｉｒ,13:東京都,1人,1-4人 / 東京,189,189,1,https://affair.co.jp/,
7010001241767,株式会社ありあまる,13:東京都,6人,5-9人 / 東京,157,157,1,https://ariamaru.co.jp/about/,
7010001247946,株式会社マクロミル,13:東京都,1308人,1000人以上 / 東京,147,147,1,http://www.macromill.com/,
7010002036506,株式会社Ｓｐｅｌｌｄａｔａ,13:東京都,6人,5-9人 / 東京,157,157,1,https://join.spelldata.co.jp/about/women_success_action_plan.html,
7010101012242,株式会社ビルディット,13:東京都,7人,5-9人 / 東京,157,157,1,https://bldt.jp/,
7010401003890,株式会社エーエスエル,13:東京都,550人,300-999人 / 東京,277,277,1,http://www.asl.co.jp/,
7010401004245,エイベックス株式会社,13:東京都,1400人,1000人以上 / 東京,147,147,1,http://www.avex.co.jp/,
7010401008436,株式会社クレオ,13:東京都,508人,300-999人 / 東京,277,277,1,http://www.creo.co.jp,
7010401008700,株式会社クレスコ,13:東京都,1689人,1000人以上 / 東京,147,147,1,http://www.cresco.co.jp,
7010401018749,電通工業株式会社,13:東京都,183人,100-299人 / 東京,432,432,1,https://www.dentsu.ne.jp/,
7010401022214,株式会社ＷＯＷＯＷ,13:東京都,331人,300-999人 / 東京,277,277,1,https://corporate.wowow.co.jp/society/hrm/,
7010401022924,ＮＥＣネクサソリューションズ株式会社,13:東京都,1975人,1000人以上 / 東京,147,147,1,http://www.nec-nexs.com/,
7010401022973,日本電算企画株式会社,13:東京都,104人,100-299人 / 東京,432,432,1,https://www.densan-kikaku.co.jp,
7010401022998,株式会社日経ラジオ社,13:東京都,63人,30-99人 / 東京,352,352,1,https://www.radionikkei.jp/,
7010401027345,株式会社報知新聞社,13:東京都,531人,300-999人 / 東京,277,277,1,http://www.hochi.co.jp/,
7010401038045,芝情報株式会社,13:東京都,57人,30-99人 / 東京,352,352,1,https://www.shibajoho.co.jp/,
7010401040174,株式会社エヌ・ティ・ティ・データ・イントラマート,13:東京都,343人,300-999人 / 東京,277,277,1,https://www.intra-mart.jp/company/diversity.html,
7010401050297,ノアソリューション株式会社,13:東京都,37人,30-99人 / 東京,352,352,1,http://noahsi.com/company.html,
7010401052137,東芝デジタルソリューションズ株式会社,14:神奈川県,3084人,1000人以上 / 主要都市圏,54,54,1,https://www.global.toshiba/jp/company/digitalsolution/recruit/special.html,
7010401053829,株式会社電通総研,13:東京都,2502人,1000人以上 / 東京,147,147,1,https://www.dentsusoken.com/,
7010401057986,ＶＩＰソフトウェア株式会社,13:東京都,40人,30-99人 / 東京,352,352,1,http://www.vip-soft.jp/,
7010401064446,株式会社アイエスエイプラン,13:東京都,100人,100-299人 / 東京,432,432,1,https://isa-plan.jp/,
7010401066161,株式会社コクーン,13:東京都,15人,10-29人 / 東京,299,299,1,http://www.cocoon-jp.com,
7010401069585,株式会社日本データコントロール,13:東京都,314人,300-999人 / 東京,277,277,1,https://www.ndc-net.co.jp/,
7010401075294,株式会社フォイス,13:東京都,70人,30-99人 / 東京,352,352,1,http://www.fois.co.jp,
7010401078314,株式会社ナビタイムジャパン,13:東京都,430人,300-999人 / 東京,277,277,1,https://corporate.navitime.co.jp/,
7010401079196,エヌシーティ株式会社,13:東京都,50人,30-99人 / 東京,352,352,1,http://www.nct-corporation.com/,http://www.nct-corporation.com/page006.html
7010401085764,さくら情報システム株式会社,13:東京都,1201人,1000人以上 / 東京,147,147,1,https://www.sakura-is.co.jp/sustainability/diversity/,
7010401085888,富士インフォックス・ネット株式会社,13:東京都,190人,100-299人 / 東京,432,432,1,https://www.infoxnet.co.jp/,
7010401089880,エキサイト株式会社,13:東京都,131人,100-299人 / 東京,432,432,1,https://www.excite.co.jp/,
7010401090780,株式会社フレクシェ,13:東京都,17人,10-29人 / 東京,299,299,1,https://www.flexsche.com/,
7010401090888,Ｒｅｔｔｙ株式会社,13:東京都,250人,100-299人 / 東京,432,432,1,https://retty.me/,
7010401093098,株式会社共同通信デジタル,13:東京都,87人,30-99人 / 東京,352,352,1,https://kyodo-d.recruitment.jp/workenvironment/#link005,
7010401096035,株式会社プレイド,13:東京都,425人,300-999人 / 東京,277,277,1,https://plaid.co.jp/,
7010401097553,株式会社スパイク・チュンソフト,13:東京都,262人,100-299人 / 東京,432,432,1,http://www.spike-chunsoft.co.jp/,
7010401098601,株式会社協栄情報,13:東京都,315人,300-999人 / 東京,277,277,1,https://www.cp-info.co.jp/,
7010401100003,ＮＴＴドコモビジネスソリューションズ株式会社,13:東京都,5000人,1000人以上 / 東京,147,147,1,https://www.docomobs.com/,
7010401103914,株式会社ＪＵＮＥＳＥＰ,13:東京都,30人,30-99人 / 東京,352,352,1,https://junesep.com/,
7010401108252,Ｉｎｄｅｅｄ　Ｊａｐａｎ株式会社,13:東京都,653人,300-999人 / 東京,277,277,1,https://jp.indeed.com/esg/governance,
7010401110126,株式会社ｃｏｌｙ,13:東京都,460人,300-999人 / 東京,277,277,1,https://colyinc.com/,
7010401110175,株式会社トランスファーデータ,13:東京都,97人,30-99人 / 東京,352,352,1,https://transferdata.co.jp/,
7010401114993,株式会社ライナフ,13:東京都,45人,30-99人 / 東京,352,352,1,http://linough.com/,
7010401115835,株式会社ＳＵＰＥＲ　ＳＴＵＤＩＯ,13:東京都,354人,300-999人 / 東京,277,277,1,http://www.super-studio.jp/,
7010401139405,株式会社ＴＢＳスパークル,13:東京都,1236人,1000人以上 / 東京,147,147,1,https://www.tbssparkle.co.jp/,
7010401143547,株式会社クリア,13:東京都,350人,300-999人 / 東京,277,277,1,https://clear-inc.site/,
7010401152721,ｃｙｃａｌｔｒｕｓｔ株式会社,13:東京都,6人,5-9人 / 東京,157,157,1,https://cycaltrust.co.jp/,
7010401156994,株式会社ファルコ,13:東京都,41人,30-99人 / 東京,352,352,1,https://falco-ali.co.jp/PARAMETER/,
7010401157349,株式会社ｃａｒｏａ,13:東京都,3人,1-4人 / 東京,189,189,1,https://caroa.jp/corp/we,
7010401158504,株式会社ワークスアプリケーションズ・フロンティア,13:東京都,80人,30-99人 / 東京,352,352,1,https://www.wapf.co.jp/,
7010401160591,ＮＵＮＷ株式会社,13:東京都,20人,10-29人 / 東京,299,299,1,https://www.nunw.jp/,
7010401162448,株式会社ＤＸコンパス,13:東京都,12人,10-29人 / 東京,299,299,1,https://www.dxcompass.co.jp,
7010401173214,株式会社Ｐｈｏｔｉａ,13:東京都,1人,1-4人 / 東京,189,189,1,https://photia.co.jp/,
7010401176308,株式会社ＡＩＭ,13:東京都,3人,1-4人 / 東京,189,189,1,https://ai-management.biz/,
7010401177165,ＮＩＫＳＥＮＴ株式会社,13:東京都,1人,1-4人 / 東京,189,189,1,https://niksent.com,
7010401180235,株式会社スタートアップサポーター,13:東京都,2人,1-4人 / 東京,189,189,1,https://startup-supporter.com/,
7010402024481,有限会社クワデータ,13:東京都,100人,100-299人 / 東京,432,432,1,https://www.kuwadata.com/,
7010403009762,株式会社ハルメク,13:東京都,130人,100-299人 / 東京,432,432,1,https://halmek.co.jp/corp,
7010501010449,日本自動化開発株式会社,13:東京都,620人,300-999人 / 東京,277,277,1,http://www.jadc.co.jp/,
7010501023161,アクセンチュア・テック・ドライブ株式会社,13:東京都,27人,10-29人 / 東京,299,299,1,http://www.popular-soft.com/ja/,
7010501032105,株式会社Ｔｗｉｎ　Ｓｔａｒｓ,13:東京都,7人,5-9人 / 東京,157,157,1,https://twinstars.co.jp/,
7010503006131,合同会社Ｍｏｎｏｉｄ,13:東京都,18人,10-29人 / 東京,299,299,1,https://www.monoid.co.jp/ja-JP/,
7010601021255,株式会社日本テクノ開発,13:東京都,152人,100-299人 / 東京,432,432,1,https://www.ntec-net.co.jp,
7010601022674,ＮＥＣソリューションイノベータ株式会社,13:東京都,12344人,1000人以上 / 東京,147,147,1,https://www.nec-solutioninnovators.co.jp/csr/society/inclusion-diversity.html,
7010601034422,株式会社ラックサイバーリンク,13:東京都,246人,100-299人 / 東京,432,432,1,https://www.lac-cyberlink.co.jp/about/company/,
7010601039529,クラウンコンサルティング株式会社,13:東京都,10人,10-29人 / 東京,299,299,1,https://www.clown.co.jp/,
7010601041006,日本ヒューレット・パッカード合同会社,13:東京都,3000人,1000人以上 / 東京,147,147,1,https://www.hpe.com/jp/ja/home.html,
7010601050510,株式会社マイベスト,13:東京都,241人,100-299人 / 東京,432,432,1,https://my-best.com/company,
7010601052795,ａｉｗｅｌｌ株式会社,13:東京都,12人,10-29人 / 東京,299,299,1,https://www.aiwelljapan.com/,
7010601056251,株式会社プラン＆アイ,13:東京都,6人,5-9人 / 東京,157,157,1,https://www.planandi.com,
7010701007410,日軽情報システム株式会社,13:東京都,141人,100-299人 / 東京,432,432,1,http://group.nikkeikin.co.jp/nis/,
7010701007922,ネットワンシステムズ株式会社,13:東京都,2367人,1000人以上 / 東京,147,147,1,https://www.netone.co.jp/,
7010701012534,ＡＮＡシステムズ株式会社,13:東京都,911人,300-999人 / 東京,277,277,1,http://www.anasystems.co.jp,
7010701014258,株式会社ディライトテクノロジー,13:東京都,42人,30-99人 / 東京,352,352,1,https://www.delight-tec.jp/,
7010701015768,株式会社ビッツ,13:東京都,279人,100-299人 / 東京,432,432,1,https://www.bits.co.jp/,
7010701019273,株式会社バンダイナムコエンターテインメント,13:東京都,822人,300-999人 / 東京,277,277,1,http://bandainamcoent.co.jp/,
7010701020487,ＦｕｔｕｒｅＯｎｅ株式会社,13:東京都,273人,100-299人 / 東京,432,432,1,https://www.future-one.co.jp/recruit/environment.html,
7010701022599,株式会社プロズサービス,13:東京都,17人,10-29人 / 東京,299,299,1,https://www.pros-service.co.jp/,
7010701022764,株式会社メンバーズ,13:東京都,1464人,1000人以上 / 東京,147,147,1,https://www.members.co.jp/,
7010701023110,株式会社ＥＳＮＡ,13:東京都,70人,30-99人 / 東京,352,352,1,http://www.esna.jp/,
7010701028670,株式会社ダイアログ,13:東京都,100人,100-299人 / 東京,432,432,1,http://www.dialog-inc.com/,
7010701029792,株式会社ＳＥＡ,13:東京都,79人,30-99人 / 東京,352,352,1,https://sea-itsoft.com/,
7010701030065,セーフィー株式会社,13:東京都,568人,300-999人 / 東京,277,277,1,https://safie.co.jp/recruit/,
7010801019941,株式会社フォーバルカエルワーク,13:東京都,125人,100-299人 / 東京,432,432,1,https://www.kaeruwork.co.jp/,
7010901048898,株式会社ｓｅｃｒｅｔ　ｐｌａｃｅ,13:東京都,6人,5-9人 / 東京,157,157,1,https://secretplace.co.jp/,
7010901049921,株式会社ラボル,13:東京都,47人,30-99人 / 東京,352,352,1,https://labol.co.jp/corp/,
7010902025954,有限会社フードページ,13:東京都,5人,5-9人 / 東京,157,157,1,https://food-page.com/,https://food-page.com/?page_id=2984
7011001001789,株式会社アルファシステムズ,14:神奈川県,2987人,1000人以上 / 主要都市圏,54,54,1,https://www.alpha.co.jp/,
7011001025581,株式会社ロボット,13:東京都,211人,100-299人 / 東京,432,432,1,http://www.robot.co.jp/,
7011001031530,株式会社むげん企画,13:東京都,8人,5-9人 / 東京,157,157,1,http://www.mugen-k.co.jp/,
7011001037734,ＧＭＯグローバルサイン・ホールディングス株式会社,13:東京都,400人,300-999人 / 東京,277,277,1,http://ir.gmocloud.com/,
7011001045654,イサナドットネット株式会社,13:東京都,45人,30-99人 / 東京,352,352,1,https://www.isana.net,https://job.career-tasu.jp/corp/00047988/
7011001048780,ＨａｐＩｎＳ株式会社,13:東京都,105人,100-299人 / 東京,432,432,1,https://hapins.net/company,
7011001054309,シーオス株式会社,13:東京都,200人,100-299人 / 東京,432,432,1,https://www.seaos.co.jp/,
7011001059638,株式会社コロプラ,13:東京都,572人,300-999人 / 東京,277,277,1,http://colopl.co.jp,
7011001072517,スカイリーフ株式会社,13:東京都,44人,30-99人 / 東京,352,352,1,http://www.skyleaf.co.jp/,
7011001091938,プライムナンバーズ株式会社,13:東京都,50人,30-99人 / 東京,352,352,1,https://primenumbers.co.jp/,https://primenumbers.co.jp/recruit/
7011001097373,株式会社マスクマン,13:東京都,9人,5-9人 / 東京,157,157,1,https://maskman.co.jp,
7011001106943,ＴＤＩ株式会社,13:東京都,980人,300-999人 / 東京,277,277,1,https://www.tdi.co.jp/,
7011001115102,株式会社ＡＲＩＳＥ　ａｎａｌｙｔｉｃｓ,13:東京都,205人,100-299人 / 東京,432,432,1,https://www.ariseanalytics.com/recruit/benefits/,
7011001116975,株式会社Ｕ‐ＮＥＸＴ,13:東京都,659人,300-999人 / 東京,277,277,1,https://www.unext.co.jp/ja,
7011001119532,ハマナス株式会社,13:東京都,10人,10-29人 / 東京,299,299,1,https://www.hermanus.co.jp/,https://www.hermanus.co.jp/
7011001125191,株式会社ＣＡＲＥＡＲＣ,13:東京都,4人,1-4人 / 東京,189,189,1,https://carearc.co.jp/,
7011001151171,株式会社Ｅｎｇｉｎｅｅ,13:東京都,16人,10-29人 / 東京,299,299,1,https://www.enginee.co.jp/,
7011001160825,株式会社Ｖｉｅｔａ　Ｊｕｍｐｉｎｇ,13:東京都,2人,1-4人 / 東京,189,189,1,https://vietajumping.com/,
7011001161666,株式会社ＳｐｉｎＦｌｏｗ,13:東京都,3人,1-4人 / 東京,189,189,1,https://www.spinflow.jp/index.html,
7011001168604,エデュニア株式会社,13:東京都,2人,1-4人 / 東京,189,189,1,https://edunear.com/,
7011101008362,株式会社シー・アイ・シー,13:東京都,214人,100-299人 / 東京,432,432,1,https://www.cic.co.jp/,
7011101011259,株式会社ゼネテック,13:東京都,483人,300-999人 / 東京,277,277,1,http://www.genetec.co.jp/,
7011101013494,株式会社テクノウェアシンク,13:東京都,297人,100-299人 / 東京,432,432,1,https://www.technowarethink.co.jp/,
7011101027073,株式会社アイ・ティー・ワン,13:東京都,282人,100-299人 / 東京,432,432,1,http://www.it-one.co.jp/,
7011101032123,株式会社ベリサーブ,13:東京都,1306人,1000人以上 / 東京,147,147,1,http://www.veriserve.co.jp/,
7011101033773,ＳＢテクノロジー株式会社,13:東京都,1165人,1000人以上 / 東京,147,147,1,https://www.softbanktech.co.jp/corp/hr/personnel-policies/women-careers/,
7011101038673,株式会社デジカル,13:東京都,8人,5-9人 / 東京,157,157,1,http://www.digical.co.jp,
7011101042353,株式会社クスール,13:東京都,6人,5-9人 / 東京,157,157,1,https://cshool.jp/,
7011101060388,ＳＣＳＫ　Ｍｉｎｏｒｉソリューションズ株式会社,13:東京都,1316人,1000人以上 / 東京,147,147,1,https://www.scskminori.co.jp/,
7011101060669,株式会社Ａｉｍｉｎｇ,13:東京都,515人,300-999人 / 東京,277,277,1,http://aiming-inc.com/ja/,
7011101062095,クオリカ株式会社,13:東京都,945人,300-999人 / 東京,277,277,1,http://www.qualica.co.jp/,
7011101062541,ＡＪＳ株式会社,13:東京都,733人,300-999人 / 東京,277,277,1,http://www.ajs.co.jp/,
7011101071501,株式会社アルビノ,13:東京都,3人,1-4人 / 東京,189,189,1,https://www.albino.co.jp/about/,https://www.albino.co.jp/recruit/
7011101076285,株式会社ＩＮＡＰ　Ｖｉｓｉｏｎ,13:東京都,34人,30-99人 / 東京,352,352,1,https://www.inap-vision.co.jp/,
7011101078414,株式会社シナモン,13:東京都,45人,30-99人 / 東京,352,352,1,http://cinnamon.is,
7011101079619,ニフティ株式会社,13:東京都,456人,300-999人 / 東京,277,277,1,http://www.nifty.co.jp/,
7011101081186,株式会社ＳｍａｒｔＷｏｒＸ,13:東京都,36人,30-99人 / 東京,352,352,1,https://smartworx.co.jp/,
7011101094691,株式会社カマルド,13:東京都,38人,30-99人 / 東京,352,352,1,https://kamarudo.co.jp/,
7011103006125,株式会社リクエストエージェント,13:東京都,1人,1-4人 / 東京,189,189,1,https://request-agent.co.jp,https://request-agent.co.jp/recruit/
7011103013170,合同会社世界散歩,13:東京都,8人,5-9人 / 東京,157,157,1,https://sekai-sanpo.com/administrator/company/,
7011105002089,独立行政法人統計センター,13:東京都,904人,300-999人 / 東京,277,277,1,https://www.nstac.go.jp/release/project.html,
7011201000780,エス・ビー・エス株式会社,13:東京都,119人,100-299人 / 東京,432,432,1,https://www.sbsnt.co.jp/,
7011201012157,ＭＫＩテクノロジーズ株式会社,13:東京都,491人,300-999人 / 東京,277,277,1,http://www.mkitec.co.jp/,
7011201014839,株式会社エイトバルーン,13:東京都,3人,1-4人 / 東京,189,189,1,https://8balloons.co.jp/,
7011203002511,株式会社Ｍａｓｓｉｖｅ　Ａｃｔ,13:東京都,12人,10-29人 / 東京,299,299,1,https://massive-act.com/recruit/,
7011301012643,システムズ・デザイン株式会社,13:東京都,366人,300-999人 / 東京,277,277,1,http://www.sdcj.co.jp/,
7011401018367,株式会社Ａｍａｎｅ,13:東京都,83人,30-99人 / 東京,352,352,1,https://amne.co.jp/,
7011501010257,株式会社オーネスト,13:東京都,165人,100-299人 / 東京,432,432,1,https://honest2000.co.jp/index.html,https://job.mynavi.jp/27/pc/search/corp283539/outline.html
7011501018770,株式会社産業技術情報研究所,13:東京都,1人,1-4人 / 東京,189,189,1,https://www.i-aiti.com/,
7011601000389,コンピュータシステム株式会社,13:東京都,137人,100-299人 / 東京,432,432,1,https://www.computer-system.jp/,
7011601017532,株式会社Ｓｅｖｅｎ　Ａｒｃｓ,13:東京都,20人,10-29人 / 東京,299,299,1,http://www.7arcs.co.jp/,
7011601021591,株式会社コーピー,13:東京都,59人,30-99人 / 東京,352,352,1,https://corpy.co.jp/,
7011701004273,スターツ出版株式会社,13:東京都,258人,100-299人 / 東京,432,432,1,https://starts-pub.jp/,
7011701020527,株式会社ナピル,13:東京都,60人,30-99人 / 東京,352,352,1,https://www.enapir.com/index.html,
7011701025889,Ｏｄｍ株式会社,12:千葉県,2人,1-4人 / 主要都市圏,119,119,1,https://odm.homes/,
7011801021598,株式会社クルージス,13:東京都,10人,10-29人 / 東京,299,299,1,http://www.crusis.co.jp/,
7011801027752,株式会社ディリット,14:神奈川県,5人,5-9人 / 主要都市圏,77,77,1,https://diritto.co.jp/,
7011801037421,Ｃａｒｐｅ　ｄｉｅｍ株式会社,13:東京都,19人,10-29人 / 東京,299,299,1,https://carpediemcorporation.com/,
7011801037826,Ｔｒｕｓｔｅｃ株式会社,13:東京都,48人,30-99人 / 東京,352,352,1,https://trustec-inc.co.jp/,
7012301008086,株式会社ティーエスシー,13:東京都,39人,30-99人 / 東京,352,352,1,https://www.kk-tsc.com/,
7012401000521,国際ソフトウェア株式会社,13:東京都,234人,100-299人 / 東京,432,432,1,https://www.ksw.co.jp/,
7012401003912,日本データパシフィック株式会社,13:東京都,31人,30-99人 / 東京,352,352,1,https://www.datapacific.co.jp/,
7012401004225,フューチャーアーティザン株式会社,13:東京都,297人,100-299人 / 東京,432,432,1,https://www.future-artisan.co.jp/,
7012401013928,株式会社フラッグ,13:東京都,301人,300-999人 / 東京,277,277,1,https://www.flag-pictures.co.jp/,
7012401024272,Ｎ’ｓシステム株式会社,13:東京都,8人,5-9人 / 東京,157,157,1,http://www.ns-system-corp.sakura.ne.jp/,http://www.ns-system-corp.sakura.ne.jp/
7012401031129,株式会社ＫｉＺＵＫＡＩ,13:東京都,12人,10-29人 / 東京,299,299,1,https://kizukai.com/,
7012401039196,Ｍ＆Ａ　Ｌｅａｄ株式会社,13:東京都,11人,10-29人 / 東京,299,299,1,https://malead.co.jp/,
7012701001368,株式会社サンエフ,13:東京都,49人,30-99人 / 東京,352,352,1,http://www.sanefu.com/index.php,
7013101003905,株式会社クレアンスメアード,13:東京都,41人,30-99人 / 東京,352,352,1,https://www.creansmaerd.co.jp/,
7013101007303,株式会社森未来,13:東京都,5人,5-9人 / 東京,157,157,1,https://shin-mirai.co.jp/,
7013201012673,株式会社オロ,13:東京都,335人,300-999人 / 東京,277,277,1,https://www.oro.com/ja/,
7013201018266,株式会社ヒッツカンパニー,13:東京都,157人,100-299人 / 東京,432,432,1,https://www.hits-company.co.jp/,
7013301002038,株式会社エフ・エム,13:東京都,207人,100-299人 / 東京,432,432,1,https://www.fmget.co.jp/,
7013301005882,株式会社セゾンテクノロジー,13:東京都,696人,300-999人 / 東京,277,277,1,https://www.saison-technology.com/,
7013301016236,株式会社エイ・エス・シー,13:東京都,43人,30-99人 / 東京,352,352,1,http://www.asc-net.co.jp,
7013301035450,イーライフシステム株式会社,13:東京都,12人,10-29人 / 東京,299,299,1,https://www.elifes.co.jp,
7013301038932,Ｇｏ　Ｊａｐａｎ株式会社,13:東京都,40人,30-99人 / 東京,352,352,1,https://gojapan.ne.jp/,
7013301041481,Ｄ．Ｃｒｅｗｓ株式会社,13:東京都,16人,10-29人 / 東京,299,299,1,https://www.dcrews.co.jp/,
7013301042835,株式会社アイ・イーグループ,13:東京都,488人,300-999人 / 東京,277,277,1,https://www.ie-group.co.jp/index.html,
7013401000908,株式会社インフォテクノ朝日,13:東京都,601人,300-999人 / 東京,277,277,1,https://www.it-asahi.com/,
7020001008686,株式会社三技協,14:神奈川県,304人,300-999人 / 主要都市圏,86,86,1,https://www.sangikyo.co.jp/,
7020001011541,株式会社ジャンボ,14:神奈川県,26人,10-29人 / 主要都市圏,189,189,1,http://www.jmb.co.jp/,
7020001030145,株式会社アイネット,14:神奈川県,1041人,1000人以上 / 主要都市圏,54,54,1,http://www.inet.co.jp,
7020001045779,株式会社ウッドペッカー,14:神奈川県,7人,5-9人 / 主要都市圏,77,77,1,http://woodpecker.co.jp/,
7020001056891,株式会社アルテック,14:神奈川県,17人,10-29人 / 主要都市圏,189,189,1,https://altech-co.net/,
7020001073920,東芝情報システム株式会社,14:神奈川県,1495人,1000人以上 / 主要都市圏,54,54,1,https://www.tjsys.co.jp/,
7020001079819,株式会社ビーシステム,14:神奈川県,30人,30-99人 / 主要都市圏,188,188,1,http://www.fc-soft.jp/,
7020001083903,株式会社ファンコーポレーション,14:神奈川県,16人,10-29人 / 主要都市圏,189,189,1,https://www.funco.co.jp/,
7020001091641,株式会社シーサイド,44:大分県,1人,1-4人 / その他,50,50,1,https://c-side.co.jp/,
7020001091897,株式会社ＮＴＣシステム,13:東京都,294人,100-299人 / 東京,432,432,1,https://www.ntc-s.co.jp/female-success-promotion/,
7020001109369,株式会社イングクラウド,13:東京都,11人,10-29人 / 東京,299,299,1,https://www.ingcrowd.jp/,
7020001112703,株式会社Ｎｅｘｔ　Ｓｔａｇｅ,13:東京都,9人,5-9人 / 東京,157,157,1,https://next-stage.biz/,
7020001124079,株式会社エイチビーラボジャパン,13:東京都,35人,30-99人 / 東京,352,352,1,https://hblab.co.jp/,
7020001136297,ＣＯＮＯＣ株式会社,13:東京都,7人,5-9人 / 東京,157,157,1,https://conoc.co.jp/,
7021001009146,システムワークスジャパン株式会社,14:神奈川県,48人,30-99人 / 主要都市圏,188,188,1,https://swj.co.jp/,
7021001025184,株式会社サイプレス,12:千葉県,11人,10-29人 / 主要都市圏,189,189,1,http://cypress.co.jp/,
7030001003876,株式会社システムインテグレータ,11:埼玉県,265人,100-299人 / 主要都市圏,186,186,1,https://corporate.sint.co.jp/,
7040001013585,バイシンク・エンタテインメント株式会社,13:東京都,13人,10-29人 / 東京,299,299,1,https://bisync.net/aboutus/,
7040001034425,ＷｅＬｅａｒｎ株式会社,13:東京都,37人,30-99人 / 東京,352,352,1,https://www.welearn.co.jp/top/,
7040001049019,株式会社ＡＥＶＩＣ,13:東京都,264人,100-299人 / 東京,432,432,1,http://www.aevic.co.jp/,https://www.aevic.co.jp/recruit-course/
7040001060933,株式会社全栄プロモーション,12:千葉県,2人,1-4人 / 主要都市圏,119,119,1,http://www.zenei-pro.jp/,
7040001070635,株式会社フライズ,12:千葉県,8人,5-9人 / 主要都市圏,77,77,1,https://frize.jp/,
7040001088108,株式会社レイヴン,12:千葉県,3人,1-4人 / 主要都市圏,119,119,1,http://reiven.jp/,
7040001097570,株式会社アリエ,12:千葉県,14人,10-29人 / 主要都市圏,189,189,1,https://www.aryeh.co.jp,
7050001007537,株式会社ＳＡＹコンピュータ,08:茨城県,46人,30-99人 / その他,169,169,1,https://www.saycom.jp/,https://www.saycom.jp/recruit
7050001023583,日本システムハウス株式会社,13:東京都,101人,100-299人 / 東京,432,432,1,http://www.systemhouse-co.com/,
7050001034556,株式会社ＴＯＫＩＵＭ,13:東京都,250人,100-299人 / 東京,432,432,1,https://www.keihi.com/company/company/,
7050001034705,株式会社遠藤システム,08:茨城県,60人,30-99人 / その他,169,169,1,http://www.endosystem.co.jp/,
7070001035437,ＬＯＣＡＬ　ＰＯＷＥＲ株式会社,10:群馬県,1人,1-4人 / その他,50,50,1,https://local-power.co.jp/actionplan,
7080001000002,株式会社アイアールシー・データ・プロ・テクニカ,22:静岡県,40人,30-99人 / その他,169,169,1,http://www.ircd.co.jp/index.html,
7080001008391,鈴与システムテクノロジー株式会社,22:静岡県,319人,300-999人 / その他,76,76,1,https://www.sst-web.com/recruit/data/,
7080401009634,株式会社アーティス,22:静岡県,26人,10-29人 / その他,129,129,1,https://www.asobou.co.jp/recruit/office/,
7100001007977,ルミーズ株式会社,20:長野県,57人,30-99人 / その他,169,169,1,https://www.remise.co.jp/,
7100001035895,株式会社Ｃｒｅａｔｏｐｉａ,47:沖縄県,2人,1-4人 / その他,50,50,1,https://creatopia.jp,
7110001002498,システムリサーチ株式会社,15:新潟県,52人,30-99人 / その他,169,169,1,http://www.srn.co.jp/,
7110001021234,株式会社ピクシス・テクノロジーズ,13:東京都,180人,100-299人 / 東京,432,432,1,https://www.pixis-tec.co.jp/,
7110001028840,株式会社スマイルファーム,15:新潟県,7人,5-9人 / その他,65,65,1,http://smile-farm.co.jp/,
7120001008115,テクノラボ株式会社,27:大阪府,15人,10-29人 / 主要都市圏,189,189,1,http://www.technolabo.co.jp/,
7120001030358,ＮＲＩネットコム株式会社,27:大阪府,571人,300-999人 / 主要都市圏,86,86,1,http://www.nri-net.com/,
7120001048689,日本コムシンク株式会社,27:大阪府,206人,100-299人 / 主要都市圏,186,186,1,https://www.comthink.co.jp/index.php,
7120001075907,株式会社エムケイシステム,27:大阪府,121人,100-299人 / 主要都市圏,186,186,1,https://www.mks.jp/company/,
7120001077523,ＮＴＴ西日本株式会社,27:大阪府,13209人,1000人以上 / 主要都市圏,54,54,1,https://sub.www.ntt-west.co.jp/diversity/women/,
7120001086945,株式会社パイオン,27:大阪府,27人,10-29人 / 主要都市圏,189,189,1,http://www.pion.co.jp/index.html,
7120001091573,ユーザックシステム株式会社,27:大阪府,131人,100-299人 / 主要都市圏,186,186,1,https://www.usknet.com,
7120001093280,日本ソフトウエア株式会社,27:大阪府,123人,100-299人 / 主要都市圏,186,186,1,https://www.nsware.co.jp/,
7120001108039,株式会社アルメディア・ネットワーク,27:大阪府,61人,30-99人 / 主要都市圏,188,188,1,https://www.allmedia.co.jp/company/,
7120001123244,株式会社ニチワシステム,27:大阪府,51人,30-99人 / 主要都市圏,188,188,1,https://www.nichiwa-system.co.jp/,
7120001124399,株式会社シンクスマイル,13:東京都,12人,10-29人 / 東京,299,299,1,https://www.5smile.com/company,
7120001152508,株式会社アイティフォース,27:大阪府,66人,30-99人 / 主要都市圏,188,188,1,https://www.itforce.jp,
7120001166128,株式会社イッキクリエイション,27:大阪府,50人,30-99人 / 主要都市圏,188,188,1,http://ikki-creation.com,
7120001170526,Ｍ＆Ｃシステム株式会社,27:大阪府,21人,10-29人 / 主要都市圏,189,189,1,http://mandcsys-jp.com,
7120001181630,ＮＴＴ西日本ビジネスフロント株式会社,27:大阪府,3400人,1000人以上 / 主要都市圏,54,54,1,http://www.nttwest-bf.co.jp/,
7120001189070,株式会社エディトデザイン,27:大阪府,5人,5-9人 / 主要都市圏,77,77,1,https://edito.jp/,
7120001196562,ＭＡＳＨＴＡＫＥ株式会社,27:大阪府,6人,5-9人 / 主要都市圏,77,77,1,http://mashtake.jp/,
7120001203112,株式会社ＴＲＥＶＯ,27:大阪府,2人,1-4人 / 主要都市圏,119,119,1,https://www.trevo-web.com/,https://en-gage.net/trevo/
7120001211065,株式会社スリーセンシーズ,27:大阪府,2人,1-4人 / 主要都市圏,119,119,1,https://3senses.jp/#Company,
7120001239313,株式会社Ｌｉａｍ,40:福岡県,3人,1-4人 / 主要都市圏,119,119,1,https://liaminc.jp/,
7120001265648,株式会社ＫＲＯ,27:大阪府,5人,5-9人 / 主要都市圏,77,77,1,https://kro.co.jp/,
7120002076524,有限会社システムプラス,28:兵庫県,47人,30-99人 / 主要都市圏,188,188,1,https://system-plus.click/,
7120101032849,株式会社システムトラスト,27:大阪府,27人,10-29人 / 主要都市圏,189,189,1,http://www.system-trust.com,
7120101063506,株式会社京谷商会,27:大阪府,5人,5-9人 / 主要都市圏,77,77,1,https://kyotanishokai.co.jp,
7130001002835,株式会社京信システムサービス,26:京都府,139人,100-299人 / 主要都市圏,186,186,1,https://kssinet.co.jp/recruit/aboutus/,
7130001065444,株式会社タクマデザイン,26:京都府,4人,1-4人 / 主要都市圏,119,119,1,https://takumadesign.com/,
7130001075856,プロエンジニア株式会社,26:京都府,8人,5-9人 / 主要都市圏,77,77,1,https://proengineer.co.jp/,
7140001007718,コベルコシステム株式会社,28:兵庫県,1301人,1000人以上 / 主要都市圏,54,54,1,http://www.kobelcosys.co.jp,
7140001032328,株式会社デジプレート,28:兵庫県,14人,10-29人 / 主要都市圏,189,189,1,https://www.digiplate.co.jp/,
7140001129157,株式会社Ｃｕｂｅｃ,27:大阪府,3人,1-4人 / 主要都市圏,119,119,1,https://cubec.jp/,
7140003013284,株式会社ＩＬＫＳ,28:兵庫県,6人,5-9人 / 主要都市圏,77,77,1,https://ilks.jp,
7160001009266,株式会社ナックウェブ,25:滋賀県,7人,5-9人 / その他,65,65,1,https://www.nakweb.com/,
7180001007771,アクティスジャパン株式会社,23:愛知県,190人,100-299人 / 主要都市圏,186,186,1,http://www.acts-group.co.jp,
7180001022382,東邦ガス情報システム株式会社,23:愛知県,227人,100-299人 / 主要都市圏,186,186,1,http://www.togis.co.jp/,
7180001030609,株式会社システムアプローチ,23:愛知県,22人,10-29人 / 主要都市圏,189,189,1,http://www.sys-approach.co.jp/,
7180001038759,トーテックアメニティ株式会社,23:愛知県,2786人,1000人以上 / 主要都市圏,54,54,1,http://www.totec.jp/,
7180001039773,株式会社ハイテックス,23:愛知県,127人,100-299人 / 主要都市圏,186,186,1,https://www.haitex.hayatele.co.jp/,
7180001044600,株式会社システムサーバー,23:愛知県,109人,100-299人 / 主要都市圏,186,186,1,https://system-server.com/,
7180001055960,株式会社アイガ,23:愛知県,160人,100-299人 / 主要都市圏,186,186,1,https://aiga.jp/company/,
7180001056397,株式会社ＩＴＡＧＥ,23:愛知県,127人,100-299人 / 主要都市圏,186,186,1,http://www.itage.co.jp/,https://job.mynavi.jp/27/pc/search/corp214357/outline.html
7180001073194,株式会社ＨｏｍｅＰａｇｅＳｈｏｐ,23:愛知県,15人,10-29人 / 主要都市圏,189,189,1,https://hp-shop.co.jp/%e4%b8%80%e8%88%ac%e4%ba%8b%e6%a5%ad%e4%b8%bb%e8%a1%8c%e5%8b%95%e8%a8%88%e7%94%bb,
7180001084497,株式会社ケイ・クリエイト,23:愛知県,29人,10-29人 / 主要都市圏,189,189,1,http://www.k-create.co.jp,
7180001094389,知多メディアスネットワーク株式会社,23:愛知県,150人,100-299人 / 主要都市圏,186,186,1,https://www.medias.co.jp/recruit/data/,
7180001121985,株式会社スタメン,23:愛知県,161人,100-299人 / 主要都市圏,186,186,1,https://biz.tunag.jp/company,
7180001123734,株式会社トライエッティング,23:愛知県,20人,10-29人 / 主要都市圏,189,189,1,http://www.tryeting.jp,
7180001124113,株式会社ＧＥクリエイティブ,23:愛知県,180人,100-299人 / 主要都市圏,186,186,1,https://mghd.ge-creative.co.jp/,
7180001149135,株式会社ノブレス,23:愛知県,27人,10-29人 / 主要都市圏,189,189,1,https://nobles.co.jp/,
7180002058046,株式会社Ｆｒｅｅｗｉｌｌ,13:東京都,160人,100-299人 / 東京,432,432,1,https://www.free-will.co/,
7180003029418,ＡＩゲディソン合同会社,23:愛知県,1人,1-4人 / 主要都市圏,119,119,1,https://www.aigedison.co.jp/,https://www.aigedison.co.jp/contact/
7180301013635,アイシン・ソフトウェア株式会社,23:愛知県,998人,300-999人 / 主要都市圏,86,86,1,https://www.aisin.com/jp/group/aisin-software/sustainability/social/diversity.html,
7190001001096,株式会社ミエデン,24:三重県,561人,300-999人 / その他,76,76,1,https://www.mieden.co.jp/,
7190001010568,株式会社松阪電子計算センター,24:三重県,310人,300-999人 / その他,76,76,1,https://www.matsusaka.co.jp/effort.html,
7200001000690,エム・ビー・エス株式会社,21:岐阜県,14人,10-29人 / その他,129,129,1,https://www.mbs-net.co.jp/,https://recruit.mbs-net.co.jp/
7200001012075,株式会社アクシス,21:岐阜県,25人,10-29人 / その他,129,129,1,https://www.axis-corp.com/,
7200001023122,株式会社ルーツ,23:愛知県,20人,10-29人 / 主要都市圏,189,189,1,https://www.roots.gr.jp/,
7200001025606,三井金属ユアソフト株式会社,21:岐阜県,180人,100-299人 / その他,170,170,1,http://www.mitsui-kinzoku.co.jp/group/yoursoft/,
7200001030597,株式会社ＬｉｎｋＳｔｏｒｙ,21:岐阜県,3人,1-4人 / その他,50,50,1,https://linkstory.co.jp/,
7220001001514,株式会社ＩＣＣデータプラス,17:石川県,135人,100-299人 / その他,170,170,1,https://www.idtp.jp/index.html,https://www.idtp.jp/recruit.html
7220001006208,株式会社北國新聞社,17:石川県,324人,300-999人 / その他,76,76,1,https://www.hokkoku.co.jp/,
7220001006298,北陸コンピュータ・サービス株式会社,17:石川県,677人,300-999人 / その他,76,76,1,https://www.hcs.co.jp/csr/worklife.html,
7220001008014,株式会社建設ドットウェブ,17:石川県,104人,100-299人 / その他,170,170,1,https://www.kendweb.net/,
7220001019003,株式会社トリニティコアシステム,17:石川県,10人,10-29人 / その他,129,129,1,http://asahicorp.info/index.php/,
7220001020786,株式会社ＨｅａｒｔＬａｎｇｕａｇｅ,17:石川県,4人,1-4人 / その他,50,50,1,https://heart-language.jp/,
7220003001974,株式会社イー・トライアド,17:石川県,18人,10-29人 / その他,129,129,1,https://www.e-triad.co.jp/,
7230001005373,株式会社高志インテック,16:富山県,531人,300-999人 / その他,76,76,1,https://www.koushi-intec.co.jp/,
7230001007015,株式会社新川インフォメーションセンター,16:富山県,22人,10-29人 / その他,129,129,1,https://www2.nice-tv.jp/,
7230001010480,株式会社チューリップテレビ,16:富山県,67人,30-99人 / その他,169,169,1,http://www.tulip-tv.co.jp/,
7230002013482,株式会社Ｃ－ＲＩＳＥ,16:富山県,15人,10-29人 / その他,129,129,1,https://www.c-rise.co.jp/,
7230003001098,合同会社アント,16:富山県,10人,10-29人 / その他,129,129,1,https://ant-llc.co.jp/,https://ant-llc.co.jp/contact/
7240001010645,平和情報システム株式会社,34:広島県,27人,10-29人 / その他,129,129,1,https://www.heiwa-joho.co.jp,
7240001022062,スカイソフト株式会社,34:広島県,14人,10-29人 / その他,129,129,1,https://skygp.co.jp,
7240002024578,有限会社ネットプロンプト,34:広島県,2人,1-4人 / その他,50,50,1,https://www.netprompt.jp/,
7240003001048,Ｗａｒｄｉｓｈ合同会社,34:広島県,9人,5-9人 / その他,65,65,1,https://www.wardish.jp/,
7260001007796,株式会社リットシティ,33:岡山県,6人,5-9人 / その他,65,65,1,https://www.litcity.ne.jp/,
7260001011872,株式会社ハイテックシステムズ,33:岡山県,44人,30-99人 / その他,169,169,1,https://www.hightec.co.jp/,
7260001019874,株式会社ソフィア,33:岡山県,206人,100-299人 / その他,170,170,1,http://www.sophia-inc.co.jp/,
7270001004917,鳥取中央有線放送株式会社,31:鳥取県,29人,10-29人 / その他,129,129,1,https://www.torichu.ne.jp/,https://www.torichu.ne.jp/611/1348/19778.html
7270002000295,有限会社エコーシステムクリエイター,31:鳥取県,30人,30-99人 / その他,169,169,1,http://www.echo-sys.co.jp/,
7280001003166,株式会社イーグリッド,32:島根県,125人,100-299人 / その他,170,170,1,https://www.e-grid.co.jp,
7280001006061,株式会社ソコロシステムズ,32:島根県,8人,5-9人 / その他,65,65,1,https://www.socorro.co.jp/,
7290001006630,応研株式会社,40:福岡県,380人,300-999人 / 主要都市圏,86,86,1,http://www.ohken.co.jp,
7290001006977,株式会社ＱＴｎｅｔ,40:福岡県,1136人,1000人以上 / 主要都市圏,54,54,1,http://www.qtnet.co.jp/,
7290001012884,グローバルブレインズ株式会社,40:福岡県,104人,100-299人 / 主要都市圏,186,186,1,https://www.gbc.co.jp/,
7290001026389,株式会社ヌーラボ,40:福岡県,162人,100-299人 / 主要都市圏,186,186,1,https://nulab.com/ja/about/,
7290001030102,株式会社グローバルワークス,40:福岡県,61人,30-99人 / 主要都市圏,188,188,1,https://gwx.co.jp/,https://gwx-recruit.com/
7290001030903,株式会社ソースクリエイト,40:福岡県,13人,10-29人 / 主要都市圏,189,189,1,https://www.srce.jp/,
7290001049217,株式会社テクノ・カルチャー・システム,40:福岡県,124人,100-299人 / 主要都市圏,186,186,1,https://www.techno-net.co.jp/,
7290001060000,株式会社ｕｚｕｆａｃｔｏｒｙ,40:福岡県,11人,10-29人 / 主要都市圏,189,189,1,http://www.uzuuzu.jp/,
7290001079065,株式会社ライトハウス,40:福岡県,22人,10-29人 / 主要都市圏,189,189,1,https://lighthouse-frontier.tech/,
7290001092191,株式会社モノリシックデザイン,40:福岡県,16人,10-29人 / 主要都市圏,189,189,1,https://monolithic.design/,
7290001092266,株式会社Ｓｏｅｌｕ,40:福岡県,3人,1-4人 / 主要都市圏,119,119,1,https://simple-alpha.com/,https://simple-alpha.com/recruit/
7290001094931,株式会社ファイブビット,40:福岡県,6人,5-9人 / 主要都市圏,77,77,1,https://5-bit.jp/,
7290801001244,株式会社グリーム,40:福岡県,55人,30-99人 / 主要都市圏,188,188,1,https://www.gleam-kokura.co.jp,
7290801002606,ＴＯＴＯインフォム株式会社,40:福岡県,164人,100-299人 / 主要都市圏,186,186,1,http://infom.toto-group.jp/,
7290801010765,株式会社ＹＥ　ＤＩＧＩＴＡＬ,40:福岡県,568人,300-999人 / 主要都市圏,86,86,1,https://www.ye-digital.com/,
7290801028246,株式会社ミラリンク,40:福岡県,6人,5-9人 / 主要都市圏,77,77,1,https://milalink.co.jp/,
7310001000523,株式会社ＫＴＮソサエティ,42:長崎県,114人,100-299人 / その他,170,170,1,http://ktn-society.jp,
7310001003575,株式会社ドゥアイネット,42:長崎県,12人,10-29人 / その他,129,129,1,http://www.doinet.co.jp/,
7320001001594,大分デジタルソリューションズ株式会社,44:大分県,78人,30-99人 / その他,169,169,1,http://www.oct-net.ne.jp/dcs/,
7320002000100,有限会社大分合同新聞社,44:大分県,330人,300-999人 / その他,76,76,1,https://www.oita-press.co.jp/kodokeikaku,
7320003000438,株式会社エートラック,44:大分県,7人,5-9人 / その他,65,65,1,http://atrack0114.com/,
7330001000364,株式会社イノス,43:熊本県,137人,100-299人 / その他,170,170,1,http://www.inos.co.jp,
7330001025700,ソーイ株式会社,43:熊本県,9人,5-9人 / その他,65,65,1,https://sewii.jp/,
7340001003399,日本システム株式会社,46:鹿児島県,140人,100-299人 / その他,170,170,1,http://www.jpsys.co.jp/,
7350001002680,ＴＮＡソリューションデザイン株式会社,45:宮崎県,8人,5-9人 / その他,65,65,1,http://www.tna.co.jp/,
7350001012218,株式会社ウェブサイト,45:宮崎県,7人,5-9人 / その他,65,65,1,https://www.web3110.jp/,
7350003005021,ディーグラフ合同会社,45:宮崎県,2人,1-4人 / その他,50,50,1,https://dgraph-web.com/news/284/,
7360001000329,沖縄アスコン株式会社,47:沖縄県,158人,100-299人 / その他,170,170,1,https://www.okiascon.com/company.php#tab3,
7360001002291,株式会社琉球新報社,47:沖縄県,236人,100-299人 / その他,170,170,1,https://corp.ryukyushimpo.jp/corporate,
7360001002812,株式会社システック沖縄,47:沖縄県,70人,30-99人 / その他,169,169,1,http://www.s-okinawa.co.jp,
7360001008875,株式会社スピア,47:沖縄県,35人,30-99人 / その他,169,169,1,http://www.spia.co.jp,
7360001010492,株式会社テラ・ウェブクリエイト,47:沖縄県,6人,5-9人 / その他,65,65,1,http://www.tera-web.jp/,
7360001018833,株式会社Ｐａｙｋｅ,47:沖縄県,20人,10-29人 / その他,129,129,1,https://payke.co.jp/,
7360001019006,株式会社ＧＶＣ,47:沖縄県,16人,10-29人 / その他,129,129,1,https://gvc.co.jp/,
7370001013734,株式会社アイムワン,04:宮城県,64人,30-99人 / その他,169,169,1,https://www.imone.co.jp/,
7370001013874,株式会社ナナイロ,04:宮城県,139人,100-299人 / その他,170,170,1,https://nanairo-inc.jp/,
7370001021927,イー・ガーディアン東北株式会社,04:宮城県,285人,100-299人 / その他,170,170,1,https://www.eg-tohoku.co.jp/,
7380001018220,株式会社デザイニウム,07:福島県,35人,30-99人 / その他,169,169,1,https://www.designium.jp/ja,
7400001000480,株式会社技電工業,03:岩手県,17人,10-29人 / その他,129,129,1,http://www.giden.co.jp,
7400001010018,株式会社雨風太陽,03:岩手県,65人,30-99人 / その他,169,169,1,https://www.pocket-marche.com/,
7410001004472,ノリット・ジャポン株式会社,05:秋田県,40人,30-99人 / その他,169,169,1,http://www.norit.jp/,
7420001004570,株式会社リンクステーション,02:青森県,146人,100-299人 / その他,170,170,1,https://www.linkst.jp/,
7430001011772,株式会社ドコモＣＳ北海道,01:北海道,1159人,1000人以上 / 主要都市圏,54,54,1,https://www.docomo-cs-hokkaido.co.jp/activities/diversity.html,
7430001021929,株式会社北海道ジェイ・アール・システム開発,01:北海道,175人,100-299人 / 主要都市圏,186,186,1,https://www.hjsd.co.jp,
7430001022225,株式会社ＮＴＴデータ北海道,01:北海道,316人,300-999人 / 主要都市圏,86,86,1,https://www.nttdata-hokkaido.co.jp/,
7470001001910,株式会社四国電子計算センター,37:香川県,54人,30-99人 / その他,169,169,1,https://www.scc21.co.jp/company/plan.html,
7470001002974,株式会社ドコモＣＳ四国,37:香川県,497人,300-999人 / その他,76,76,1,http://www.docomo-cs-shikoku.co.jp/,
7470001008889,ＫＢＮ株式会社,37:香川県,12人,10-29人 / その他,129,129,1,https://www.kbn.ne.jp/,
7480001000861,株式会社ジャストシステム,36:徳島県,371人,300-999人 / その他,76,76,1,https://www.justsystems.com/jp/,
7500001005156,株式会社キュービック,38:愛媛県,10人,10-29人 / その他,129,129,1,https://www.cubic1.jp/,
7500001005461,株式会社えむぼま,38:愛媛県,20人,10-29人 / その他,129,129,1,http://www.emboma.jp/,
7500001011195,株式会社ＩＪＣ,38:愛媛県,120人,100-299人 / その他,170,170,1,https://www.ijc-imabari.co.jp,
8010001009651,アクモス株式会社,13:東京都,357人,300-999人 / 東京,277,277,1,http://www.acmos.co.jp/,
8010001014395,株式会社共同テレビジョン,13:東京都,137人,100-299人 / 東京,432,432,1,https://www.kyodo-tv.co.jp/company/info/detail01/,
8010001020609,株式会社全農ビジネスサポート,13:東京都,775人,300-999人 / 東京,277,277,1,https://www.z-bs.co.jp/,
8010001021078,セントラルソフト株式会社,13:東京都,462人,300-999人 / 東京,277,277,1,https://www.central-soft.co.jp/,
8010001031300,株式会社有斐閣,13:東京都,110人,100-299人 / 東京,432,432,1,http://www.yuhikaku.co.jp/,
8010001045829,日本証券テクノロジー株式会社,13:東京都,333人,300-999人 / 東京,277,277,1,http://www.nstec.jp/,
8010001046843,株式会社システムファクトリ,13:東京都,60人,30-99人 / 東京,352,352,1,http://www.systemfactory.co.jp,
8010001066882,日本レコード・キーピング・ネットワーク株式会社,13:東京都,280人,100-299人 / 東京,432,432,1,http://top.nrkn.co.jp,
8010001074167,ＳＣＳＫ株式会社,13:東京都,8631人,1000人以上 / 東京,147,147,1,http://www.scsk.jp/,
8010001074712,株式会社エス・エム・エス・データテック,13:東京都,506人,300-999人 / 東京,277,277,1,https://www.sms-datatech.co.jp/,
8010001076972,株式会社ラクーンホールディングス,13:東京都,101人,100-299人 / 東京,432,432,1,https://www.raccoon.ne.jp/company/csr/labor_environment.html,
8010001086427,株式会社アドービジネスコンサルタント,13:東京都,667人,300-999人 / 東京,277,277,1,https://www.addo.co.jp/,
8010001094693,株式会社ＭＯＮＯ‐Ｘ,13:東京都,63人,30-99人 / 東京,352,352,1,http://www.omni-s.co.jp,
8010001100815,株式会社リーディング・エッジ社,13:東京都,120人,100-299人 / 東京,432,432,1,https://leadinge.co.jp/message#Messages,
8010001115986,株式会社ＢＦＴ,13:東京都,454人,300-999人 / 東京,277,277,1,http://www.bfts.co.jp/,
8010001117875,プルデンシャル・ジャパン・テクノロジー株式会社,13:東京都,252人,100-299人 / 東京,432,432,1,https://pjtech.prudential.com/,
8010001124153,株式会社キャフィック,13:東京都,30人,30-99人 / 東京,352,352,1,http://www.caficc.co.jp/,
8010001129689,Ｏｎｅ人事株式会社,13:東京都,351人,300-999人 / 東京,277,277,1,https://onehr.co.jp/,
8010001131686,株式会社ディープコム,13:東京都,100人,100-299人 / 東京,432,432,1,http://deepcom.co.jp/,
8010001133138,イデア・コンサルティング株式会社,13:東京都,190人,100-299人 / 東京,432,432,1,https://www.ideacns.co.jp/,
8010001133328,３Ｄ　Ｌｉｆｅ　Ｗｏｒｋｓ株式会社,13:東京都,10人,10-29人 / 東京,299,299,1,https://www.3dlifeworks.co.jp/,
8010001137782,株式会社大和総研インフォメーションシステムズ,13:東京都,576人,300-999人 / 東京,277,277,1,http://www.dir-is.co.jp/,
8010001139861,アクシーズ株式会社,13:東京都,14人,10-29人 / 東京,299,299,1,http://www.axeeds.com/,
8010001140753,株式会社カヤックボンド,13:東京都,96人,30-99人 / 東京,352,352,1,https://kayac.bond/,
8010001163300,株式会社うるるＢＰＯ,13:東京都,133人,100-299人 / 東京,432,432,1,https://www.uluru.biz/ir/securities.html,
8010001164752,ｔａｌｅｎｔｂｏｏｋ株式会社,13:東京都,77人,30-99人 / 東京,352,352,1,https://prtable.com/,
8010001200037,フェノジェン・メディカル株式会社,13:東京都,7人,5-9人 / 東京,157,157,1,https://phenogen.co.jp/,
8010001202710,株式会社Ａｎｄｅｌ,13:東京都,3人,1-4人 / 東京,189,189,1,https://andel.jp/,
8010001208798,ａｖａｔａｒｉｎ株式会社,13:東京都,94人,30-99人 / 東京,352,352,1,https://about.avatarin.com/,
8010001220092,アッペンジャパン株式会社,13:東京都,10人,10-29人 / 東京,299,299,1,https://appen.co.jp/,
8010001234992,株式会社デンタルコネクト,13:東京都,4人,1-4人 / 東京,189,189,1,https://kyosei-guide.co.jp/,https://kyosei-guide.co.jp/
8010101001161,ゲンダイエージェンシー株式会社,13:東京都,202人,100-299人 / 東京,432,432,1,http://www.gendai-a.co.jp/,
8010401008344,株式会社クエスト,13:東京都,1051人,1000人以上 / 東京,147,147,1,https://www.quest.co.jp/,
8010401011967,三和コンピュータ株式会社,13:東京都,432人,300-999人 / 東京,277,277,1,http://www.sanwa-comp.co.jp/,
8010401012610,株式会社シー・キューブド・アイ・システムズ,13:東京都,183人,100-299人 / 東京,432,432,1,http://www.c3is.co.jp,
8010401022320,株式会社ＮＴＴデータビジネスブレインズ,13:東京都,286人,100-299人 / 東京,432,432,1,http://www.nttd-bb.com/,
8010401023764,ハウスコムテクノロジーズ株式会社,13:東京都,6人,5-9人 / 東京,157,157,1,http://www.jsee.com/,
8010401031668,株式会社菱友システム技術,13:東京都,401人,300-999人 / 東京,277,277,1,https://www.rsg-ltd.jp/,
8010401045890,ドコモ・サポート株式会社,13:東京都,1261人,1000人以上 / 東京,147,147,1,http://www.docomo-support.co.jp/,
8010401047227,株式会社エイエイエス,13:東京都,237人,100-299人 / 東京,432,432,1,https://www.aasc.co.jp/about/actionplan.html,
8010401050701,株式会社サミーネットワークス,13:東京都,178人,100-299人 / 東京,432,432,1,http://www.sammy-net.jp/,
8010401052268,アドソル日進株式会社,13:東京都,619人,300-999人 / 東京,277,277,1,https://www.adniss.jp/,
8010401061475,株式会社ユートピア企画,13:東京都,5人,5-9人 / 東京,157,157,1,http://www.utopia-kikaku.co.jp/,
8010401066870,株式会社シンカーミクセル,13:東京都,280人,100-299人 / 東京,432,432,1,http://xincormixell.jp/,
8010401068421,株式会社アイディール,13:東京都,12人,10-29人 / 東京,299,299,1,http://ideal-inc.com,
8010401073462,株式会社ＳＨＩＦＴ,13:東京都,7042人,1000人以上 / 東京,147,147,1,https://www.shiftinc.jp,
8010401082331,ＳＣＳＫニアショアシステムズ株式会社,13:東京都,699人,300-999人 / 東京,277,277,1,http://www.scsk-nearshore.co.jp/,
8010401083172,株式会社日本ブレインウェア,13:東京都,4人,1-4人 / 東京,189,189,1,https://n-brain.co.jp/,
8010401084443,ＮＲＩセキュアテクノロジーズ株式会社,13:東京都,658人,300-999人 / 東京,277,277,1,https://www.nri-secure.co.jp/,
8010401088452,株式会社エニグモ,13:東京都,130人,100-299人 / 東京,432,432,1,https://enigmo.co.jp/,
8010401088972,株式会社ココペリ,13:東京都,96人,30-99人 / 東京,352,352,1,https://www.kokopelli-inc.jp/,
8010401089558,株式会社バイオス,13:東京都,185人,100-299人 / 東京,432,432,1,https://biosjp.com/jp/,
8010401094657,日本ラッド株式会社,13:東京都,328人,300-999人 / 東京,277,277,1,https://www.nippon-rad.co.jp,
8010401094698,スペシャリスト・ドクターズ株式会社,13:東京都,19人,10-29人 / 東京,299,299,1,http://www.reasonwhy.jp/,
8010401099788,株式会社Ｔｉｍｅｒｓ,13:東京都,63人,30-99人 / 東京,352,352,1,https://timers-inc.com/,
8010401101033,和丘株式会社,13:東京都,9人,5-9人 / 東京,157,157,1,http://wa-q.jp/,
8010401102163,株式会社一撃,13:東京都,8人,5-9人 / 東京,157,157,1,http://t-style.asia/,
8010401110736,ＬＩＦＥ　ＳＴＹＬＥ株式会社,13:東京都,10人,10-29人 / 東京,299,299,1,https://l-s.co.jp/,
8010401113061,株式会社ＢｉｔＳｔａｒ,13:東京都,143人,100-299人 / 東京,432,432,1,https://corp.bitstar.tokyo/company/,
8010401117731,株式会社クロスコンパス,13:東京都,37人,30-99人 / 東京,352,352,1,https://www.cross-compass.com/,
8010401123151,アルテリア・ネットワークス株式会社,13:東京都,898人,300-999人 / 東京,277,277,1,https://www.arteria-net.com/company/workstyle/,
8010401124703,株式会社エージェントグロー,13:東京都,327人,300-999人 / 東京,277,277,1,https://www.agent-grow.com,
8010401132177,株式会社ＵＳＥＮ,13:東京都,1829人,1000人以上 / 東京,147,147,1,https://usen.com/,
8010401133729,株式会社ＮＶＣ,13:東京都,27人,10-29人 / 東京,299,299,1,https://nv-creators.co.jp,
8010401153009,株式会社ＡＬＢＯＮＡ,13:東京都,70人,30-99人 / 東京,352,352,1,https://al-bo.io/,
8010401160830,Ｋａｌｏｎａｄｅ株式会社,13:東京都,3人,1-4人 / 東京,189,189,1,https://kalonade.co.jp/#top-about,
8010401169525,株式会社善光総合研究所,13:東京都,30人,30-99人 / 東京,352,352,1,https://zenkou-lab.co.jp/,
8010401176091,Ｙｏｌｏ　Ｔｅｃｈｎｏｌｏｇｙ株式会社,13:東京都,29人,10-29人 / 東京,299,299,1,https://bossjob.jp/ja/company/yolo-technology株式会社,
8010402035247,ＮＡＶＹＰＯＯＬ株式会社,13:東京都,2人,1-4人 / 東京,189,189,1,https://www.navypool.com/,
8010501016536,ＴＩＳソリューションリンク株式会社,13:東京都,1849人,1000人以上 / 東京,147,147,1,https://www.tsolweb.co.jp/company/attempt/,
8010501019316,株式会社ジオテック情報システム,13:東京都,36人,30-99人 / 東京,352,352,1,https://www.geoteck.co.jp,https://www.geoteck.co.jp/recruit/
8010501033325,株式会社シンメトリクス,13:東京都,65人,30-99人 / 東京,352,352,1,https://symmetrix.co.jp,https://recruit.symmetrix.co.jp
8010501033374,株式会社アイティシステム,13:東京都,167人,100-299人 / 東京,432,432,1,https://itsystem.co.jp/,
8010501037887,ＩＮＥＸＴ株式会社,13:東京都,26人,10-29人 / 東京,299,299,1,http://innovationnext.jp/,
8010501050106,Ｌｉｇｈｔ　Ｓｔｕｄｉｏ株式会社,13:東京都,3人,1-4人 / 東京,189,189,1,https://www.lightstudio.co.jp/,
8010501053397,株式会社３Ｍａｒｋｅｔｉｎｇ,13:東京都,3人,1-4人 / 東京,189,189,1,https://3mrk.com/,
8010601024653,ユニアデックス株式会社,13:東京都,2507人,1000人以上 / 東京,147,147,1,https://www.uniadex.co.jp/sustainability/,
8010601028274,株式会社ＣＬＩＳ,13:東京都,420人,300-999人 / 東京,277,277,1,https://www.clis.co.jp,
8010601042572,株式会社サポータス,13:東京都,168人,100-299人 / 東京,432,432,1,https://supportas.co.jp,
8010601042812,株式会社フジ・ネクステラ・ラボ,13:東京都,222人,100-299人 / 東京,432,432,1,https://www.fnl.co.jp/,
8010601042820,日本オフィス・システム株式会社,13:東京都,249人,100-299人 / 東京,432,432,1,http://www.nos.co.jp/,
8010601044643,グローバル・アスピレーションズ株式会社,13:東京都,21人,10-29人 / 東京,299,299,1,https://www.global-asp.co.jp,
8010601045212,株式会社セイビー,13:東京都,1人,1-4人 / 東京,189,189,1,https://savee.co.jp,
8010601049329,株式会社リガーレジャパン,13:東京都,35人,30-99人 / 東京,352,352,1,https://rigarejapan.co.jp/,
8010601053504,ダフトクラフト株式会社,13:東京都,2人,1-4人 / 東京,189,189,1,https://daftcraft.co.jp/about,
8010701002154,株式会社オプティマ,13:東京都,360人,300-999人 / 東京,277,277,1,http://www.opt.co.jp/,
8010701003350,株式会社ＣＳＭソリューション,13:東京都,250人,100-299人 / 東京,432,432,1,https://www.cosmo.co.jp/company/activity/,
8010701005314,ソニーピーシーエル株式会社,13:東京都,423人,300-999人 / 東京,277,277,1,http://www.sonypcl.jp/,
8010701005322,ソニーネットワークコミュニケーションズ株式会社,13:東京都,837人,300-999人 / 東京,277,277,1,https://www.sonynetwork.co.jp/,
8010701012252,株式会社テクノマックス,13:東京都,238人,100-299人 / 東京,432,432,1,https://www.t-max.co.jp/,
8010701013696,アイティーソリューションズ株式会社,13:東京都,51人,30-99人 / 東京,352,352,1,https://www.itsol.co.jp/,
8010701019066,コンピューターサイエンス株式会社,13:東京都,461人,300-999人 / 東京,277,277,1,https://www.cscnet.co.jp/,
8010701019462,株式会社日立ソリューションズ,13:東京都,5129人,1000人以上 / 東京,147,147,1,https://www.hitachi-solutions.co.jp/company/sustainability/worklifebalance/,
8010701026434,株式会社ＤＹＭ,13:東京都,500人,300-999人 / 東京,277,277,1,http://dym.asia/,
8010701031120,株式会社フロンティアチャンネル,13:東京都,8人,5-9人 / 東京,157,157,1,https://frontierchannel.jp/newsrelease/koudou,
8010701032985,株式会社Ｓｋｅｗｅｒｓ,13:東京都,10人,10-29人 / 東京,299,299,1,http://skewers.be/,
8010701033554,株式会社ＲＩＬＡＲＣ,13:東京都,2人,1-4人 / 東京,189,189,1,https://rilarc.co.jp/ryouritsu/,
8010801010040,株式会社ＮＴＴデータエンジニアリングシステムズ,13:東京都,336人,300-999人 / 東京,277,277,1,https://www.nttd-es.co.jp/,
8010803004073,合同会社ななし,13:東京都,1人,1-4人 / 東京,189,189,1,https://nanashi-llc.com/health_and_employment_support/,
8010901009370,株式会社ニッポンダイナミックシステムズ,13:東京都,150人,100-299人 / 東京,432,432,1,http://www.nds-tyo.co.jp/,
8010901018322,株式会社エスタイル,13:東京都,70人,30-99人 / 東京,352,352,1,https://estyle.co.jp/,
8010901020154,株式会社アカセ,13:東京都,21人,10-29人 / 東京,299,299,1,http://aks-system.co.jp/,
8010901032653,株式会社エイチ,13:東京都,6人,5-9人 / 東京,157,157,1,http://eichiii.co.jp,
8010901041670,株式会社ＷｉｓｅＶｉｎｅ,38:愛媛県,31人,30-99人 / その他,169,169,1,https://corp.wise-vine.com/,
8011001003974,株式会社ＮＨＫエンタープライズ,13:東京都,472人,300-999人 / 東京,277,277,1,https://www.nhk-ep.co.jp/,
8011001009773,株式会社ＪＲ東日本情報システム,13:東京都,1486人,1000人以上 / 東京,147,147,1,https://www.jeis.co.jp/recruit/women.html,
8011001014542,ＴＤＣソフト株式会社,13:東京都,2388人,1000人以上 / 東京,147,147,1,http://www.tdc.co.jp/,
8011001029631,株式会社ジェイアールシステム・エンジニアリング,13:東京都,307人,300-999人 / 東京,277,277,1,https://www.jrse.co.jp/,
8011001034292,フリービット株式会社,13:東京都,255人,100-299人 / 東京,432,432,1,http://www.freebit.com/,
8011001034375,マカフィー株式会社,13:東京都,239人,100-299人 / 東京,432,432,1,https://www.mcafee.com/ja-jp/index.html,
8011001051172,株式会社ＮＥＯＰＡ,13:東京都,19人,10-29人 / 東京,299,299,1,http://www.neopa.jp/,
8011001052939,株式会社Ｋ－ｒｅｌａｔｉｏｎｓ,13:東京都,1人,1-4人 / 東京,189,189,1,https://k-relations.com/wp/wp-content/uploads/2018/12/g_model.pdf,
8011001056064,株式会社ＹＡＺ,13:東京都,87人,30-99人 / 東京,352,352,1,https://www.yaz.co.jp/,
8011001067425,かんぽシステムソリューションズ株式会社,13:東京都,846人,300-999人 / 東京,277,277,1,https://www.kamposol.jp-life.japanpost.jp/,
8011001069074,ポート株式会社,13:東京都,890人,300-999人 / 東京,277,277,1,https://www.theport.jp/,
8011001099443,株式会社フィールドキャスター,13:東京都,5人,5-9人 / 東京,157,157,1,https://fieldcaster.net/japan/,
8011001102173,Ｓｕｐｅｒｓｈｉｐ株式会社,13:東京都,384人,300-999人 / 東京,277,277,1,https://supership.jp/,
8011001106249,株式会社インフォバーン,13:東京都,96人,30-99人 / 東京,352,352,1,https://www.infobahn.co.jp/wp-content/themes/infobahn2016/file/koudoukeikaku.pdf,
8011001106991,株式会社ワンキャリア,13:東京都,478人,300-999人 / 東京,277,277,1,https://onecareer.co.jp/,
8011001109417,株式会社トゥーアール,13:東京都,9人,5-9人 / 東京,157,157,1,https://www.to-r.net/,
8011001112206,ＦＴエンタテインメント株式会社,13:東京都,13人,10-29人 / 東京,299,299,1,https://www.fte.co.jp/,
8011001114292,ＥＡＧＬＹＳ株式会社,13:東京都,7人,5-9人 / 東京,157,157,1,https://eaglys.co.jp,
8011001116248,ＮｅｕｒｏＴｅｃｈ株式会社,13:東京都,14人,10-29人 / 東京,299,299,1,https://neuro-tech.jp,
8011001121909,株式会社クラス,13:東京都,146人,100-299人 / 東京,432,432,1,https://clas.style/,
8011001122072,株式会社ｇｏｊｕｏｎ,13:東京都,20人,10-29人 / 東京,299,299,1,https://reform-reform.com/,
8011001122997,株式会社リセ,13:東京都,101人,100-299人 / 東京,432,432,1,https://lisse-law.com/company/,
8011001128788,株式会社Ｃｌａｐｐｅｒｓ,13:東京都,15人,10-29人 / 東京,299,299,1,https://clappers.jp,
8011001129357,株式会社Ａｉｒｚ,13:東京都,4人,1-4人 / 東京,189,189,1,https://airz.co.jp/,
8011001136543,イーモジャパン株式会社,13:東京都,20人,10-29人 / 東京,299,299,1,https://www.eeeemo.co.jp/,
8011001150453,株式会社ＡＤＣ,13:東京都,3人,1-4人 / 東京,189,189,1,https://www.ad-c.com/,
8011001160064,株式会社ｉｚａｎａｍｉ,14:神奈川県,13人,10-29人 / 主要都市圏,189,189,1,https://iznm.tech/,
8011002029903,ケイアイエヌ有限会社,13:東京都,26人,10-29人 / 東京,299,299,1,http://www.kinproduction.jp,
8011003010416,Ｒｉｍｏ合同会社,13:東京都,7人,5-9人 / 東京,157,157,1,https://rimo.app,
8011005000968,日本放送協会,13:東京都,10268人,1000人以上 / 東京,147,147,1,http://www.nhk.or.jp,
8011101005838,株式会社クロステレビ,13:東京都,320人,300-999人 / 東京,277,277,1,http://www.crosstv.co.jp/,
8011101009566,株式会社食品速報,13:東京都,32人,30-99人 / 東京,352,352,1,https://news.syokuhinsokuho.jp,
8011101022577,株式会社理経,13:東京都,133人,100-299人 / 東京,432,432,1,http://www.rikei.co.jp/,
8011101028104,ＮＴＴ東日本株式会社,13:東京都,14652人,1000人以上 / 東京,147,147,1,http://www.ntt-east.co.jp/,
8011101032948,株式会社メタフェイズ,13:東京都,30人,30-99人 / 東京,352,352,1,https://www.metaphase.co.jp/,
8011101038020,ジークス株式会社,13:東京都,42人,30-99人 / 東京,352,352,1,http://www.zeax.co.jp/,
8011101042897,株式会社エーエルジェイ,13:東京都,140人,100-299人 / 東京,432,432,1,https://www.al-j.co.jp,
8011101045347,株式会社クロスゲームズ,13:東京都,130人,100-299人 / 東京,432,432,1,https://www.cross-games.jp/,
8011101052087,コンパス株式会社,13:東京都,99人,30-99人 / 東京,352,352,1,https://cmps.jp/,https://recruit.cmps.jp/?_gl=1*1mroiuv*_gcl_au*MTY3ODM5MjY1OS4xNzQwMTI2Mzk5
8011101054760,株式会社ＰｒｏＵＰ,13:東京都,6人,5-9人 / 東京,157,157,1,https://proup.co.jp/,
8011101056625,株式会社ｇｕｍｉ,13:東京都,309人,300-999人 / 東京,277,277,1,http://gu3.co.jp/,
8011101060882,スマートツー株式会社,13:東京都,15人,10-29人 / 東京,299,299,1,http://www.smart2j.com/,
8011101060998,ＢＰＳ株式会社,13:東京都,53人,30-99人 / 東京,352,352,1,https://www.bpsinc.jp/,
8011101061022,株式会社デジタルグローバルシステムズ,13:東京都,12人,10-29人 / 東京,299,299,1,http://www.dgs-j.com/,
8011101084881,株式会社サンナレッジ,13:東京都,15人,10-29人 / 東京,299,299,1,https://s-knowledge.co.jp/company/,
8011101090970,ＮＥＷＪＩ株式会社,13:東京都,1人,1-4人 / 東京,189,189,1,https://company.newji.ai,
8011101100779,株式会社ｃｒａｃｏ,13:東京都,7人,5-9人 / 東京,157,157,1,https://craco.co.jp/,
8011101112709,ファイナンスメディア株式会社,13:東京都,8人,5-9人 / 東京,157,157,1,https://finance-media.jp/,
8011201001828,株式会社コンピュータネットワーク,13:東京都,138人,100-299人 / 東京,432,432,1,http://www.cnt.co.jp/,
8011201012767,株式会社ＮＯＮＡＧＲＡＭ　ＣＲＥＡＴＥ,13:東京都,8人,5-9人 / 東京,157,157,1,https://9gram.net/,
8011201014326,株式会社スタイル・エッジ,13:東京都,345人,300-999人 / 東京,277,277,1,https://styleedge.co.jp/about/company/,
8011201014598,コグラフ株式会社,13:東京都,32人,30-99人 / 東京,352,352,1,http://co-graph.com/,
8011301018061,ＭＳ＆ＡＤシステムズ株式会社,13:東京都,1841人,1000人以上 / 東京,147,147,1,https://www.ms-ad-systems.com/,
8011303001461,合同会社ファニプロ,13:東京都,14人,10-29人 / 東京,299,299,1,https://www.funnypro.net/,
8011401011354,株式会社ソリューションファクトリー,13:東京都,35人,30-99人 / 東京,352,352,1,https://www.solutionfactory.co.jp/,
8011401013631,株式会社ホワイトオフィス,13:東京都,10人,10-29人 / 東京,299,299,1,https://www.whiteoffice.co.jp,
8011401023647,株式会社テクノイド,13:東京都,2人,1-4人 / 東京,189,189,1,https://technoid.co.jp/,
8011501022020,株式会社プリンスソフト,13:東京都,17人,10-29人 / 東京,299,299,1,http://www.prc-s.com,
8011601004645,東映アニメーション株式会社,13:東京都,758人,300-999人 / 東京,277,277,1,https://corp.toei-anim.co.jp/ja/company/diversity.html,
8011801026480,アドバンスド・ソリューション株式会社,13:東京都,24人,10-29人 / 東京,299,299,1,https://www.advanced-solution.jp/,
8011801032561,ストックマーク株式会社,13:東京都,115人,100-299人 / 東京,432,432,1,https://stockmark.co.jp/,
8012301007541,株式会社ラグザイア,13:東京都,40人,30-99人 / 東京,352,352,1,http://www.luxiar.com/,
8012401000462,株式会社クレスト,13:東京都,32人,30-99人 / 東京,352,352,1,http://www.wns.co.jp/,
8012401013720,株式会社インターソフト,13:東京都,8人,5-9人 / 東京,157,157,1,https://intersoft.co.jp/,https://intersoft.co.jp/recruit.html
8012403002399,株式会社ＴａｋｅＦｕｎＳｙｓｔｅｍ,13:東京都,14人,10-29人 / 東京,299,299,1,http://www.takefun.co.jp/,
8012801001168,東洋システム株式会社,13:東京都,170人,100-299人 / 東京,432,432,1,https://www.toyosystem.co.jp/,
8012801006761,株式会社テイルウィンドシステム,13:東京都,225人,100-299人 / 東京,432,432,1,https://www.tailwind.co.jp/,
8012801008460,株式会社ＧｏＡ,13:東京都,12人,10-29人 / 東京,299,299,1,https://www.goa-corp.com/sdgs/,
8012801009054,ＳＯＭＰＯシステムズ株式会社,13:東京都,1344人,1000人以上 / 東京,147,147,1,https://www.sompo-sys.com/recruit/culture/work_life.html,
8013201010775,株式会社ブイキューブ,13:東京都,344人,300-999人 / 東京,277,277,1,https://contents.xj-storage.jp/xcontents/05997/df7b520d/fb39/454b/bc02/a66b8f1e0d4c/S100Y1NL.pdf,
8013201017985,株式会社ディグロス,13:東京都,245人,100-299人 / 東京,432,432,1,https://dgloss.co.jp/,
8013201019057,ＮＴＴデータソフィア株式会社,13:東京都,790人,300-999人 / 東京,277,277,1,https://www.nttdsofia.co.jp/,
8013301000957,株式会社イージーアイ,13:東京都,18人,10-29人 / 東京,299,299,1,http://www.egi.co.jp/,
8013301007853,テラテクノロジー株式会社,13:東京都,357人,300-999人 / 東京,277,277,1,https://www.teratech.co.jp/,
8013301009255,株式会社日本シスラボ,13:東京都,28人,10-29人 / 東京,299,299,1,http://www.jslabo.com,
8013301038345,株式会社ＥＰＡＲＫリラク＆エステ,13:東京都,169人,100-299人 / 東京,432,432,1,https://mitsuraku.jp/,
8013301042454,株式会社ＭＡＺＩＮ,13:東京都,20人,10-29人 / 東京,299,299,1,https://www.mazin.tech/,
8020001016291,株式会社横浜電算,14:神奈川県,79人,30-99人 / 主要都市圏,188,188,1,https://yokohamadensan.com/,https://yokohamadensan.com/recruit-renewal/
8020001030879,株式会社テレビ神奈川,14:神奈川県,111人,100-299人 / 主要都市圏,186,186,1,http://www.tvk-yokohama.com/,
8020001032470,株式会社テラ,14:神奈川県,168人,100-299人 / 主要都市圏,186,186,1,http://www.terracom.co.jp/,
8020001039078,ゾーホージャパン株式会社,14:神奈川県,141人,100-299人 / 主要都市圏,186,186,1,http://www.zoho.co.jp/,
8020001043542,株式会社オーク,14:神奈川県,9人,5-9人 / 主要都市圏,77,77,1,http://www.oaksway.com/,
8020001045836,株式会社ファインネットコミュニケーション,14:神奈川県,42人,30-99人 / 主要都市圏,188,188,1,https://finenc.com/,
8020001049721,ボッシュエンジニアリング株式会社,14:神奈川県,54人,30-99人 / 主要都市圏,188,188,1,https://www.bosch-engineering.jp/ja/jp/home_4/startpage.html,https://en-gage.net/bosch_engineering/
8020001055777,アイフォーコム株式会社,14:神奈川県,350人,300-999人 / 主要都市圏,86,86,1,http://www.iforcom.jp/,
8020001060166,株式会社ＸＹＺ,14:神奈川県,2人,1-4人 / 主要都市圏,119,119,1,https://xyz-ltd.co.jp/,
8020001071758,ＮＲＩシステムテクノ株式会社,14:神奈川県,406人,300-999人 / 主要都市圏,86,86,1,http://www.nri-st.co.jp/,
8020001080940,テセラ・テクノロジー株式会社,14:神奈川県,56人,30-99人 / 主要都市圏,188,188,1,https://www.tessera.co.jp/,
8020001082235,株式会社リープ,13:東京都,36人,30-99人 / 東京,352,352,1,https://leapinc.co.jp/company.html,
8020001086566,株式会社プリマジェスト,13:東京都,2417人,1000人以上 / 東京,147,147,1,https://www.primagest.co.jp/company/,
8020001110953,Ｅ－ｋａｎ株式会社,13:東京都,13人,10-29人 / 東京,299,299,1,https://e-kan.tokyo/,
8020001143862,株式会社Ｒ２,14:神奈川県,4人,1-4人 / 主要都市圏,119,119,1,https://remoterobotics.co.jp/,
8021001008106,株式会社ＦＶコンサルティング,14:神奈川県,1人,1-4人 / 主要都市圏,119,119,1,https://fv-shonan.com/,
8021001065353,株式会社Ｌｉｂｅｒｔａｄ,14:神奈川県,4人,1-4人 / 主要都市圏,119,119,1,https://libertad-inc.co.jp/wp/company/,
8030001021646,株式会社ＯＫＩソフトウェア,11:埼玉県,1247人,1000人以上 / 主要都市圏,54,54,1,https://www.oki-osk.jp/,
8030001030408,株式会社アイキューブ・マーケティング,13:東京都,141人,100-299人 / 東京,432,432,1,https://icube-m.com/,
8030001057574,株式会社タカインフォテクノ,11:埼玉県,212人,100-299人 / 主要都市圏,186,186,1,https://www.taka-infotechno.co.jp/,
8030001075015,彩ネット株式会社,11:埼玉県,22人,10-29人 / 主要都市圏,189,189,1,http://www.sainet.ne.jp/,
8030002016471,有限会社エムエンタープライズ,11:埼玉県,5人,5-9人 / 主要都市圏,77,77,1,http://m-enterprise.muse.weblife.me/index.html/index.html,
8030003002058,ベストプランナー合同会社,11:埼玉県,3人,1-4人 / 主要都市圏,119,119,1,https://bestplanner.co.jp/,
8040001003619,住友林業情報システム株式会社,12:千葉県,189人,100-299人 / 主要都市圏,186,186,1,http://www.sumirin.co.jp/,
8040001011332,株式会社マスターマインド,13:東京都,5人,5-9人 / 東京,157,157,1,http://www.mastermindco.com/,
8040001014715,株式会社日立ケーイーシステムズ,12:千葉県,444人,300-999人 / 主要都市圏,86,86,1,https://www.hke.jp/,
8040001036668,株式会社フェーズワン,12:千葉県,98人,30-99人 / 主要都市圏,188,188,1,http://www.phase1.co.jp,
8040001063472,株式会社エヌアイデイ,12:千葉県,1148人,1000人以上 / 主要都市圏,54,54,1,http://www.nid.co.jp/,
8040001093164,株式会社ＴｅＤａＭａ,13:東京都,3人,1-4人 / 東京,189,189,1,https://blog.tedama.co.jp/,
8040001115876,株式会社ｓｐｉｋｅｒ,12:千葉県,2人,1-4人 / 主要都市圏,119,119,1,https://www.spiker.jp/,
8050001000763,株式会社川又感光社,08:茨城県,45人,30-99人 / その他,169,169,1,https://www.k-kawamata.co.jp/company/info/,
8050001047375,株式会社クレバーラクーン,08:茨城県,4人,1-4人 / その他,50,50,1,https://clever-racoon.com/,
8060001028003,株式会社秋栄堂,09:栃木県,36人,30-99人 / その他,169,169,1,https://syueido.jp/action-plan,
8070001001545,株式会社ジーシーシー,10:群馬県,767人,300-999人 / その他,76,76,1,http://www.gcc.co.jp/,
8080001002006,株式会社静鉄情報センター,22:静岡県,107人,100-299人 / その他,170,170,1,https://shizutetsu-info.com/,
8080001003045,株式会社ＤＩＳＰ,22:静岡県,46人,30-99人 / その他,169,169,1,http://disp.co.jp/,
8080001003573,株式会社デイシス,22:静岡県,124人,100-299人 / その他,170,170,1,http://www.daysys.jp/,
8080102016301,有限会社アイ・プランニング,22:静岡県,9人,5-9人 / その他,65,65,1,http://www.iplan-inc.com,
8080401020581,株式会社ネクサス,22:静岡県,235人,100-299人 / その他,170,170,1,https://www.nexus-nt.co.jp/,
8090001001477,株式会社テレビ山梨,19:山梨県,130人,100-299人 / その他,170,170,1,http://uty.jp,
8090001002302,株式会社山梨文化会館,19:山梨県,898人,300-999人 / その他,76,76,1,http://www.sannichi-ybs.co.jp/,
8090001007557,株式会社レンサ,13:東京都,91人,30-99人 / 東京,352,352,1,https://rensa.co.jp/,
8100001000287,株式会社インフォメーション・ネットワーク・コミュニティ,20:長野県,39人,30-99人 / その他,169,169,1,http://www.nagano-inc.co.jp,
8100001018528,長野日本ソフトウエア株式会社,20:長野県,105人,100-299人 / その他,170,170,1,https://www.nnsk.co.jp/challenge30/,
8110001002753,株式会社スペースアルフアーシステム,15:新潟県,28人,10-29人 / その他,129,129,1,https://www.sas-system.co.jp/,
8110001004023,株式会社新潟日報社,15:新潟県,526人,300-999人 / その他,76,76,1,https://www.niigata-nippo.co.jp/guide/actionplan/womanactivity.html,
8110001018766,株式会社わくわく,15:新潟県,4人,1-4人 / その他,50,50,1,http://www.wakuwaku2525.com,
8110001022198,株式会社ＮＳ・コンピュータサービス,15:新潟県,515人,300-999人 / その他,76,76,1,https://nscs.jp/,
8110001030606,株式会社クーネルワーク,15:新潟県,37人,30-99人 / その他,169,169,1,https://cunelwork.co.jp/,
8110001034854,スティーク株式会社,15:新潟県,7人,5-9人 / その他,65,65,1,https://steeq.jp/,
8120001007396,株式会社ゲンダイ出版,27:大阪府,9人,5-9人 / 主要都市圏,77,77,1,http://www.gendai-press.co.jp/,
8120001010111,株式会社鈴木商店,27:大阪府,23人,10-29人 / 主要都市圏,189,189,1,http://www.suzukishouten.co.jp,
8120001034119,アイテック阪急阪神株式会社,27:大阪府,1295人,1000人以上 / 主要都市圏,54,54,1,https://itec.hankyu-hanshin.co.jp,
8120001035166,株式会社ベイ・コミュニケーションズ,27:大阪府,159人,100-299人 / 主要都市圏,186,186,1,https://baycom.jp,
8120001036965,株式会社日本ビジネス開発,27:大阪府,328人,300-999人 / 主要都市圏,86,86,1,https://www.jbd.co.jp/,
8120001038400,株式会社ジェイテック,27:大阪府,882人,300-999人 / 主要都市圏,86,86,1,https://www.j-tech.jp/,
8120001046444,ノバシステム株式会社,27:大阪府,547人,300-999人 / 主要都市圏,86,86,1,https://www.nova-system.com/,
8120001046642,株式会社パワーハウス,27:大阪府,190人,100-299人 / 主要都市圏,186,186,1,https://www.power-h.co.jp/,
8120001053779,株式会社イーエムシステムズ,27:大阪府,497人,300-999人 / 主要都市圏,86,86,1,https://emsystems.co.jp/sustainability/social.html,
8120001063142,株式会社栗菱コンピューターズ,27:大阪府,350人,300-999人 / 主要都市圏,86,86,1,http://www.ritsuryo.co.jp/,
8120001063233,株式会社近宣,27:大阪府,141人,100-299人 / 主要都市圏,186,186,1,https://www.kinsen.co.jp,
8120001067309,株式会社関西東通,27:大阪府,212人,100-299人 / 主要都市圏,186,186,1,http://www.kansai-totsu.com/,
8120001082373,住友電工情報システム株式会社,27:大阪府,597人,300-999人 / 主要都市圏,86,86,1,https://www.sei-info.co.jp/,
8120001092926,株式会社ＯＤＫソリューションズ,27:大阪府,150人,100-299人 / 主要都市圏,186,186,1,https://www.odk.co.jp,
8120001100358,トモエリンク株式会社,27:大阪府,42人,30-99人 / 主要都市圏,188,188,1,http://tomoemedia.co.jp/,
8120001104771,センターフィールド株式会社,27:大阪府,30人,30-99人 / 主要都市圏,188,188,1,https://centerfield.co.jp/,
8120001107329,株式会社ファーストブランド,27:大阪府,53人,30-99人 / 主要都市圏,188,188,1,http://www.firstbrand.co.jp/,
8120001123045,株式会社スクラムソフトウェア,27:大阪府,13人,10-29人 / 主要都市圏,189,189,1,http://www.scrumsoftware.co.jp/,
8120001123887,株式会社タンバリン,13:東京都,20人,10-29人 / 東京,299,299,1,https://www.tam-bourine.co.jp/,
8120001154189,株式会社ディライトシステム,27:大阪府,14人,10-29人 / 主要都市圏,189,189,1,http://delight-system.co.jp/,
8120001159485,株式会社ドラプロ,27:大阪府,9人,5-9人 / 主要都市圏,77,77,1,https://www.dorapro.co.jp,
8120001162035,株式会社ビズベース,27:大阪府,14人,10-29人 / 主要都市圏,189,189,1,https://www.bizbase.co.jp,
8120001162712,株式会社Ｃｏｄｅｅｒ,27:大阪府,2人,1-4人 / 主要都市圏,119,119,1,http://www.codeer.co.jp/,
8120001170657,株式会社メディカ出版,27:大阪府,162人,100-299人 / 主要都市圏,186,186,1,https://www.medica.co.jp/,
8120001190622,株式会社ユーワード,27:大阪府,5人,5-9人 / 主要都市圏,77,77,1,https://u-word.jp/,
8120001190639,ネクストライブ株式会社,27:大阪府,22人,10-29人 / 主要都市圏,189,189,1,https://nextribe.co.jp/,
8120001204927,朝日放送テレビ株式会社,27:大阪府,690人,300-999人 / 主要都市圏,86,86,1,https://corp.asahi.co.jp/ja/tv/company/rule/jisedai.html,
8120001206824,株式会社メディアパートナーズ,27:大阪府,51人,30-99人 / 主要都市圏,188,188,1,https://media-partners.co.jp/,
8120001210735,コンセプトデザイン株式会社,13:東京都,30人,30-99人 / 東京,352,352,1,https://conceptors.co.jp/,
8120001210859,株式会社ＣｏｎｔｅｘｔＪａｐａｎ,27:大阪府,3人,1-4人 / 主要都市圏,119,119,1,https://contextneo.jp/,https://contextneo.jp/recruit
8120101035396,株式会社デジタルキャピタル,27:大阪府,12人,10-29人 / 主要都市圏,189,189,1,https://www.digitalcapital.co.jp,
8120901016983,株式会社メディネット,27:大阪府,55人,30-99人 / 主要都市圏,188,188,1,http://www.mdnt.co.jp/,
8120901048770,株式会社ＶＯＬＴＭＩＮＤ,27:大阪府,6人,5-9人 / 主要都市圏,77,77,1,https://voltmind.jp/,
8130001021041,株式会社システムディ,26:京都府,303人,300-999人 / 主要都市圏,86,86,1,http://www.systemd.co.jp/,
8130001048621,株式会社ジャストイット,26:京都府,4人,1-4人 / 主要都市圏,119,119,1,https://justit.co.jp/,
8130001081481,株式会社ＷＡＮＩ　ＤＥＳＩＧＮ,26:京都府,2人,1-4人 / 主要都市圏,119,119,1,https://wani.design/,
8140001052341,株式会社ビッグバレーインターナショナル,28:兵庫県,87人,30-99人 / 主要都市圏,188,188,1,https://bvi.jp/company,
8140001109141,株式会社ＮＯＧＩＣ,13:東京都,5人,5-9人 / 東京,157,157,1,https://www.nogic.co.jp/,
8140001136961,株式会社ケタケタ,28:兵庫県,2人,1-4人 / 主要都市圏,119,119,1,https://ketaketa.co.jp/,
8160001006064,株式会社ロイド,25:滋賀県,1人,1-4人 / その他,50,50,1,https://royd.co.jp/2023/12/ryouritsu/,
8180001030616,株式会社システムリサーチ,23:愛知県,1548人,1000人以上 / 主要都市圏,54,54,1,https://www.sr-net.co.jp/,
8180001033783,アクティブシステム株式会社,23:愛知県,18人,10-29人 / 主要都市圏,189,189,1,https://activesystem.co.jp/,
8180001072534,株式会社テクノスピーチ,23:愛知県,23人,10-29人 / 主要都市圏,189,189,1,https://www.techno-speech.com/,
8180001119079,ＧｒｏｗＧｒｏｕｐ株式会社,23:愛知県,2人,1-4人 / 主要都市圏,119,119,1,http://grow-group.jp/,
8180001134862,株式会社豊通シスコム,23:愛知県,391人,300-999人 / 主要都市圏,86,86,1,https://www.tsyscom.co.jp/company/diversity_management/,
8180001142015,株式会社ＡＩＴＣ,23:愛知県,7人,5-9人 / 主要都市圏,77,77,1,https://aitc.co.jp/about-us/,
8180001145439,株式会社フォーチュン,23:愛知県,30人,30-99人 / 主要都市圏,188,188,1,https://www.f-tune.co.jp/,
8180001149415,株式会社ナゴウェブ,23:愛知県,1人,1-4人 / 主要都市圏,119,119,1,https://nagoweb.co.jp/koudou-keikaku/,
8180001158663,株式会社ファブリカコミュニケーションズ,23:愛知県,159人,100-299人 / 主要都市圏,186,186,1,https://www.fabrica-com.co.jp/,
8180001160504,ＤｅｓｓＡｎｇｅ株式会社,23:愛知県,4人,1-4人 / 主要都市圏,119,119,1,https://www.dessange.co.jp/,
8180003017719,合同会社ラビッツ,23:愛知県,4人,1-4人 / 主要都市圏,119,119,1,https://rabbits-llc.co.jp/,
8180301006547,豊橋ケーブルネットワーク株式会社,23:愛知県,76人,30-99人 / 主要都市圏,188,188,1,https://www.tees.jp/,
8180301013915,株式会社キャッチネットワーク,23:愛知県,240人,100-299人 / 主要都市圏,186,186,1,https://www.katch.co.jp/ex/recruit/about/workstyle/,
8190001000667,株式会社ＺＴＶ,24:三重県,381人,300-999人 / その他,76,76,1,https://www.ztv.co.jp/,
8190001000873,株式会社ビーイング,24:三重県,332人,300-999人 / その他,76,76,1,https://www.beingcorp.co.jp/corporate/,
8190001001070,株式会社アレクシード,24:三重県,106人,100-299人 / その他,170,170,1,http://www.allexceed.co.jp/,
8190001026472,株式会社アスターリンク,24:三重県,4人,1-4人 / その他,50,50,1,https://aster-link.co.jp/,https://www.aster-link.co.jp/recruit/
8200001010755,株式会社ＥＭＤ,21:岐阜県,404人,300-999人 / その他,76,76,1,https://www.emdes.co.jp/,
8200001013931,タック株式会社,21:岐阜県,433人,300-999人 / その他,76,76,1,https://www.taknet.co.jp,
8200001029804,株式会社リーピー,21:岐阜県,63人,30-99人 / その他,169,169,1,https://leapy.jp/,
8200003004359,合同会社Ｃ７,23:愛知県,6人,5-9人 / 主要都市圏,77,77,1,https://c7-int.co.jp/,
8210001015340,株式会社ネットショップ支援室,18:福井県,64人,30-99人 / その他,169,169,1,https://recruit.netshop-pro.jp/welfare/,
8210001015935,株式会社ネットソリューション,18:福井県,23人,10-29人 / その他,129,129,1,https://www.netsolution.biz/company/index.html,
8220001002008,株式会社金沢エンジニアリングシステムズ,17:石川県,146人,100-299人 / その他,170,170,1,https://kanazawa-es.co.jp/,
8220001007989,株式会社イーネットソリューションズ,17:石川県,82人,30-99人 / その他,169,169,1,https://www.enetsolutions.co.jp/,
8220001008038,株式会社エイ・ティ情報研,17:石川県,90人,30-99人 / その他,169,169,1,https://www.at-j.co.jp/,
8220001010563,フィールセーフ株式会社,17:石川県,22人,10-29人 / その他,129,129,1,http://www.feelsafe.co.jp/,
8230001001438,株式会社ソフト,16:富山県,96人,30-99人 / その他,169,169,1,https://www.soft-co.jp/,
8230001002980,株式会社ＨＣＳプラス,16:富山県,136人,100-299人 / その他,170,170,1,https://www.hcsplus.co.jp,
8230001008598,日本ソフテック株式会社,16:富山県,197人,100-299人 / その他,170,170,1,http://www.nsft.co.jp,
8240001008754,株式会社ハイエレコン,34:広島県,266人,100-299人 / その他,170,170,1,https://www.hek.co.jp/,
8240001042753,株式会社エフ,43:熊本県,14人,10-29人 / その他,129,129,1,https://www.e-f.co.jp/,
8240002032919,Ｒｅｍａｉｎ　ｉｎ株式会社,13:東京都,13人,10-29人 / 東京,299,299,1,https://www.remain-in.com/,
8250001003052,株式会社宇部情報システム,35:山口県,500人,300-999人 / その他,76,76,1,https://www.uis-inf.co.jp/,
8250001006113,西日本オフィスメーション株式会社,40:福岡県,60人,30-99人 / 主要都市圏,188,188,1,https://www.nom.co.jp/,
8260001000957,株式会社オービス,33:岡山県,37人,30-99人 / その他,169,169,1,https://www.obis.co.jp/,
8260001003258,株式会社システムタイズ,33:岡山県,95人,30-99人 / その他,169,169,1,https://www.system-ties.co.jp/,
8260001004792,株式会社岡山トヨタシステムサービス,33:岡山県,101人,100-299人 / その他,170,170,1,https://www.ot-ss.com/,
8260001007077,株式会社両備システムズ,33:岡山県,1966人,1000人以上 / その他,8,8,1,http://www.ryobi.co.jp/,
8260001025806,レプタイル株式会社,33:岡山県,27人,10-29人 / その他,129,129,1,https://www.reptiles.co.jp/,
8260001034105,アクター株式会社,33:岡山県,7人,5-9人 / その他,65,65,1,https://ac-tor.co/,
8260002015269,有限会社ミト・ワークス,33:岡山県,6人,5-9人 / その他,65,65,1,https://m-w.cc/,
8270001003273,株式会社サテライトコミュニケーションズネットワーク,31:鳥取県,30人,30-99人 / その他,169,169,1,https://www.sc-net.ne.jp/,
8280001002811,株式会社アキュートシスコム,32:島根県,54人,30-99人 / その他,169,169,1,https://www.acute-sc.co.jp/,https://www.acute-sc.co.jp/recruit/index.html
8290001006662,株式会社オートメイション・テクノロジー,40:福岡県,168人,100-299人 / 主要都市圏,186,186,1,https://www.inf9.co.jp/,https://www.inf9.co.jp/recruit/
8290001009392,株式会社西日本新聞社,40:福岡県,500人,300-999人 / 主要都市圏,86,86,1,http://www.nishinippon.co.jp/,
8290001011613,インフォニイ株式会社,40:福岡県,34人,30-99人 / 主要都市圏,188,188,1,http://www.infony.co.jp,
8290001020069,株式会社キャム,40:福岡県,31人,30-99人 / 主要都市圏,188,188,1,https://www.cam-net.co.jp/,
8290001021199,株式会社ソリューション,40:福岡県,46人,30-99人 / 主要都市圏,188,188,1,http://www.solution-gr.co.jp/,
8290001021579,株式会社ゼンリンジオ技術研究所,40:福岡県,61人,30-99人 / 主要都市圏,188,188,1,http://www.geogiken.co.jp/,
8290001025927,株式会社ヒューコネクト,40:福岡県,2人,1-4人 / 主要都市圏,119,119,1,http://www.hu-connect.co.jp/,
8290001027857,エモーションウエーブ株式会社,40:福岡県,46人,30-99人 / 主要都市圏,188,188,1,http://www.uewave.com/,
8290001031405,株式会社ベストＩＴビジネス,40:福岡県,34人,30-99人 / 主要都市圏,188,188,1,http://best-it.co.jp/,
8290001052401,フィールドシステムズ株式会社,40:福岡県,21人,10-29人 / 主要都市圏,189,189,1,https://fieldsystems.co.jp/company/action-plan,
8290001078256,株式会社ＫＡＴＳＵＭＯＫ,40:福岡県,8人,5-9人 / 主要都市圏,77,77,1,https://katsumok.com/,
8290002030505,株式会社エムアンドエル,40:福岡県,22人,10-29人 / 主要都市圏,189,189,1,http://www.mandl.co.jp/company/,
8290801003000,株式会社ニシコン,40:福岡県,176人,100-299人 / 主要都市圏,186,186,1,https://www.nckk.co.jp/,
8290801011432,株式会社ビー・エス・エス,40:福岡県,48人,30-99人 / 主要都市圏,188,188,1,https://www.bssnet.co.jp,
8300001011958,株式会社ＡＮＤＣＯ,41:佐賀県,47人,30-99人 / その他,169,169,1,https://andco-web.jp/,
8310001011486,株式会社エス・ティー・エヌ,42:長崎県,33人,30-99人 / その他,169,169,1,http://www.stn-plus.com/,
8320001001478,株式会社スリーエイ・システム,44:大分県,245人,100-299人 / その他,170,170,1,https://www.aaa-system.co.jp/,
8320001006601,三菱商事太陽株式会社,44:大分県,120人,100-299人 / その他,170,170,1,https://www.mctaiyo.co.jp/,
8330001001378,株式会社熊本計算センター,43:熊本県,246人,100-299人 / その他,170,170,1,https://www.kkc-net.co.jp/,
8330001003374,株式会社ナトーコンピュータ,43:熊本県,40人,30-99人 / その他,169,169,1,https://www.nato.co.jp/,
8330001011237,株式会社ＣＯネット,43:熊本県,8人,5-9人 / その他,65,65,1,http://net-co.jp/,
8330001017176,株式会社ウディスソフト研究所,43:熊本県,5人,5-9人 / その他,65,65,1,https://www.udissoftlab.com/,
8330001017548,株式会社フォルクスウェア,43:熊本県,11人,10-29人 / その他,129,129,1,https://volksware.jp/,
8340001002433,ソフトマックス株式会社,46:鹿児島県,246人,100-299人 / その他,170,170,1,https://www.s-max.co.jp/company/sustainability/,
8340001005592,株式会社現場サポート,46:鹿児島県,77人,30-99人 / その他,169,169,1,https://www.genbasupport.com/,
8340001022365,Ｇｒｏｗｃａｌ株式会社,46:鹿児島県,2人,1-4人 / その他,50,50,1,https://growcal.jp/,
8350001004081,株式会社フェニックスシステム研究所,45:宮崎県,175人,100-299人 / その他,170,170,1,https://www.psl-em.co.jp/,
8350001007316,旭化成ネットワークス株式会社,45:宮崎県,100人,100-299人 / その他,170,170,1,https://www.aknws.com/,
8350001008198,日本情報クリエイト株式会社,45:宮崎県,327人,300-999人 / その他,76,76,1,http://www.n-create.co.jp/,
8360001000583,沖電グローバルシステムズ株式会社,47:沖縄県,155人,100-299人 / その他,170,170,1,https://www.okiden-gs.co.jp/company/1647746533/,
8360001000922,株式会社国際システム,47:沖縄県,175人,100-299人 / その他,170,170,1,https://www.isd.co.jp/,
8360001001219,株式会社ソフィア通信,47:沖縄県,78人,30-99人 / その他,169,169,1,http://www.sophianet.co.jp/,
8360003011694,合同会社Ｄｉｇｉｔａｌ　Ｔｒｕｓｔ　Ｆｉｒｍ,13:東京都,5人,5-9人 / 東京,157,157,1,https://digital-trust-firm.co.jp/,
8370001004996,ＴＩＳ東北株式会社,04:宮城県,101人,100-299人 / その他,170,170,1,https://www.tis-t.co.jp/,
8370001012280,東杜シーテック株式会社,04:宮城県,127人,100-299人 / その他,170,170,1,https://www.tctec.co.jp,
8370001012537,株式会社ビー・エイチ・シー,04:宮城県,23人,10-29人 / その他,129,129,1,https://www.bhc-bc.co.jp/,
8370001014194,株式会社ティーダシステム,04:宮城県,20人,10-29人 / その他,129,129,1,http://www.teada-system.com,http://www.teada-system.com
8380001008162,株式会社ＮＣＥ,07:福島県,105人,100-299人 / その他,170,170,1,https://nce.co.jp/company/kodo-keikaku/,
8390001000795,株式会社さくらんぼテレビジョン,06:山形県,58人,30-99人 / その他,169,169,1,http://www.sakuranbo.co.jp/,
8400001003656,岩手インフォメーション・テクノロジー株式会社,03:岩手県,38人,30-99人 / その他,169,169,1,https://iwate-it.co.jp/,
8410001000330,株式会社秋田魁新報社,05:秋田県,238人,100-299人 / その他,170,170,1,https://www.sakigake.jp/company/,
8410001000702,エイデイケイ富士システム株式会社,05:秋田県,130人,100-299人 / その他,170,170,1,http://www.adf.co.jp/,
8410001002814,株式会社トラパンツ,05:秋田県,47人,30-99人 / その他,169,169,1,https://www.torapants.co.jp/,
8420001000206,株式会社青森テレビ,02:青森県,95人,30-99人 / その他,169,169,1,https://www.atv.jp/,
8430001000493,株式会社アジェンダ,01:北海道,75人,30-99人 / 主要都市圏,188,188,1,https://www.agenda.co.jp/,
8430001007019,株式会社シー・エー・ティー,01:北海道,20人,10-29人 / 主要都市圏,189,189,1,https://www.kkcat.co.jp/,
8430001007068,ＳＣＳＫ北海道株式会社,01:北海道,216人,100-299人 / 主要都市圏,186,186,1,http://www.scsk-hokkaido.co.jp/,
8430001021969,北海道総合通信網株式会社,01:北海道,264人,100-299人 / 主要都市圏,186,186,1,https://www.hotnet.co.jp,
8430001041505,株式会社アイコン,01:北海道,40人,30-99人 / 主要都市圏,188,188,1,https://iconfor.co.jp,
8430001087572,株式会社ＲＵＣＯ,01:北海道,6人,5-9人 / 主要都市圏,77,77,1,https://ruco.co.jp/,
8430001088380,株式会社フルコ,01:北海道,1人,1-4人 / 主要都市圏,119,119,1,https://furuco.jp/,
8470001001876,株式会社四國新聞社,37:香川県,112人,100-299人 / その他,170,170,1,https://www.shikoku-np.co.jp/,
8480001001710,日本システム開発株式会社,36:徳島県,60人,30-99人 / その他,169,169,1,https://www.jsdnet.co.jp/,
8490001000439,株式会社キタムラコンピユータ,39:高知県,14人,10-29人 / その他,129,129,1,https://www.kitacomp.co.jp/,
8500001000800,株式会社愛媛電算,38:愛媛県,89人,30-99人 / その他,169,169,1,http://www.ehime-densan.co.jp/,
8500001006450,株式会社アイムービック,38:愛媛県,67人,30-99人 / その他,169,169,1,https://www.eyemovic.com/,
8500001014453,株式会社フロントエンド,38:愛媛県,17人,10-29人 / その他,129,129,1,https://www.frontend.co.jp/,
9010001010501,株式会社アローコーポレーション,13:東京都,27人,10-29人 / 東京,299,299,1,https://www.allow-web.com/,
9010001010864,株式会社イイガ,13:東京都,35人,30-99人 / 東京,352,352,1,http://www.iiga.jp,
9010001014964,株式会社国和システム,13:東京都,248人,100-299人 / 東京,432,432,1,https://www.kokuwa.co.jp/,
9010001020855,株式会社税務研究会,13:東京都,167人,100-299人 / 東京,432,432,1,http://www.zeiken.co.jp/,
9010001023222,株式会社電力計算センター,13:東京都,127人,100-299人 / 東京,432,432,1,https://www.dcc.co.jp/,
9010001026159,株式会社ＩＩＪエンジニアリング,13:東京都,750人,300-999人 / 東京,277,277,1,https://www.iij-engineering.co.jp/,
9010001031729,株式会社中央公論新社,13:東京都,158人,100-299人 / 東京,432,432,1,http://www.chuko.co.jp/,
9010001035779,株式会社朝日ネット,13:東京都,200人,100-299人 / 東京,432,432,1,https://asahi-net.co.jp/corporate/characteristic.html,
9010001055406,株式会社富士キメラ総研,13:東京都,84人,30-99人 / 東京,352,352,1,https://www.fcr.co.jp/,
9010001056156,株式会社山口シネマ,13:東京都,456人,300-999人 / 東京,277,277,1,http://www.yamaguchi-cinema.co.jp/,
9010001063425,株式会社ウイズ・ワン,13:東京都,230人,100-299人 / 東京,432,432,1,https://wiss1.co.jp,
9010001063813,ベース株式会社,13:東京都,1370人,1000人以上 / 東京,147,147,1,https://www.basenet.co.jp/,
9010001065685,株式会社シンカ,13:東京都,40人,30-99人 / 東京,352,352,1,http://www.synca.co.jp/,
9010001066543,アイ・システム株式会社,13:東京都,361人,300-999人 / 東京,277,277,1,https://www.i-system.co.jp,
9010001067368,株式会社インプレス,13:東京都,120人,100-299人 / 東京,432,432,1,https://www.imprex.co.jp/,
9010001069298,株式会社ネクステージコンサルティング,13:東京都,25人,10-29人 / 東京,299,299,1,http://www.nextage-c.jp/,
9010001074249,株式会社日本ウィルテックソリューション,13:東京都,166人,100-299人 / 東京,432,432,1,https://www.jwts.co.jp/,
9010001075016,株式会社トゥーヴァージンズ,13:東京都,12人,10-29人 / 東京,299,299,1,http://www.twovirgins.jp/,
9010001082243,株式会社コーソル,13:東京都,162人,100-299人 / 東京,432,432,1,https://cosol.jp/,
9010001086351,株式会社クロス・マーケティング,13:東京都,449人,300-999人 / 東京,277,277,1,http://www.cross-m.co.jp/,
9010001086426,ＡＢＣシステム株式会社,13:東京都,310人,300-999人 / 東京,277,277,1,https://www.abcs.addo.co.jp/,
9010001091707,ＣＴＣテクノロジー株式会社,13:東京都,1700人,1000人以上 / 東京,147,147,1,http://www.ctct.co.jp/,
9010001092589,株式会社ソデック,13:東京都,40人,30-99人 / 東京,352,352,1,https://www.sodech.com/,
9010001093967,株式会社クロノス,13:東京都,24人,10-29人 / 東京,299,299,1,http://www.cronus.co.jp,
9010001100228,株式会社ストラテジックマーケティング,13:東京都,6人,5-9人 / 東京,157,157,1,https://www.strategic-m.jp,
9010001100905,株式会社ブレインアーツ,13:東京都,14人,10-29人 / 東京,299,299,1,https://brain-arts.net/,https://brain-arts.net/recruit/
9010001101119,ビジネスエンジニアリング株式会社,13:東京都,580人,300-999人 / 東京,277,277,1,https://www.b-en-g.co.jp/jp/sustainability/initiatives/social.html,
9010001103734,デジタル・インフォメーション・テクノロジー株式会社,13:東京都,1509人,1000人以上 / 東京,147,147,1,https://www.ditgroup.jp/index.html,
9010001107322,株式会社ドリームオンライン,34:広島県,30人,30-99人 / その他,169,169,1,http://www.dreamonline.co.jp/,
9010001109814,株式会社ジェニュイン,13:東京都,16人,10-29人 / 東京,299,299,1,http://www.genuine-pt.jp/,
9010001112933,株式会社アクセスネット,13:東京都,131人,100-299人 / 東京,432,432,1,https://www.access-net.co.jp/,
9010001116570,フューチャー・アンティークス株式会社,13:東京都,847人,300-999人 / 東京,277,277,1,https://www.futureantiques.co.jp,
9010001118708,グロースエクスパートナーズ株式会社,13:東京都,282人,100-299人 / 東京,432,432,1,https://www.gxp-group.co.jp/,
9010001126347,株式会社イマージュ,13:東京都,70人,30-99人 / 東京,352,352,1,http://www.img.co.jp/,
9010001129151,株式会社ブレイクスルー・ネットワーク,13:東京都,6人,5-9人 / 東京,157,157,1,https://ossbreak.co.jp/,
9010001129218,ビーパートナーズ株式会社,13:東京都,74人,30-99人 / 東京,352,352,1,https://www.bee-partners.co.jp/,https://www.bee-partners.co.jp/recruit/
9010001137889,かっこ株式会社,13:東京都,80人,30-99人 / 東京,352,352,1,https://cacco.co.jp/sustainability/,
9010001139893,宇宙システム開発株式会社,13:東京都,36人,30-99人 / 東京,352,352,1,http://www.space-sd.co.jp/,
9010001143004,株式会社アクシスウェア,13:東京都,102人,100-299人 / 東京,432,432,1,https://www.axisware.co.jp/,
9010001144019,株式会社ヒューマンテクノロジーズ,13:東京都,306人,300-999人 / 東京,277,277,1,http://www.h-t.co.jp,
9010001145685,株式会社リボルブ・シス,13:東京都,434人,300-999人 / 東京,277,277,1,https://revolvesys.co.jp/,
9010001145867,株式会社モバイルファクトリー,13:東京都,82人,30-99人 / 東京,352,352,1,https://www.mobilefactory.jp/,
9010001146618,株式会社ギークフィード,13:東京都,39人,30-99人 / 東京,352,352,1,https://www.geekfeed.co.jp/,
9010001146832,株式会社メディアスクエア,13:東京都,19人,10-29人 / 東京,299,299,1,https://www.media-square.co.jp/,
9010001148226,スタークス株式会社,13:東京都,50人,30-99人 / 東京,352,352,1,https://starx.co.jp/,
9010001153291,ディレクトリジャパン株式会社,13:東京都,2人,1-4人 / 東京,189,189,1,https://directoryjapan.jp/,
9010001155065,リンクラフト株式会社,13:東京都,57人,30-99人 / 東京,352,352,1,https://lincraft.co.jp/,
9010001155370,ＣＴＷ株式会社,13:東京都,102人,100-299人 / 東京,432,432,1,https://ctw.inc/,https://jobs.ctw.inc/ja/
9010001166368,株式会社ｅｘｔ,15:新潟県,13人,10-29人 / その他,129,129,1,https://ext.cx/,
9010001166772,ライフデザイン株式会社,13:東京都,62人,30-99人 / 東京,352,352,1,http://www.lifedesign-inc.jp/,
9010001174206,ウイングアーク１ｓｔ株式会社,13:東京都,836人,300-999人 / 東京,277,277,1,http://www.wingarc.com/,
9010001175583,株式会社ＲＯＩＴ,13:東京都,25人,10-29人 / 東京,299,299,1,https://www.roit.co.jp/,
9010001178710,株式会社カスタムライフ,13:東京都,55人,30-99人 / 東京,352,352,1,https://customlife.co.jp/,
9010001189690,株式会社ＶＴＩジャパン,13:東京都,218人,100-299人 / 東京,432,432,1,https://vtijapan.co.jp/,
9010001200564,株式会社ワールドプレミア,13:東京都,3人,1-4人 / 東京,189,189,1,https://worldpremiere.co.jp/contact/,
9010001200622,株式会社エル・フィールド,13:東京都,70人,30-99人 / 東京,352,352,1,https://www.lfield.co.jp/,
9010001206900,株式会社ＳＯＲＣＩＥＲ,13:東京都,1人,1-4人 / 東京,189,189,1,https://sorcier.co.jp/,
9010001223243,弥生株式会社,13:東京都,790人,300-999人 / 東京,277,277,1,https://www.yayoi-kk.co.jp/,
9010001232863,ビットクォーク株式会社,13:東京都,4人,1-4人 / 東京,189,189,1,https://bit-quark.com,
9010003032634,ジャパンシステム株式会社,13:東京都,703人,300-999人 / 東京,277,277,1,http://www.japan-systems.co.jp/,
9010101014088,株式会社Ｔ．Ｋ．Ｊ．,13:東京都,10人,10-29人 / 東京,299,299,1,https://shikin-antenna.com/,
9010401002098,株式会社アラウン,13:東京都,98人,30-99人 / 東京,352,352,1,http://www.araun.com,
9010401018458,株式会社ＤＴＳ,13:東京都,3255人,1000人以上 / 東京,147,147,1,https://www.dts.co.jp/sustainability/social/diversity/,
9010401018474,データ・マネージメント株式会社,13:東京都,608人,300-999人 / 東京,277,277,1,https://www.dmk.co.jp/,
9010401019407,株式会社エクスクリエ,13:東京都,109人,100-299人 / 東京,432,432,1,https://www.dohouse.co.jp/,
9010401020050,株式会社トレム,13:東京都,35人,30-99人 / 東京,352,352,1,http://www.torem.co.jp/,
9010401022286,日本アクティ・システムズ株式会社,13:東京都,221人,100-299人 / 東京,432,432,1,https://www.actys.co.jp/,
9010401023053,ＮＴＴデータフロンティア株式会社,13:東京都,902人,300-999人 / 東京,277,277,1,https://www.nttd-fr.com/company/dei.html,
9010401028746,三菱電機ソフトウエア株式会社,13:東京都,5300人,1000人以上 / 東京,147,147,1,https://www.mesw.co.jp,
9010401031667,株式会社菱友システムサービス,13:東京都,248人,100-299人 / 東京,432,432,1,http://www.myrss.co.jp/index.html,
9010401039891,株式会社いい生活,13:東京都,210人,100-299人 / 東京,432,432,1,https://www.e-seikatsu.info/aboutUs/csr.html,
9010401040544,株式会社ドゥプレスト,13:東京都,26人,10-29人 / 東京,299,299,1,http://www.do-prest.co.jp,
9010401040916,株式会社プラス,13:東京都,25人,10-29人 / 東京,299,299,1,https://www.plus21.net/,
9010401040981,株式会社ゴルフダイジェスト・オンライン,13:東京都,402人,300-999人 / 東京,277,277,1,http://www.golfdigest.co.jp/,
9010401041880,ネットアップ合同会社,13:東京都,220人,100-299人 / 東京,432,432,1,http://www.netapp.com/jp/,
9010401044974,株式会社アクシオ,13:東京都,165人,100-299人 / 東京,432,432,1,https://www.axio.co.jp/,https://www.axio.co.jp/recruit/
9010401050510,株式会社日本カードネットワーク,13:東京都,298人,100-299人 / 東京,432,432,1,https://www.cardnet.co.jp/company/about.html,
9010401052465,ソフトバンク株式会社,13:東京都,24571人,1000人以上 / 東京,147,147,1,https://www.softbank.jp/corp/hr/personnel/family/,
9010401052894,ＡＫＫＯＤｉＳコンサルティング株式会社,13:東京都,6864人,1000人以上 / 東京,147,147,1,https://www.akkodis.co.jp/company/about/jisedai,
9010401053868,株式会社ジー・サーチ,14:神奈川県,159人,100-299人 / 主要都市圏,186,186,1,http://www.g-search.jp/,
9010401054908,都築電気株式会社,13:東京都,1190人,1000人以上 / 東京,147,147,1,https://www.tsuzuki.co.jp/sustainability/materiality/diversity/,
9010401056227,株式会社スカイアーチネットワークス,13:東京都,115人,100-299人 / 東京,432,432,1,https://www.skyarch.net/profile/csr.html,
9010401072975,ＳＣＳＫシステムマネジメント株式会社,13:東京都,800人,300-999人 / 東京,277,277,1,http://www.scsksm.co.jp/,
9010401080763,株式会社電通総研テクノロジー,13:東京都,1237人,1000人以上 / 東京,147,147,1,https://www.t.dentsusoken.com/,
9010401081200,コムシス情報システム株式会社,13:東京都,475人,300-999人 / 東京,277,277,1,http://www.comjo.co.jp/,
9010401089631,ラクスル株式会社,13:東京都,670人,300-999人 / 東京,277,277,1,https://corp.raksul.com/esg/esg_data/,
9010401090069,リンヤ株式会社,13:東京都,20人,10-29人 / 東京,299,299,1,http://www.rinyallc.com,
9010401106592,オープン株式会社,13:東京都,167人,100-299人 / 東京,432,432,1,https://open.co.jp/,
9010401110784,株式会社チカク,13:東京都,13人,10-29人 / 東京,299,299,1,https://www.chikaku.co.jp/,
9010401117730,株式会社オープンエイト,13:東京都,57人,30-99人 / 東京,352,352,1,https://open8.com/,
9010401132127,株式会社ＮＴＴデータＭＨＩシステムズ,13:東京都,1105人,1000人以上 / 東京,147,147,1,https://www.nttdata-mhis.co.jp/,
9010401132779,株式会社グラファー,13:東京都,73人,30-99人 / 東京,352,352,1,https://graffer.jp/,
9010401139857,ハイマネージャー株式会社,13:東京都,2人,1-4人 / 東京,189,189,1,https://himanager.me/about,
9010401143421,セルプロモート株式会社,13:東京都,172人,100-299人 / 東京,432,432,1,https://cellpromote.biz/,
9010401144782,株式会社ムセンコネクト,13:東京都,15人,10-29人 / 東京,299,299,1,https://www.musen-connect.co.jp/,https://mid-holdings.co.jp/recruit/
9010401146952,株式会社ココロザシ,13:東京都,135人,100-299人 / 東京,432,432,1,https://kokorozashi-japan.co.jp/,
9010401150483,Ｏｗｎｅｄ株式会社,13:東京都,40人,30-99人 / 東京,352,352,1,https://owned.co.jp/,
9010401174367,ＭＯＺＵ株式会社,13:東京都,3人,1-4人 / 東京,189,189,1,https://about.mozu-inc.jp/,
9010401187641,株式会社ＰＩＥＢＲＵ,13:東京都,9人,5-9人 / 東京,157,157,1,https://piebru.co.jp/company/,
9010501029322,株式会社アールユニット,13:東京都,10人,10-29人 / 東京,299,299,1,http://www.r-unit.co.jp/,
9010501031600,株式会社グランドユニット,13:東京都,16人,10-29人 / 東京,299,299,1,https://www.grandunit.com/japan/index.html,
9010501033431,ＮＴＴテレコン株式会社,13:東京都,294人,100-299人 / 東京,432,432,1,http://www.ntt-tc.co.jp/,
9010501035196,株式会社Ｖｉｔａ　ｗｏｒｋｓ,13:東京都,17人,10-29人 / 東京,299,299,1,https://vitaworks.co.jp,
9010501045410,株式会社ＡＮＥＷ,09:栃木県,9人,5-9人 / その他,65,65,1,https://anewinc.co.jp/,
9010601004852,東京都ビジネスサービス株式会社,13:東京都,540人,300-999人 / 東京,277,277,1,https://www.tokyotobs.co.jp/,
9010601027473,株式会社サン・メルクス,13:東京都,97人,30-99人 / 東京,352,352,1,http://www.sunmelx.com/,
9010601029263,ヤマトシステム開発株式会社,13:東京都,2565人,1000人以上 / 東京,147,147,1,http://www.nekonet.co.jp/index.html,
9010601034503,グローバルビジネスソリューション株式会社,13:東京都,84人,30-99人 / 東京,352,352,1,https://www.gb-sol.com/,
9010601036706,エム・ユー・エス情報システム株式会社,13:東京都,310人,300-999人 / 東京,277,277,1,https://www.is.sc.mufg.jp,
9010601050938,株式会社ＫＩＹＯＮＯ,13:東京都,40人,30-99人 / 東京,352,352,1,https://www.kiyono-co.jp/,
9010601052661,株式会社ＬＴＶマーケティング,13:東京都,4人,1-4人 / 東京,189,189,1,https://ltv-m.com,
9010701009710,株式会社メトロ,13:東京都,378人,300-999人 / 東京,277,277,1,https://www.metro.co.jp/,
9010701011947,ビッグバン株式会社,13:東京都,2人,1-4人 / 東京,189,189,1,http://bbc.gr.jp,
9010701012425,株式会社サクセス,13:東京都,195人,100-299人 / 東京,432,432,1,https://www.success-corp.co.jp/corporate/jisedai/,
9010701012532,ソニーデジタルネットワークアプリケーションズ株式会社,14:神奈川県,309人,300-999人 / 主要都市圏,86,86,1,https://www.sonydna.com/,
9010701015238,カストマシステム株式会社,13:東京都,202人,100-299人 / 東京,432,432,1,http://www.csys.co.jp,
9010701016946,株式会社エアネット,13:東京都,30人,30-99人 / 東京,352,352,1,https://www.airnet.jp,
9010701017795,株式会社日立システムズフィールドサービス,13:東京都,2562人,1000人以上 / 東京,147,147,1,https://www.hitachi-systems-fs.co.jp/sustainability/social_report/employees/work_life.html,
9010701018703,アイテックジャパン株式会社,13:東京都,101人,100-299人 / 東京,432,432,1,https://itec-japan.co.jp/,
9010701019362,株式会社ライズテック,13:東京都,35人,30-99人 / 東京,352,352,1,https://www.risetec.co.jp,https://www.risetec.co.jp/recruit/
9010701026061,株式会社ココナラ,13:東京都,235人,100-299人 / 東京,432,432,1,https://coconala.co.jp/,
9010701026400,株式会社バンダイナムコスタジオ,13:東京都,1057人,1000人以上 / 東京,147,147,1,http://www.bandainamcostudios.com/,
9010701033611,株式会社ホロラボ,13:東京都,69人,30-99人 / 東京,352,352,1,https://hololab.co.jp/,
9010701034907,株式会社ＡｃｃｏｒｄＸ,13:東京都,1人,1-4人 / 東京,189,189,1,https://cook-happy.com/,
9010801008257,ソーバル株式会社,13:東京都,792人,300-999人 / 東京,277,277,1,http://www.sobal.co.jp/,
9010901009056,日本テクニカル・サービス株式会社,13:東京都,133人,100-299人 / 東京,432,432,1,https://www.nitteku.co.jp/,
9010901015459,日興通信株式会社,13:東京都,544人,300-999人 / 東京,277,277,1,https://www.nikkotelecom.co.jp/,
9010901028873,株式会社ＧＥＡＲ,13:東京都,7人,5-9人 / 東京,157,157,1,https://u-watch.jp/,
9010901042123,株式会社Ｍａｔｔｏ,13:東京都,6人,5-9人 / 東京,157,157,1,https://matto-md.jp/,
9010901053632,株式会社ｃａｓｅ,13:東京都,1人,1-4人 / 東京,189,189,1,https://video-case.co.jp/,
9010901055249,ＣＬＯＶｉＺ株式会社,13:東京都,2人,1-4人 / 東京,189,189,1,https://www.cloviz.co.jp/ja/,
9011001001325,株式会社アヴァンザ,13:東京都,231人,100-299人 / 東京,432,432,1,https://www.avnz.co.jp/,
9011001007669,株式会社光言社,13:東京都,38人,30-99人 / 東京,352,352,1,https://www.kogensha.jp/,
9011001017148,日創工業株式会社,13:東京都,410人,300-999人 / 東京,277,277,1,https://www.nisso-ind.co.jp/,
9011001022577,ミツイワ株式会社,13:東京都,840人,300-999人 / 東京,277,277,1,https://www.mitsuiwa.co.jp/,
9011001025729,株式会社ケイ・アイ・エス情報科学研究所,13:東京都,40人,30-99人 / 東京,352,352,1,https://www.kisweb.co.jp/,
9011001029688,株式会社アバン,13:東京都,84人,30-99人 / 東京,352,352,1,http://www.avant.co.jp/,
9011001030704,トレンドマイクロ株式会社,13:東京都,761人,300-999人 / 東京,277,277,1,http://www.trendmicro.co.jp/jp/index.html,
9011001033005,アイテル株式会社,13:東京都,165人,100-299人 / 東京,432,432,1,http://www.itel.co.jp,
9011001034011,株式会社シイエヌエス,13:東京都,234人,100-299人 / 東京,432,432,1,https://www.cns.co.jp/,
9011001038945,株式会社ＮＴＴデータ・ウェーブ,13:東京都,499人,300-999人 / 東京,277,277,1,https://www.nttd-wave.com/profiles/jisedaishien.html,
9011001046758,ＩＩＮＡ株式会社,13:東京都,14人,10-29人 / 東京,299,299,1,https://ii-na.jp/,
9011001047822,株式会社スピードリンクジャパン,13:東京都,84人,30-99人 / 東京,352,352,1,https://slj.jp/,
9011001052285,株式会社ポラライズ,13:東京都,16人,10-29人 / 東京,299,299,1,https://www.polarize.co.jp/company/,
9011001058547,株式会社ユニゾンベックス,13:東京都,56人,30-99人 / 東京,352,352,1,https://www.unizonbex.com/,
9011001061708,ＧＭＯドメインレジストリ株式会社,13:東京都,11人,10-29人 / 東京,299,299,1,https://www.gmoregistry.com/,
9011001063035,株式会社リファイド,13:東京都,3人,1-4人 / 東京,189,189,1,https://llp.leaf-hide.jp/,
9011001065980,株式会社Ｇｅｎｇｏ,14:神奈川県,30人,30-99人 / 主要都市圏,188,188,1,https://gengo.com/ja/,
9011001067358,株式会社Ｊ－フィンテック,13:東京都,6人,5-9人 / 東京,157,157,1,https://www.j-fth.jp/,
9011001070130,株式会社パラダイス・カフェ,13:東京都,28人,10-29人 / 東京,299,299,1,http://paradisecafe.co.jp/,
9011001071087,株式会社ウェブスター,13:東京都,80人,30-99人 / 東京,352,352,1,https://www.ws-c.com/,https://www.ws-c.com/recruit/
9011001071335,株式会社デジタル・フロンティア,13:東京都,219人,100-299人 / 東京,432,432,1,https://www.dfx.co.jp/,
9011001072762,株式会社オールアバウトライフマーケティング,13:東京都,103人,100-299人 / 東京,432,432,1,https://www.lifemarketing.co.jp/,
9011001073901,株式会社ハニカムラボ,13:東京都,20人,10-29人 / 東京,299,299,1,https://www.honeycomb-lab.co.jp/,
9011001100630,株式会社ユニケシステムサポート,13:東京都,31人,30-99人 / 東京,352,352,1,http://www.unike-ss.co.jp/index.html,
9011001101372,株式会社ｇａａｂｏｏ,13:東京都,46人,30-99人 / 東京,352,352,1,http://www.gaaboo.net/,
9011001106000,株式会社そると,13:東京都,29人,10-29人 / 東京,299,299,1,http://www.saltinc.co.jp/,
9011001129389,株式会社ＳａｌｅｓＮｏｗ,13:東京都,8人,5-9人 / 東京,157,157,1,https://salesnow.jp/,
9011001140338,株式会社メディアエイド,13:東京都,65人,30-99人 / 東京,352,352,1,https://mediaaid.co.jp/,
9011001144371,株式会社プラウドロード,13:東京都,4人,1-4人 / 東京,189,189,1,http://zedia-g.jp,
9011001158066,株式会社うぐいすソリューションズ,13:東京都,6人,5-9人 / 東京,157,157,1,https://www.uguisu-solutions.com,
9011003012337,株式会社ヒューリズム,40:福岡県,1人,1-4人 / 主要都市圏,119,119,1,https://heurithm-service.com/,
9011005000067,一般社団法人輿論科学協会,13:東京都,11人,10-29人 / 東京,299,299,1,http://www.yoron-kagaku.or.jp/,
9011101028202,ＮＴＴアドバンステクノロジ株式会社,13:東京都,2135人,1000人以上 / 東京,147,147,1,https://www.ntt-at.co.jp/,
9011101030397,コムウェア株式会社,13:東京都,165人,100-299人 / 東京,432,432,1,http://www.com-ware.co.jp,
9011101031552,ＫＤＤＩ株式会社,13:東京都,14073人,1000人以上 / 東京,147,147,1,https://www.kddi.com/corporate/sustainability/report/2021/,
9011101034118,株式会社オレンジページ,13:東京都,137人,100-299人 / 東京,432,432,1,https://www.orangepage.co.jp/,
9011101039199,株式会社ライターム,13:東京都,266人,100-299人 / 東京,432,432,1,http://www.rtarm.co.jp/,
9011101041527,株式会社マーケットプレイス,13:東京都,19人,10-29人 / 東京,299,299,1,http://www.marketplace.co.jp/,
9011101042582,株式会社データサービス,13:東京都,277人,100-299人 / 東京,432,432,1,https://www.data-service.jp/,https://www.data-service.jp/recruit/
9011101045239,ＴＤＩシステムサービス株式会社,13:東京都,469人,300-999人 / 東京,277,277,1,https://www.tdiss.co.jp/,
9011101047846,株式会社トータル・インフォメーション・サービス,13:東京都,35人,30-99人 / 東京,352,352,1,https://www.total-inf.co.jp/,
9011101069568,株式会社ＣＩＮＣ,13:東京都,129人,100-299人 / 東京,432,432,1,https://www.cinc-j.co.jp/,
9011101077216,ＪＮＩアドパートナーズ株式会社,27:大阪府,6人,5-9人 / 主要都市圏,77,77,1,http://in-st.co.jp/,
9011101077265,株式会社ＦＲＥＥＤｉＶＥ,08:茨城県,12人,10-29人 / その他,129,129,1,https://freedive.co.jp/,
9011101086407,エヌ・デーソフトウェア株式会社,06:山形県,600人,300-999人 / その他,76,76,1,https://www.ndsoft.jp/,
9011101105942,株式会社Ｓｕｎｎｙｗａｙ,13:東京都,3人,1-4人 / 東京,189,189,1,http://sunnyway.jp/,
9011201009845,イーソル株式会社,13:東京都,505人,300-999人 / 東京,277,277,1,https://www.esol.co.jp/,
9011201010381,株式会社フォー・ジェイ,13:東京都,129人,100-299人 / 東京,432,432,1,https://www.four-j.com/,
9011201015488,株式会社フーモア,13:東京都,155人,100-299人 / 東京,432,432,1,https://whomor.com/,
9011201023805,株式会社ｓｉｚｚｌｅ,13:東京都,5人,5-9人 / 東京,157,157,1,https://szl.co.jp/,
9011201024423,株式会社アタレ,13:東京都,13人,10-29人 / 東京,299,299,1,https://atare-jp.com/,
9011301002956,株式会社バンダイナムコフィルムワークス,13:東京都,700人,300-999人 / 東京,277,277,1,https://www.bnfw.co.jp/,
9011301019216,株式会社オレンジキューブ,13:東京都,20人,10-29人 / 東京,299,299,1,http://orange-cube.jp/,
9011403002598,エモティア合同会社,13:東京都,3人,1-4人 / 東京,189,189,1,https://emotier.com/,
9011501000116,株式会社アール・テー・ワイ,13:東京都,111人,100-299人 / 東京,432,432,1,https://www.rty.co.jp/,
9011501002814,蓼科情報株式会社,13:東京都,196人,100-299人 / 東京,432,432,1,https://tatesina.co.jp/recruitment/environment/,
9011501013415,株式会社デジタルソリューション,13:東京都,110人,100-299人 / 東京,432,432,1,https://www.digital-sl.jp/,
9011501029023,株式会社Ｐｒｅｆａｂ,13:東京都,2人,1-4人 / 東京,189,189,1,https://corp.prefabdeli.com,
9011601021598,ＮＡＢＬＡＳ株式会社,13:東京都,32人,30-99人 / 東京,352,352,1,https://nablas.com,
9011701014469,株式会社ｆ４ｓａｍｕｒａｉ,13:東京都,145人,100-299人 / 東京,432,432,1,https://www.f4samurai.jp/,
9011801029144,株式会社アイ・ディ・エイチ,11:埼玉県,470人,300-999人 / 主要都市圏,86,86,1,https://idh-net.co.jp/,
9012301001353,デンセイシリウス株式会社,14:神奈川県,180人,100-299人 / 主要都市圏,186,186,1,https://www.denseisirius.com/,
9012401001154,東芝システムテクノロジー株式会社,13:東京都,775人,300-999人 / 東京,277,277,1,https://www3.toshiba.co.jp/tst/,
9012401019691,株式会社日立ソリューションズ・テクノロジー,13:東京都,723人,300-999人 / 東京,277,277,1,https://www.hitachi-solutions-tech.co.jp/index.html,
9012401021581,第一ライフテクノクロス株式会社,13:東京都,1499人,1000人以上 / 東京,147,147,1,https://www.dl-techx.com/,
9012401023041,株式会社コンテンシャル,13:東京都,2人,1-4人 / 東京,189,189,1,https://www.contencial.co.jp/,
9012401033759,株式会社Ｆａｔｅ,13:東京都,80人,30-99人 / 東京,352,352,1,http://fate-corp.co.jp/,
9012701002249,シンエイ動画株式会社,13:東京都,217人,100-299人 / 東京,432,432,1,http://www.shin-ei-animation.jp/,
9012701011860,株式会社慶コンサルティング,13:東京都,11人,10-29人 / 東京,299,299,1,http://www.kei-it.com/companygaiyou.html,
9013301017397,株式会社アドバンスト・ネット,13:東京都,26人,10-29人 / 東京,299,299,1,https://www.advancednet.co.jp/index.html,
9013301017793,シェアードシステム株式会社,13:東京都,41人,30-99人 / 東京,352,352,1,https://www.sharedsys.co.jp/,https://www.sharedsys.co.jp/recruit/new-graduate/
9013301019047,株式会社光通信,13:東京都,5人,5-9人 / 東京,157,157,1,http://www.hikari.co.jp/,
9013301019435,株式会社ＳＲＡ,13:東京都,857人,300-999人 / 東京,277,277,1,https://www2.sra.co.jp/,
9013301023560,ナイル株式会社,13:東京都,281人,100-299人 / 東京,432,432,1,https://r-blog.nyle.co.jp/archives/2022/12/09/3menber-paternity-leave/,
9013301029467,株式会社ＡＴＧＳ,13:東京都,138人,100-299人 / 東京,432,432,1,https://www.atgs.jp/company/csr/,
9013301035259,株式会社テクノ情報シンク,13:東京都,30人,30-99人 / 東京,352,352,1,http://www.tj-think.co.jp,
9013301044029,株式会社リヤン,13:東京都,4人,1-4人 / 東京,189,189,1,https://rise-co.info/,
9013301053401,株式会社ＮＯＡ,13:東京都,2人,1-4人 / 東京,189,189,1,https://noa1114.jp/,
9013401002506,日野コンピューターシステム株式会社,13:東京都,239人,100-299人 / 東京,432,432,1,http://www.hino-cs.com/index.html,
9020001007959,株式会社日立情報通信エンジニアリング,14:神奈川県,2906人,1000人以上 / 主要都市圏,54,54,1,http://www.hitachi-ite.co.jp/,
9020001014427,株式会社エルテックス,14:神奈川県,151人,100-299人 / 主要都市圏,186,186,1,https://www.eltex.co.jp/,
9020001021753,株式会社ＮＴＴデータＭＳＥ,14:神奈川県,1700人,1000人以上 / 主要都市圏,54,54,1,https://www.nttd-mse.com,
9020001029549,株式会社ワイイーシーソリューションズ,14:神奈川県,212人,100-299人 / 主要都市圏,186,186,1,http://www.yec.ne.jp/,
9020001030589,ダックシステム株式会社,14:神奈川県,31人,30-99人 / 主要都市圏,188,188,1,http://www.duck.co.jp,
9020001036875,ワールドピーコム株式会社,14:神奈川県,37人,30-99人 / 主要都市圏,188,188,1,https://www.worldpicom.com/,
9020001041966,株式会社ヒューマンソリューションズ,14:神奈川県,24人,10-29人 / 主要都市圏,189,189,1,http://www.h-so.co.jp/,
9020001051478,株式会社フラット,13:東京都,55人,30-99人 / 東京,352,352,1,https://www.flatcorp.jp/recruit/support/,
9020001059793,株式会社オムニバスネットワーク,14:神奈川県,11人,10-29人 / 主要都市圏,189,189,1,http://www.omnibus-network.co.jp/,
9020001062491,株式会社ＶＡＬＵＥ　ＦＩＲＳＴ,14:神奈川県,34人,30-99人 / 主要都市圏,188,188,1,https://valuefirst.co.jp/,
9020001069719,株式会社電子工学センター,14:神奈川県,200人,100-299人 / 主要都市圏,186,186,1,https://www.eec.co.jp/,
9020001070619,株式会社エクサ,14:神奈川県,1250人,1000人以上 / 主要都市圏,54,54,1,https://www.exa-corp.co.jp/company/csr.html#csr05,
9020001087638,株式会社メタテクノ,14:神奈川県,194人,100-299人 / 主要都市圏,186,186,1,https://www.meta.co.jp/,https://job.rikunabi.com/2024/company/r384700048/
9020001088561,株式会社エヴァーグリーン,14:神奈川県,24人,10-29人 / 主要都市圏,189,189,1,http://www.ever-g.co.jp/,
9020001103551,株式会社サブスパイア,26:京都府,13人,10-29人 / 主要都市圏,189,189,1,https://subspire.co.jp/,
9020001165245,Ｌｕｂｅｐｅａｋ株式会社,14:神奈川県,1人,1-4人 / 主要都市圏,119,119,1,https://lubepeak.com,
9021001020308,デジタルプロセス株式会社,14:神奈川県,450人,300-999人 / 主要都市圏,86,86,1,http://www.dipro.co.jp/,
9021001026338,株式会社シーイーシー,14:神奈川県,2300人,1000人以上 / 主要都市圏,54,54,1,https://www.cec-ltd.co.jp/,
9021001062291,株式会社カブキ,14:神奈川県,5人,5-9人 / 主要都市圏,77,77,1,https://kabuki-inc.co.jp/,
9030001016851,株式会社想画,13:東京都,8人,5-9人 / 東京,157,157,1,https://www.sohga.jp/careers/workstyle/,
9030001049868,フォーシーズンズ株式会社,11:埼玉県,34人,30-99人 / 主要都市圏,188,188,1,https://www.0004s.com,https://recruit.0004s.com/
9030001050132,株式会社ウェイブ,13:東京都,193人,100-299人 / 東京,432,432,1,https://wwwave.jp/,
9030001064396,株式会社ティー・アイ・シー,11:埼玉県,185人,100-299人 / 主要都市圏,186,186,1,https://www.ticstage.co.jp/sustainability_wlb.php,
9030001091928,株式会社アイスプリング,13:東京都,14人,10-29人 / 東京,299,299,1,http://ispr.co.jp/,
9030001103146,株式会社シジスカイ,13:東京都,42人,30-99人 / 東京,352,352,1,https://cgsky.co.jp/,
9030001122740,株式会社アーリーステージ,11:埼玉県,3人,1-4人 / 主要都市圏,119,119,1,http://earlystage.co.jp,
9030001126270,株式会社Ｇホールディングス,13:東京都,13人,10-29人 / 東京,299,299,1,https://www.gholdings.co.jp/,
9040001060857,株式会社クラウドアシストサービス,13:東京都,8人,5-9人 / 東京,157,157,1,http://www.cloudassist.co.jp/corporate/index.html,
9050001009060,関東情報サービス株式会社,08:茨城県,261人,100-299人 / その他,170,170,1,https://www.kisl.co.jp,
9050001016544,株式会社ＪＥＭＳ,08:茨城県,363人,300-999人 / その他,76,76,1,https://www.j-ems.jp/,
9050001017377,ペンギンシステム株式会社,08:茨城県,24人,10-29人 / その他,129,129,1,https://www.penguins.co.jp,https://www.penguins.co.jp/recruit/
9050001042292,株式会社ゲームシスト,08:茨城県,5人,5-9人 / その他,65,65,1,https://gameciste.com/company,
9050001042854,サンネット株式会社,08:茨城県,4人,1-4人 / その他,50,50,1,https://www.sunnet-jp.com,
9060001005091,株式会社インソースマーケティングデザイン,13:東京都,18人,10-29人 / 東京,299,299,1,https://www.marineroad.com/,
9070001001511,システム・アルファ株式会社,10:群馬県,265人,100-299人 / その他,170,170,1,https://www.system-alpha.co.jp/,
9070001014001,株式会社ＩＴＱＵＥＳＴ,10:群馬県,45人,30-99人 / その他,169,169,1,https://syskai.jp/,
9080001003639,株式会社テレビ静岡,22:静岡県,150人,100-299人 / その他,170,170,1,https://www.sut-tv.com/,
9080001013191,株式会社テクノサイト,22:静岡県,235人,100-299人 / その他,170,170,1,https://www.technosite.co.jp/,
9090001000998,株式会社ジインズ,19:山梨県,42人,30-99人 / その他,169,169,1,https://www.jins.co.jp/,
9090001012853,株式会社イートライス,19:山梨県,10人,10-29人 / その他,129,129,1,http://e-trys.com/,
9110001001366,株式会社ウイング,15:新潟県,91人,30-99人 / その他,169,169,1,https://www.weing.co.jp/,
9110001008980,株式会社ディーフィット,15:新潟県,24人,10-29人 / その他,129,129,1,https://dfit.co.jp/,
9110001016983,ドコドア株式会社,15:新潟県,43人,30-99人 / その他,169,169,1,https://docodoor.com/recruit/,
9110001017230,株式会社カシックス,15:新潟県,113人,100-299人 / その他,170,170,1,https://www.kasix.co.jp/about-us/kasix/,
9110001021190,株式会社新潟ソフトストラクチャ,15:新潟県,32人,30-99人 / その他,169,169,1,https://www.niigatass.com/,
9120001040743,株式会社ＩＣＳパートナーズ,27:大阪府,145人,100-299人 / 主要都市圏,186,186,1,http://www.ics-p.net/,
9120001045560,株式会社ディー・オー・エス,27:大阪府,292人,100-299人 / 主要都市圏,186,186,1,https://recruit.dos-osaka.co.jp/systems/,
9120001047160,フルタニ産業株式会社,27:大阪府,152人,100-299人 / 主要都市圏,186,186,1,https://www.furutani-sangyou.co.jp/corporate-goals/,
9120001064932,株式会社アイセル,13:東京都,150人,100-299人 / 東京,432,432,1,https://www.aisel.ne.jp/,
9120001071573,ヤンマー情報システムサービス株式会社,27:大阪府,226人,100-299人 / 主要都市圏,186,186,1,https://www.yanmar.com/jp/yiss/,
9120001078263,ＮＣＤソリューションズ株式会社,27:大阪府,247人,100-299人 / 主要都市圏,186,186,1,https://www.ncdsol.co.jp/,
9120001097305,株式会社ラクス,27:大阪府,1907人,1000人以上 / 主要都市圏,54,54,1,https://www.rakus.co.jp,
9120001112617,株式会社ネットオン,27:大阪府,5人,5-9人 / 主要都市圏,77,77,1,http://www.neton.co.jp/,
9120001121031,応用技術株式会社,27:大阪府,270人,100-299人 / 主要都市圏,186,186,1,https://www.apptec.co.jp/,
9120001134850,株式会社エンカレッジ,27:大阪府,35人,30-99人 / 主要都市圏,188,188,1,http://www.enc-jp.com,
9120001158230,ミラクシアエッジテクノロジー株式会社,26:京都府,396人,300-999人 / 主要都市圏,86,86,1,https://www.miraxia.com,
9120001186660,株式会社アイティジョイン,27:大阪府,20人,10-29人 / 主要都市圏,189,189,1,https://www.itjoin.co.jp,
9120001189275,株式会社ＭＳＥＮ,27:大阪府,6人,5-9人 / 主要都市圏,77,77,1,https://msen.jp,
9120001189911,株式会社リーディ,27:大阪府,54人,30-99人 / 主要都市圏,188,188,1,https://www.ridi.co.jp/,
9120001200487,株式会社グリュックス,27:大阪府,2人,1-4人 / 主要都市圏,119,119,1,https://glucks-web.co.jp/,
9120001213332,スキルシステムズ株式会社,27:大阪府,30人,30-99人 / 主要都市圏,188,188,1,https://www.skill-systems.co.jp/recruit/benefits/,
9120001237348,株式会社Ｒｅｔｅｒｎｏ,27:大阪府,1人,1-4人 / 主要都市圏,119,119,1,https://reterno.jp/,
9120001237562,株式会社スウィーク,27:大阪府,11人,10-29人 / 主要都市圏,189,189,1,https://sweek.co.jp/,
9120001244451,株式会社スタジオマーケット,13:東京都,2人,1-4人 / 東京,189,189,1,https://studio-market.com/company/,
9120001287772,株式会社うつろい,27:大阪府,2人,1-4人 / 主要都市圏,119,119,1,https://utsuroi-inc.jp/,
9120003015479,合同会社ラオラオホールディングス,27:大阪府,1人,1-4人 / 主要都市圏,119,119,1,https://raorao.co.jp,
9120003024587,クリックアンドペイ合同会社,13:東京都,10人,10-29人 / 東京,299,299,1,https://klikandpay.co.jp/sdgs/,
9120901014004,株式会社ｋｕｂｅｌｌ,13:東京都,380人,300-999人 / 東京,277,277,1,https://recruit.chatwork.com/workstyle/,
9120901014284,株式会社インフォアライブ,27:大阪府,13人,10-29人 / 主要都市圏,189,189,1,http://www.infoalive.com/,
9120901029209,株式会社キューブ・ソフト,27:大阪府,1人,1-4人 / 主要都市圏,119,119,1,https://www.cube-soft.jp/,
9130001000572,株式会社ＫＹＯＳＯ,26:京都府,507人,300-999人 / 主要都市圏,86,86,1,http://www.kyoso.co.jp/,
9130001002908,株式会社ケーケーシー情報システム,26:京都府,197人,100-299人 / 主要都市圏,186,186,1,http://www.kkcjoho.co.jp,
9130001005101,株式会社淡交社,26:京都府,130人,100-299人 / 主要都市圏,186,186,1,http://www.tankosha.co.jp,
9130001011834,ムラテックフロンティア株式会社,26:京都府,269人,100-299人 / 主要都市圏,186,186,1,https://www.muratec.jp/ce/muratec_sales/,
9130001017781,株式会社ＤＴＳ　ＷＥＳＴ,26:京都府,294人,100-299人 / 主要都市圏,186,186,1,https://www.dtswest.co.jp/,
9130001023607,株式会社ＳＣＲＥＥＮシステムサービス,26:京都府,70人,30-99人 / 主要都市圏,188,188,1,http://www.jp.initout.com/,
9140001002865,株式会社神戸デジタル・ラボ,28:兵庫県,153人,100-299人 / 主要都市圏,186,186,1,https://www.kdl.co.jp/,
9140001006040,アルファテクノロジー株式会社,28:兵庫県,34人,30-99人 / 主要都市圏,188,188,1,http://www.alpha-tec.co.jp/,
9140001024892,ジェイネット株式会社,28:兵庫県,9人,5-9人 / 主要都市圏,77,77,1,https://www.jnet-kobe.com/,
9140001034248,ワサビ株式会社,28:兵庫県,1人,1-4人 / 主要都市圏,119,119,1,https://www.wasabi3.com/,
9140001109883,ラフデザイン株式会社,28:兵庫県,13人,10-29人 / 主要都市圏,189,189,1,https://lafdesign.jp/,
9140001129881,ＣＨＡＮＴＯ株式会社,28:兵庫県,10人,10-29人 / 主要都市圏,189,189,1,https://chanto.design/,
9150001007302,株式会社るーぷ,29:奈良県,13人,10-29人 / その他,129,129,1,http://www.web-loop.com/,
9150001010685,辰巳電子工業株式会社,29:奈良県,293人,100-299人 / その他,170,170,1,https://www.tatsu-mi.co.jp/ourefforts,
9160001013092,株式会社ビイサイドプランニング,25:滋賀県,29人,10-29人 / その他,129,129,1,https://www.b-side.co.jp/about/#section_reason,
9160001022465,株式会社アチェロ,25:滋賀県,5人,5-9人 / その他,65,65,1,https://acero-book.com/,
9180001021606,ＮＴＰシステム株式会社,23:愛知県,297人,100-299人 / 主要都市圏,186,186,1,http://www.ntp-system.com/,
9180001024039,ナカシャクリエイテブ株式会社,23:愛知県,498人,300-999人 / 主要都市圏,86,86,1,https://www.nakasha.co.jp/company/csr/plan.html,
9180001032198,株式会社ネオ,23:愛知県,276人,100-299人 / 主要都市圏,186,186,1,https://www.neo-s.jp/,
9180001035977,株式会社コミュニケーションネット,23:愛知県,80人,30-99人 / 主要都市圏,188,188,1,https://www.cnt-inet.co.jp/,
9180001047717,ジェイアール東海情報システム株式会社,23:愛知県,465人,300-999人 / 主要都市圏,86,86,1,http://www.jtis.co.jp/,
9180001048987,ニュートラル株式会社,23:愛知県,389人,300-999人 / 主要都市圏,86,86,1,https://neut.co.jp/,
9180001053830,セリム株式会社,23:愛知県,10人,10-29人 / 主要都市圏,189,189,1,https://serimu.com/,
9180001056437,株式会社アルタ,23:愛知県,80人,30-99人 / 主要都市圏,188,188,1,https://alta.co.jp/,
9180001063706,株式会社フリークス,23:愛知県,29人,10-29人 / 主要都市圏,189,189,1,https://www.freecs.jp/,
9180001071403,株式会社ジー・ソフト,23:愛知県,26人,10-29人 / 主要都市圏,189,189,1,http://www.gsoft.co.jp,http://www.gsoft.co.jp/recruit
9180001119391,株式会社クリエイティブワークス,23:愛知県,2人,1-4人 / 主要都市圏,119,119,1,http://www.works.creative-group.jp/,
9180001149463,株式会社レビュー,23:愛知県,1人,1-4人 / 主要都市圏,119,119,1,https://jafmate.co.jp/,
9180001158415,Ｚ‐ＳＯＦＴ株式会社,23:愛知県,18人,10-29人 / 主要都市圏,189,189,1,https://z-soft.co.jp/,
9180301006884,株式会社ヒミカ,23:愛知県,130人,100-299人 / 主要都市圏,186,186,1,https://www.himika.co.jp/,
9190001007694,株式会社コムデック,24:三重県,18人,10-29人 / その他,129,129,1,https://www.comdec.jp/,
9200001013773,株式会社セイノー情報サービス,21:岐阜県,510人,300-999人 / その他,76,76,1,https://www.seino.co.jp/sis/recruit/welfare/,
9200001013823,株式会社ソフィア総合研究所,21:岐阜県,44人,30-99人 / その他,169,169,1,https://www.sri-net.jp,
9200002019539,株式会社ネクステージ,21:岐阜県,5人,5-9人 / その他,65,65,1,http://www.lets-gifu.com/,
9210001011363,株式会社Ｉｎｔｅｒｆａｃｅ,18:福井県,3人,1-4人 / その他,50,50,1,https://interface-inc.jp/,
9210001012700,株式会社ウォンツ,18:福井県,11人,10-29人 / その他,129,129,1,https://www.wants.jp/,
9220001003178,株式会社ジェイ・エス・エス,17:石川県,190人,100-299人 / その他,170,170,1,https://www.jss-grp.co.jp/,
9220001025817,株式会社スリーシーコレクト,17:石川県,5人,5-9人 / その他,65,65,1,https://www.3c-correct.com,
9230001000744,株式会社北日本新聞社,16:富山県,297人,100-299人 / その他,170,170,1,https://www.kitanippon.co.jp/,
9230001004951,株式会社アスプコミュニケーションズ,16:富山県,452人,300-999人 / その他,76,76,1,http://www.asp-communications.co.jp/,
9240001006071,株式会社ダイテック,34:広島県,152人,100-299人 / その他,170,170,1,http://www.daitecjp.com/,
9240001006674,株式会社中国新聞社,34:広島県,457人,300-999人 / その他,76,76,1,https://chugoku-np.com/,
9240001009850,株式会社日立ソリューションズ西日本,34:広島県,1793人,1000人以上 / その他,8,8,1,https://www.hitachi-solutions-west.co.jp/sustainability/workstyle/,
9240001010775,ホームテレビ映像株式会社,34:広島県,38人,30-99人 / その他,169,169,1,http://www.home-ez.co.jp/,
9240001012318,株式会社データホライゾン,34:広島県,261人,100-299人 / その他,170,170,1,http://www.dhorizon.co.jp/,
9240001021112,株式会社ＧｏＱＳｙｓｔｅｍ,13:東京都,30人,30-99人 / 東京,352,352,1,https://goq.co.jp/,
9240001029766,アドバンスシステム株式会社,34:広島県,53人,30-99人 / その他,169,169,1,https://www.asd-ltd.co.jp/,
9240001045664,株式会社パプリカ,34:広島県,2人,1-4人 / その他,50,50,1,https://paprica.co.jp/index.html,
9250001006418,株式会社みなと山口合同新聞社,35:山口県,194人,100-299人 / その他,170,170,1,http://www.minato-yamaguchi.co.jp/,
9260001000262,株式会社アストロ,33:岡山県,33人,30-99人 / その他,169,169,1,https://www.astroinc.co.jp,
9260001003257,株式会社システムズナカシマ,33:岡山県,159人,100-299人 / その他,170,170,1,http://www.systems.nakashima.co.jp/,
9260001014510,ピープルソフトウェア株式会社,33:岡山県,147人,100-299人 / その他,170,170,1,https://pscsrv.co.jp/,
9260001017546,株式会社イケル,33:岡山県,8人,5-9人 / その他,65,65,1,https://ikel.co.jp/,https://ikel.co.jp/recruit
9260001020442,株式会社ＲＥＬＡＴＩＯＮ,33:岡山県,53人,30-99人 / その他,169,169,1,https://www.rel-ltd.com/,
9260001021589,セリオ株式会社,33:岡山県,315人,300-999人 / その他,76,76,1,https://recruit.serio.inc/culture/,
9280001003197,株式会社シーエスエー,32:島根県,56人,30-99人 / その他,169,169,1,https://recruit.raiden.co.jp,https://recruit.raiden.co.jp/
9290001013369,株式会社サンクライム,40:福岡県,34人,30-99人 / 主要都市圏,188,188,1,https://www.sunclimb.co.jp/,
9290001015357,株式会社ソフトサービス,40:福岡県,279人,100-299人 / 主要都市圏,186,186,1,http://www.soft-service.co.jp/,
9290001017023,株式会社メディアシステム,40:福岡県,30人,30-99人 / 主要都市圏,188,188,1,https://www.media-system.co.jp/,
9290001028879,フューチャーネット株式会社,40:福岡県,43人,30-99人 / 主要都市圏,188,188,1,http://future-n.co.jp/,
9290001035594,株式会社ハコブネ,13:東京都,10人,10-29人 / 東京,299,299,1,https://www.hakobune.co.jp/,
9290001057309,株式会社ｍｏｒｅＭｏｓｔ,44:大分県,21人,10-29人 / その他,129,129,1,https://moremost.jp/,
9290001064395,株式会社ＤｅｎｔａＬｉｇｈｔ,40:福岡県,26人,10-29人 / 主要都市圏,189,189,1,https://dentalight.co.jp/,
9290001065006,株式会社リアリンク,40:福岡県,21人,10-29人 / 主要都市圏,189,189,1,https://realink-group.co.jp/,
9290001091118,株式会社Ｍモード・イノベーション,40:福岡県,22人,10-29人 / 主要都市圏,189,189,1,https://m-modeinnv.co.jp,
9290001097189,九州朝日放送株式会社,40:福岡県,206人,100-299人 / 主要都市圏,186,186,1,https://kbc.co.jp/company/profile/csr.php,
9290001097668,株式会社ピコラボ,40:福岡県,1人,1-4人 / 主要都市圏,119,119,1,https://pico.inc/,https://pico.inc/
9290003017599,スマートランク合同会社,40:福岡県,1人,1-4人 / 主要都市圏,119,119,1,https://smartrank.co.jp/,
9300001004630,株式会社ケーブルワン,41:佐賀県,45人,30-99人 / その他,169,169,1,https://www.cableone.ne.jp/,
9310001001379,株式会社長崎新聞社,42:長崎県,201人,100-299人 / その他,170,170,1,https://www.nagasaki-np.co.jp/,
9310001003078,アイティースペース株式会社,42:長崎県,28人,10-29人 / その他,129,129,1,https://www.itspace.co.jp/,
9320001013134,イジゲン株式会社,44:大分県,10人,10-29人 / その他,129,129,1,https://ijgn.jp/,
9340001006326,株式会社ＫＱＲＭ,13:東京都,87人,30-99人 / 東京,352,352,1,https://kqrm.co.jp/,
9340001006920,ＮＡＷＡＧＡＴＥ株式会社,46:鹿児島県,9人,5-9人 / その他,65,65,1,http://nawagate.com/,
9340001018040,株式会社シーエスエス,46:鹿児島県,6人,5-9人 / その他,65,65,1,http://www.css2014.jp/,
9350001001805,株式会社ＭＪＣ,45:宮崎県,316人,300-999人 / その他,76,76,1,http://www.mjcnet.co.jp/,http://www.mjcnet.co.jp/recruit
9350001001879,株式会社宮崎日日新聞社,45:宮崎県,253人,100-299人 / その他,170,170,1,http://www.the-miyanichi.co.jp,
9350001016084,ＡＧＲＩＳＴ株式会社,45:宮崎県,30人,30-99人 / その他,169,169,1,https://agrist.com/,
9360001012223,クオリサイトテクノロジーズ株式会社,47:沖縄県,220人,100-299人 / その他,170,170,1,https://www.qualysite.co.jp,
9360001017552,株式会社ブルー・オーシャン沖縄,47:沖縄県,13人,10-29人 / その他,129,129,1,http://boo-oki.com/,
9360001018468,株式会社ＰＩＡＬａｂ．,36:徳島県,64人,30-99人 / その他,169,169,1,https://pialab.co.jp/,
9360001022783,ちゅらデータ株式会社,47:沖縄県,107人,100-299人 / その他,170,170,1,https://churadata.okinawa/,
9360001025794,旭イノベーション株式会社,47:沖縄県,1人,1-4人 / その他,50,50,1,https://asahi-innovation.com/,
9370001004475,株式会社ＳＪＣ,04:宮城県,150人,100-299人 / その他,170,170,1,http://www.sjc-sendai.ne.jp/,
9370001007164,株式会社情通,04:宮城県,9人,5-9人 / その他,65,65,1,http://www.jyot.co.jp,https://www.jyot.co.jp/recruit/
9370001015150,ＴＯＭＯＳＥ株式会社,04:宮城県,78人,30-99人 / その他,169,169,1,http://www.respect-pal.jp/,
9370001024110,株式会社ＺＩＧ,13:東京都,5人,5-9人 / 東京,157,157,1,https://mechu.info/,
9380001006520,株式会社福島放送,07:福島県,88人,30-99人 / その他,169,169,1,https://www.kfb.co.jp/company/kurumin.html,
9380001017501,株式会社シンク,07:福島県,67人,30-99人 / その他,169,169,1,https://www.sync.co.jp/,
9390001011206,株式会社ユニテックス,06:山形県,14人,10-29人 / その他,129,129,1,https://www.unitex-net.co.jp,
9400001000033,株式会社アイビーシー岩手放送,03:岩手県,111人,100-299人 / その他,170,170,1,http://www.ibc.co.jp,
9400001000207,株式会社岩手日報社,03:岩手県,306人,300-999人 / その他,76,76,1,http://www.iwate-np.co.jp/,
9400001012763,ＳＯＦＴＤＯＩＮＧ株式会社,03:岩手県,10人,10-29人 / その他,129,129,1,https://www.softdoing.co.jp/,
9410001000379,株式会社秋田情報センター,05:秋田県,20人,10-29人 / その他,129,129,1,http://www.ainfoc.co.jp/,
9430001022322,北海道テレビ放送株式会社,01:北海道,190人,100-299人 / 主要都市圏,186,186,1,http://www.htb.co.jp/,
9430001025399,スパークリンク・テクノロジー株式会社,01:北海道,9人,5-9人 / 主要都市圏,77,77,1,http://www.stc99.com/,
9430001027008,株式会社ソフテック,01:北海道,11人,10-29人 / 主要都市圏,189,189,1,https://libmax.com,
9430001034425,株式会社ニボー,01:北海道,17人,10-29人 / 主要都市圏,189,189,1,https://niveau.co.jp,
9430001038814,ジャスティン株式会社,01:北海道,28人,10-29人 / 主要都市圏,189,189,1,https://www.justin-inc.com/,
9430001063283,株式会社シーアンドシーグローバル,01:北海道,5人,5-9人 / 主要都市圏,77,77,1,http://ccglobal.jp/,
9430001088834,株式会社タグジェクト,01:北海道,13人,10-29人 / 主要都市圏,189,189,1,https://www.tagject.co.jp,
9450001013749,Ｒａｍｐｓ株式会社,01:北海道,8人,5-9人 / 主要都市圏,77,77,1,https://ramps.jp,
9470001000745,エフエム高松コミュニティ放送株式会社,37:香川県,6人,5-9人 / その他,65,65,1,http://www.fm815.com/,
9470001001883,株式会社ＳＴＮｅｔ,37:香川県,780人,300-999人 / その他,76,76,1,https://www.stnet.co.jp/,
9490001004389,株式会社ビーウェーブ,39:高知県,23人,10-29人 / その他,129,129,1,https://www.be-wave.jp/careers/environment/,
9500001000205,株式会社アイクコーポレーション,38:愛媛県,99人,30-99人 / その他,169,169,1,https://www.aic.co.jp/,
9500001003380,株式会社ファインデックス,13:東京都,319人,300-999人 / 東京,277,277,1,http://findex.co.jp,
9500001013529,インターコネクト株式会社,38:愛媛県,6人,5-9人 / その他,65,65,1,http://interconnect.cc,
