corporateNumber,company,prefecture,companySize,employeeBand,prefectureBand,stratum,populationWeight,homepageUrl,homepageStatus,homepageRobotsStatus,homepageError,recruitmentUrl,finalUrl,discoveryMethod,discoveryAnchor,hostCategory,confidence,httpStatus,robotsStatus,pageTitle,verifiedAsRecruitmentPage,candidateCount,sitemapsChecked,jobPostingJsonLdOnRecruitmentPage,normalizedOriginFallbackUsed,rootFallbackUrl,rootFallbackStatus,redirects,shokubaRecruitmentUrl,alreadyInShokuba,fetchedAt
1010001010847,イー・アンド・エム株式会社,13:東京都,368人,300-999人,東京,300-999人 / 東京,1,http://www.eandm.co.jp/,403,unavailable,http_403,,,,,,,,,,,0,0,,false,,,0,,false,
1010001012439,株式会社エフエム東京,13:東京都,124人,100-299人,東京,100-299人 / 東京,1,https://www.tfm.co.jp/company/profile/,200,allowed,,https://www.tfm.co.jp/company/recruit,https://www.tfm.co.jp/company/recruit,homepageAnchor,採用,ownDomain,high,200,allowed,採用 -TOKYO FM 80.0MHz-,true,4,0,false,false,,,0,,false,2026-10-04T15:12:53.328Z
1010001012983,株式会社大塚商会,13:東京都,8673人,1000人以上,東京,1000人以上 / 東京,1,https://www.otsuka-shokai.co.jp/,200,allowed,,https://www.otsuka-shokai.co.jp/corporate/recruit/,https://www.otsuka-shokai.co.jp/corporate/recruit/,homepageAnchor,採用情報,ownDomain,high,200,allowed,採用情報 | 大塚商会,true,1,0,false,false,,,0,,false,2026-10-04T15:12:50.983Z
1010001020788,株式会社世界文化ホールディングス,13:東京都,108人,100-299人,東京,100-299人 / 東京,1,https://recruit.sekaibunka.com/child/,200,unavailable,,https://recruit.sekaibunka.com/,https://recruit.sekaibunka.com/,homepageAnchor,世界文化ホールディングス｜新卒採用 RECRUIT SITE,ownDomain,high,200,unavailable,世界文化ホールディングス | 新卒採用,true,10,0,false,false,,,0,,false,2026-10-04T15:12:51.301Z
1010001022850,ＡＳロカス株式会社,12:千葉県,52人,30-99人,主要都市圏,30-99人 / 主要都市圏,1,https://www.as-locus.jp/,200,allowed,,https://www.as-locus.jp/recruit/,https://www.as-locus.jp/recruit/,homepageAnchor,採用情報,ownDomain,high,200,allowed,,true,2,0,false,false,,,0,https://www.as-locus.jp/recruit/,true,2026-10-04T15:12:51.706Z
1010001026595,株式会社パーフェクトマニージ,13:東京都,25人,10-29人,東京,10-29人 / 東京,1,https://www.perfect-m.co.jp,200,unavailable,,https://www.perfect-m.co.jp/recruit.html,https://www.perfect-m.co.jp/recruit.html,homepageAnchor,採用情報,ownDomain,high,200,unavailable,採用情報│株式会社パーフェクトマニージ,true,1,0,false,false,,,0,https://www.perfect-m.co.jp,true,2026-10-04T15:12:51.193Z
1010001026918,株式会社テレコムスクエア,13:東京都,111人,100-299人,東京,100-299人 / 東京,1,https://www.telecomsquare.net/aboutus/ge_actionplan/,200,unavailable,,https://www.telecomsquare.net/recruit/,https://www.telecomsquare.net/recruit/,homepageAnchor,採用情報,ownDomain,high,200,unavailable,採用情報 | 株式会社テレコムスクエア,true,2,0,false,false,,,0,,false,2026-10-04T15:12:51.179Z
1010001041784,株式会社教育評論社,13:東京都,4人,1-4人,東京,1-4人 / 東京,1,https://www.kyohyo.co.jp/,200,unavailable,,https://www.kyohyo.co.jp/recruit/,https://www.kyohyo.co.jp/recruit/,homepageAnchor,採用情報,ownDomain,high,200,unavailable,採用情報 ｜ 図書出版 教育評論社,true,1,0,false,false,,,0,,false,2026-10-04T15:12:51.194Z
1010001047369,株式会社主婦と生活社,13:東京都,180人,100-299人,東京,100-299人 / 東京,1,http://www.shufu.co.jp/,403,unavailable,http_403,,,,,,,,,,,0,0,,false,,,0,,false,
1010001051437,株式会社東証コンピュータシステム,13:東京都,171人,100-299人,東京,100-299人 / 東京,1,https://www.tcs.co.jp/,200,allowed,,https://www.tcs.co.jp/recruit/,https://www.tcs.co.jp/recruit/,homepageAnchor,採用情報,ownDomain,high,200,allowed,採用情報 | 金融システム・証券システムの未来を担う富士ソフトグループの東証コンピュータシステム,true,7,0,false,false,,,0,,false,2026-10-04T15:12:54.643Z
1010001051874,株式会社東洋経済新報社,13:東京都,327人,300-999人,東京,300-999人 / 東京,1,https://toyokeizai.net/,200,allowed,,https://recruit.toyokeizai.net/,https://recruit.toyokeizai.net/,homepageAnchor,採用情報,ownDomain,high,200,allowed,東洋経済新報社 Recruit 採用サイト,true,4,0,false,false,,,0,,false,2026-10-04T15:12:55.976Z
1010001067912,株式会社ＮＴＴドコモ,13:東京都,13896人,1000人以上,東京,1000人以上 / 東京,1,http://www.nttdocomo.co.jp/,200,unavailable,,https://www.docomo.ne.jp/corporate/recruit/?icid=CRP_menu_to_CRP_CORP_recruit,https://www.docomo.ne.jp/corporate/recruit/?icid=CRP_menu_to_CRP_CORP_recruit,homepageAnchor,採用情報,otherDomain,high,200,unavailable,採用・インターンシップ情報 | 企業情報 | NTTドコモ,true,3,0,false,false,,,0,,false,2026-10-04T15:13:00.619Z
1010001073852,株式会社プロシップ,13:東京都,276人,100-299人,東京,100-299人 / 東京,1,http://www.proship.co.jp/,200,allowed,,https://www.proship.co.jp/recruit/,https://www.proship.co.jp/recruit/,homepageAnchor,採用情報,ownDomain,high,200,allowed,RECRUITING SITE｜株式会社プロシップ,true,4,0,false,false,,,0,,false,2026-10-04T15:12:59.470Z
1010001086672,テプコ・ソリューション・アドバンス株式会社,13:東京都,2392人,1000人以上,東京,1000人以上 / 東京,1,https://www.tepco-sa.co.jp/ssl/,200,unavailable,,https://www.tepco-sa.co.jp/ssl/recruit/,https://www.tepco-sa.co.jp/ssl/recruit/,homepageUrlPattern,くわしくはこちら,ownDomain,medium,200,unavailable,採用情報｜テプコ・ソリューション・アドバンス株式会社,true,1,0,false,false,,,0,,false,2026-10-04T15:13:14.771Z
1010001088256,株式会社エムズカンパニー,13:東京都,16人,10-29人,東京,10-29人 / 東京,1,https://msco.co.jp,200,allowed,,https://msco.co.jp/recruit/,https://msco.co.jp/recruit/,homepageAnchor,採用情報,ownDomain,high,200,allowed,採用情報 - 光ディスク、SP用品、オリジナル缶バッジ製作、キャンペーン事務局代行の株式会社エムズカンパニー,true,1,0,false,false,,,0,,false,2026-10-04T15:12:59.223Z
1010001091565,株式会社ワイズネット,13:東京都,4人,1-4人,東京,1-4人 / 東京,1,https://www.wize-net.co.jp/,200,allowed,,https://www.wize-net.co.jp/recruit/,https://www.wize-net.co.jp/recruit/,homepageAnchor,採用情報,ownDomain,high,200,allowed,株式会社ワイズネットの採用サイト｜キャリア採用・外国人インターンシップ,true,3,0,false,false,,,0,,false,2026-10-04T15:12:57.729Z
1010001098817,株式会社ＥＸＣＥＥＤ,13:東京都,72人,30-99人,東京,30-99人 / 東京,1,https://www.excd.jp/top,200,allowed,,https://excd.jp/recruit/,https://excd.jp/recruit/,homepageAnchor,採用情報,ownDomain,high,200,allowed,RECRUIT | 株式会社 EXCEED,true,16,0,false,false,,,0,,false,2026-10-04T15:13:02.983Z
1010001100425,株式会社ぎょうせい,13:東京都,713人,300-999人,東京,300-999人 / 東京,1,https://gyosei.jp/,200,allowed,,https://gyosei.jp/recruit/,https://gyosei.jp/recruit/,homepageAnchor,採用情報,ownDomain,high,200,allowed,採用情報 ｜ 株式会社ぎょうせい,true,1,0,false,false,,,0,,false,2026-10-04T15:12:59.519Z
1010001101175,ジー・ブーン株式会社,13:東京都,70人,30-99人,東京,30-99人 / 東京,1,https://www.zeeboon.jp/,200,allowed,,https://www.zeeboon.co.jp/entry/,https://www.zeeboon.co.jp/entry,homepageAnchor,ENTRY 採用エントリー受付中！ ZEEBOONでは、当社の夢とともに 自分の夢を一緒に追いかけられる仲間を募集しています。,otherDomain,high,200,allowed,ENTRY | ジー・ブーン株式会社,true,15,0,false,false,,,1,,false,2026-10-04T15:13:04.201Z
1010001111678,株式会社カヤックアキバスタジオ,13:東京都,46人,30-99人,東京,30-99人 / 東京,1,http://akiba.kayac.studio/home/,200,unavailable,,http://akiba.kayac.studio/recruit/,http://akiba.kayac.studio/recruit/,homepageAnchor,Recruit,ownDomain,high,200,unavailable,採用情報 | カヤックアキバスタジオ,true,1,0,false,false,,,0,,false,2026-10-04T15:13:02.335Z
1010001118723,新日本コンピュータマネジメント株式会社,13:東京都,393人,300-999人,東京,300-999人 / 東京,1,https://www.scm-net.co.jp/,200,allowed,,https://recruit.scm-net.co.jp/,https://recruit.scm-net.co.jp/,homepageAnchor,採用情報,ownDomain,low,,blocked,,,1,0,,false,,,0,,false,
1010001119093,株式会社ナレッジクリエーションテクノロジー,13:東京都,10人,10-29人,東京,10-29人 / 東京,1,https://www.jpkct.com/,200,allowed,,https://jpkct.com/recruiting,https://jpkct.com/recruiting/,homepageAnchor,採用情報,ownDomain,high,200,allowed,採用情報 | 株式会社ナレッジクリエーションテクノロジー（KCT）,true,5,0,false,false,,,1,,false,2026-10-04T15:13:11.189Z
1010001121776,コーディア株式会社,13:東京都,20人,10-29人,東京,10-29人 / 東京,1,https://codia.co.jp/,200,allowed,,https://codia.co.jp/recruit/,https://codia.co.jp/recruit/,homepageAnchor,採用情報,ownDomain,high,200,allowed,採用 | 学校ホームページのリニューアルならコーディア学校ホームページのリニューアルならコーディア,true,3,0,false,false,,,0,,false,2026-10-04T15:13:04.341Z
1010001126197,三菱ＵＦＪインフォメーションテクノロジー株式会社,13:東京都,2416人,1000人以上,東京,1000人以上 / 東京,1,http://www.it.mufg.jp/,301,unavailable,TypeError:UNABLE_TO_VERIFY_LEAF_SIGNATURE,,,,,,,,,,,0,0,,false,,,0,,false,
1010001127179,株式会社ウマニティ,13:東京都,13人,10-29人,東京,10-29人 / 東京,1,https://umanity.jp/,200,allowed,,https://umanity.jp/racedata/race_newsdet.php?nid=11879340,,homepageAnchorNegativePath,【スワンS】昨年の覇者オフトレイル、3歳馬ダイヤモンドノットなど21頭がエントリー 2026年10月4日( 日 ) 17:30 NEW! ©サンケイスポーツ 48 1 0,ownDomain,low,,,,,1,0,,false,,,0,,false,
1010001128061,日本アイ・ビー・エム株式会社,13:東京都,9400人,1000人以上,東京,1000人以上 / 東京,1,http://www.ibm.com/jp/ja/,200,allowed,,https://www.ibm.com/qa-ar/case-studies/careerforce-pro,https://www.ibm.com/qa-ar/case-studies/careerforce-pro,robotsSitemap,,ownDomain,medium,200,allowed,Careerforce Pro | IBM,true,2,3,false,true,https://www.ibm.com/,200,0,,false,2026-10-04T15:13:24.644Z
1010001132055,ＪＣＯＭ株式会社,13:東京都,15672人,1000人以上,東京,1000人以上 / 東京,1,https://www.jcom.co.jp/corporate/sustainability/well_being/health/#attempt,200,allowed,,https://recruit.jcom.co.jp/,https://recruit.jcom.co.jp/,homepageAnchor,採用情報,ownDomain,high,200,unavailable,JCOM株式会社｜採用情報TOP,true,3,0,false,false,,,0,,false,2026-10-04T15:13:06.264Z
1010001132765,ゴマブックス株式会社,13:東京都,14人,10-29人,東京,10-29人 / 東京,1,http://www.goma-books.com/,200,unavailable,,https://goma-books.com/?page_id=5016,https://goma-books.com/%e6%b1%82%e4%ba%ba%e6%83%85%e5%a0%b1,homepageAnchor,求人情報,ownDomain,high,200,allowed,求人情報 | ゴマブックス,true,2,0,false,false,,,1,,false,2026-10-04T15:13:18.656Z
1010001134431,トヨクモ株式会社,13:東京都,93人,30-99人,東京,30-99人 / 東京,1,https://www.toyokumo.co.jp/,200,allowed,,https://www.toyokumo.co.jp/careers,https://www.toyokumo.co.jp/careers,homepageAnchor,採用,ownDomain,high,200,allowed,採用 - トヨクモ株式会社,true,8,0,false,false,,,0,,false,2026-10-04T15:13:07.592Z
1010001139901,株式会社ＩＩＪグローバルソリューションズ,13:東京都,408人,300-999人,東京,300-999人 / 東京,1,https://www.iijglobal.co.jp/,200,unavailable,,https://www.iijglobal.co.jp/recruit/,https://www.iijglobal.co.jp/recruit/,homepageAnchor,採用情報,ownDomain,high,200,unavailable,採用情報｜IIJグローバルソリューションズ,true,3,0,false,false,,,0,,false,2026-10-04T15:13:07.467Z
1010001140297,株式会社ＤｅａｒＯｎｅ,13:東京都,99人,30-99人,東京,30-99人 / 東京,1,https://www.dearone.io/,200,allowed,,https://www.dearone.io/recruit/,https://www.dearone.io/recruit/,homepageAnchor,採用情報,ownDomain,high,200,allowed,採用情報 - 株式会社DearOne 採用サイト,true,14,0,false,false,,,0,,false,2026-10-04T15:13:09.897Z
1010001141097,ＭＸモバイリング株式会社,13:東京都,4413人,1000人以上,東京,1000人以上 / 東京,1,https://www.mxmobiling.co.jp/index.html,200,allowed,,https://www.mxmobiling.co.jp/html/corporate/recruit/index.html,https://www.mxmobiling.co.jp/html/corporate/recruit/index.html,homepageAnchor,採用情報 RECRUIT,ownDomain,high,200,allowed,採用サイト｜MXモバイリング株式会社,true,1,0,false,false,,,0,,false,2026-10-04T15:13:10.600Z
1010001145924,株式会社口コミ広場,13:東京都,23人,10-29人,東京,10-29人 / 東京,1,https://kuchikomi-official.com/,502,allowed,http_502,https://kuchikomi-official.com/recruit,https://kuchikomi-official.com/recruit,robotsSitemap,,ownDomain,low,502,allowed,,,5,3,,false,,,0,,false,2026-10-04T15:13:15.755Z
1010001147631,トライビュー・イノベーション株式会社,13:東京都,40人,30-99人,東京,30-99人 / 東京,1,https://www.triview-innovation.com,200,allowed,,https://recruit.triview-innovation.com/,https://recruit.triview-innovation.com/,homepageAnchor,Recruit,ownDomain,high,200,allowed,採用情報 - トライビュー・イノベーション株式会社,true,1,0,false,false,,,0,,false,2026-10-04T15:13:15.243Z
1010001159065,アンバーテック株式会社,13:東京都,21人,10-29人,東京,10-29人 / 東京,1,http://www.ambertech.co.jp/,200,unavailable,,https://www.ambertech.co.jp/recruit.html,https://www.ambertech.co.jp/recruit.html,homepageAnchor,採用情報,ownDomain,high,200,unavailable,採用情報 | Amber Tech,true,11,0,false,false,,,0,,false,2026-10-04T15:13:17.771Z
1010001159494,株式会社Ｐｒｅｆｅｒｒｅｄ　Ｎｅｔｗｏｒｋｓ,13:東京都,436人,300-999人,東京,300-999人 / 東京,1,https://www.preferred.jp/ja/,200,allowed,,https://www.preferred.jp/ja/careers,https://www.preferred.jp/ja/careers,homepageAnchor,採用情報,ownDomain,high,200,allowed,採用情報｜株式会社Preferred Networks,true,5,0,false,false,,,0,,false,2026-10-04T15:13:16.171Z
1010001159627,株式会社シーエーシー,13:東京都,1069人,1000人以上,東京,1000人以上 / 東京,1,http://www.cac.co.jp/index.html,200,allowed,,https://www.cac.co.jp/recruit/,https://www.cac.co.jp/recruit/,homepageAnchor,採用情報,ownDomain,high,200,allowed,採用TOP| 株式会社シーエーシー（CAC）,true,3,0,false,false,,,0,,false,2026-10-04T15:13:21.499Z
1010001162333,Ａｎｚｏｆ株式会社,13:東京都,4人,1-4人,東京,1-4人 / 東京,1,http://radicalad.co.jp/,200,allowed,,,,,,,,,,,,0,0,,false,,,0,,false,
1010001167456,株式会社さきラボ,13:東京都,1人,1-4人,東京,1-4人 / 東京,1,https://xn--w8jp02bub.jp,200,allowed,,https://xn--w8jp02bub.jp/recruit/,https://xn--w8jp02bub.jp/recruit/,robotsSitemap,,ownDomain,medium,200,allowed,求人情報 - さきラボ.jp,true,4,3,true,false,,,0,https://xn--w8jp02bub.jp/recruit/,true,2026-10-04T15:13:23.293Z
1010001215578,株式会社テラスカイ・テクノロジーズ,13:東京都,400人,300-999人,東京,300-999人 / 東京,1,https://www.terrasky-tech.co.jp/analytics,200,allowed,,https://www.terrasky-tech.co.jp/recruit/,https://www.terrasky-tech.co.jp/recruit/,homepageAnchor,採用情報,ownDomain,high,200,allowed,採用情報｜未経験から現場で求められるスペシャリストへ｜テラスカイ・テクノロジーズ,true,2,0,false,false,,,0,,false,2026-10-04T15:13:20.795Z
1010001226609,株式会社ＴｏｃｏＮａｎａ,13:東京都,20人,10-29人,東京,10-29人 / 東京,1,https://toconana.com/,200,allowed,,,,,,,,,,,,0,3,,false,,,0,,false,
1010001265739,株式会社ＡＫＵＲＡＳ,13:東京都,5人,5-9人,東京,5-9人 / 東京,1,https://aku-ras.co.jp/,200,allowed,,,,,,,,,,,,0,4,,false,,,0,,false,
1010401014423,株式会社ジャパンテクニカルソフトウェア,13:東京都,607人,300-999人,東京,300-999人 / 東京,1,https://www.jtsnet.co.jp,,unavailable,TypeError:UNABLE_TO_VERIFY_LEAF_SIGNATURE,,,,,,,,,,,0,0,,false,,,0,,false,
1010401015149,スペースシャワーＳＫＩＹＡＫＩホールディングス株式会社,13:東京都,210人,100-299人,東京,100-299人 / 東京,1,http://www.spaceshower.net/,200,allowed,,https://recruit.spaceshower.net/,https://recruit.spaceshower.net/,homepageAnchor,Recruit,ownDomain,high,200,allowed,採用情報 | 株式会社スペースシャワーネットワーク,true,1,0,false,false,,,0,,false,2026-10-04T15:13:26.914Z
1010401016139,創研情報株式会社,13:東京都,78人,30-99人,東京,30-99人 / 東京,1,https://www.souken.co.jp/,200,allowed,,https://www.souken.co.jp/recruit/,https://www.souken.co.jp/recruit/,homepageAnchor,採用情報,ownDomain,high,200,allowed,採用情報 | 創研情報株式会社,true,1,0,false,false,,,0,,false,2026-10-04T15:13:24.638Z
1010401016295,株式会社ＳＯＦＴＧ,13:東京都,85人,30-99人,東京,30-99人 / 東京,1,https://www.softg.co.jp,200,unavailable,,https://www.softg.co.jp/recruit/recruit-form,https://www.softg.co.jp/recruit/recruit-form/,homepageAnchor,既卒・第二新卒・中途応募フォーム,ownDomain,high,200,unavailable,パートナー募集フォーム - 株式会社SOFTG,true,3,0,false,false,,,1,https://www.softg.co.jp/#recruit,true,2026-10-04T15:13:26.186Z
1010401025478,株式会社フェアーウェイ,13:東京都,30人,30-99人,東京,30-99人 / 東京,1,http://www.fairway-corp.co.jp/,200,allowed,,https://fairway.ltd/recruit/,https://fairway.ltd/recruit/,homepageAnchor,recruit,otherDomain,high,200,allowed,Recruit - FAIRWAY GROUP,true,1,0,false,false,,,0,,false,2026-10-04T15:13:26.865Z
1010401036178,株式会社システムゼウス,13:東京都,67人,30-99人,東京,30-99人 / 東京,1,https://www.systemzeus.co.jp,502,allowed,http_502,,,,,,,,,,,0,2,,false,,,0,,false,
1010401040304,株式会社アイシンク,13:東京都,172人,100-299人,東京,100-299人 / 東京,1,http://www.ithink.co.jp/,200,unavailable,,https://www.ithink.co.jp/recruit/Information,https://www.ithink.co.jp/recruit/Information/,homepageAnchor,採用情報,ownDomain,high,200,unavailable,Recruit Information 採用情報 | 株式会社アイシンク,true,5,0,false,false,,,1,,false,2026-10-04T15:13:33.937Z
1010401045757,ナレッジワークス株式会社,13:東京都,19人,10-29人,東京,10-29人 / 東京,1,https://hp.knowledge-works.co.jp/,502,allowed,http_502,https://hp.knowledge-works.co.jp/career,https://hp.knowledge-works.co.jp/career,robotsSitemap,,ownDomain,low,502,allowed,,,1,3,,false,,,0,,false,2026-10-04T15:13:32.971Z
1010401051219,株式会社ＦＲＯＮＴＥＯ,13:東京都,208人,100-299人,東京,100-299人 / 東京,1,https://www.fronteo.com/,200,allowed,,https://recruit.fronteo.com/?_gl=1%2Aeo7vgz%2A_gcl_au%2AOTU4NjYxNTMyLjE3NTA5OTg4OTY.%2A_ga%2AMTczODYzODgzLjE3NDI5MDIyMzg.%2A_ga_3NE0CCD37G%2AczE3NTEwMDUzNzkkbzIyJGcxJHQxNzUxMDA5NTgyJGo2MCRsMCRoMA..,https://recruit.fronteo.com/?_gl=1%2Aeo7vgz%2A_gcl_au%2AOTU4NjYxNTMyLjE3NTA5OTg4OTY.%2A_ga%2AMTczODYzODgzLjE3NDI5MDIyMzg.%2A_ga_3NE0CCD37G%2AczE3NTEwMDUzNzkkbzIyJGcxJHQxNzUxMDA5NTgyJGo2MCRsMCRoMA..,homepageAnchor,採用情報,ownDomain,high,200,allowed,FRONTEO RECRUITING SITE,true,2,0,false,false,,,0,,false,2026-10-04T15:13:28.721Z
1010401052638,株式会社シャノン,13:東京都,247人,100-299人,東京,100-299人 / 東京,1,https://www.shanon.co.jp/,200,allowed,,https://hrmos.co/pages/shanon,https://hrmos.co/pages/shanon,homepageLinkToOfficialAts,採用情報,atsHosted,high,200,unavailable,株式会社シャノン 採用情報,true,1,0,false,false,,,0,,false,2026-10-04T15:13:29.253Z
1010401053173,ロジザード株式会社,13:東京都,134人,100-299人,東京,100-299人 / 東京,1,https://www.logizard.co.jp/recruit/,200,allowed,,https://www.logizard.co.jp/recruit/,https://www.logizard.co.jp/recruit/,homepageAnchor,採用情報,ownDomain,high,200,allowed,採用情報トップ│クラウド倉庫管理システムを提供する ロジザード株式会社,true,17,0,false,false,,,0,,false,2026-10-04T15:13:30.139Z
1010401054361,株式会社リンクレア,13:東京都,545人,300-999人,東京,300-999人 / 東京,1,http://www.lincrea.co.jp/,200,unavailable,,https://www.lincrea.co.jp/recruit/,https://www.lincrea.co.jp/recruit/,homepageAnchor,採用情報,ownDomain,high,200,unavailable,採用情報｜株式会社リンクレア,true,1,0,false,false,,,0,,false,2026-10-04T15:13:37.110Z
1010401057595,株式会社アイスタイル,13:東京都,681人,300-999人,東京,300-999人 / 東京,1,http://www.istyle.co.jp/,200,unavailable,,https://www.istyle.co.jp/recruit/,https://www.istyle.co.jp/recruit/,homepageAnchor,Recruit 採用,ownDomain,high,200,unavailable,採用 [istyle 株式会社アイスタイル],true,1,0,false,false,,,0,,false,2026-10-04T15:13:34.666Z
1010401059022,オリックス・システム株式会社,13:東京都,359人,300-999人,東京,300-999人 / 東京,1,https://www.orix.co.jp/system/,200,allowed,,https://hrmos.co/pages/orix-system/jobs,https://hrmos.co/pages/orix-system/jobs,homepageLinkToOfficialAts,障がい者採用 応募はこちら,atsHosted,high,200,unavailable,オリックス・システム株式会社,true,6,0,false,false,,,0,,false,2026-10-04T15:13:30.847Z
1010401062075,バリューコマース株式会社,13:東京都,374人,300-999人,東京,300-999人 / 東京,1,https://www.valuecommerce.co.jp/,200,allowed,,https://www.valuecommerce.co.jp/recruit/,https://www.valuecommerce.co.jp/recruit/,homepageAnchor,採用情報,ownDomain,high,200,allowed,採用情報 | バリューコマース株式会社,true,1,0,false,false,,,0,,false,2026-10-04T15:13:32.501Z
1010401062703,株式会社ｍｅｄｉｂａ,13:東京都,412人,300-999人,東京,300-999人 / 東京,1,http://www.mediba.jp/,502,allowed,http_502,https://www.mediba.jp/recruit,https://www.mediba.jp/recruit,robotsSitemap,,ownDomain,low,502,allowed,,,18,3,,false,,,0,,false,2026-10-04T15:13:42.001Z
1010401062934,株式会社ＮＴＴ　ＤＡＴＡ，Ｉｎｃ．,13:東京都,79人,30-99人,東京,30-99人 / 東京,1,https://www.nttdata.com/global/ja/sustainability/dei/,200,allowed,,https://www.nttdata.com/global/ja/recruit,https://www.nttdata.com/global/ja/recruit/,homepageAnchor,採用情報,ownDomain,high,200,allowed,採用情報 | NTTデータグループ - NTT DATA GROUP,true,1,0,false,false,,,1,,false,2026-10-04T15:13:39.944Z
1010401066349,株式会社アクティブコア,14:神奈川県,21人,10-29人,主要都市圏,10-29人 / 主要都市圏,1,https://www.activecore.co.jp/,,unavailable,TypeError:UNABLE_TO_VERIFY_LEAF_SIGNATURE,,,,,,,,,,,0,0,,false,,,0,,false,
1010401069392,株式会社ＩＴブレイド,13:東京都,22人,10-29人,東京,10-29人 / 東京,1,https://it-blade.co.jp,200,allowed,,https://it-blade.co.jp/recruit-graduate/,https://it-blade.co.jp/recruit-graduate/,homepageAnchor,新卒採用,ownDomain,high,200,allowed,新卒採用 - 株式会社ITブレイド,true,3,0,false,false,,,0,,false,2026-10-04T15:13:36.428Z
1010401073460,株式会社セレス,13:東京都,336人,300-999人,東京,300-999人 / 東京,1,https://ceres-inc.jp/recruiting/office/,200,allowed,,https://ceres-inc.jp/recruiting/graduate/,https://ceres-inc.jp/recruiting/graduate/,homepageAnchor,新卒採用,ownDomain,high,200,allowed,新卒採用 | 株式会社セレス,true,9,0,false,false,,,0,,false,2026-10-04T15:13:36.303Z
1010401074343,株式会社しんがり,13:東京都,3人,1-4人,東京,1-4人 / 東京,1,http://www.shingari.jp/,200,unavailable,,,,,,,,,,,,0,1,,false,,,0,,false,
1010401081430,エクシオ・デジタルソリューションズ株式会社,13:東京都,816人,300-999人,東京,300-999人 / 東京,1,https://www.exeo-digitalsolutions.co.jp/,,unavailable,TypeError:UNABLE_TO_VERIFY_LEAF_SIGNATURE,,,,,,,,,,,0,0,,false,,,0,,false,
1010401083212,ＳＡＳ　Ｉｎｓｔｉｔｕｔｅ　Ｊａｐａｎ株式会社,13:東京都,289人,100-299人,東京,100-299人 / 東京,1,http://www.sas.com/jp,,blocked,blocked_by_robots,https://www.sas.com/da_dk/careers.html,https://www.sas.com/da_dk/careers.html,robotsSitemap,,ownDomain,low,,blocked,,,22,3,,true,http://www.sas.com/,,0,,false,
1010401084689,虎の穴ラボ株式会社,13:東京都,62人,30-99人,東京,30-99人 / 東京,1,https://toranoana-lab.co.jp/,200,allowed,,https://toranoana-lab.co.jp/recruit/,https://toranoana-lab.co.jp/recruit,homepageAnchor,採用情報,ownDomain,high,200,allowed,採用情報 | 虎の穴ラボ株式会社,true,8,0,false,false,,,1,,false,2026-10-04T15:13:41.307Z
1010401087832,株式会社ユーエムイーネッツ,13:東京都,42人,30-99人,東京,30-99人 / 東京,1,https://www.umenetts.co.jp/,200,allowed,,https://www.umenetts.co.jp/recruit/,https://www.umenetts.co.jp/recruit/,homepageAnchor,採用情報,ownDomain,high,200,allowed,採用情報｜株式会社ユーエムイーネッツ,true,9,0,false,false,,,0,,false,2026-10-04T15:13:41.315Z
1010401090646,株式会社リザーブリンク,13:東京都,25人,10-29人,東京,10-29人 / 東京,1,https://reservelink.co.jp,200,allowed,,https://reservelink.co.jp/recruit_info,https://reservelink.co.jp/recruit_info,homepageAnchor,採用情報,ownDomain,high,200,allowed,採用情報 | 予約管理システムなら株式会社リザーブリンク,true,1,0,false,false,,,0,,false,2026-10-04T15:13:40.611Z
1010401091628,株式会社ＬＩＦＵＬＬ,13:東京都,735人,300-999人,東京,300-999人 / 東京,1,https://recruit.lifull.com/culture/,200,unavailable,,https://recruit.lifull.com/recruit/,https://recruit.lifull.com/recruit/,homepageAnchor,新卒採用,ownDomain,high,200,unavailable,新卒採用｜株式会社LIFULL(ライフル) 採用サイト,true,12,0,false,false,,,0,,false,2026-10-04T15:13:42.980Z
1010401116252,アイ・インテグレーション株式会社,13:東京都,31人,30-99人,東京,30-99人 / 東京,1,http://www.i-integration.co.jp,200,allowed,,https://i-integration.co.jp/recruit/,https://i-integration.co.jp/recruit/,homepageAnchor,採用情報,ownDomain,high,200,allowed,採用情報｜アイ・インテグレーション株式会社,true,1,0,false,false,,,0,,false,2026-10-04T15:13:47.814Z
1010401129592,サイオステクノロジー株式会社,13:東京都,411人,300-999人,東京,300-999人 / 東京,1,https://sios.jp/,200,allowed,,https://sios.jp/recruit/,https://sios.jp/recruit/,homepageAnchor,Recruit 採用情報,ownDomain,high,200,allowed,採用情報｜サイオステクノロジー株式会社,true,11,0,false,false,,,0,,false,2026-10-04T15:13:43.771Z
1010401132621,株式会社ペイミー,13:東京都,12人,10-29人,東京,10-29人 / 東京,1,https://payme.tokyo/,200,allowed,,,,,,,,,,,,0,1,,false,,,0,,false,
1010401136275,株式会社ノーザ,13:東京都,341人,300-999人,東京,300-999人 / 東京,1,https://www.nhosa.com/,200,unavailable,,https://www.nhosa.com/recruit/,https://www.nhosa.com/recruit/,homepageAnchor,採用情報,ownDomain,high,200,unavailable,採用情報 | 株式会社ノーザ,true,7,0,false,false,,,0,,false,2026-10-04T15:13:44.569Z
1010401140756,株式会社ｃｏｃｏｌｏｎｉ,13:東京都,83人,30-99人,東京,30-99人 / 東京,1,https://cocoloni.com/,200,allowed,,https://cocoloni.com/entry_soudan2/,https://cocoloni.com/entry_soudan2/,homepageAnchor,首都圏を中心にcocoloni 占い館 拡大中！ 未経験歓迎 サポート充実 占い師さん募集 占い館（店舗）へ応募する,ownDomain,high,200,allowed,新しい占い館の立ち上げを盛り上げてくれる占い師募集 | cocoloni,true,5,0,false,false,,,0,,false,2026-10-04T15:13:46.023Z
1010401144773,株式会社ＫｉｔｅＲａ,13:東京都,139人,100-299人,東京,100-299人 / 東京,1,https://www.kitera.co.jp/,200,allowed,,https://www.kitera.co.jp/recruit/,https://www.kitera.co.jp/recruit/,homepageAnchor,Recruit,ownDomain,high,200,allowed,KiteRa 採用サイト | 株式会社KiteRa,true,2,0,false,false,,,0,,false,2026-10-04T15:13:46.189Z
1010401144939,Ｃｙｂｅｒｓ株式会社,13:東京都,5人,5-9人,東京,5-9人 / 東京,1,https://cybers.co.jp/,200,allowed,,https://recruit.cybers.co.jp/,https://recruit.cybers.co.jp/,homepageAnchor,採用情報,ownDomain,low,200,unavailable,Document,false,1,0,false,false,,,0,,false,2026-10-04T15:13:46.770Z
1010401146357,株式会社Ｗｏｒｋｓ　Ｈｕｍａｎ　Ｉｎｔｅｌｌｉｇｅｎｃｅ,13:東京都,1925人,1000人以上,東京,1000人以上 / 東京,1,https://www.works-hi.co.jp/corporate/workfun/worklifemix,200,allowed,,https://www.career.works-hi.co.jp/,https://www.career.works-hi.co.jp/,homepageAnchor,採用情報,ownDomain,high,200,allowed,採用サイト｜株式会社Works Human Intelligence,true,1,0,false,false,,,0,,false,2026-10-04T15:13:46.972Z
1010401153691,Ｔａｂｉ　Ｌｉｆｅ株式会社,14:神奈川県,10人,10-29人,主要都市圏,10-29人 / 主要都市圏,1,https://tabilife.co.jp/,200,allowed,,https://tabilife.co.jp/careers/,https://tabilife.co.jp/careers/,homepageAnchor,採用情報,ownDomain,high,200,allowed,採用情報 | Tabi Life,true,1,0,false,false,,,0,,false,2026-10-04T15:13:47.668Z
1010401178557,株式会社ピクセルグロー,13:東京都,1人,1-4人,東京,1-4人 / 東京,1,https://pixel-grow.com,200,unavailable,,,,,,,,,,,,0,0,,false,,,0,,false,
1010401179613,株式会社Ｂａｃｋｌｉｎｋ,13:東京都,2人,1-4人,東京,1-4人 / 東京,1,https://backlink.co.jp/initiatives/,200,allowed,,,,,,,,,,,,0,3,,true,https://backlink.co.jp/,200,0,,false,
1010401181180,Ｎｓｉｇｈｔ株式会社,13:東京都,7人,5-9人,東京,5-9人 / 東京,1,https://nsight.jp,200,allowed,,https://www.nsight.jp/careers/,https://www.nsight.jp/careers/,homepageAnchor,Careers,ownDomain,high,200,allowed,採用情報｜元キーエンスエンジニアと働くAI外観検査スタートアップ｜Nsight,true,1,0,false,false,,,0,,false,2026-10-04T15:13:54.669Z
1010401183755,株式会社日本広告創研,13:東京都,1人,1-4人,東京,1-4人 / 東京,1,https://jac-lab.com/,200,allowed,,,,,,,,,,,,0,2,,false,,,0,,false,
1010501006766,株式会社セル,13:東京都,79人,30-99人,東京,30-99人 / 東京,1,https://www.sel-net.co.jp,200,allowed,,https://www.sel-net.co.jp/?page_id=43,https://www.sel-net.co.jp/?page_id=43,homepageAnchor,採用情報,ownDomain,high,200,allowed,採用情報 | 株式会社セル,true,1,0,false,false,,,0,https://www.sel-net.co.jp,true,2026-10-04T15:13:49.960Z
1010501020593,ライトクリエイションシステム株式会社,13:東京都,26人,10-29人,東京,10-29人 / 東京,1,https://www.rcs-net.co.jp/,200,unavailable,,https://www.rcs-net.co.jp/menu/saiyo_index.html,https://www.rcs-net.co.jp/menu/saiyo_index.html,homepageAnchor,採用情報、会社説明会はこちら,ownDomain,high,200,unavailable,採用情報 ＲＣＳ - ライトクリエイションシステム -,true,1,0,false,false,,,0,,false,2026-10-04T15:13:50.151Z
1010501026244,株式会社Ｋ＆Ｇ,13:東京都,146人,100-299人,東京,100-299人 / 東京,1,https://www.kandg.co.jp/,200,unavailable,,https://www.kandg.co.jp/website/contents/recruit/recruit.html,https://www.kandg.co.jp/website/contents/recruit/recruit.html,homepageAnchor,新卒採用,ownDomain,high,200,unavailable,新卒採用 | Ｋ＆Ｇ,true,6,0,false,false,,,0,,false,2026-10-04T15:13:50.324Z
1010501028249,インフォコムテクノロジーズ株式会社,13:東京都,390人,300-999人,東京,300-999人 / 東京,1,https://www.infocom-tech.co.jp/,200,allowed,,https://www.infocom-tech.co.jp/recruit/,https://www.infocom-tech.co.jp/recruit/,homepageAnchor,採用情報,ownDomain,high,200,allowed,採用情報 | インフォコムテクノロジーズ株式会社,true,1,0,false,false,,,0,,false,2026-10-04T15:13:52.364Z
1010501029156,エンザントレイズ株式会社,13:東京都,35人,30-99人,東京,30-99人 / 東京,1,https://www.enzantrades.co.jp/,200,allowed,,,,,,,,,,,,0,2,,false,,,0,,false,
1010501043792,株式会社ＩＶＲｙ,13:東京都,255人,100-299人,東京,100-299人 / 東京,1,https://ivry.jp/company/,200,allowed,,https://ivry.jp/lp-article/recruit/series-d,https://ivry.jp/lp-article/recruit/series-d/,homepageAnchor,採用特設サイト,ownDomain,high,200,allowed,the NEXT 採用特設サイト | IVRy（アイブリー）,true,1,0,false,false,,,1,,false,2026-10-04T15:13:54.749Z
1010501043958,株式会社ネッコス,13:東京都,8人,5-9人,東京,5-9人 / 東京,1,https://neccos.jp,200,allowed,,https://neccos.jp/recruit/,https://neccos.jp/recruit/,homepageAnchor,求人,ownDomain,high,200,allowed,求人 – 株式会社ネッコス,true,1,0,false,false,,,0,,false,2026-10-04T15:13:55.073Z
1010601020246,株式会社ＡＩＴ,13:東京都,112人,100-299人,東京,100-299人 / 東京,1,https://www.ait.co.jp/recruit/attractions/support/,200,allowed,,https://www.ait.co.jp/recruit/entry/,https://www.ait.co.jp/recruit/entry/,homepageAnchor,エントリー,ownDomain,high,200,allowed,エントリー・お問い合わせ | 株式会社AIT 採用サイト,true,14,0,false,false,,,0,,false,2026-10-04T15:13:54.927Z
1010601022176,株式会社大和総研,13:東京都,1819人,1000人以上,東京,1000人以上 / 東京,1,http://www.dir.co.jp/,200,allowed,,https://www.dir.co.jp/recruit/,https://www.dir.co.jp/recruit/,homepageAnchor,新卒採用,ownDomain,high,200,allowed,大和総研 採用サイト,true,4,0,false,false,,,0,,false,2026-10-04T15:13:59.948Z
1010601027679,株式会社ガルフネット,13:東京都,109人,100-299人,東京,100-299人 / 東京,1,https://www.gulfnet.co.jp/,200,allowed,,https://www.gulfnet.co.jp/recruit/,https://www.gulfnet.co.jp/recruit/,homepageAnchor,RECRUIT 採用情報,ownDomain,high,200,allowed,採用情報｜株式会社ガルフネット,true,2,0,false,false,,,0,,false,2026-10-04T15:13:55.634Z
1010601031219,株式会社オーミック,13:東京都,100人,100-299人,東京,100-299人 / 東京,1,https://www.omik.co.jp/,200,allowed,,https://www.omik.co.jp/recruiting/,https://www.omik.co.jp/recruiting/,homepageAnchor,採用情報,ownDomain,high,200,allowed,採用情報 | 株式会社オーミック/システム開発/金融業務,true,2,0,false,false,,,0,,false,2026-10-04T15:14:00.273Z
1010601041779,株式会社ＡＺＥＡＬＢＲＡＮＤＩＮＧ,13:東京都,5人,5-9人,東京,5-9人 / 東京,1,https://www.tvc-web.com/,200,allowed,,,,,,,,,,,,0,0,,false,,,0,,false,
1010601050334,株式会社ソアーズ,13:東京都,2人,1-4人,東京,1-4人 / 東京,1,https://soarz.co.jp,200,allowed,,https://recruit.soarz.co.jp/,https://recruit.soarz.co.jp/,homepageAnchor,採用情報を見る,ownDomain,high,200,allowed,Javaエンジニア採用 | 株式会社ソアーズ - 単金公開・還元率70%以上,true,2,0,false,false,,,0,,false,2026-10-04T15:13:59.213Z
1010601050631,株式会社ヘーゼルエンジニアリング,13:東京都,9人,5-9人,東京,5-9人 / 東京,1,https://www.hazel-engineering.com/home,200,allowed,,https://www.hazel-engineering.com/about-7-1,https://www.hazel-engineering.com/about-7-1,homepageAnchor,recruit,ownDomain,high,200,allowed,recruit | hazel,true,1,0,false,false,,,0,,false,2026-10-04T15:13:58.339Z
1010701002838,株式会社グローバルサイエンス,13:東京都,150人,100-299人,東京,100-299人 / 東京,1,https://www.globalsc.co.jp/,200,allowed,,,,,,,,,,,,0,1,,false,,,0,,false,
1010701004248,株式会社シー・エス・エス,13:東京都,168人,100-299人,東京,100-299人 / 東京,1,http://www.css-net.co.jp,200,allowed,,https://holdings.css-net.co.jp/recruit/,https://holdings.css-net.co.jp/recruit,homepageAnchor,Recruit,ownDomain,high,200,allowed,シー・エス・エスグループ｜採用サイト,true,1,0,false,false,,,1,,false,2026-10-04T15:14:05.322Z
1010701006244,株式会社ＦＩＥＬＤ　ＭＡＮＡＧＥＭＥＮＴ　ＥＸＰＡＮＤ,13:東京都,280人,100-299人,東京,100-299人 / 東京,1,https://group-fm.com/,200,allowed,,,,,,,,,,,,0,0,,false,,,0,,false,
1010701008901,株式会社フォーカスシステムズ,13:東京都,1434人,1000人以上,東京,1000人以上 / 東京,1,https://www.focus-s.com/sustainability/social/work_life_balance,200,allowed,,https://www.focus-s.com/recruit/graduates,https://www.focus-s.com/recruit/graduates,homepageAnchor,新卒採用,ownDomain,high,200,allowed,株式会社フォーカスシステムズ 新卒採用サイト,true,2,0,false,false,,,0,,false,2026-10-04T15:13:59.515Z
1010701016549,三菱総研ＤＣＳ株式会社,13:東京都,2503人,1000人以上,東京,1000人以上 / 東京,1,https://www.dcs.co.jp/,200,allowed,,https://www.dcs.co.jp/saiyo/,https://www.dcs.co.jp/saiyo/,homepageAnchor,採用情報,ownDomain,high,200,allowed,採用情報｜三菱総研ＤＣＳ,true,1,0,false,false,,,0,,false,2026-10-04T15:14:01.886Z
1010701021061,株式会社ランドコンピュータ,13:東京都,563人,300-999人,東京,300-999人 / 東京,1,http://www.rand.co.jp,302,unavailable,TypeError:UNABLE_TO_VERIFY_LEAF_SIGNATURE,,,,,,,,,,,0,0,,false,,,0,,false,
1010701022159,株式会社ガイアックス,13:東京都,140人,100-299人,東京,100-299人 / 東京,1,http://www.gaiax.co.jp/jp/,200,allowed,,https://www.gaiax.co.jp/careers/,https://www.gaiax.co.jp/careers/,homepageAnchor,採用情報,ownDomain,high,200,allowed,ガイアックスの採用情報 › 株式会社ガイアックス,true,5,0,false,false,,,0,,false,2026-10-04T15:14:09.672Z
1010701023818,株式会社ニコンシステム,14:神奈川県,508人,300-999人,主要都市圏,300-999人 / 主要都市圏,1,http://www.nikon-sys.co.jp/,,unavailable,TypeError:EAI_AGAIN,,,,,,,,,,,0,0,,false,,,0,,false,
1010701026820,ソニービズネットワークス株式会社,13:東京都,185人,100-299人,東京,100-299人 / 東京,1,https://sonybn.co.jp/,200,allowed,,https://sonybn.co.jp/recruit/,https://sonybn.co.jp/recruit/,homepageAnchor,採用情報,ownDomain,high,200,allowed,ソニービズネットワークス株式会社 採用情報,true,1,0,false,false,,,0,,false,2026-10-04T15:14:03.661Z
1010701041869,株式会社Ｕ－ＰＯＷＥＲ,13:東京都,198人,100-299人,東京,100-299人 / 東京,1,https://u-power.jp/,200,unavailable,,https://u-power.jp/recruit/,https://u-power.jp/recruit/,homepageAnchor,採用情報,ownDomain,high,200,unavailable,U-POWER 採用サイト,true,1,0,false,false,,,0,,false,2026-10-04T15:14:04.430Z
1010703005186,Ｄｒｅａｗ合同会社,13:東京都,9人,5-9人,東京,5-9人 / 東京,1,https://dreaw.jp/,200,allowed,,,,,,,,,,,,0,3,,false,,,0,,false,
1010901026918,株式会社セック,13:東京都,365人,300-999人,東京,300-999人 / 東京,1,https://www.sec.co.jp/,200,allowed,,https://www.sec.co.jp/ja/recruit.html,https://www.sec.co.jp/ja/recruit.html,homepageAnchor,採用情報,ownDomain,high,200,allowed,採用情報 | 株式会社セック - SEC -,true,1,0,false,false,,,0,,false,2026-10-04T15:14:11.168Z
1011001009672,株式会社サンウェル,13:東京都,274人,100-299人,東京,100-299人 / 東京,1,http://www.sw-net.co.jp/,200,allowed,,https://www.sw-net.co.jp/recruit/,https://www.sw-net.co.jp/recruit/,homepageAnchor,採用情報,ownDomain,high,200,allowed,採用情報 | システム設計・開発・運用・保守｜株式会社サンウェル｜東京・関東,true,7,0,false,false,,,0,,false,2026-10-04T15:14:10.839Z
1011001010333,株式会社システム計画研究所,13:東京都,124人,100-299人,東京,100-299人 / 東京,1,http://www.isp.co.jp/,200,unavailable,,https://www.isp.co.jp/products/network/,https://www.isp.co.jp/products/network/,homepageAnchor,サーバ&ネットワーク管理システム isNetSentry-S&trade;,ownDomain,low,200,unavailable,通信・ネットワーク | プロダクト・サービス | システム計画研究所／ISP,false,1,0,false,false,,,0,,false,2026-10-04T15:14:11.511Z
1011001017717,ＮＳＷ株式会社,13:東京都,2070人,1000人以上,東京,1000人以上 / 東京,1,https://www.nsw.co.jp/,200,allowed,,https://www.nsw.co.jp/recruit/,https://www.nsw.co.jp/recruit/,homepageAnchor,NSW採用サイト,ownDomain,high,200,allowed,NSW採用サイト | NSW,true,1,0,false,false,,,0,,false,2026-10-04T15:14:07.919Z
1011001020415,株式会社フロム・ソフトウェア,13:東京都,486人,300-999人,東京,300-999人 / 東京,1,https://www.fromsoftware.jp/,200,unavailable,,https://careers.fromsoftware.jp/jp/,https://careers.fromsoftware.jp/jp/,homepageAnchor,RECRUIT,ownDomain,high,200,unavailable,FROM SOFTWARE RECRUITING WEBSITE,true,7,0,false,false,,,0,,false,2026-10-04T15:14:16.178Z
1011001022576,ミツイワ情報株式会社,13:東京都,100人,100-299人,東京,100-299人 / 東京,1,https://www.mitsuiwa-info.co.jp/,200,allowed,,https://www.mitsuiwa-info.co.jp/4986192,https://www.mitsuiwa-info.co.jp/4986192,homepageAnchor,採用情報,ownDomain,high,200,allowed,採用情報,true,1,0,false,false,,,0,,false,2026-10-04T15:14:09.619Z
1011001028004,株式会社アジャスト,13:東京都,31人,30-99人,東京,30-99人 / 東京,1,https://adjust-net.co.jp/,200,allowed,,https://adjust-net.co.jp/careers/,https://adjust-net.co.jp/careers/,homepageAnchor,採用情報,ownDomain,high,200,allowed,採用情報 | 株式会社 アジャスト,true,1,0,false,false,,,0,,false,2026-10-04T15:14:13.357Z
1011001032872,ＧＭＯインターネット株式会社,13:東京都,55人,30-99人,東京,30-99人 / 東京,1,https://internet.gmo/,200,allowed,,https://internet.gmo/recruit/,https://internet.gmo/recruit/,homepageAnchor,採用情報,ownDomain,high,200,allowed,採用情報 | GMOインターネット株式会社,true,25,0,false,false,,,0,,false,2026-10-04T15:14:11.575Z
1011001038424,株式会社ニックス,13:東京都,48人,30-99人,東京,30-99人 / 東京,1,https://www.nics.co.jp/,200,unavailable,,https://www.nics.co.jp/recruit,https://www.nics.co.jp/recruit/,homepageAnchor,採用情報,ownDomain,high,200,unavailable,採用情報 | 株式会社ニックス（NICS）,true,3,0,false,false,,,1,,false,2026-10-04T15:14:14.298Z
1011001045750,株式会社アルコ,13:東京都,3人,1-4人,東京,1-4人 / 東京,1,https://www.alco.co.jp/about/,200,allowed,,,,,,,,,,,,0,3,,true,https://www.alco.co.jp/,200,0,,false,
1011001046393,ＯＺ　ＭＯＤＥ株式会社,13:東京都,57人,30-99人,東京,30-99人 / 東京,1,http://oz-mode.com/,200,unavailable,,https://oz-mode.com/recruit.html,https://oz-mode.com/recruit.html,homepageAnchor,Recruit,ownDomain,high,200,unavailable,[OZ MODE株式会社]システム開発・ソフトウェア開発・ホームページ制作等、総合ソリューションを展開します | 採用情報,true,1,0,false,false,,,0,,false,2026-10-04T15:14:18.625Z
1011001047078,ＧＲＡＳグループ株式会社,13:東京都,80人,30-99人,東京,30-99人 / 東京,1,https://gras-group.co.jp/,200,allowed,,https://gras-group.co.jp/careers,https://gras-group.co.jp/careers/,homepageAnchor,採用情報,ownDomain,high,200,allowed,GRASグループ 採用サイト - GRASグループ株式会社（旧：ウェブリオ株式会社）の採用サイトです。,true,1,0,false,false,,,1,,false,2026-10-04T15:14:16.986Z
1011001055840,株式会社トゥモロー,13:東京都,3人,1-4人,東京,1-4人 / 東京,1,http://www.4tomorrow.jp/index.html,200,allowed,,,,,,,,,,,,0,0,,true,http://www.4tomorrow.jp/,200,0,,false,
1011001059701,株式会社ＳＫＩＹＡＫＩ,13:東京都,120人,100-299人,東京,100-299人 / 東京,1,https://recruit.skiyaki.com/contents/950501,200,allowed,,https://recruit.skiyaki.com/,https://recruit.skiyaki.com/,homepageUrlPattern,,ownDomain,medium,200,allowed,株式会社SKIYAKI 採用サイト,true,10,0,false,false,,,0,,false,2026-10-04T15:14:15.355Z
1011001060089,株式会社クリエイターズマッチ,13:東京都,40人,30-99人,東京,30-99人 / 東京,1,https://c-m.co.jp/,200,allowed,,https://c-m.co.jp/careers/,https://c-m.co.jp/careers/,homepageAnchor,Careers,ownDomain,high,200,allowed,採用情報 | CREATORS MATCH Corp,true,1,0,false,false,,,0,,false,2026-10-04T15:14:17.875Z
1011001067480,株式会社キーワーズ・インターナショナル,13:東京都,386人,300-999人,東京,300-999人 / 東京,1,http://www.keywordsstudios.com/,200,allowed,,https://www.keywordsstudios.com/en/careers/browse-careers/,https://www.keywordsstudios.com/en/careers/browse-careers/,homepageAnchor,Browse careers,ownDomain,high,200,allowed,Browse careers | Keywords Studios Limited,true,3,0,false,false,,,0,,false,2026-10-04T15:14:21.982Z
1011001070212,株式会社グッドプレイス,13:東京都,4人,1-4人,東京,1-4人 / 東京,1,http://www.good-place.co.jp/,200,allowed,,,,,,,,,,,,0,3,,false,,,0,,false,
1011001091349,エンライズホールディングス株式会社,13:東京都,230人,100-299人,東京,100-299人 / 東京,1,http://www.enrise-corp.co.jp/,200,unavailable,,https://enrise-holdings.co.jp/recruit,https://enrise-holdings.co.jp/recruit/,homepageAnchor,採用情報,otherDomain,high,200,allowed,採用情報 - エンライズホールディングス株式会社,true,2,0,false,false,,,1,,false,2026-10-04T15:14:32.070Z
1011001096686,株式会社プラウドデータ,13:東京都,45人,30-99人,東京,30-99人 / 東京,1,http://proud-g.jp/,200,allowed,,https://proud-g.jp/recruit_hp.php,https://proud-g.jp/recruit_hp.php,homepageAnchor,RECRUIT,ownDomain,high,200,allowed,RECRUIT｜PROUD GROUP,true,1,0,false,false,,,0,,false,2026-10-04T15:14:23.963Z
1011001100290,株式会社リベロエンジニア,13:東京都,35人,30-99人,東京,30-99人 / 東京,1,https://libero-en.jp/,,blocked,blocked_by_robots,,,,,,,,,,,0,2,,false,,,0,,false,
1011001101603,ブルームストリート株式会社,13:東京都,5人,5-9人,東京,5-9人 / 東京,1,https://www.bloomstreet.jp/,200,allowed,,https://www.bloomstreet.jp/recruit/,https://www.bloomstreet.jp/recruit/,homepageAnchor,採用情報,ownDomain,high,200,allowed,"採用情報 | Bloomstreet - Digital Marketing Agency in Tokyo | Japanese SEO, PPC, Website Devexlopment for maximize lead generation in Japan",true,1,0,false,false,,,0,https://www.bloomstreet.jp/recruit/,true,2026-10-04T15:14:21.168Z
1011001109084,アルサーガパートナーズ株式会社,13:東京都,400人,300-999人,東京,300-999人 / 東京,1,https://www.arsaga.jp/,200,allowed,,https://www.arsaga.jp/recruit/,https://www.arsaga.jp/recruit/,homepageAnchor,採用情報,ownDomain,high,200,allowed,最高品質を最速で。アルサーガパートナーズ採用｜DXプロ集団｜アルサーガパートナーズ株式会社,true,6,0,false,false,,,0,,false,2026-10-04T15:14:22.033Z
1011001112443,テックフライヤーグループ株式会社,13:東京都,2人,1-4人,東京,1-4人 / 東京,1,https://techflyer.co.jp/,200,allowed,,,,,,,,,,,,0,1,,false,,,0,https://techflyer.co.jp/recruit,true,
1011001115413,株式会社ＶＡＳＥ　ＫＵＪＵ,44:大分県,35人,30-99人,その他,30-99人 / その他,1,https://shogo.co.jp/,200,allowed,,https://shogo.co.jp/recruit,https://shogo.co.jp/recruit,homepageAnchor,採用情報,ownDomain,high,200,allowed,採用情報 | 笑５株式会社,true,1,0,false,false,,,0,,false,2026-10-04T15:14:24.681Z
1011001116238,株式会社Ｆｒｏｍ　Ｎｏｒｔｈ,01:北海道,20人,10-29人,主要都市圏,10-29人 / 主要都市圏,1,https://from-north.jp/,200,allowed,,https://from-north.jp/recruit/,https://from-north.jp/recruit/,homepageAnchor,採用情報,ownDomain,high,200,allowed,株式会社From North採用サイト｜北海道札幌市のWeb制作会社,true,1,0,false,false,,,0,https://from-north.jp/recruit/,true,2026-10-04T15:14:26.612Z
1011001144981,株式会社ライフ,13:東京都,4人,1-4人,東京,1-4人 / 東京,1,https://life-enterprise.net/,200,unavailable,,https://life-enterprise.net/recruit/,https://life-enterprise.net/recruit/,homepageAnchor,採用,ownDomain,high,200,unavailable,採用について | 株式会社ライフ,true,3,0,false,false,,,0,,false,2026-10-04T15:14:25.190Z
1011001144998,株式会社ライズサクセス,13:東京都,12人,10-29人,東京,10-29人 / 東京,1,http://rise-g.jp,,unavailable,TypeError:ENOTFOUND,,,,,,,,,,,0,0,,false,,,0,,false,
1011001149031,Ｈｅａｌｔｈ　Ｃｏｎｎｅｃｔ株式会社,13:東京都,1人,1-4人,東京,1-4人 / 東京,1,https://healthconnect-inc.jp/,200,allowed,,,,,,,,,,,,0,4,,false,,,0,,false,
1011001153314,株式会社ゼンビット,13:東京都,3人,1-4人,東京,1-4人 / 東京,1,https://www.zen-bit.com/,200,allowed,,https://recruit.zen-bit.com/,https://recruit.zen-bit.com/,homepageAnchor,採用情報,ownDomain,high,200,allowed,採用情報 | zenbit — SESで終わらないエンジニアへ。,true,1,0,false,false,,,0,https://www.zen-bit.com/recruit/,true,2026-10-04T15:14:27.992Z
1011001156044,株式会社ＩＧＮＩＳ　ＧＡＴＥ,13:東京都,35人,30-99人,東京,30-99人 / 東京,1,https://ignisgate.co.jp/,502,allowed,http_502,,,,,,,,,,,0,3,,false,,,0,,false,
1011001156911,株式会社グロースピリット,13:東京都,4人,1-4人,東京,1-4人 / 東京,1,https://growspirit.jp/,502,allowed,http_502,https://growspirit.jp/service/graduate-recruitment,https://growspirit.jp/service/graduate-recruitment,robotsSitemap,,ownDomain,low,502,allowed,,,6,3,,false,,,0,https://growspirit.jp/,true,2026-10-04T15:14:33.356Z
1011003011668,ＳｕｒｐａｓｓＯｎｅ株式会社,13:東京都,7人,5-9人,東京,5-9人 / 東京,1,https://about.surpassone.com/,502,allowed,http_502,,,,,,,,,,,0,3,,false,,,0,,false,
1011003011791,株式会社ＣＩＶＩＱ,13:東京都,2人,1-4人,東京,1-4人 / 東京,1,https://www.civiq.ai/,200,unavailable,,,,,,,,,,,,0,0,,false,,,0,,false,
1011003011899,株式会社ヴィレグループ,13:東京都,2人,1-4人,東京,1-4人 / 東京,1,https://ville-ville.com/,502,allowed,http_502,,,,,,,,,,,0,3,,false,,,0,,false,
1011005010024,一般社団法人版元ドットコム,13:東京都,3人,1-4人,東京,1-4人 / 東京,1,https://www.hanmoto.com/,200,allowed,,,,,,,,,,,,0,3,,false,,,0,,false,
1011101003195,株式会社エデルタ,13:東京都,301人,300-999人,東京,300-999人 / 東京,1,https://www.edelta.co.jp/,,unavailable,TypeError:ENOTFOUND,,,,,,,,,,,0,0,,false,,,0,,false,
1011101004581,株式会社仮説社,13:東京都,4人,1-4人,東京,1-4人 / 東京,1,https://www.kasetu.co.jp/,200,allowed,,https://www.kasetu.co.jp/pages/entry,https://www.kasetu.co.jp/pages/entry,homepageUrlPattern,詳細を見る,ownDomain,low,200,allowed,やまねこ科学教室申し込み &ndash; 仮説社ONLINE SHOP,false,1,0,false,false,,,0,,false,2026-10-04T15:14:35.406Z
1011101009060,株式会社新潮社,13:東京都,473人,300-999人,東京,300-999人 / 東京,1,http://www.shinchosha.co.jp/,200,allowed,,https://www.shinchosha.co.jp/news/article/3412/,,homepageAnchorNegativePath,お知らせ 第25弾を記念して、皆さんのご家族と「しゃばけ」のとっておきのエピソードを募集！ 2026/07/14,ownDomain,low,,,,,1,0,,false,,,0,,false,
1011101015281,株式会社内外切抜通信社,13:東京都,58人,30-99人,東京,30-99人 / 東京,1,https://www.naigaipc.co.jp/,200,allowed,,,,,,,,,,,,0,4,,false,,,0,,false,
1011101027070,株式会社ＤＮＰ情報システム,13:東京都,844人,300-999人,東京,300-999人 / 東京,1,https://www.dnp.co.jp/sustainability/society/diversity-inclusion/action-plan/,200,allowed,,https://www.global.dnp/ja/group/dnp-finechemicals/saiyo/,https://www.global.dnp/ja/group/dnp-finechemicals/saiyo/,robotsSitemap,,otherDomain,medium,200,allowed,採用情報 | 株式会社DNPファインケミカル,true,3,1,false,true,https://www.global.dnp/,200,0,,false,2026-10-04T15:14:43.379Z
1011101027780,株式会社ティーム・ゼロ,13:東京都,8人,5-9人,東京,5-9人 / 東京,1,http://www.teamzero.co.jp/index.html,200,unavailable,,,,,,,,,,,,0,0,,true,https://www.teamzero.co.jp/,200,0,,false,
1011101031931,再春館システム株式会社,13:東京都,109人,100-299人,東京,100-299人 / 東京,1,https://www.saishunkansys.com/,200,allowed,,https://www.saishunkansys.com/recruit/,https://www.saishunkansys.com/recruit/,homepageAnchor,採用情報,ownDomain,high,200,allowed,採用情報 | 再春館システム株式会社,true,1,0,false,false,,,0,,false,2026-10-04T15:14:38.179Z
1011101045361,株式会社フリーウェイジャパン,13:東京都,9人,5-9人,東京,5-9人 / 東京,1,http://freeway-japan.com/,200,allowed,,https://freeway-japan.com/recruit.html,https://freeway-japan.com/recruit.html,homepageUrlPattern,リクルート,ownDomain,medium,200,allowed,リクルート｜無料クラウドシステムのフリーウェイシリーズを提供 株式会社フリーウェイジャパン,true,1,0,false,false,,,0,,false,2026-10-04T15:14:42.731Z
1011101046616,株式会社ＮＳＤ,13:東京都,3300人,1000人以上,東京,1000人以上 / 東京,1,http://www.nsd.co.jp/,200,unavailable,,https://recruit.nsd.co.jp/,https://recruit.nsd.co.jp/,homepageAnchor,新卒採用,ownDomain,high,200,allowed,新卒採用 | 採用情報 | 株式会社ＮＳＤ,true,4,0,false,false,,,0,,false,2026-10-04T15:14:44.623Z
1011101050337,株式会社ドリコム,13:東京都,288人,100-299人,東京,100-299人 / 東京,1,http://www.drecom.co.jp/,200,allowed,,https://drecom.co.jp/recruit/,https://drecom.co.jp/recruit/,homepageAnchor,RECRUIT 採用情報,ownDomain,high,200,allowed,採用情報 | 株式会社ドリコム,true,4,0,false,false,,,0,,false,2026-10-04T15:14:43.246Z
1011101054346,株式会社クロステレビビジョン,13:東京都,160人,100-299人,東京,100-299人 / 東京,1,http://www.crosstvv.co.jp/,200,unavailable,,https://www.crosstvv.co.jp/recruit/,https://www.crosstvv.co.jp/recruit/,homepageAnchor,採用情報,ownDomain,high,200,unavailable,採用情報｜クロステレビビジョンは、創業から45年以上にわたり、スポーツ・ニュース・音楽ライブ・イベントなど、様々な中継を行っています。,true,5,0,false,false,,,0,,false,2026-10-04T15:14:45.988Z
1011101056945,株式会社ＮＴＴ東日本－南関東,13:東京都,2721人,1000人以上,東京,1000人以上 / 東京,1,http://www.minamikanto.ntt-east.co.jp/,200,allowed,,https://recruit.ntt-east.co.jp/,https://recruit.ntt-east.co.jp/,homepageAnchor,採用情報,ownDomain,high,200,unavailable,NTT東日本株式会社・グループ採用情報 | 新卒採用サイト・キャリア採用（転職者向け）サイト,true,1,0,false,false,,,0,,false,2026-10-04T15:14:44.516Z
1011101060385,クラスメソッドオペレーションズ株式会社,13:東京都,198人,100-299人,東京,100-299人 / 東京,1,https://classmethod-operations.jp/,200,allowed,,https://careers.classmethod-operations.jp/,https://careers.classmethod-operations.jp/,homepageAnchor,採用サイト,ownDomain,high,200,allowed,クラスメソッドオペレーションズ株式会社 採用サイト,true,1,0,false,false,,,0,,false,2026-10-04T15:14:43.628Z
1011101063198,クリエイティブソフト株式会社,13:東京都,76人,30-99人,東京,30-99人 / 東京,1,http://www.cr-soft.co.jo,,unavailable,TypeError:ENOTFOUND,,,,,,,,,,,0,0,,false,,,0,,false,
1011101070517,Ｒａｐｙｕｔａ　Ｒｏｂｏｔｉｃｓ株式会社,13:東京都,180人,100-299人,東京,100-299人 / 東京,1,https://www.rapyuta-robotics.com/ja/,200,allowed,,https://www.rapyuta-robotics.com/ja/careers/,https://www.rapyuta-robotics.com/ja/careers/,homepageAnchor,採用情報,ownDomain,high,200,allowed,採用情報 | ラピュタロボティクス,true,3,0,false,false,,,0,,false,2026-10-04T15:14:45.911Z
1011101073718,株式会社ブライブ,13:東京都,9人,5-9人,東京,5-9人 / 東京,1,http://www.braeve.jp/,200,allowed,,,,,,,,,,,,0,0,,false,,,0,,false,
1011101098418,株式会社ケアリッツ・テクノロジーズ,13:東京都,876人,300-999人,東京,300-999人 / 東京,1,https://www.careritztc.co.jp/,200,allowed,,https://www.careritztc.co.jp/recruit/,https://www.careritztc.co.jp/recruit/,homepageAnchor,採用情報,ownDomain,high,200,allowed,採用情報｜ケアリッツ・テクノロジーズ｜CareRitz Technologies,true,6,0,false,false,,,0,,false,2026-10-04T15:14:46.695Z
1011201000828,株式会社エヌデーデー,13:東京都,391人,300-999人,東京,300-999人 / 東京,1,https://www.nddhq.co.jp/,200,allowed,,https://recruit.nddhq.co.jp/recruit,https://recruit.nddhq.co.jp/,homepageAnchor,採用情報,ownDomain,high,200,allowed,エヌデーデー採用 | トップページ,true,1,0,false,false,,,1,,false,2026-10-04T15:14:49.595Z
1011301008928,株式会社ヴァル研究所,13:東京都,159人,100-299人,東京,100-299人 / 東京,1,http://www.val.co.jp/,502,allowed,http_502,https://www.val.co.jp/recruit,https://www.val.co.jp/recruit,robotsSitemap,,ownDomain,low,502,allowed,,,8,3,,false,,,0,,false,2026-10-04T15:14:56.889Z
1011401013613,株式会社オンマックス,13:東京都,13人,10-29人,東京,10-29人 / 東京,1,https://www.onmax.co.jp,,unavailable,TimeoutError,,,,,,,,,,,0,0,,false,,,0,https://onmax.co.jp/recruit/,true,
1011401022218,株式会社Ｄ＆Ｓ,13:東京都,5人,5-9人,東京,5-9人 / 東京,1,https://d8s.co.jp/ja/,200,allowed,,https://d8s.co.jp/ja/careers/,https://d8s.co.jp/ja/careers/,homepageAnchor,採用情報,ownDomain,high,200,allowed,一緒に働きませんか｜株式会社Ｄ＆Ｓ,true,1,0,false,false,,,0,,false,2026-10-04T15:14:47.919Z
1011501001443,株式会社構造ソフト,13:東京都,31人,30-99人,東京,30-99人 / 東京,1,https://www.kozosoft.co.jp/,200,allowed,,,,,,,,,,,,0,1,,false,,,0,,false,
1011501003547,日本ノーベル株式会社,13:東京都,148人,100-299人,東京,100-299人 / 東京,1,https://www.jnovel.co.jp/,200,allowed,,https://www.jnovel.co.jp/careers/graduates/,https://www.jnovel.co.jp/careers/graduates/,homepageAnchor,新卒採用,ownDomain,high,200,allowed,新卒採用 | 日本ノーベル株式会社,true,2,0,false,false,,,0,,false,2026-10-04T15:14:49.106Z
1011501012242,株式会社地方総合研究所,13:東京都,20人,10-29人,東京,10-29人 / 東京,1,https://uejimagroup.com/,200,allowed,,https://saiyo.uejimagroup.com/,https://saiyo.uejimagroup.com/,homepageAnchor,採用情報 Recruit,ownDomain,high,200,allowed,ITで人を幸せにする会社,true,2,0,false,false,,,0,https://en-gage.net/lgi_career/,true,2026-10-04T15:14:50.852Z
1011503005426,合同会社ラプラス・ディー,13:東京都,1人,1-4人,東京,1-4人 / 東京,1,https://www.sumaipark.com/sdgs-action/,200,allowed,,https://www.sumaipark.com/recruitment/,https://www.sumaipark.com/recruitment/,homepageUrlPattern,登録をご希望の業者様はこちら,ownDomain,medium,200,allowed,加盟店募集 - すまいパーク,true,1,0,false,false,,,0,https://www.sumaipark.com/recruit/,true,2026-10-04T15:14:51.724Z
1011801019838,株式会社じも研,13:東京都,10人,10-29人,東京,10-29人 / 東京,1,https://www.jimoken.co.jp/about/,404,allowed,http_404,https://www.jimoken.co.jp/recruit/,https://www.jimoken.co.jp/recruit/,homepageAnchor,Recruit,ownDomain,high,200,allowed,採用情報 – 株式会社 じも研,true,1,0,false,true,https://www.jimoken.co.jp/,200,0,,false,2026-10-04T15:14:56.021Z
1011801030670,株式会社エクシトトリニティー,13:東京都,7人,5-9人,東京,5-9人 / 東京,1,https://exitotrinity.co.jp/,200,allowed,,https://exitotrinity.co.jp/recruit/,https://exitotrinity.co.jp/recruit/,homepageAnchor,RECRUIT,ownDomain,high,200,allowed,RECRUIT – 株式会社エクシトトリニティー,true,1,0,false,false,,,0,https://exitotrinity.co.jp/recruit/,true,2026-10-04T15:14:55.071Z
1012301007531,株式会社シャンテリー,13:東京都,115人,100-299人,東京,100-299人 / 東京,1,https://www.shantery.co.jp,200,allowed,,https://shantery.co.jp/recruit,https://shantery.co.jp/recruitment/,homepageAnchor,採用情報,ownDomain,high,200,allowed,採用情報 - 株式会社シャンテリー,true,3,0,false,false,,,1,,false,2026-10-04T15:14:59.638Z
1012401004940,株式会社アープ,13:東京都,61人,30-99人,東京,30-99人 / 東京,1,https://www.arp-corp.co.jp/,200,unavailable,,https://www.arp-corp.co.jp/recruit/,https://www.arp-corp.co.jp/recruit/,homepageAnchor,採用情報,ownDomain,high,200,unavailable,株式会社アープ 採用サイト,true,1,0,false,false,,,0,,false,2026-10-04T15:14:53.783Z
1012401023387,シンギ株式会社,13:東京都,3人,1-4人,東京,1-4人 / 東京,1,https://sng.co.jp,200,allowed,,https://sng.co.jp/recruit/,https://sng.co.jp/recruit/,homepageAnchor,採用情報,ownDomain,high,200,allowed,採用情報・パートナー募集 - Webデザイナー・エンジニア【東京・吉祥寺】 - シンギ株式会社,true,4,0,false,false,,,0,,false,2026-10-04T15:14:54.393Z
1012801007056,株式会社コスモ・インテリジェンス,13:東京都,57人,30-99人,東京,30-99人 / 東京,1,https://www.cosmo-intelligence.com,200,allowed,,https://www.cosmo-intelligence.com/recruit/,https://www.cosmo-intelligence.com/recruit/,homepageAnchor,採用情報,ownDomain,high,200,allowed,採用情報 | コスモ・インテリジェンス,true,7,0,false,false,,,0,https://www.cosmo-intelligence.com/recruit/,true,2026-10-04T15:14:56.236Z
1013103000872,合同会社ドットクリエイション,13:東京都,5人,5-9人,東京,5-9人 / 東京,1,https://dot-creation.com/,200,allowed,,,,,,,,,,,,0,0,,false,,,0,,false,
1013201007836,株式会社フォーラムエイト,13:東京都,224人,100-299人,東京,100-299人 / 東京,1,http://www.forum8.co.jp/,403,unavailable,http_403,,,,,,,,,,,0,0,,false,,,0,,false,
1013201018866,ＦＩＴＥＣ株式会社,13:東京都,318人,300-999人,東京,300-999人 / 東京,1,http://www.fitec.co.jp/recruit/spirit/woman/index.html,200,unavailable,,http://www.fitec.co.jp/recruit/information/data2.html,http://www.fitec.co.jp/recruit/information/data2.html,homepageAnchor,中途採用エントリー,ownDomain,high,200,unavailable,募集要項（中途）｜採用情報｜FITEC株式会社,true,17,0,false,false,,,0,,false,2026-10-04T15:14:58.177Z
1013301009245,株式会社日本システムコンサルタント,13:東京都,320人,300-999人,東京,300-999人 / 東京,1,http://www.nsc-kk.co.jp/,200,allowed,,https://www.nsc-kk.co.jp/recruit/,https://www.nsc-kk.co.jp/recruit/,homepageAnchor,採用情報,ownDomain,high,200,allowed,採用情報 – NSC,true,5,0,false,false,,,0,,false,2026-10-04T15:15:04.866Z
1013301021019,東京京装コンピュータ株式会社,13:東京都,78人,30-99人,東京,30-99人 / 東京,1,http://www.tkc-net.com,200,unavailable,,http://www.tkc-net.com/recruitment/,https://www.tkc-net.com/recruitment/,homepageAnchor,採用情報,ownDomain,high,200,unavailable,東京京装コンピュータ株式会社｜採用サイト,true,3,0,false,false,,,1,,false,2026-10-04T15:15:06.216Z
1013301031562,株式会社コムデ,13:東京都,80人,30-99人,東京,30-99人 / 東京,1,https://www.commude.co.jp/,200,unavailable,,,,,,,,,,,,0,0,,false,,,0,,false,
1013301038376,ライフログテクノロジー株式会社,13:東京都,11人,10-29人,東京,10-29人 / 東京,1,https://calomeal.com/,200,allowed,,https://open.talentio.com/r/1/c/lifelogtechnology/homes/3863,https://open.talentio.com/r/1/c/lifelogtechnology/homes/3863,homepageLinkToOfficialAts,採用情報,atsHosted,high,200,allowed,採用情報 / ライフログテクノロジー株式会社,true,16,0,false,false,,,0,,false,2026-10-04T15:15:04.553Z
1013303001489,株式会社アクロビジョン,13:東京都,60人,30-99人,東京,30-99人 / 東京,1,https://www.acrovision.jp/,200,allowed,,https://recruit.acrovision.jp/,https://www.acrovision.jp/recruit/,homepageAnchor,採用情報メニュー,ownDomain,high,200,allowed,アクロビジョン 採用サイト | 人を大切に、技術を追求し、未来を創る,true,3,0,false,false,,,1,,false,2026-10-04T15:15:06.077Z
1013401001399,株式会社トゥインクル,13:東京都,416人,300-999人,東京,300-999人 / 東京,1,https://www.twk.co.jp/,200,unavailable,,https://recruit.twk.co.jp/,https://recruit.twk.co.jp/,homepageAnchor,特設採用サイト,ownDomain,high,200,allowed,株式会社トゥインクル 採用サイト -,true,2,0,false,false,,,0,,false,2026-10-04T15:15:02.028Z
1013401001845,株式会社ＫＳＫ,13:東京都,1942人,1000人以上,東京,1000人以上 / 東京,1,https://www.ksk.co.jp/,200,allowed,,https://www.ksk.co.jp/recruit/information/message.php,https://www.ksk.co.jp/recruit/,homepageAnchor,採用基本情報,ownDomain,high,200,allowed,採用サイトのリニューアルを行いました - 株式会社KSK,true,7,0,false,false,,,1,,false,2026-10-04T15:15:06.958Z
1013401006555,日本システム開発株式会社,13:東京都,129人,100-299人,東京,100-299人 / 東京,1,http://www.nsk.co.jp,200,allowed,,https://www.nsk.co.jp/recruit,https://www.nsk.co.jp/recruit/,homepageAnchor,採用情報,ownDomain,high,200,allowed,採用情報|日本システム開発株式会社【NSK】,true,1,0,false,false,,,1,,false,2026-10-04T15:15:09.254Z
1020001015606,株式会社ＣＩＪ,14:神奈川県,818人,300-999人,主要都市圏,300-999人 / 主要都市圏,1,https://www.cij.co.jp/company/wlb/,200,allowed,,https://recruit.cij.co.jp/,https://recruit.cij.co.jp/,homepageAnchor,採用情報,ownDomain,high,200,unavailable,株式会社CIJ採用サイト,true,1,0,false,false,,,0,,false,2026-10-04T15:15:05.976Z
1020001022841,株式会社キャッツ,14:神奈川県,60人,30-99人,主要都市圏,30-99人 / 主要都市圏,1,http://www.cats-net.co.jp/,200,allowed,,http://www.cats-net.co.jp/recruit,http://www.cats-net.co.jp/recruit,homepageAnchor,採用情報,ownDomain,high,200,allowed,採用情報 |,true,1,0,false,false,,,0,http://www.cats-net.co.jp/,true,2026-10-04T15:15:09.459Z
1020001028459,株式会社日立ソリューションズ・クリエイト,13:東京都,3964人,1000人以上,東京,1000人以上 / 東京,1,https://www.hitachi-solutions-create.co.jp/,200,allowed,,https://www.hitachi-solutions-create.co.jp/recruit/,https://www.hitachi-solutions-create.co.jp/recruit/,homepageAnchor,採用情報はこちら,ownDomain,high,200,allowed,採用情報 : 株式会社 日立ソリューションズ・クリエイト,true,2,0,false,false,,,0,,false,2026-10-04T15:15:07.989Z
1020001030992,株式会社アークテック,13:東京都,24人,10-29人,東京,10-29人 / 東京,1,http://www.arctec.jp/,200,allowed,,https://www.arctec.jp/recruit/,https://www.arctec.jp/recruit/,homepageAnchor,採用情報,ownDomain,high,200,allowed,採用情報 - 株式会社アークテック,true,4,0,false,false,,,0,,false,2026-10-04T15:15:14.361Z
1020001037212,株式会社クロステック,14:神奈川県,195人,100-299人,主要都市圏,100-299人 / 主要都市圏,1,http://www.xtec.co.jp/,200,allowed,,https://www.xtec.co.jp/recruit,https://www.xtec.co.jp/recruit,homepageAnchor,採用情報,ownDomain,high,200,allowed,採用情報 | 株式会社クロステック リクルートサイト,true,8,0,false,false,,,0,,false,2026-10-04T15:15:14.209Z
1020001038458,株式会社アナザーウェア,14:神奈川県,110人,100-299人,主要都市圏,100-299人 / 主要都市圏,1,http://www.another-ware.co.jp/index.html,404,allowed,http_404,https://www.another-ware.co.jp/recruit/,https://www.another-ware.co.jp/recruit/,homepageAnchor,採用情報,ownDomain,high,200,allowed,採用情報 – 株式会社 アナザーウェア,true,13,0,false,true,https://www.another-ware.co.jp/,200,0,,false,2026-10-04T15:15:15.997Z
1020001112428,株式会社キーサイエンス,13:東京都,18人,10-29人,東京,10-29人 / 東京,1,http://www.ks-global.co.jp,200,unavailable,,http://www.ks-global.co.jp/recruit.html,http://www.ks-global.co.jp/recruit.html,homepageAnchor,採用情報,ownDomain,high,200,unavailable,採用情報 | 株式会社キーサイエンス,true,1,0,false,false,,,0,,false,2026-10-04T15:15:10.423Z
1020001113566,株式会社白,14:神奈川県,4人,1-4人,主要都市圏,1-4人 / 主要都市圏,1,http://si-ro.jp,200,allowed,,,,,,,,,,,,0,0,,false,,,0,,false,
1020001130735,株式会社ＩＯＢＩ,27:大阪府,20人,10-29人,主要都市圏,10-29人 / 主要都市圏,1,https://iobi.co.jp/,200,unavailable,,https://iobi.co.jp/recruit,https://iobi.co.jp/recruit,homepageAnchor,採用情報,ownDomain,high,200,unavailable,,true,8,0,false,false,,,0,,false,2026-10-04T15:15:12.380Z
1020001148166,ファスト株式会社,13:東京都,10人,10-29人,東京,10-29人 / 東京,1,https://thefast.co.jp/,502,allowed,http_502,,,,,,,,,,,0,2,,false,,,0,,false,
1020003018037,ＡＣＲＩＵＳ合同会社,13:東京都,10人,10-29人,東京,10-29人 / 東京,1,https://acrius.co.jp/company/,200,allowed,,,,,,,,,,,,0,4,,true,https://acrius.co.jp/,200,0,,false,
1021001013186,株式会社ＴＥＳ,14:神奈川県,65人,30-99人,主要都市圏,30-99人 / 主要都市圏,1,https://www.tes.co.jp/,200,allowed,,https://www.tes.co.jp/entry/new-graduate,https://www.tes.co.jp/entry/new-graduate,homepageAnchor,新卒採用エントリー,ownDomain,high,200,allowed,New Graduate Entry | TES Inc.,true,4,0,false,false,,,0,,false,2026-10-04T15:15:15.520Z
1021001014498,株式会社エフ・トレード,14:神奈川県,84人,30-99人,主要都市圏,30-99人 / 主要都市圏,1,https://www.ftrade.co.jp/,,unavailable,TypeError:UNABLE_TO_VERIFY_LEAF_SIGNATURE,,,,,,,,,,,0,0,,false,,,0,,false,
1021001019662,株式会社クエリー,14:神奈川県,130人,100-299人,主要都市圏,100-299人 / 主要都市圏,1,https://www.query.jp/health/,200,unavailable,,https://www.query.jp/recruit/,https://www.query.jp/recruit/,homepageAnchor,採用情報,ownDomain,high,200,unavailable,クエリー採用サイト｜社会の「問い」を解く、自分になろう,true,1,0,false,true,https://www.query.jp/,200,0,,false,2026-10-04T15:15:19.150Z
1021001035552,サンアンドサンズコンサルティング株式会社,14:神奈川県,43人,30-99人,主要都市圏,30-99人 / 主要都市圏,1,https://sunsons.jp/cn3/recruit.html,200,unavailable,,https://sunsons.jp/cn3/recruit.html,https://sunsons.jp/cn3/recruit.html,homepageAnchor,採用情報,ownDomain,high,200,unavailable,採用情報ofSun&Son’s Consulting,true,3,0,false,false,,,0,,false,2026-10-04T15:15:17.607Z
1021002028134,株式会社ジーツーゲイト,13:東京都,7人,5-9人,東京,5-9人 / 東京,1,https://g2gate.co.jp/,200,allowed,,https://g2gate.co.jp/recruit/,https://g2gate.co.jp/recruit/,homepageAnchor,採用情報,ownDomain,high,200,allowed,採用情報のページ｜東京のイベント制作会社・広告制作会社,true,1,0,false,false,,,0,,false,2026-10-04T15:15:18.983Z
1030001039307,株式会社Ｐｈｏｎｅ　Ａｐｐｌｉ,13:東京都,250人,100-299人,東京,100-299人 / 東京,1,https://phoneappli.net/corp/company/policy/well-being/,200,unavailable,,https://phoneappli.net/recruit/,https://phoneappli.net/recruit/,homepageAnchor,採用情報,ownDomain,high,200,unavailable,採用サイト｜株式会社PHONE APPLI(フォンアプリ),true,1,0,true,false,,,0,,false,2026-10-04T15:15:19.151Z
1030001082892,株式会社太陽カンパニー,13:東京都,20人,10-29人,東京,10-29人 / 東京,1,https://taiyo-company.com/company/,200,allowed,,https://job.rikunabi.com/2022/company/r771502064/,,homepageLinkToJobPlatform,リクナビENTRY,jobPlatform,low,,,,,14,2,,true,https://taiyo-company.com/,200,0,,false,
1030001096331,株式会社アイディーアクト,11:埼玉県,7人,5-9人,主要都市圏,5-9人 / 主要都市圏,1,http://www.idact.net/,200,allowed,,http://www.idact.net/25505299922477322577.html,http://www.idact.net/25505299922477322577.html,homepageAnchor,採用情報,ownDomain,high,200,allowed,採用情報,true,1,0,false,false,,,0,,false,2026-10-04T15:15:21.151Z
1040001004838,千葉テレビ放送株式会社,12:千葉県,71人,30-99人,主要都市圏,30-99人 / 主要都市圏,1,https://www.chiba-tv.com/,200,allowed,,https://www.chiba-tv.com/support/4732,https://www.chiba-tv.com/support/4732,homepageAnchor,採用情報,ownDomain,high,200,allowed,採用情報 | 千葉テレビ放送（チバテレ）,true,2,0,false,false,,,0,https://job.mynavi.jp/26/pc/search/corp89868/outline.html,true,2026-10-04T15:15:22.262Z
1040001013715,株式会社システムイオ,12:千葉県,315人,300-999人,主要都市圏,300-999人 / 主要都市圏,1,https://www.systemio.co.jp,200,allowed,,https://www.systemio.co.jp/careers/,https://www.systemio.co.jp/careers/,homepageAnchor,採用情報,ownDomain,high,200,allowed,採用情報 | 株式会社システムイオ | we vitalize.,true,14,0,false,false,,,0,,false,2026-10-04T15:15:22.305Z
1040001036848,株式会社ＮＴＴデータ・エム・シー・エス,12:千葉県,116人,100-299人,主要都市圏,100-299人 / 主要都市圏,1,https://www.mcserve.co.jp/,200,unavailable,,https://www.mcserve.co.jp/recruit/,https://www.mcserve.co.jp/recruit/,homepageAnchor,採用情報,ownDomain,high,200,unavailable,採用情報 | 株式会社ＮＴＴデータＭＣＳ,true,5,0,false,false,,,0,,false,2026-10-04T15:15:22.433Z
1040001042350,アソビュー株式会社,13:東京都,200人,100-299人,東京,100-299人 / 東京,1,https://www.asoview.co.jp/company/info,502,allowed,http_502,https://www.asoview.co.jp/career,https://www.asoview.co.jp/career,robotsSitemap,,ownDomain,low,502,allowed,,,4,3,,true,https://www.asoview.co.jp/,502,0,,false,2026-10-04T15:15:28.886Z
1040001070517,株式会社フラットフィールド,12:千葉県,3人,1-4人,主要都市圏,1-4人 / 主要都市圏,1,https://www.f-field.jp/,502,allowed,http_502,,,,,,,,,,,0,3,,false,,,0,,false,
1040001087651,株式会社ＲＵＮＴＥＱ,13:東京都,33人,30-99人,東京,30-99人 / 東京,1,https://www.runteq.co.jp/,200,allowed,,https://www.runteq.co.jp/recruit,https://www.runteq.co.jp/recruit,homepageAnchor,採用情報,ownDomain,high,200,allowed,株式会社RUNTEQ - 採用情報,true,1,0,false,false,,,0,,false,2026-10-04T15:15:24.385Z
1040001100802,エム・ティ・ストラテジー株式会社,13:東京都,23人,10-29人,東京,10-29人 / 東京,1,http://www.mt-strategy.biz,200,allowed,,https://www.mt-strategy.biz/recruit/,https://www.mt-strategy.biz/recruit/,homepageAnchor,採用情報,ownDomain,high,200,allowed,採用情報 | エム・ティ・ストラテジー株式会社,true,2,0,false,false,,,0,,false,2026-10-04T15:15:30.742Z
1040001105058,株式会社テクノ・スクエア,47:沖縄県,3人,1-4人,その他,1-4人 / その他,1,https://www.techno-square.com/,200,unavailable,,,,,,,,,,,,0,0,,false,,,0,,false,
1040001106064,株式会社ＡＳネットワークセキュリティ,12:千葉県,38人,30-99人,主要都市圏,30-99人 / 主要都市圏,1,https://www.asns.jp/,200,unavailable,,https://www.asns.jp/recruit.html,https://www.asns.jp/recruit.html,homepageAnchor,採用情報 Recruit,ownDomain,high,200,unavailable,採用情報,true,1,0,false,false,,,0,,false,2026-10-04T15:15:25.557Z
1040001126946,株式会社ＢｏｒｄｅｒＴｅｃｈ,12:千葉県,1人,1-4人,主要都市圏,1-4人 / 主要都市圏,1,https://www.bordertech.co.jp,200,allowed,,https://www.wantedly.com/companies/bordertech,,homepageLinkToJobPlatform,採用情報,jobPlatform,low,,,,,1,2,,false,,,0,,false,
1040003026698,ヒルクレスト合同会社,12:千葉県,2人,1-4人,主要都市圏,1-4人 / 主要都市圏,1,https://hillcrest.jp/,200,allowed,,,,,,,,,,,,0,3,,false,,,0,,false,
1050001012550,ティー・エヌ・エス株式会社,13:東京都,36人,30-99人,東京,30-99人 / 東京,1,https://tns.co.jp,200,unavailable,,https://tns.co.jp/hiring,https://tns.co.jp/hiring,homepageAnchor,外国人の採用,ownDomain,high,200,unavailable,外国人の採用 | 社会的責任 | ティー・エヌ・エス株式会社,true,2,0,false,false,,,0,,false,2026-10-04T15:15:28.749Z
1050001020289,大栄システム株式会社,08:茨城県,120人,100-299人,その他,100-299人 / その他,1,http://www.daiei-sys.co.jp/,200,allowed,,https://www.daiei-sys.co.jp/recruit,https://www.daiei-sys.co.jp/recruit/,homepageAnchor,新卒採用 / キャリア採用,ownDomain,high,200,allowed,大栄システム株式会社 採用サイト,true,1,0,false,false,,,1,https://www.daiei-sys.co.jp/recruit/,true,2026-10-04T15:15:37.937Z
1050001022756,株式会社ハイファクトリ,08:茨城県,26人,10-29人,その他,10-29人 / その他,1,http://www.hifactory.co.jp/,200,allowed,,https://recruit.hifactory.co.jp/,https://recruit.hifactory.co.jp/,homepageAnchor,Recruit,ownDomain,high,200,allowed,ハイファクトリ公式採用サイト｜ハイファクトリ公式採用サイト,true,7,0,false,false,,,0,https://recruit-hifactory.drecruiting.jp/,true,2026-10-04T15:15:35.701Z
1070001001056,ぐんぎんシステムサービス株式会社,10:群馬県,122人,100-299人,その他,100-299人 / その他,1,http://www.gss.co.jp,200,unavailable,,https://www.gss.co.jp/recruit/index.html,https://www.gss.co.jp/recruit/index.html,homepageAnchor,採用情報,ownDomain,high,200,unavailable,採用情報｜ぐんぎんシステムサービス株式会社,true,1,0,false,false,,,0,http://www.gss.co.jp/recruit/index.html,true,2026-10-04T15:15:35.909Z
1070001002376,株式会社ナブアシスト,10:群馬県,196人,100-299人,その他,100-299人 / その他,1,https://www.nav-assist.co.jp/,200,allowed,,https://recruit.nav-assist.co.jp/,https://recruit.nav-assist.co.jp/,homepageAnchor,採用情報 アクセス お問い合わせ,ownDomain,high,200,allowed,株式会社ナブアシスト 採用情報,true,2,0,false,false,,,0,,false,2026-10-04T15:15:33.794Z
1070001003457,リード株式会社,10:群馬県,110人,100-299人,その他,100-299人 / その他,1,https://www.lead-ltd.co.jp/company/#employers,200,allowed,,https://www.lead-ltd.co.jp/recruiting-site/,https://www.lead-ltd.co.jp/recruiting-site/,homepageAnchor,採用情報,ownDomain,high,200,allowed,リード株式会社 採用,true,1,0,false,false,,,0,,false,2026-10-04T15:15:34.537Z
1070001004827,株式会社エクスブレーン,10:群馬県,48人,30-99人,その他,30-99人 / その他,1,http://www.exbrain.jp/,200,unavailable,,https://exbrain.recruitment.jp/,,homepageLinkOffDomain,仲間、募集(求人),otherDomain,low,,,,,7,2,,false,,,0,,false,
1070001008836,株式会社インターゾーン,10:群馬県,165人,100-299人,その他,100-299人 / その他,1,http://www.inter-zone.jp/,200,unavailable,,https://inter-zone.jp/videos/recruitments/,https://inter-zone.jp/videos/recruitments/,robotsSitemap,,ownDomain,medium,200,allowed,#就活｜動画ギャラリー｜株式会社インターゾーン,true,3,3,false,false,,,0,,false,2026-10-04T15:15:50.793Z
1070001008852,株式会社スリーアイ,10:群馬県,31人,30-99人,その他,30-99人 / その他,1,https://www.3i-net.co.jp/,200,allowed,,https://www.3i-net.co.jp/index.php/recruit01/,https://www.3i-net.co.jp/index.php/recruit01/,homepageAnchor,RECRUITMENT 採用を知る,ownDomain,high,200,allowed,株式会社スリーアイSE 求人,true,6,0,false,false,,,0,,false,2026-10-04T15:15:37.899Z
1070001034568,株式会社ＴｈｅＮｅｗＧａｔｅ,10:群馬県,362人,300-999人,その他,300-999人 / その他,1,https://thenewgate.co.jp/,200,allowed,,https://thenewgate.co.jp/recruit/,https://thenewgate.co.jp/recruit/,homepageAnchor,recruit,ownDomain,high,200,allowed,株式会社TheNewGateオフィシャルリクルートサイト,true,3,0,false,false,,,0,,false,2026-10-04T15:15:38.206Z
1080001000627,モノプラス株式会社,13:東京都,19人,10-29人,東京,10-29人 / 東京,1,https://www.monoplus.com/,200,unavailable,,https://www.monoplus.com/career/,https://www.monoplus.com/career/,homepageAnchor,CAREER,ownDomain,high,200,unavailable,採用案内｜モノプラス公式ホームページ,true,1,0,false,false,,,0,,false,2026-10-04T15:15:39.540Z
1080001006310,株式会社ケアコネクトジャパン,22:静岡県,194人,100-299人,その他,100-299人 / その他,1,https://www.carekarte.jp,200,allowed,,https://www.carekarte.jp/recruit/,https://www.carekarte.jp/recruit/,homepageAnchor,採用情報,ownDomain,high,200,allowed,トップページ - ケアコネクトジャパン 採用サイト,true,1,0,false,false,,,0,,false,2026-10-04T15:15:39.973Z
1080401019564,株式会社アロック,22:静岡県,5人,5-9人,その他,5-9人 / その他,1,http://alloc.co.jp/,200,allowed,,,,,,,,,,,,0,4,,false,,,0,,false,
1100001002083,株式会社電算,20:長野県,703人,300-999人,その他,300-999人 / その他,1,https://www.ndensan.co.jp/,200,unavailable,,https://www.ndensan.co.jp/recruit/,https://www.ndensan.co.jp/recruit/,homepageAnchor,採用情報,ownDomain,high,200,unavailable,採用情報 - 株式会社 電算,true,2,0,false,false,,,0,,false,2026-10-04T15:15:41.051Z
1100001002637,ジェイエスピー株式会社,20:長野県,38人,30-99人,その他,30-99人 / その他,1,https://www.jsp-com.co.jp/,200,allowed,,https://www.jsp-com.co.jp/recruit/,https://www.jsp-com.co.jp/recruit/,homepageAnchor,採用情報,ownDomain,high,200,allowed,採用情報 | ジェイエスピー 株式会社（JSP）,true,3,0,false,false,,,0,,false,2026-10-04T15:15:42.277Z
1100001009475,株式会社ＡＮＸ,20:長野県,130人,100-299人,その他,100-299人 / その他,1,https://anx.inc,200,allowed,,https://anx.inc/recruit,https://anx.inc/recruit,homepageAnchor,採用情報,ownDomain,high,200,allowed,採用情報 | 株式会社ANX,true,3,0,false,false,,,0,,false,2026-10-04T15:15:41.868Z
1110001009615,株式会社テルベル,15:新潟県,21人,10-29人,その他,10-29人 / その他,1,http://telvel.main.jp/,200,unavailable,,https://telvel.main.jp/recruitment/index.html,https://telvel.main.jp/recruitment/index.html,homepageAnchor,RECRUITMENT 求人募集,ownDomain,high,200,unavailable,採用情報｜株式会社テルベル,true,8,0,false,false,,,0,,false,2026-10-04T15:15:47.624Z
1110001022733,株式会社ソリマチ技研,15:新潟県,67人,30-99人,その他,30-99人 / その他,1,http://www.s-giken.co.jp/,200,allowed,,https://www.s-giken.co.jp/career,https://www.s-giken.co.jp/career/,homepageAnchor,キャリア採用,ownDomain,high,200,allowed,キャリア採用 - 株式会社ソリマチ技研,true,8,0,false,false,,,1,,false,2026-10-04T15:15:49.645Z
1120001041939,エブリ株式会社,27:大阪府,130人,100-299人,主要都市圏,100-299人 / 主要都市圏,1,http://www.every365.co.jp/,200,allowed,,https://www.every365.co.jp/recruit/,https://www.every365.co.jp/recruit/,homepageAnchor,採用情報,ownDomain,high,200,allowed,エブリ株式会社 採用2027,true,1,0,false,false,,,0,,false,2026-10-04T15:15:51.579Z
1120001045519,株式会社電算情報技研,27:大阪府,123人,100-299人,主要都市圏,100-299人 / 主要都市圏,1,https://densanjoho.co.jp/,200,allowed,,https://densanjoho.co.jp/recruit/,https://densanjoho.co.jp/recruit/,homepageAnchor,採用情報,ownDomain,high,200,allowed,採用情報｜株式会社 電算情報技研,true,5,0,false,false,,,0,,false,2026-10-04T15:15:45.173Z
1120001047507,株式会社マックス,27:大阪府,73人,30-99人,主要都市圏,30-99人 / 主要都市圏,1,https://www.macs.co.jp/actionplan/actionplan_jisedai/,404,allowed,http_404,https://www.macs.co.jp/recruit,https://www.macs.co.jp/recruit,homepageAnchor,採用情報,ownDomain,high,200,allowed,採用情報 – テクノロジーを通じて社会の便利さを追求する株式会社マックス,true,4,0,false,true,https://www.macs.co.jp/,200,0,,false,2026-10-04T15:15:48.592Z
1120001056037,株式会社シンプルソフトウェア研究所,27:大阪府,45人,30-99人,主要都市圏,30-99人 / 主要都市圏,1,http://www.simple-soft.co.jp/,200,unavailable,,,,,,,,,,,,0,0,,false,,,0,,false,
1120001056193,スミセイ情報システム株式会社,27:大阪府,1567人,1000人以上,主要都市圏,1000人以上 / 主要都市圏,1,https://www.slcs.co.jp/,200,allowed,,https://www.slcs.co.jp/recruit/index.html,https://www.slcs.co.jp/recruit/index.html,homepageAnchor,採用情報,ownDomain,high,200,allowed,採用情報 | スミセイ情報システム株式会社（SLC）,true,1,0,false,false,,,0,,false,2026-10-04T15:15:48.500Z
1120001057290,株式会社ナレッジソフトウェア,27:大阪府,36人,30-99人,主要都市圏,30-99人 / 主要都市圏,1,http://www.knsw.co.jp,200,allowed,,https://www.knsw.co.jp/career/,https://www.knsw.co.jp/career/,homepageUrlPattern,COMPANY,ownDomain,medium,200,allowed,採用情報のご案内 | 株式会社ナレッジソフトウェア,true,1,0,false,false,,,0,,false,2026-10-04T15:15:52.607Z
1120001058058,株式会社シナプスイノベーション,27:大阪府,205人,100-299人,主要都市圏,100-299人 / 主要都市圏,1,http://www.synapse-i.jp/,200,allowed,,https://www.synapse-i.jp/recruit/,https://www.synapse-i.jp/recruit/,homepageAnchor,採用情報,ownDomain,high,200,allowed,採用情報 - Synapse Innovation Inc.,true,1,0,false,false,,,0,,false,2026-10-04T15:15:54.870Z
1120001086265,ナビオコンピュータ株式会社,27:大阪府,1727人,1000人以上,主要都市圏,1000人以上 / 主要都市圏,1,http://www.navio.co.jp,200,allowed,,https://www.navio.co.jp/recruit/,https://www.navio.co.jp/recruit/,homepageAnchor,採用情報サイト,ownDomain,high,200,allowed,採用情報サイト｜ナビオコンピュータ | コンピュータ技術で、社会を支える,true,15,0,false,false,,,0,,false,2026-10-04T15:15:56.880Z
1120001096140,岩谷情報システム株式会社,27:大阪府,160人,100-299人,主要都市圏,100-299人 / 主要都市圏,1,https://www.iisnet.co.jp/,200,unavailable,,https://www.iisnet.co.jp/recruit/,https://www.iisnet.co.jp/recruit/,homepageAnchor,採用情報,ownDomain,high,200,unavailable,採用情報 | 岩谷情報システム株式会社,true,11,0,false,false,,,0,,false,2026-10-04T15:15:51.784Z
1120001102699,株式会社シーエスコミュニケーション,13:東京都,114人,100-299人,東京,100-299人 / 東京,1,https://www.cs-com.co.jp/index.html,200,allowed,,https://www.cs-com.co.jp/recruit.html,https://www.cs-com.co.jp/recruit.html,homepageAnchor,採用情報,ownDomain,high,200,allowed,採用情報｜株式会社シーエスコミュニケーション,true,8,0,false,false,,,0,,false,2026-10-04T15:15:52.788Z
1120001107293,バルテス・ホールディングス株式会社,27:大阪府,114人,100-299人,主要都市圏,100-299人 / 主要都市圏,1,https://www.valtes-hd.co.jp/,200,allowed,,https://recruit.valtes.co.jp/,,homepageLinkOffDomain,採用情報,otherDomain,low,,,,,2,2,,false,,,0,,false,
1120001107450,株式会社ＧＳＰ,27:大阪府,54人,30-99人,主要都市圏,30-99人 / 主要都市圏,1,https://www.mic-west.co.jp/gsp/,200,unavailable,,https://www.mic-west.co.jp/recruit/,https://www.mic-west.co.jp/recruit/,homepageAnchor,採用情報 RECRUIT,ownDomain,high,200,unavailable,採用情報 | MIC GROUP,true,3,0,false,false,,,0,,false,2026-10-04T15:15:54.552Z
1120001110280,パナソニックデジタル株式会社,27:大阪府,2200人,1000人以上,主要都市圏,1000人以上 / 主要都市圏,1,https://panasonic.co.jp/is-c/,404,unavailable,http_404,,,,,,,,,,,0,0,,true,https://panasonic.co.jp/,403,0,,false,
1120001113309,株式会社チェルト,27:大阪府,30人,30-99人,主要都市圏,30-99人 / 主要都市圏,1,https://www.certo-co.com/,200,allowed,,https://www.certo-co.com/npartner/,https://www.certo-co.com/npartner/,homepageAnchor,ビジネスパートナー募集 協業することでよりよいサービスを,ownDomain,high,200,allowed,株式会社チェルト,true,4,0,false,false,,,0,,false,2026-10-04T15:15:54.957Z
1120001117458,株式会社ミュートス,27:大阪府,40人,30-99人,主要都市圏,30-99人 / 主要都市圏,1,https://www.mythos-jp.com/,200,allowed,,https://www.mythos-jp.com/recruit/,https://www.mythos-jp.com/recruit/,homepageAnchor,RECRUIT,ownDomain,low,200,allowed,リクルート | 株式会社ミュートス,false,1,0,false,false,,,0,,false,2026-10-04T15:15:56.142Z
1120001120263,ＬＲＭ株式会社,28:兵庫県,90人,30-99人,主要都市圏,30-99人 / 主要都市圏,1,https://www.lrm.jp/,200,allowed,,https://www.lrm.jp/recruit/,https://www.lrm.jp/recruit/,homepageAnchor,採用情報,ownDomain,high,200,allowed,LRM株式会社 採用情報 | AI × セキュリティで世界を変える。,true,1,0,false,false,,,0,,false,2026-10-04T15:15:57.450Z
1120001139700,株式会社タイタン・アート,27:大阪府,43人,30-99人,主要都市圏,30-99人 / 主要都市圏,1,http://titan-art.com,200,allowed,,https://titan-art.com/recruit,https://titan-art.com/recruit,homepageAnchor,Recruit 採用情報,ownDomain,high,200,allowed,採用情報 ｜ 大阪・東京のブランディングデザイン会社 タイタン・アート ｜ ブランディング・WEB・パッケージデザイン・パンフレット・カタログ制作大阪・東京のブランディングデザイン会社 タイタン・アート ｜ ブランディング・WEB・パッケージデザイン・パンフレット・カタログ制作,true,1,0,true,false,,,0,,false,2026-10-04T15:16:03.566Z
1120001145277,カコムスホールディングス株式会社,27:大阪府,35人,30-99人,主要都市圏,30-99人 / 主要都市圏,1,https://www.kacoms-hd.co.jp/,200,allowed,,https://www.kacoms-hd.co.jp/recruit/,https://www.kacoms-hd.co.jp/recruit/,homepageAnchor,グループ採用情報,ownDomain,high,200,allowed,グループ採用情報 | カコムスホールディングス株式会社,true,10,0,false,false,,,0,,false,2026-10-04T15:15:57.946Z
1120001146779,株式会社プロディライト,27:大阪府,55人,30-99人,主要都市圏,30-99人 / 主要都市圏,1,http://www.prodelight.co.jp/,200,allowed,,https://prodelight.co.jp/company/recruit/,https://prodelight.co.jp/company/recruit/,homepageAnchor,採用情報,ownDomain,high,200,allowed,株式会社プロディライト | テレワーク向け電話システムを開発、販売,true,6,0,false,false,,,0,,false,2026-10-04T15:16:05.889Z
1120001169094,トンガルマン株式会社,27:大阪府,15人,10-29人,主要都市圏,10-29人 / 主要都市圏,1,https://tongullman.co.jp/,200,allowed,,https://tongullman.co.jp/news/2030/,,homepageAnchorNegativePath,2026.02.20 お知らせ 社内の温度よ伝われ！トンガルマン採用サイト公開,ownDomain,low,,,,,1,0,,false,,,0,,false,
1120001170300,株式会社アクセスブリッジ,27:大阪府,193人,100-299人,主要都市圏,100-299人 / 主要都市圏,1,http://www.access-bridge.co.jp/,200,unavailable,,https://accessbridge-recruit.com/,,homepageLinkOffDomain,採用,otherDomain,low,,,,,1,0,,false,,,0,,false,
1120001172098,システム開発株式会社,27:大阪府,18人,10-29人,主要都市圏,10-29人 / 主要都市圏,1,https://www.sysky.co.jp/,200,unavailable,,https://www.sysky.co.jp/recruit/guideline.html,https://www.sysky.co.jp/recruit/guideline.html,homepageAnchor,募集要項,ownDomain,high,200,unavailable,募集要項（新卒）－求人案内｜システム開発株式会社,true,3,0,false,false,,,0,,false,2026-10-04T15:15:59.277Z
1120001174177,株式会社サブスクセールスパートナー,27:大阪府,18人,10-29人,主要都市圏,10-29人 / 主要都市圏,1,https://subsc-salespartner.co.jp/about/,404,unavailable,http_404,,,,,,,,,,,0,0,,true,https://subsc-salespartner.co.jp/,404,0,,false,
1120001176149,株式会社Ｄｅｆ　ｔｒｉｂｅ,27:大阪府,150人,100-299人,主要都市圏,100-299人 / 主要都市圏,1,https://www.e-deftribe.com/,200,unavailable,,https://www.e-deftribe.com/recruit/,https://www.e-deftribe.com/recruit/,homepageAnchor,RECRUIT,ownDomain,high,200,unavailable,Def tribeリクルートTOP｜大阪でITの最先端を走る,true,1,0,false,false,,,0,,false,2026-10-04T15:16:00.103Z
1120001179102,バケモノ株式会社,27:大阪府,11人,10-29人,主要都市圏,10-29人 / 主要都市圏,1,https://bakemono.co.jp/,200,allowed,,https://bakemono.co.jp/recruit/,https://bakemono.co.jp/recruit/,homepageAnchor,RECRUIT,ownDomain,high,200,allowed,新卒採用サイト｜バケモノ株式会社,true,4,0,false,false,,,0,,false,2026-10-04T15:16:00.908Z
1120001180638,株式会社アライズ,27:大阪府,35人,30-99人,主要都市圏,30-99人 / 主要都市圏,1,http://www.a-lis.co.jp/,200,allowed,,https://a-lis.co.jp/recruit/,https://a-lis.co.jp/recruit/,homepageAnchor,RECRUITMENT 採用情報,ownDomain,high,200,allowed,株式会社アライズ,true,1,0,false,false,,,0,,false,2026-10-04T15:16:04.432Z
1120001189638,Ｇａｔｅテクノロジーズ株式会社,27:大阪府,87人,30-99人,主要都市圏,30-99人 / 主要都市圏,1,https://www.gatecs.co.jp,200,allowed,,https://www.gatecs.co.jp/category_list.php?frmCd=14-0-0-0-0,https://www.gatecs.co.jp/category_list.php?frmCd=14-0-0-0-0,homepageAnchor,採用情報,ownDomain,high,200,allowed,採用情報 | Gateテクノロジーズ株式会社,true,3,0,false,false,,,0,,false,2026-10-04T15:16:02.436Z
1120001197731,株式会社クロスウェブ,27:大阪府,1人,1-4人,主要都市圏,1-4人 / 主要都市圏,1,https://cross-web.co.jp/,200,unavailable,,,,,,,,,,,,0,0,,false,,,0,,false,
1120001206673,未知株式会社,27:大阪府,30人,30-99人,主要都市圏,30-99人 / 主要都市圏,1,https://www.mchs.co.jp/,200,allowed,,https://www.mchs.co.jp/recruit/,https://www.mchs.co.jp/recruit/,homepageAnchor,RECRUIT,ownDomain,high,200,allowed,採用ページ｜データドリブンなコンテンツマーケティングなら未知株式会社,true,9,0,false,false,,,0,https://www.mchs.co.jp/recruit/,true,2026-10-04T15:16:03.609Z
1120001207515,株式会社セブンオーシャン,27:大阪府,15人,10-29人,主要都市圏,10-29人 / 主要都市圏,1,http://seven-ocean7.com,200,allowed,,,,,,,,,,,,0,2,,false,,,0,,false,
1120001207878,株式会社パワートラベラー,27:大阪府,2人,1-4人,主要都市圏,1-4人 / 主要都市圏,1,https://powertraveler.co.jp,200,allowed,,,,,,,,,,,,0,2,,false,,,0,https://e-tushin.com/recruit/,true,
1120001218207,株式会社セキサ,27:大阪府,3人,1-4人,主要都市圏,1-4人 / 主要都市圏,1,https://sekisa.co.jp/,200,allowed,,,,,,,,,,,,0,1,,false,,,0,,false,
1120001221937,シナジーマーケティング株式会社,27:大阪府,280人,100-299人,主要都市圏,100-299人 / 主要都市圏,1,https://www.synergy-marketing.co.jp/,200,allowed,,,,,,,,,,,,0,0,,false,,,0,,false,
1120001226580,株式会社ｎｏｗｌｕｃｋ,27:大阪府,2人,1-4人,主要都市圏,1-4人 / 主要都市圏,1,https://nowluck.co.jp,200,unavailable,,,,,,,,,,,,0,0,,false,,,0,,false,
1120001236407,株式会社ＭＯＮＪＵ,27:大阪府,4人,1-4人,主要都市圏,1-4人 / 主要都市圏,1,https://monju-inc.jp/,,unavailable,TypeError:CERT_HAS_EXPIRED,,,,,,,,,,,0,0,,false,,,0,,false,
1120001244500,株式会社ハイライト,27:大阪府,1人,1-4人,主要都市圏,1-4人 / 主要都市圏,1,https://highlight-inc-2022.com/,200,allowed,,,,,,,,,,,,0,3,,false,,,0,,false,
1120001250556,株式会社レオンアーツ,27:大阪府,13人,10-29人,主要都市圏,10-29人 / 主要都市圏,1,https://www.leonarts.co.jp/welfare/,200,allowed,,https://www.leonarts.co.jp/careers/,https://www.leonarts.co.jp/careers/,homepageAnchor,CAREERS 採用情報,ownDomain,high,200,allowed,採用情報 | LEON ARTS,true,5,0,false,false,,,0,,false,2026-10-04T15:16:09.402Z
1120002056696,有限会社Ｅ　ｐｒｏｊｅｃｔ,27:大阪府,1人,1-4人,主要都市圏,1-4人 / 主要都市圏,1,https://www.itshop.jp,200,allowed,,,,,,,,,,,,0,3,,false,,,0,,false,
1120002060558,株式会社タニスタ,27:大阪府,16人,10-29人,主要都市圏,10-29人 / 主要都市圏,1,http://www.tanista.net/,200,allowed,,https://www.tanista.net/recruit,https://www.tanista.net/recruit,homepageAnchor,採用情報,ownDomain,high,200,allowed,採用情報 | 株式会社タニスタ,true,1,0,false,false,,,0,,false,2026-10-04T15:16:13.850Z
1120003026855,税理士おすすめ比較ナビ合同会社,27:大阪府,4人,1-4人,主要都市圏,1-4人 / 主要都市圏,1,https://tax0us.co.jp/company/,200,allowed,,,,,,,,,,,,0,4,,true,https://tax0us.co.jp/,200,0,,false,
1120901008368,北港情報サービス株式会社,27:大阪府,133人,100-299人,主要都市圏,100-299人 / 主要都市圏,1,http://www.hokkohj.co.jp/,200,allowed,,http://www.hokkohj.co.jp/recruit,http://www.hokkohj.co.jp/recruit,homepageAnchor,採用情報,ownDomain,high,200,allowed,北港情報サービス 採用情報 | IT・システムエンジニア募集,true,3,0,false,false,,,0,,false,2026-10-04T15:16:10.453Z
1122001027926,株式会社イメディア,27:大阪府,2人,1-4人,主要都市圏,1-4人 / 主要都市圏,1,https://sns-support.com/,,unavailable,TypeError:ENOTFOUND,,,,,,,,,,,0,0,,false,,,0,,false,
1130001016808,オムロンデジタル株式会社,26:京都府,430人,300-999人,主要都市圏,300-999人 / 主要都市圏,1,https://socialsolution.omron.com/software/,403,allowed,http_403,,,,,,,,,,,0,0,,true,https://www.omron.com/,403,0,,false,
1130001044718,スマイルフォース株式会社,13:東京都,6人,5-9人,東京,5-9人 / 東京,1,https://www.smileforce.jp/,200,allowed,,https://www.wantedly.com/companies/smileforce_5688780/projects,,homepageLinkToJobPlatform,採用募集開始のお知らせ,jobPlatform,low,,,,,1,3,,false,,,0,,false,
1130001047101,株式会社クロスウィッシュ,26:京都府,3人,1-4人,主要都市圏,1-4人 / 主要都市圏,1,https://www.crosswish.com/,200,allowed,,https://www.crosswish.com/recruit/,https://www.crosswish.com/recruit/,homepageAnchor,採用情報,ownDomain,high,200,allowed,採用情報（Webデザイナー 京都勤務） | 京都のホームページ制作・Web制作会社 ｜株式会社クロスウィッシュ,true,2,0,true,false,,,0,,false,2026-10-04T15:16:14.858Z
1140001023794,株式会社キャプサー,28:兵庫県,30人,30-99人,主要都市圏,30-99人 / 主要都市圏,1,http://capsor.com,200,allowed,,https://recruit.capsor.com/,https://recruit.capsor.com/,homepageAnchor,Recruit,ownDomain,high,200,allowed,株式会社キャプサー -採用ページ,true,1,0,false,false,,,0,,false,2026-10-04T15:16:18.149Z
1140001044733,株式会社ファインシステム,28:兵庫県,36人,30-99人,主要都市圏,30-99人 / 主要都市圏,1,https://fine-system.co.jp/,200,allowed,,https://fine-system.co.jp/recruit/,https://fine-system.co.jp/recruit/,homepageAnchor,採用情報,ownDomain,high,200,allowed,採用情報｜株式会社ファインシステム,true,2,0,false,false,,,0,,false,2026-10-04T15:16:15.114Z
1140001055549,株式会社ＮＳＩＴ,27:大阪府,37人,30-99人,主要都市圏,30-99人 / 主要都市圏,1,https://www.nsit.co.jp,200,allowed,,https://www.nsit.co.jp/recruit/,https://www.nsit.co.jp/recruit/,homepageAnchor,Recruit 採用情報,ownDomain,high,200,allowed,採用情報｜ソフトウェアテスト（第三者検証/評価）・システム開発・システムインフラ構築｜NSIT,true,1,0,false,false,,,0,,false,2026-10-04T15:16:20.801Z
1140001056258,株式会社システムリサーチ,28:兵庫県,131人,100-299人,主要都市圏,100-299人 / 主要都市圏,1,https://www.sr-co.co.jp/about/wlb.html,200,unavailable,,https://www.sr-co.co.jp/recruit/,https://www.sr-co.co.jp/recruit/,homepageAnchor,採用情報,ownDomain,high,200,unavailable,採用情報｜株式会社システムリサーチ,true,1,0,false,false,,,0,,false,2026-10-04T15:16:24.281Z
1140001068336,株式会社関電システムズ,27:大阪府,800人,300-999人,主要都市圏,300-999人 / 主要都市圏,1,https://kanden-sys.jp/,200,unavailable,,https://kanden-sys.jp/recruit/new_graduate/,https://kanden-sys.jp/recruit/new_graduate/,homepageAnchor,新卒採用,ownDomain,high,200,unavailable,新卒採用｜関電システムズ 採用情報,true,2,0,false,false,,,0,,false,2026-10-04T15:16:18.294Z
1140001078509,西菱電機株式会社,28:兵庫県,420人,300-999人,主要都市圏,300-999人 / 主要都市圏,1,http://www.seiryodenki.co.jp/,200,allowed,,https://www.seiryodenki.co.jp/hr/new-graduate-recruitment-guidelines/,https://www.seiryodenki.co.jp/hr/new-graduate-recruitment-guidelines/,homepageAnchor,新卒採用者募集要項,ownDomain,high,200,allowed,新卒採用者募集要項 | 西菱電機株式会社,true,5,0,false,false,,,0,,false,2026-10-04T15:16:24.124Z
1150001001717,キステム株式会社,29:奈良県,60人,30-99人,その他,30-99人 / その他,1,http://www.kistem.com/index.php,200,allowed,,https://www.kistem.com/contents_detail.php?co=tpc&frmId=244,https://www.kistem.com/contents_detail.php?co=tpc&frmId=244,homepageAnchor,2027年 新卒採用情報 ★初任給大幅ＵＰ⤴,ownDomain,high,200,allowed,2027年 新卒採用情報 ★初任給大幅ＵＰ⤴ | キステム株式会社（奈良本社）,true,3,0,false,false,,,0,,false,2026-10-04T15:16:23.371Z
1160001003431,株式会社ユーストン,25:滋賀県,7人,5-9人,その他,5-9人 / その他,1,https://www.ustone.space/,200,unavailable,,,,,,,,,,,,0,0,,false,,,0,,false,
1170001000923,紀陽情報システム株式会社,30:和歌山県,254人,100-299人,その他,100-299人 / その他,1,https://www.k-js.co.jp/,200,unavailable,,https://www.k-js.co.jp/recruit,https://www.k-js.co.jp/recruit/,homepageUrlPattern,,ownDomain,medium,200,unavailable,紀陽情報システム株式会社 採用サイト,true,13,0,false,false,,,1,,false,2026-10-04T15:16:21.995Z
1180001010995,アビームシステムズ株式会社,23:愛知県,1156人,1000人以上,主要都市圏,1000人以上 / 主要都市圏,1,http://www.abeam-s.com/,200,unavailable,,https://www.abeam-s.com/recruit/,https://www.abeam-s.com/recruit/,homepageAnchor,NEW GRADUATE 新卒採用情報 高専、大学、大学院卒業見込みの学生の方は新卒採用サイトをご覧ください。 新卒採用サイト,ownDomain,high,200,unavailable,アビームシステムズ株式会社 新卒採用サイト,true,3,0,false,false,,,0,,false,2026-10-04T15:16:25.913Z
1180001036669,株式会社ＣＢＣクリエイション,23:愛知県,137人,100-299人,主要都市圏,100-299人 / 主要都市圏,1,http://www.cbc-creation.co.jp/,200,unavailable,,https://www.cbc-creation.co.jp/pdf/guidelines.pdf,https://www.cbc-creation.co.jp/pdf/guidelines.pdf,homepageAnchor,採用選考等にご参加の皆様に安心して活動していただくためのガイドライン,ownDomain,low,200,unavailable,,,1,0,,false,,,0,,false,2026-10-04T15:16:26.233Z
1180001041842,株式会社リオ,23:愛知県,48人,30-99人,主要都市圏,30-99人 / 主要都市圏,1,https://www.rio.ne.jp/,200,unavailable,,https://www.rio.ne.jp/recruit/,https://www.rio.ne.jp/recruit/,homepageAnchor,採用情報,ownDomain,high,200,unavailable,採用情報｜名古屋のIT戦略【株式会社リオ】- Web制作・システム開発・マーケティング調査,true,4,0,false,false,,,0,,false,2026-10-04T15:16:22.094Z
1180001056163,株式会社アビリブ,23:愛知県,168人,100-299人,主要都市圏,100-299人 / 主要都市圏,1,http://www.ab-net.co.jp/,200,unavailable,,https://www.ab-net.co.jp/service/recruit-site.php,https://www.ab-net.co.jp/service/recruit-site.php,homepageAnchor,採用サイト制作 Recruit Site Development,ownDomain,high,200,unavailable,ホテル・旅館・観光の採用サイト制作・採用マーケティング｜アビリブ,true,3,0,false,false,,,0,,false,2026-10-04T15:16:28.563Z
1180001056171,ＮＤＳインフォス株式会社,23:愛知県,275人,100-299人,主要都市圏,100-299人 / 主要都市圏,1,https://www.nds-infos.co.jp/,200,allowed,,https://www.nds-infos.co.jp/recruit/,https://www.nds-infos.co.jp/recruit/,homepageAnchor,採用情報,ownDomain,high,200,allowed,NDSインフォス 採用サイト,true,2,0,false,false,,,0,,false,2026-10-04T15:16:26.861Z
1180001058143,株式会社フェアウィンド,23:愛知県,18人,10-29人,主要都市圏,10-29人 / 主要都市圏,1,https://www.fair-wind.co.jp,200,allowed,,https://www.fair-wind.co.jp/recruit.html,https://www.fair-wind.co.jp/recruit.html,homepageAnchor,採用情報,ownDomain,high,200,allowed,採用情報 |,true,5,0,false,false,,,0,,false,2026-10-04T15:16:28.777Z
1180001059645,株式会社テクニカルアンサー,23:愛知県,28人,10-29人,主要都市圏,10-29人 / 主要都市圏,1,http://www.t-answer.jp/index.htm,404,unavailable,http_404,http://www.t-answer.jp/job_description.html,http://www.t-answer.jp/job_description.html,homepageAnchor,募集要項,ownDomain,high,200,unavailable,テクニカルアンサー | 募集要項,true,2,0,false,true,http://www.t-answer.jp/,200,0,,false,2026-10-04T15:16:27.963Z
1180001065197,株式会社Ａｒｃ,23:愛知県,25人,10-29人,主要都市圏,10-29人 / 主要都市圏,1,https://www.arc-u.net,200,allowed,,,,,,,,,,,,0,1,,false,,,0,,false,
1180001070759,株式会社Ｃ－ＵＮＩＴ　ＳＱＵＡＲＥ,23:愛知県,10人,10-29人,主要都市圏,10-29人 / 主要都市圏,1,https://www.c-unit.co.jp,200,allowed,,,,,,,,,,,,0,3,,false,,,0,,false,
1180001085121,株式会社エクサース,23:愛知県,24人,10-29人,主要都市圏,10-29人 / 主要都市圏,1,http://www.exars.com,200,allowed,,https://www.exars.com/recruit,https://www.exars.com/recruit/,homepageAnchor,採用情報,ownDomain,high,200,allowed,採用情報 - EXARS,true,1,0,false,false,,,1,,false,2026-10-04T15:16:37.644Z
1180001089799,株式会社ＤＲＡＧＯＮ　ＡＧＥＮＣＹ,23:愛知県,36人,30-99人,主要都市圏,30-99人 / 主要都市圏,1,https://dragonagency.co.jp/,200,allowed,,https://dragonagency.co.jp/recruit/,https://dragonagency.co.jp/recruit/,homepageAnchor,採用情報,ownDomain,high,200,allowed,採用情報 | 株式会社DRAGON AGENCY 公式企業サイト,true,3,0,false,false,,,0,,false,2026-10-04T15:16:29.584Z
1180001105176,ＴＩＳシステムサービス株式会社,13:東京都,984人,300-999人,東京,300-999人 / 東京,1,http://www.tss-j.co.jp/,200,unavailable,,https://www.tss-j.co.jp/recruit/,https://www.tss-j.co.jp/recruit/,homepageAnchor,採用情報,ownDomain,high,200,unavailable,採用情報 | TISシステムサービス株式会社,true,3,0,false,false,,,0,,false,2026-10-04T15:16:34.767Z
1180001111018,株式会社エイチームライフデザイン,23:愛知県,225人,100-299人,主要都市圏,100-299人 / 主要都市圏,1,https://www.a-tm.co.jp/sustainability/diversity/,200,allowed,,https://www.a-tm.co.jp/recruit/,https://www.a-tm.co.jp/recruit/,homepageAnchor,採用情報,ownDomain,high,200,allowed,"採用情報 | 株式会社エイチームホールディングス（Ateam Holdings Co., Ltd.）",true,7,0,false,false,,,0,,false,2026-10-04T15:16:32.025Z
1180001118087,株式会社クリエイターズプラットホーム,23:愛知県,10人,10-29人,主要都市圏,10-29人 / 主要都市圏,1,https://cre-plat.com,200,allowed,,https://cre-plat.com/recruit/,https://cre-plat.com/recruit/,homepageAnchor,Recruit,ownDomain,high,200,allowed,採用情報 | 株式会社クリエイターズプラットホーム｜Web広告代理店,true,2,0,false,false,,,0,,false,2026-10-04T15:16:33.396Z
1180001120340,株式会社ＺＩＺＡＩ,13:東京都,75人,30-99人,東京,30-99人 / 東京,1,https://zizai.co.jp/,200,unavailable,,https://zizai.co.jp/recruit,https://zizai.co.jp/recruit/,homepageUrlPattern,詳しく見る,ownDomain,medium,200,unavailable,RECRUIT - 株式会社ZIZAI,true,1,0,false,false,,,1,,false,2026-10-04T15:16:34.623Z
1180001124085,株式会社スノーピークビジネスソリューションズ,23:愛知県,33人,30-99人,主要都市圏,30-99人 / 主要都市圏,1,https://snowpeak-bs.co.jp/,200,unavailable,,https://snowpeak-bs.co.jp/recruit/,https://snowpeak-bs.co.jp/recruit/,homepageAnchor,採用情報,ownDomain,high,200,unavailable,採用情報｜スノーピークビジネスソリューション,true,2,0,false,false,,,0,,false,2026-10-04T15:16:31.985Z
1180001143341,マーケットハック株式会社,23:愛知県,3人,1-4人,主要都市圏,1-4人 / 主要都市圏,1,https://www.sodanshitsu.co.jp/about-us/,200,allowed,,https://www.sodanshitsu.co.jp/about-us/recruit/,https://www.sodanshitsu.co.jp/about-us/recruit/,homepageUrlPattern,こちらから,ownDomain,medium,200,allowed,採用情報 | 専門家の相談室,true,1,0,false,false,,,0,,false,2026-10-04T15:16:32.979Z
1180001152516,株式会社オンジン,23:愛知県,1人,1-4人,主要都市圏,1-4人 / 主要都市圏,1,https://onjin.co.jp/company/csr/male-leaders,200,allowed,,,,,,,,,,,,0,3,,true,https://onjin.co.jp/,200,0,,false,
1180001160188,株式会社Ｇｒａｂｂｉｔ,23:愛知県,1人,1-4人,主要都市圏,1-4人 / 主要都市圏,1,https://grabbit.co.jp/,200,allowed,,https://grabbit.co.jp/recruitment/,https://grabbit.co.jp/recruitment/,homepageAnchor,採用情報,ownDomain,high,200,allowed,採用情報 | 株式会社Grabbit,true,1,0,false,false,,,0,,false,2026-10-04T15:16:35.328Z
1180002054001,有限会社オープンタイプ,23:愛知県,1人,1-4人,主要都市圏,1-4人 / 主要都市圏,1,https://www.otype.co.jp/gaiyou.html,200,allowed,,,,,,,,,,,,0,0,,true,https://www.otype.co.jp/,200,0,,false,
1180003020943,株式会社ａｃｃｔ,23:愛知県,6人,5-9人,主要都市圏,5-9人 / 主要都市圏,1,https://acct-inc.com/,200,allowed,,,,,,,,,,,,0,3,,false,,,0,,false,
1180301011710,株式会社ＥｎｊｏｙＳｙｓｔｅｍ,23:愛知県,43人,30-99人,主要都市圏,30-99人 / 主要都市圏,1,https://enjoysystem.co.jp/,200,allowed,,https://enjoysystem.co.jp/recruit/,https://enjoysystem.co.jp/recruit/,homepageAnchor,採用情報,ownDomain,high,200,allowed,採用情報 – 株式会社EnjoySystem,true,3,0,false,false,,,0,,false,2026-10-04T15:16:39.650Z
1190001015093,株式会社シー・ティー・ワイ,24:三重県,226人,100-299人,その他,100-299人 / その他,1,https://cty-cns.jp/,200,allowed,,https://recruit.cty-cns.jp/,https://recruit.cty-cns.jp/,homepageAnchor,採用情報,ownDomain,high,200,allowed,CTY・CNS 採用サイト | 地域とともに、新しい未来へ。,true,4,0,false,false,,,0,,false,2026-10-04T15:16:38.325Z
1200001023219,株式会社パケモ,21:岐阜県,10人,10-29人,その他,10-29人 / その他,1,http://pakemo.jp/,200,unavailable,,http://pakemo.jp/recruit.html,http://pakemo.jp/recruit.html,homepageAnchor,採用情報 採用情報 未経験者大歓迎！,ownDomain,high,200,unavailable,採用情報｜株式会社パケモ,true,1,0,false,false,,,0,,false,2026-10-04T15:16:37.978Z
1210001001520,株式会社システム研究所,18:福井県,45人,30-99人,その他,30-99人 / その他,1,http://www.sysken.ne.jp/,200,allowed,,https://www.sysken.ne.jp/recruit/,https://www.sysken.ne.jp/recruit/,homepageAnchor,採用情報,ownDomain,high,200,allowed,採用情報 - システム研究所｜シスケン 福井から全国各地のIT活用・DX化の導入をサポート,true,10,0,false,false,,,0,http://www.sysken.ne.jp/recruit/,true,2026-10-04T15:16:42.669Z
1210001008573,株式会社ＡＬＬ　ＣＯＮＮＥＣＴ,18:福井県,496人,300-999人,その他,300-999人 / その他,1,https://all-connect.co.jp/,200,allowed,,https://all-connect.co.jp/recruit/,https://all-connect.co.jp/recruit/,homepageAnchor,採用情報,ownDomain,high,200,allowed,採用情報 - 株式会社ALL CONNECT（オールコネクト）,true,4,0,false,false,,,0,,false,2026-10-04T15:16:38.472Z
1220001001734,株式会社刊広社,17:石川県,141人,100-299人,その他,100-299人 / その他,1,http://map.jp/,200,allowed,,https://map.jp/recruitment/recruitment.html,https://map.jp/recruitment/recruitment.html,homepageAnchor,採用情報 調査スタッフ(委託) 募集中,ownDomain,high,200,allowed,採用情報｜住宅地図の刊広社,true,1,0,false,false,,,0,,false,2026-10-04T15:16:45.520Z
1220001006485,株式会社ホクリクコム,17:石川県,30人,30-99人,その他,30-99人 / その他,1,https://www.hopnet.co.jp/,200,unavailable,,https://www.hopnet.co.jp/recruit/,https://www.hopnet.co.jp/recruit/,homepageAnchor,採用情報,ownDomain,high,200,unavailable,トップページ｜株式会社ホクリクコムリクルートサイト,true,2,0,false,false,,,0,,false,2026-10-04T15:16:41.286Z
1220001009661,株式会社アイサス,17:石川県,46人,30-99人,その他,30-99人 / その他,1,https://www.i-sus.com/company/csr/ryoritsu/index.html,200,allowed,,https://www.i-sus.com/recruit,https://www.i-sus.com/recruit/,homepageAnchor,採用情報,ownDomain,high,200,allowed,株式会社アイサス 採用サイト,true,2,0,false,false,,,1,,false,2026-10-04T15:16:44.024Z
1220001012995,株式会社ＣＯＭ－ＯＮＥ,17:石川県,38人,30-99人,その他,30-99人 / その他,1,https://www.com-one.com/,200,unavailable,,,,,,,,,,,,0,0,,false,,,0,,false,
1230001005585,株式会社ブレインファクトリー,16:富山県,30人,30-99人,その他,30-99人 / その他,1,https://www.brain-factory.jp,200,allowed,,https://brain-factory.jp/job,https://brain-factory.jp/job/,homepageAnchor,業務内容 Job,ownDomain,high,200,allowed,業務内容 | ブレインファクトリー,true,2,0,false,false,,,1,https://brain-factory.jp/recruit/,true,2026-10-04T15:16:52.052Z
1230001005676,株式会社ジオインフォシステム,16:富山県,25人,10-29人,その他,10-29人 / その他,1,https://geoinfo.co.jp/,200,unavailable,,https://geoinfo.co.jp/recruit.html,https://geoinfo.co.jp/recruit.html,homepageAnchor,採用情報,ownDomain,high,200,unavailable,採用情報｜株式会社ジオインフォシステム,true,1,0,false,false,,,0,,false,2026-10-04T15:16:43.976Z
1230001006798,ケボウソフトウェア株式会社,16:富山県,14人,10-29人,その他,10-29人 / その他,1,http://www.kebo.jp/,200,allowed,,http://www.kebo.jp/recruit/,http://www.kebo.jp/recruit/,homepageAnchor,採用情報,ownDomain,high,200,allowed,採用情報｜ケボウソフトウェア株式会社,true,3,0,false,false,,,0,,false,2026-10-04T15:16:44.229Z
1240001012779,株式会社サンネット,34:広島県,340人,300-999人,その他,300-999人 / その他,1,http://www.csunnet.co.jp/,200,unavailable,,http://www.csunnet.co.jp/recruit/,http://www.csunnet.co.jp/recruit/,homepageAnchor,採用情報,ownDomain,high,200,unavailable,採用情報 | 株式会社サンネット,true,1,0,false,false,,,0,,false,2026-10-04T15:16:47.695Z
1240001012853,株式会社ＮＴＴデータ中国,34:広島県,358人,300-999人,その他,300-999人 / その他,1,http://www.nttdata-chugoku.co.jp/,200,unavailable,,http://www.nttdata-chugoku.co.jp/recruit/,http://www.nttdata-chugoku.co.jp/recruit/,homepageAnchor,採用情報,ownDomain,high,200,unavailable,採用情報｜NTTデータ中国,true,2,0,false,false,,,0,,false,2026-10-04T15:16:45.333Z
1240001043246,株式会社レイアウト,34:広島県,7人,5-9人,その他,5-9人 / その他,1,https://www.layout-web.com/,200,allowed,,https://www.layout-web.com/recruit/,https://www.layout-web.com/recruit/,homepageAnchor,RECRUIT,ownDomain,high,200,allowed,採用情報｜株式会社レイアウト 広島のホームページ制作・運用会社,true,3,0,false,false,,,0,,false,2026-10-04T15:16:45.916Z
1250001004370,株式会社エイム,35:山口県,101人,100-299人,その他,100-299人 / その他,1,https://www.aim-it.jp/,200,allowed,,https://www.aim-it.jp/recruitment,https://www.aim-it.jp/recruitment/,homepageAnchor,採用情報,ownDomain,high,200,allowed,採用情報｜株式会社エイム,true,10,0,false,false,,,1,,false,2026-10-04T15:16:50.458Z
1260001010384,株式会社オーディオストック,33:岡山県,33人,30-99人,その他,30-99人 / その他,1,https://audiostock.co.jp/,200,unavailable,,https://audiostock.co.jp/?page_id=4555,https://audiostock.co.jp/?page_id=4555,homepageAnchor,採用,ownDomain,high,200,unavailable,採用 | 株式会社オーディオストック,true,1,0,false,false,,,0,,false,2026-10-04T15:16:47.539Z
1260001023097,株式会社ディービジョン,33:岡山県,11人,10-29人,その他,10-29人 / その他,1,https://d-vision-create.com/,,unavailable,TypeError:ENOTFOUND,,,,,,,,,,,0,0,,false,,,0,,false,
1260001027478,リベラルマーケティング株式会社,13:東京都,13人,10-29人,東京,10-29人 / 東京,1,http://liberal-marketing.com/,200,allowed,,https://liberal-marketing.com/recruit,https://liberal-marketing.com/recruit,homepageAnchor,採用情報,ownDomain,high,200,allowed,,true,3,0,false,false,,,0,,false,2026-10-04T15:16:53.446Z
1260002022593,有限会社アクシス,33:岡山県,16人,10-29人,その他,10-29人 / その他,1,https://www.axis2002.jp,200,allowed,,https://www.axis2002.jp/recruit,https://www.axis2002.jp/recruit,homepageAnchor,採用情報,ownDomain,high,200,allowed,有限会社アクシス 採用情報,true,7,0,false,false,,,0,,false,2026-10-04T15:16:49.306Z
1260003001943,システムエンジニア合同会社,33:岡山県,9人,5-9人,その他,5-9人 / その他,1,https://sellc.jp/,200,allowed,,,,,,,,,,,,0,0,,false,,,0,,false,
1270001003676,株式会社山陰ビデオシステム,31:鳥取県,19人,10-29人,その他,10-29人 / その他,1,https://s-video.co.jp/次世代育成支援対策推進法に基づく一般事業主行/,200,allowed,,https://s-video.co.jp/recruit,https://s-video.co.jp/recruit,homepageAnchor,RECRUIT,ownDomain,high,200,allowed,RECRUIT | 山陰ビデオシステム,true,1,0,false,false,,,0,,false,2026-10-04T15:16:54.513Z
1290001005555,株式会社エヌ・ティ・ティ・データＮＣＢ,40:福岡県,191人,100-299人,主要都市圏,100-299人 / 主要都市圏,1,https://www.nttdata-ncb.co.jp/,200,allowed,,https://www.nttdata-ncb.co.jp/recruit/,https://www.nttdata-ncb.co.jp/recruit/,homepageAnchor,採用情報,ownDomain,high,200,allowed,採用情報 | 株式会社NTTデータNCB,true,2,0,false,false,,,0,,false,2026-10-04T15:16:51.807Z
1290001013616,シスメックスＣＮＡ株式会社,40:福岡県,237人,100-299人,主要都市圏,100-299人 / 主要都市圏,1,http://www.sysmex-cna.co.jp/,,unavailable,TypeError:UND_ERR_CONNECT_TIMEOUT,,,,,,,,,,,0,0,,false,,,0,,false,
1290001014985,株式会社ドコモＣＳ九州,40:福岡県,1291人,1000人以上,主要都市圏,1000人以上 / 主要都市圏,1,http://www.docomo-cs-kyushu.co.jp/,200,unavailable,,http://www.docomo-cs-kyushu.co.jp/recruit/chuutosaiyou.html,http://www.docomo-cs-kyushu.co.jp/recruit/chuutosaiyou.html,homepageAnchor,中途採用,ownDomain,high,200,unavailable,中途採用 | 株式会社ドコモCS九州,true,2,0,false,false,,,0,,false,2026-10-04T15:16:50.939Z
1290001017278,株式会社リサーチアンドソリューション,40:福岡県,237人,100-299人,主要都市圏,100-299人 / 主要都市圏,1,http://www.rands-co.com,200,allowed,,http://www.rands-co.com/recruit/,http://www.rands-co.com/recruit/,homepageAnchor,RECRUIT 採用情報,ownDomain,high,200,allowed,採用情報｜株式会社リサーチアンドソリューション,true,2,0,false,false,,,0,,false,2026-10-04T15:16:52.456Z
1290001018160,メディアファイブ株式会社,40:福岡県,230人,100-299人,主要都市圏,100-299人 / 主要都市圏,1,https://www.media5.co.jp,200,allowed,,https://recruit.media5.co.jp/,https://recruit.media5.co.jp/,homepageAnchor,東京・福岡を拠点とする上場企業、メディアファイブ(株)の採用情報サイト,ownDomain,high,200,allowed,【IT企業】東京・福岡を拠点とする上場企業「メディアファイブ(株)」【1996年創業】,true,2,0,false,false,,,0,,false,2026-10-04T15:16:54.461Z
1290001018771,株式会社フラウ,40:福岡県,15人,10-29人,主要都市圏,10-29人 / 主要都市圏,1,http://www.frau-net.com/,200,allowed,,https://www.frau-net.com/recruit/,https://www.frau-net.com/recruit/,homepageAnchor,採用情報,ownDomain,high,200,allowed,採用情報 – 株式会社フラウ,true,1,0,false,false,,,0,,false,2026-10-04T15:16:59.958Z
1290001019299,株式会社ネオス,40:福岡県,44人,30-99人,主要都市圏,30-99人 / 主要都市圏,1,https://www.neos.ne.jp/,200,allowed,,https://www.neos.ne.jp/recruit/,https://www.neos.ne.jp/recruit/,homepageAnchor,採用情報,ownDomain,high,200,allowed,採用情報 | 株式会社ネオス,true,4,0,false,false,,,0,,false,2026-10-04T15:16:55.213Z
1290001022781,ペーパレススタジオジャパン株式会社,13:東京都,9人,5-9人,東京,5-9人 / 東京,1,http://www.paper-less-studio.com,200,unavailable,,,,,,,,,,,,0,0,,false,,,0,,false,
1290001065104,株式会社コードグラフ,47:沖縄県,1人,1-4人,その他,1-4人 / その他,1,http://cdgrph.com/,200,unavailable,,,,,,,,,,,,0,0,,false,,,0,,false,
1290001068395,株式会社ヒューマンテクノシステムホールディングス,40:福岡県,20人,10-29人,主要都市圏,10-29人 / 主要都市圏,1,https://www.kkhts.com/,200,unavailable,,https://www.kkhts.com/recruit/,https://www.kkhts.com/recruit/,homepageAnchor,採用情報,ownDomain,high,200,unavailable,採用情報｜株式会社ヒューマンテクノシステムグループ,true,2,0,false,false,,,0,,false,2026-10-04T15:16:56.608Z
1290001069567,十六夜ソリューション株式会社,40:福岡県,3人,1-4人,主要都市圏,1-4人 / 主要都市圏,1,http://www.izayoi.co.jp/,200,allowed,,,,,,,,,,,,0,1,,false,,,0,,false,
1290001080219,株式会社まいぺんらい,40:福岡県,2人,1-4人,主要都市圏,1-4人 / 主要都市圏,1,https://maipenrai-inc.co.jp/,200,allowed,,,,,,,,,,,,0,3,,false,,,0,,false,
1290001087651,株式会社Ｌｉｆｅ　Ｓｔｏｒｉｅｓ,40:福岡県,1人,1-4人,主要都市圏,1-4人 / 主要都市圏,1,https://life-stories.co.jp/,200,allowed,,,,,,,,,,,,0,3,,false,,,0,,false,
1290001090060,株式会社ラインズウェア,40:福岡県,7人,5-9人,主要都市圏,5-9人 / 主要都市圏,1,https://www.linesware.co.jp,200,allowed,,https://www.linesware.co.jp/recruit_recruit/,https://www.linesware.co.jp/recruit_recruit/,homepageAnchor,RECRUIT,ownDomain,high,200,allowed,採用情報 | LINES WARE,true,3,0,false,false,,,0,,false,2026-10-04T15:16:58.908Z
1290001097808,諾新科技株式会社,40:福岡県,3人,1-4人,主要都市圏,1-4人 / 主要都市圏,1,https://www.nuoxin.jp/,200,allowed,,https://www.nuoxin.jp/recruit/,https://www.nuoxin.jp/recruit/,homepageAnchor,採用情報 Recruit,ownDomain,high,200,allowed,諾新科技株式会社,true,1,0,false,false,,,0,,false,2026-10-04T15:17:02.206Z
1290003013259,合同会社まるて,40:福岡県,1人,1-4人,主要都市圏,1-4人 / 主要都市圏,1,https://maru-te.co.jp/,200,allowed,,https://maru-te.co.jp/archives/308,,homepageAnchorNegativePath,2024年7月17日 【メディア掲載】株式会社Synergy Career様に紹介していただきました,ownDomain,low,,,,,1,4,,false,,,0,,false,
1290801006819,株式会社ヴィンテージ,40:福岡県,34人,30-99人,主要都市圏,30-99人 / 主要都市圏,1,http://www.vintage.ne.jp/,200,unavailable,,https://vintage.ne.jp/recruit/,https://vintage.ne.jp/recruit/,homepageAnchor,採用情報,ownDomain,high,200,unavailable,スタッフ募集のお知らせ | 採用情報 | 株式会社ヴィンテージ,true,2,0,false,false,,,0,,false,2026-10-04T15:17:08.671Z
1290801009078,日鉄ソリューションズ九州株式会社,40:福岡県,698人,300-999人,主要都市圏,300-999人 / 主要都市圏,1,https://www.nssol.nipponsteel.com/kyushu/,200,unavailable,,https://www.nssol.nipponsteel.com/recruiting/,https://www.nssol.nipponsteel.com/recruiting/,homepageAnchor,採用情報,ownDomain,high,200,unavailable,TOPページ | 日鉄ソリューションズ 新卒・キャリア採用サイト,true,1,0,false,true,https://www.nssol.nipponsteel.com/,200,0,,false,2026-10-04T15:17:03.895Z
1320001002986,株式会社ウィルウェイ,44:大分県,3人,1-4人,その他,1-4人 / その他,1,http://www.willway.co.jp,302,unavailable,TypeError:CERT_HAS_EXPIRED,,,,,,,,,,,0,0,,false,,,0,,false,
1320001005361,Ｓｐａｒｋｌｉｎｇ　Ｌｉｂｅｒｔｙ株式会社,44:大分県,2人,1-4人,その他,1-4人 / その他,1,https://www.web-f.net/,200,allowed,,,,,,,,,,,,0,3,,false,,,0,,false,
1320001015872,株式会社ＨＡＢ＆Ｃｏ．,44:大分県,34人,30-99人,その他,30-99人 / その他,1,https://hab-co.jp,200,allowed,,,,,,,,,,,,0,2,,false,,,0,,false,
1330001003612,株式会社西日本エグゼック,43:熊本県,58人,30-99人,その他,30-99人 / その他,1,http://www.exec.co.jp/,200,unavailable,,http://www.exec.co.jp/outline/job-top.html,http://www.exec.co.jp/outline/job-top.html,homepageAnchor,採用情報,ownDomain,low,404,unavailable,,,6,0,,false,,,0,,false,2026-10-04T15:17:05.398Z
1330001005815,株式会社エヌ・アイ・ケイ,43:熊本県,31人,30-99人,その他,30-99人 / その他,1,https://www.nik-net.co.jp/company,200,allowed,,https://www.nik-net.co.jp/recruit,https://www.nik-net.co.jp/recruit,homepageAnchor,RECRUIT 採用情報,ownDomain,high,200,allowed,採用情報 – 株式会社エヌ・アイ・ケイ,true,1,0,false,false,,,0,,false,2026-10-04T15:17:08.175Z
1330001015062,天草ケーブルネットワーク株式会社,43:熊本県,38人,30-99人,その他,30-99人 / その他,1,https://www.acn-tv.co.jp/,200,unavailable,,https://www.acn-tv.co.jp/recruit.html,https://www.acn-tv.co.jp/recruit.html,homepageAnchor,募集要項,ownDomain,high,200,unavailable,採用情報,true,4,0,false,false,,,0,,false,2026-10-04T15:17:09.635Z
1340001003487,株式会社ハイパーソフト,46:鹿児島県,43人,30-99人,その他,30-99人 / その他,1,https://hypersoft.co.jp/,200,allowed,,,,,,,,,,,,0,3,,false,,,0,,false,
1340001016547,株式会社ユニマル,46:鹿児島県,12人,10-29人,その他,10-29人 / その他,1,https://unimal.jp,200,allowed,,https://unimal.jp/recruit/entry,https://unimal.jp/recruit/entry,homepageUrlPattern,カジュアル面談を申し込む,ownDomain,medium,200,allowed,エントリー | 株式会社ユニマル,true,1,0,false,false,,,0,,false,2026-10-04T15:17:10.428Z
1350001008353,ＢＴＶ株式会社,45:宮崎県,109人,100-299人,その他,100-299人 / その他,1,https://portal.btvm.ne.jp/,200,allowed,,https://portal.btvm.ne.jp/employment,https://portal.btvm.ne.jp/employment,homepageAnchor,採用情報,ownDomain,high,200,allowed,BTVケーブルテレビ｜採用情報,true,1,0,false,false,,,0,,false,2026-10-04T15:17:11.377Z
1350002006281,有限会社アイネット,45:宮崎県,2人,1-4人,その他,1-4人 / その他,1,http://www.iiinet.jp,200,allowed,,https://www.iiinet.jp/recruit,https://www.iiinet.jp/recruit/,homepageAnchor,採用情報 RECRUIT,ownDomain,high,200,allowed,有限会社アイネット,true,1,0,false,false,,,1,,false,2026-10-04T15:17:17.366Z
1360001002264,株式会社琉球ネットワークサービス,47:沖縄県,192人,100-299人,その他,100-299人 / その他,1,https://www.r-net.co.jp/user_data/packages/default/img/rns_hp/rns/ziygoukeikaku2024-2026_zisedaisien.pdf,200,allowed,,https://www.r-net.co.jp/recruit/shinsotsu.html,https://www.rns.jp/,homepageAnchor,2023年新卒採用情報を更新しました。,otherDomain,high,200,allowed,琉球ネットワークサービス/採用情報,true,1,0,false,false,,,1,,false,2026-10-04T15:17:14.492Z
1360001014581,トラストコミュニケーション株式会社,47:沖縄県,33人,30-99人,その他,30-99人 / その他,1,https://www.tcom.co.jp/,200,allowed,,https://tcom.co.jp/recruit/,https://tcom.co.jp/recruit/,homepageAnchor,採用情報,ownDomain,high,200,allowed,採用情報 | トラストコミュニケーション株式会社【公式】システムやネットワーク構築・保守のコンサルティング会社,true,1,0,false,false,,,0,,false,2026-10-04T15:17:16.729Z
1360001018021,株式会社スタークラウン,47:沖縄県,8人,5-9人,その他,5-9人 / その他,1,http://starcrown.co.jp/,200,allowed,,,,,,,,,,,,0,1,,false,,,0,,false,
1360001019977,４７インキュベーション株式会社,13:東京都,28人,10-29人,東京,10-29人 / 東京,1,https://47co.jp/about/47incubation,404,allowed,http_404,,,,,,,,,,,0,0,,true,https://47co.jp/,200,0,,false,
1360001024110,株式会社プラズマ,47:沖縄県,10人,10-29人,その他,10-29人 / その他,1,http://www.plazma.co.jp/,200,allowed,,,,,,,,,,,,0,2,,false,,,0,,false,
1370001001067,パイオニアシステムテクノロジー株式会社,04:宮城県,232人,100-299人,その他,100-299人 / その他,1,http://pioneer.jp/corp/info/globalnetwork/japan/pioneersystemtechnologies/,200,allowed,,https://jpn.pioneer/ja/corp/recruit/?ref=header,https://jpn.pioneer/ja/corp/recruit/?ref=header,homepageAnchor,採用情報,otherDomain,high,200,allowed,採用情報 | 企業情報 | Pioneer,true,19,0,false,false,,,0,,false,2026-10-04T15:17:30.708Z
1370001007295,株式会社ＮＴＴ東日本‐東北,04:宮城県,1103人,1000人以上,その他,1000人以上 / その他,1,http://www.tohoku.ntt-east.co.jp/,200,allowed,,https://recruit.ntt-east.co.jp/,https://recruit.ntt-east.co.jp/,homepageAnchor,採用情報,ownDomain,high,200,unavailable,NTT東日本株式会社・グループ採用情報 | 新卒採用サイト・キャリア採用（転職者向け）サイト,true,1,0,false,false,,,0,,false,2026-10-04T15:17:15.515Z
1370001009911,株式会社日立ソリューションズ東日本,04:宮城県,1259人,1000人以上,その他,1000人以上 / その他,1,http://www.hitachi-solutions-east.co.jp/index.html,200,allowed,,https://www.hitachi-solutions-east.co.jp/recruitment/,https://www.hitachi-solutions-east.co.jp/recruitment/,homepageAnchor,採用サイト,ownDomain,high,200,allowed,日立ソリューションズ東日本とは：採用サイト：日立ソリューションズ東日本,true,2,0,false,false,,,0,,false,2026-10-04T15:17:22.230Z
1370001014556,ＴＯＭＯＳＥデザインアンドテクノロジーズ株式会社,04:宮城県,17人,10-29人,その他,10-29人 / その他,1,https://html-coding.co.jp/,200,allowed,,,,,,,,,,,,0,1,,false,,,0,,false,
1370001023334,ＳａｉＳプロダクション株式会社,04:宮城県,21人,10-29人,その他,10-29人 / その他,1,https://saisproduction.com/,200,allowed,,https://saisproduction.com/recruit/,https://saisproduction.com/recruit/,homepageAnchor,－recruit－,ownDomain,high,200,allowed,採用情報－recruit | SaiSproduction,true,1,0,false,false,,,0,,false,2026-10-04T15:17:20.670Z
1380001000233,株式会社エフイーシー,07:福島県,21人,10-29人,その他,10-29人 / その他,1,https://www.fec.co.jp/,200,allowed,,,,,,,,,,,,0,3,,false,,,0,,false,
1380001001504,福島テレビ株式会社,07:福島県,108人,100-299人,その他,100-299人 / その他,1,http://www.fukushima-tv.co.jp/,200,allowed,,https://www.fukushima-tv.co.jp/outline/career.html,https://www.fukushima-tv.co.jp/outline/career.html,homepageAnchor,採用情報,ownDomain,high,200,allowed,採用情報 - FTV 福島テレビ,true,4,0,false,false,,,0,,false,2026-10-04T15:17:26.657Z
1380001004696,株式会社エフコム,07:福島県,365人,300-999人,その他,300-999人 / その他,1,https://www.f-com.co.jp/,200,allowed,,https://www.f-com.co.jp/recruit/,https://www.f-com.co.jp/recruit/,homepageAnchor,採用情報,ownDomain,high,200,allowed,採用情報 | エフコム｜福島県郡山市｜ICTベストパートナー｜FCOMがITの力でお困り事を解決します！,true,5,0,false,false,,,0,,false,2026-10-04T15:17:23.334Z
1380001006486,株式会社福島情報処理センター,07:福島県,260人,100-299人,その他,100-299人 / その他,1,https://fic.co.jp/,200,allowed,,https://fic.co.jp/recruitment/,https://fic.co.jp/recruitment/,homepageAnchor,採用情報,ownDomain,high,200,allowed,採用情報 | FIC 株式会社福島情報処理センター,true,2,0,false,false,,,0,,false,2026-10-04T15:17:25.131Z
1390001002030,株式会社山形新聞社,06:山形県,219人,100-299人,その他,100-299人 / その他,1,http://yamagata-np.jp,200,allowed,,https://www.yamagata-np.jp/boshu/,https://www.yamagata-np.jp/boshu/,homepageAnchor,県民健康講座 インターンシップ参加者 南極取材記者派遣 印刷センター見学 ＮＩＢ講座 スクープ！情報募集 やましんサロン 読者の参加コーナー カメラ３６０°,ownDomain,high,200,allowed,募集しています｜山形新聞,true,4,0,false,false,,,0,,false,2026-10-04T15:17:30.082Z
1400001002185,株式会社イーアールアイ,03:岩手県,33人,30-99人,その他,30-99人 / その他,1,https://www.erii.co.jp/,200,allowed,,https://www.erii.co.jp/recruit/,https://www.erii.co.jp/recruit/,homepageUrlPattern,,ownDomain,medium,200,allowed,採用情報 - 株式会社イーアールアイ,true,1,0,false,false,,,0,https://mid-holdings.co.jp/recruit/,true,2026-10-04T15:17:27.788Z
1400001006104,株式会社システムベース,03:岩手県,170人,100-299人,その他,100-299人 / その他,1,http://www.systembase.co.jp/,200,allowed,,https://www.systembase.co.jp/recruit/,https://www.systembase.co.jp/recruit/,homepageAnchor,RECRUIT 採用情報,ownDomain,high,200,allowed,株式会社システムベース 採用情報サイト,true,1,0,false,false,,,0,,false,2026-10-04T15:17:31.473Z
1410001001574,株式会社タイセイ商会,05:秋田県,50人,30-99人,その他,30-99人 / その他,1,http://taisei.ltd,200,unavailable,,http://taisei.ltd/reqruit,http://taisei.ltd/reqruit,homepageAnchor,採用情報,ownDomain,high,200,unavailable,採用情報-タイセイ商会,true,1,0,false,false,,,0,,false,2026-10-04T15:17:26.752Z
1420001000261,青森放送株式会社,02:青森県,131人,100-299人,その他,100-299人 / その他,1,https://www.rab.co.jp/,200,unavailable,,https://www.rab.co.jp/recruit/,https://www.rab.co.jp/recruit/,homepageAnchor,採用情報,ownDomain,high,200,unavailable,採用情報,true,2,0,false,false,,,0,,false,2026-10-04T15:17:27.252Z
1430001032097,株式会社エスプランニング,01:北海道,18人,10-29人,主要都市圏,10-29人 / 主要都市圏,1,http://es-planning.jp/,200,allowed,,https://en-gage.net/es-planning_saiyo/,https://en-gage.net/es-planning_saiyo/,homepageLinkToOfficialAts,採用,atsHosted,high,200,allowed,株式会社エスプランニングの採用・求人情報-engage,true,1,0,false,false,,,0,,false,2026-10-04T15:17:33.207Z
1430001035934,株式会社ノースポイント,01:北海道,8人,5-9人,主要都市圏,5-9人 / 主要都市圏,1,http://www.northpoint.jp/,,unavailable,TypeError:UND_ERR_CONNECT_TIMEOUT,,,,,,,,,,,0,0,,false,,,0,,false,
1430001039456,株式会社ＨｉＳＣ,01:北海道,45人,30-99人,主要都市圏,30-99人 / 主要都市圏,1,https://hisc.co.jp/,,unavailable,TypeError:UNABLE_TO_VERIFY_LEAF_SIGNATURE,,,,,,,,,,,0,0,,false,,,0,,false,
1430001041759,株式会社調和技研,01:北海道,57人,30-99人,主要都市圏,30-99人 / 主要都市圏,1,http://www.chowagiken.co.jp/,200,allowed,,https://www.chowagiken.co.jp/recruit/,https://www.chowagiken.co.jp/recruit/,homepageAnchor,採用,ownDomain,high,200,allowed,採用情報 | 株式会社調和技研,true,2,0,false,false,,,0,,false,2026-10-04T15:17:35.107Z
1430001068298,株式会社ランベル,01:北海道,17人,10-29人,主要都市圏,10-29人 / 主要都市圏,1,https://www.lambell.co.jp/,200,allowed,,https://www.lambell.co.jp/recruit?hsLang=en,https://www.lambell.co.jp/recruit,homepageAnchor,RECRUIT,ownDomain,high,200,allowed,"RECRUIT｜LAMBELL Co.,Ltd.",true,1,0,false,false,,,1,,false,2026-10-04T15:17:33.143Z
1430001088619,株式会社セレブロ・ストラテジック・パートナーズ,01:北海道,9人,5-9人,主要都市圏,5-9人 / 主要都市圏,1,https://cerebro-strategic.co.jp,200,allowed,,https://cerebro-strategic.co.jp/recruit,https://cerebro-strategic.co.jp/recruit/,homepageAnchor,採用情報,ownDomain,high,200,allowed,採用情報 | 株式会社セレブロ・ストラテジック・パートナーズ,true,1,0,false,false,,,1,,false,2026-10-04T15:17:35.531Z
1430003013483,期間工合同会社,01:北海道,4人,1-4人,主要都市圏,1-4人 / 主要都市圏,1,https://kikankou.co.jp/,200,allowed,,,,,,,,,,,,0,4,,false,,,0,,false,
1440002006082,マークネクスト株式会社,01:北海道,19人,10-29人,主要都市圏,10-29人 / 主要都市圏,1,http://www.h-maneki.net/,200,unavailable,,https://h-maneki.net/offer.html,https://h-maneki.net/offer.html,homepageAnchor,求人採用情報,ownDomain,high,200,unavailable,函館の求人情報,true,1,0,false,false,,,0,,false,2026-10-04T15:17:38.792Z
1470001002575,株式会社ＤｙｎａｘＴ,37:香川県,51人,30-99人,その他,30-99人 / その他,1,https://wp.dynaxt.co.jp/,200,allowed,,https://wp.dynaxt.co.jp/recruit/,https://wp.dynaxt.co.jp/recruit/,homepageAnchor,求人情報,ownDomain,high,200,allowed,求人情報 – 株式会社DynaxT,true,2,0,false,false,,,0,,false,2026-10-04T15:17:34.589Z
1470001004043,株式会社メディアミックス研究所,37:香川県,20人,10-29人,その他,10-29人 / その他,1,http://www.mmlab.co.jp,200,allowed,,https://www.mmlab.co.jp/recruit/2021/,https://www.mmlab.co.jp/recruit/2021/,homepageAnchor,採用情報,ownDomain,high,200,allowed,メディアミックス研究所 Recruite2025,true,6,0,false,false,,,0,,false,2026-10-04T15:17:42.318Z
1470001006353,アド・セイル株式会社,37:香川県,21人,10-29人,その他,10-29人 / その他,1,https://www.ad-sail.jp,200,allowed,,https://www.ad-sail.jp/recruit/,https://www.ad-sail.jp/recruit/,homepageAnchor,採用情報,ownDomain,high,200,allowed,採用情報｜アド・セイル株式会社 – アド・セイル株式会社,true,1,0,false,false,,,0,,false,2026-10-04T15:17:42.653Z
1470001015222,メロディ・インターナショナル株式会社,37:香川県,19人,10-29人,その他,10-29人 / その他,1,http://melody.international/,200,unavailable,,https://melody.international/recruit/,https://melody.international/recruit/,homepageAnchor,Recruit 採用情報,ownDomain,high,200,unavailable,採用情報 | メロディ・インターナショナル株式会社,true,1,0,false,false,,,0,,false,2026-10-04T15:17:43.260Z
1490001000619,株式会社高知新聞社,39:高知県,260人,100-299人,その他,100-299人 / その他,1,https://corporate.kochinews.co.jp/,200,allowed,,https://corporate.kochinews.co.jp/recruit,https://corporate.kochinews.co.jp/recruit,homepageAnchor,RECRUIT 採用情報はこちら,ownDomain,high,200,allowed,採用情報 | 高知新聞社コーポレートサイト,true,8,0,false,false,,,0,,false,2026-10-04T15:17:38.813Z
1490001001518,株式会社テレビ高知,39:高知県,101人,100-299人,その他,100-299人 / その他,1,http://www.kutv.co.jp/,200,allowed,,https://www.kutv.co.jp/recruitment/,https://www.kutv.co.jp/recruitment/,homepageAnchor,採用情報,ownDomain,high,200,allowed,採用情報 | KUTVテレビ高知,true,2,0,false,false,,,0,,false,2026-10-04T15:17:46.170Z
1490001002318,ワールドビジネスシスコム株式会社,39:高知県,98人,30-99人,その他,30-99人 / その他,1,https://www.wbsc.co.jp,200,unavailable,,https://www.wbsc.co.jp/recruit/,https://www.wbsc.co.jp/recruit/,homepageAnchor,採用情報,ownDomain,high,200,unavailable,採用情報 – ワールドビジネスシスコム株式会社,true,7,0,false,false,,,0,https://www.wbsc.co.jp/recruit/,true,2026-10-04T15:17:45.250Z
1500001000617,株式会社ウイン,38:愛媛県,345人,300-999人,その他,300-999人 / その他,1,https://www.pro-win.co.jp/profile/actionplan_nextgeneration.html,200,allowed,,https://www.pro-win.co.jp/recruit/,https://www.pro-win.co.jp/recruit/,homepageAnchor,採用情報,ownDomain,high,200,allowed,株式会社ウイン 採用情報,true,1,0,false,false,,,0,,false,2026-10-04T15:17:44.514Z
1500001004543,株式会社フェローシステム,38:愛媛県,45人,30-99人,その他,30-99人 / その他,1,http://www.fellow.co.jp/,200,allowed,,https://www.fellow.co.jp/job-list/,https://www.fellow.co.jp/job-list/,homepageAnchor,採用情報,ownDomain,high,200,allowed,採用情報 | 株式会社フェローシステム,true,1,0,false,false,,,0,,false,2026-10-04T15:17:44.038Z
1500001004709,株式会社エイチビーソフトスタジオ,38:愛媛県,6人,5-9人,その他,5-9人 / その他,1,http://www.hbss.co.jp/,200,allowed,,https://www.hbss.co.jp/entry,https://www.hbss.co.jp/entry/,homepageAnchor,募集要項・エントリーフォーム,ownDomain,high,200,allowed,募集要項・エントリーフォーム - HBソフトスタジオ,true,1,0,false,false,,,1,,false,2026-10-04T15:17:52.097Z
1500001013197,サンブロードバンド株式会社,38:愛媛県,22人,10-29人,その他,10-29人 / その他,1,https://www.san-group.co.jp/recruit/benefits/,200,allowed,,https://www.san-group.co.jp/recruit,https://www.san-group.co.jp/recruit/,homepageAnchor,RECRUIT,ownDomain,high,200,allowed,リクルート | サングループ（サンブロードバンド・サンシード）,true,1,0,false,false,,,1,,false,2026-10-04T15:17:49.246Z
1500001023023,株式会社オフィス・クラフト,38:愛媛県,8人,5-9人,その他,5-9人 / その他,1,https://office-craft.co.jp/,200,unavailable,,https://office-craft.co.jp/recruit,https://office-craft.co.jp/recruit,homepageAnchor,Recruit,ownDomain,high,200,unavailable,Office Craft Co. Ltd. - 採用情報,true,1,0,false,false,,,0,,false,2026-10-04T15:17:46.984Z
2010001010788,伊藤忠テクノソリューションズ株式会社,13:東京都,6426人,1000人以上,東京,1000人以上 / 東京,1,https://www.ctc-g.co.jp/company/sustainability/evaluation/next-generation.html,200,unavailable,,https://www.ctc-g.co.jp/recruit/,https://www.ctc-g.co.jp/recruit/,homepageAnchor,採用情報,ownDomain,high,200,unavailable,採用情報 | CTC - 伊藤忠テクノソリューションズ,true,1,0,false,false,,,0,,false,2026-10-04T15:17:53.333Z
2010001011737,エイ・エス株式会社,13:東京都,50人,30-99人,東京,30-99人 / 東京,1,http://www.as-c.co.jp/,200,allowed,,https://www.as-c.co.jp/recruitment/,https://www.as-c.co.jp/recruitment/,homepageAnchor,採用案内,ownDomain,high,200,allowed,採用案内 - エイ・エス株式会社,true,3,0,false,false,,,0,http://www.as-c.co.jp/,true,2026-10-04T15:17:53.042Z
2010001016678,コムコ株式会社,13:東京都,245人,100-299人,東京,100-299人 / 東京,1,https://comco.co.jp/,200,allowed,,https://en-gage.net/comco_career,https://en-gage.net/comco_career/,homepageLinkToOfficialAts,キャリア採用,atsHosted,high,200,allowed,コムコ株式会社の採用・求人情報-engage,true,2,0,false,false,,,1,,false,2026-10-04T15:17:49.207Z
2010001029969,株式会社毎日新聞社,13:東京都,1948人,1000人以上,東京,1000人以上 / 東京,1,http://mainichi.jp/,200,allowed,,https://mainichi.jp/job/,https://mainichi.jp/job/,homepageUrlPattern,雇用・働き方,ownDomain,low,200,allowed,雇用・働き方 | 毎日新聞,false,2,0,false,false,,,0,,false,2026-10-04T15:17:52.902Z
2010001033384,株式会社ＪＯＥ,13:東京都,237人,100-299人,東京,100-299人 / 東京,1,https://www.joe-hr.com/sdgs/training/,200,allowed,,https://www.joe-hr.com/recruit/,https://www.joe-hr.com/recruit/,homepageAnchor,採用情報,ownDomain,high,200,allowed,採用情報 - 人事、給与業務のBPOなら株式会社JOE,true,7,0,false,false,,,0,,false,2026-10-04T15:17:50.273Z
2010001035777,株式会社アトラス,13:東京都,50人,30-99人,東京,30-99人 / 東京,1,https://www.atlas.jp/recruit#block-61170a1dd92543afbdd7b20c798422ff,200,allowed,,https://www.atlas.jp/recruit,https://www.atlas.jp/recruit,homepageAnchor,採用情報,ownDomain,high,200,allowed,採用情報 - 株式会社アトラス,true,11,0,false,false,,,0,,false,2026-10-04T15:17:52.687Z
2010001049249,株式会社ディーソル,13:東京都,280人,100-299人,東京,100-299人 / 東京,1,http://www.d2sol.co.jp/,200,allowed,,https://www.d2sol.co.jp/company/recruit,https://www.d2sol.co.jp/company/recruit/,homepageAnchor,採用情報,ownDomain,high,200,allowed,採用情報｜株式会社ディーソル,true,2,0,false,false,,,1,,false,2026-10-04T15:17:58.569Z
2010001063299,ＮＴＴインフラネット株式会社,13:東京都,1493人,1000人以上,東京,1000人以上 / 東京,1,http://www.nttinf.co.jp/,200,allowed,,https://www.nttinf.co.jp/recruit,https://www.nttinf.co.jp/recruit,homepageAnchor,採用情報を見る,ownDomain,high,200,allowed,採用情報｜NTTインフラネット株式会社,true,1,0,false,false,,,0,,false,2026-10-04T15:17:58.028Z
2010001065535,株式会社ジェイ・クリエイション,13:東京都,134人,100-299人,東京,100-299人 / 東京,1,https://www.jcreation.co.jp,200,unavailable,,https://www.jcreation.co.jp/recruit/,https://www.jcreation.co.jp/recruit/,homepageAnchor,Recruit（採用情報）,ownDomain,high,200,unavailable,採用情報 – ジェイ・クリエイション,true,9,0,false,false,,,0,,false,2026-10-04T15:17:55.243Z
2010001069602,デンタルシステムズ株式会社,13:東京都,74人,30-99人,東京,30-99人 / 東京,1,https://www.dentalsystems.jp/,200,allowed,,,,,,,,,,,,0,1,,false,,,0,,false,
2010001070072,株式会社エヌジーシー,13:東京都,70人,30-99人,東京,30-99人 / 東京,1,https://www.ngc-ngc.jp/,200,allowed,,https://ngc-ngc.jp/information/category/recruit-info/,https://ngc-ngc.jp/information/category/recruit-info/,homepageAnchor,採用情報,ownDomain,high,200,allowed,採用情報 | 株式会社エヌジーシー,true,5,0,false,false,,,0,,false,2026-10-04T15:18:06.477Z
2010001074742,株式会社クレスソフト,13:東京都,121人,100-299人,東京,100-299人 / 東京,1,https://cressoft.co.jp,200,unavailable,,,,,,,,,,,,0,0,,true,https://cressoft.co.jp/,200,0,,false,
2010001080815,株式会社ＨＳ情報システムズ,13:東京都,97人,30-99人,東京,30-99人 / 東京,1,https://www.hs-net.co.jp/,200,allowed,,https://www.hs-net.co.jp/recruit,https://www.hs-net.co.jp/recruit,homepageAnchor,採用案内,ownDomain,high,200,allowed,採用案内 – HS情報システムズ,true,3,0,false,false,,,0,,false,2026-10-04T15:17:58.045Z
2010001084295,株式会社ＩＴ働楽研究所,13:東京都,200人,100-299人,東京,100-299人 / 東京,1,http://www.dorakuken.co.jp/,200,allowed,,https://www.dorakuken.co.jp/recruit/,https://www.dorakuken.co.jp/recruit/,homepageAnchor,採用情報,ownDomain,high,200,allowed,採用情報 – IT働楽研究所,true,2,0,false,false,,,0,,false,2026-10-04T15:18:04.405Z
2010001085459,株式会社ケーエムケーワールド,13:東京都,75人,30-99人,東京,30-99人 / 東京,1,http://www.kmkworld.com/,200,allowed,,https://recruits.kmkworld.com/,https://recruits.kmkworld.com/,homepageAnchor,RECRUITS,ownDomain,high,200,allowed,採用トップページ — 株式会社ケーエムケーワールド,true,10,0,false,false,,,0,,false,2026-10-04T15:18:03.949Z
2010001091036,株式会社ＦＩＶＥＳＴＡＲｉｎｔｅｒａｃｔｉｖｅ,13:東京都,104人,100-299人,東京,100-299人 / 東京,1,https://5star.co.jp/,200,allowed,,https://5star.co.jp/recruit/,https://5star.co.jp/recruit/,homepageAnchor,RECRUIT,ownDomain,high,200,allowed,Fivestar Interactive | 株式会社 ファイブスター インタラクティブ,true,1,0,false,false,,,0,,false,2026-10-04T15:18:01.209Z
2010001094204,株式会社富士経済,13:東京都,204人,100-299人,東京,100-299人 / 東京,1,https://www.fuji-keizai.co.jp/recruit/environment.html,200,unavailable,,https://www.fuji-keizai.co.jp/recruit/,https://www.fuji-keizai.co.jp/recruit/,homepageAnchor,富士経済グループRECRUIT,ownDomain,high,200,unavailable,採用情報 ｜ 富士経済グループ,true,16,0,false,false,,,0,,false,2026-10-04T15:18:01.250Z
2010001094906,株式会社ムーランド,13:東京都,11人,10-29人,東京,10-29人 / 東京,1,http://www.ad-mland.co.jp,200,allowed,,,,,,,,,,,,0,3,,false,,,0,,false,
2010001096365,株式会社デジタルスフィア,13:東京都,20人,10-29人,東京,10-29人 / 東京,1,http://www.digital-sphere.co.jp/,200,allowed,,https://www.digital-sphere.co.jp/recruit/,https://www.digital-sphere.co.jp/recruit/,homepageAnchor,採用情報,ownDomain,high,200,allowed,採用情報 – クラウドサービス・ITで中小企業を支援する ｜株式会社デジタルスフィア,true,2,0,false,false,,,0,,false,2026-10-04T15:18:09.372Z
2010001101026,株式会社ＪＳＯＬ,13:東京都,1418人,1000人以上,東京,1000人以上 / 東京,1,https://www.jsol.co.jp/company/sustainability/manage/wp/index.html,200,allowed,,https://www.jsol.co.jp/recruit/,https://www.jsol.co.jp/recruit/,homepageAnchor,採用情報,ownDomain,high,200,allowed,採用情報 | 株式会社JSOL,true,3,0,false,false,,,0,,false,2026-10-04T15:18:04.436Z
2010001109077,株式会社ビートワン,13:東京都,1人,1-4人,東京,1-4人 / 東京,1,https://www.beatone.co.jp/,200,unavailable,,,,,,,,,,,,0,0,,false,,,0,,false,
2010001115397,株式会社ジェネスティコンサルティング,13:東京都,18人,10-29人,東京,10-29人 / 東京,1,http://www.jenesty.co.jp/profile/index.html,404,allowed,http_404,https://jenesty.co.jp/recruit/,https://jenesty.co.jp/recruit/,homepageAnchor,採用情報 Recruit,ownDomain,high,200,allowed,採用情報 - 株式会社ジェネスティコンサルティング,true,2,0,false,true,https://jenesty.co.jp/,200,0,,false,2026-10-04T15:18:15.275Z
2010001115455,株式会社コミット,13:東京都,38人,30-99人,東京,30-99人 / 東京,1,https://www.comit.co.jp/,200,allowed,,https://www.comit.co.jp/recruit,https://www.comit.co.jp/recruit/,homepageAnchor,Recruit,ownDomain,high,200,allowed,RECRUIT | 株式会社コミット - ITサービスのプロフェッショナル -,true,1,0,false,false,,,1,,false,2026-10-04T15:18:14.379Z
2010001117468,アルファパートナーズ株式会社,13:東京都,30人,30-99人,東京,30-99人 / 東京,1,https://en-gage.net/al-p/,200,allowed,,https://en-gage.net/al-p/work_18162120/?via_recruit_page=1,https://en-gage.net/al-p/work_18162120/?via_recruit_page=1,homepageLinkToOfficialAts,"自社スマホアプリのプロダクトを牽引／リモートOK・週1～2日出社／PdM・PM募集 月給&ensp;600,000円～750,000円 東京都千代田区 09:00～18:00 最終更新日：2026/9/11",atsHosted,high,200,allowed,自社スマホアプリのプロダクトを牽引／リモートOK・週1～2日出社／PdM・PM募集&ensp;アルファパートナーズ株式会社（18162120）-engage,true,27,0,true,false,,,0,,false,2026-10-04T15:18:05.685Z
2010001123763,株式会社ＰＫＵＴＥＣＨ,13:東京都,153人,100-299人,東京,100-299人 / 東京,1,https://pkutech.co.jp/worklifebalance/,200,allowed,,https://pkutech.co.jp//career/,https://pkutech.co.jp/career/,homepageAnchor,キャリア採用について,ownDomain,high,200,allowed,株式会社PKUTECHキャリア採用について - 株式会社PKUTECH,true,4,0,false,false,,,1,,false,2026-10-04T15:18:10.365Z
2010001127112,株式会社プロフェース・システムズ,13:東京都,47人,30-99人,東京,30-99人 / 東京,1,https://www.proface-sys.com/,200,allowed,,https://www.proface-sys.com/recruit,https://www.proface-sys.com/recruit/,homepageAnchor,採用情報,ownDomain,high,200,allowed,会社からのメッセージ - 株式会社プロフェース・システムズ,true,11,0,false,false,,,1,,false,2026-10-04T15:18:13.563Z
2010001134133,ＴＩＳＩ株式会社,13:東京都,10404人,1000人以上,東京,1000人以上 / 東京,1,https://www.tisi.jp/,200,allowed,,https://www.tisi.jp/saiyo.html,https://www.tisi.jp/saiyo.html,homepageAnchor,採用情報,ownDomain,high,200,allowed,採用情報 | TISI株式会社,true,1,0,false,false,,,0,,false,2026-10-04T15:18:09.046Z
2010001136204,株式会社ニジボックス,13:東京都,410人,300-999人,東京,300-999人 / 東京,1,https://www.nijibox.jp/about,200,allowed,,https://career.nijibox.jp/,https://career.nijibox.jp/,homepageAnchor,中途採用,ownDomain,high,200,allowed,中途採用 | 株式会社ニジボックス 中途採用｜株式会社ニジボックス,true,3,0,false,false,,,0,,false,2026-10-04T15:18:11.378Z
2010001139512,フォージビジョン株式会社,13:東京都,29人,10-29人,東京,10-29人 / 東京,1,http://www.forgevision.com/,200,allowed,,https://www.forgevision.com/recruit/,https://www.forgevision.com/recruit/,homepageAnchor,Recruit,ownDomain,high,200,allowed,採用ページ ｜ フォージビジョン株式会社,true,3,0,false,false,,,0,,false,2026-10-04T15:18:16.718Z
2010001142978,株式会社インフォネット,13:東京都,123人,100-299人,東京,100-299人 / 東京,1,https://www.e-infonet.jp/corporate/profile.html,200,unavailable,,https://career.e-infonet.jp/,https://career.e-infonet.jp/,homepageAnchor,採用,ownDomain,high,200,allowed,株式会社インフォネット 採用サイト,true,1,0,false,false,,,0,,false,2026-10-04T15:18:14.478Z
2010001143464,株式会社アルファネット,13:東京都,70人,30-99人,東京,30-99人 / 東京,1,http://www.alfanet.co.jp,200,allowed,,https://www.alfanet.co.jp/recruit,https://www.alfanet.co.jp/recruit,homepageAnchor,採用情報,ownDomain,high,200,allowed,採用情報 | 株式会社アルファネット | イベント・プロモーション会社,true,1,0,false,false,,,0,,false,2026-10-04T15:18:18.021Z
2010001146797,ビッグローブ株式会社,13:東京都,636人,300-999人,東京,300-999人 / 東京,1,http://www.biglobe.co.jp/,200,allowed,,https://www.biglobe.co.jp/recruit,https://www.biglobe.co.jp/recruit,homepageAnchor,採用情報,ownDomain,high,200,allowed,採用情報 - ビッグローブ株式会社,true,1,0,false,false,,,0,,false,2026-10-04T15:18:18.807Z
2010001154503,株式会社ワイズマン,03:岩手県,519人,300-999人,その他,300-999人 / その他,1,http://www.wiseman.co.jp/,200,allowed,,https://www.wiseman.co.jp/recruit/,https://www.wiseman.co.jp/recruit/,homepageAnchor,採用情報,ownDomain,high,200,allowed,採用情報 ｜医療と介護・福祉のワイズマン,true,6,0,false,false,,,0,,false,2026-10-04T15:18:18.326Z
2010001155749,株式会社エーフォース,13:東京都,4人,1-4人,東京,1-4人 / 東京,1,https://aforce.co.jp,200,unavailable,,,,,,,,,,,,0,0,,false,,,0,https://aforce.co.jp/recruit/index.php,true,
2010001163289,株式会社ＫＡＤＯＫＡＷＡ,13:東京都,2309人,1000人以上,東京,1000人以上 / 東京,1,https://www.kadokawa.co.jp/,200,allowed,,https://group.kadokawa.co.jp/recruit/kadokawa/,https://group.kadokawa.co.jp/recruit/kadokawa/,homepageAnchor,採用情報,ownDomain,high,200,unavailable,株式会社KADOKAWA 採⽤情報 | KADOKAWAグループ ポータルサイト,true,1,0,false,false,,,0,,false,2026-10-04T15:18:18.723Z
2010001171473,株式会社ＳＵＭＵＳ,13:東京都,30人,30-99人,東京,30-99人 / 東京,1,https://sumus-inc.co.jp/,200,allowed,,https://sumus-inc.co.jp/recruitment/,https://sumus-inc.co.jp/recruitment/,homepageAnchor,採用情報,ownDomain,high,200,allowed,採用情報｜SUMUS｜コンサルタント・デザイナーエンジニア,true,4,0,false,false,,,0,,false,2026-10-04T15:18:18.357Z
2010001189400,株式会社Ｉｎｓｉｔｙ,13:東京都,2人,1-4人,東京,1-4人 / 東京,1,https://insity.jp/,200,allowed,,https://insity.jp/recruit/,https://insity.jp/recruit/,homepageAnchor,RECRUIT,ownDomain,high,200,allowed,RECRUIT – 株式会社Insity（インシティ）,true,5,0,false,false,,,0,,false,2026-10-04T15:18:20.829Z
2010001190003,株式会社ｈａｄａｔｏ,13:東京都,15人,10-29人,東京,10-29人 / 東京,1,https://veramagazine.jp/,404,unavailable,http_404,,,,,,,,,,,0,0,,false,,,0,,false,
2010001191307,株式会社ハイストリート,13:東京都,18人,10-29人,東京,10-29人 / 東京,1,https://highstreet.co.jp,200,allowed,,https://highstreet.co.jp/recruit/,https://highstreet.co.jp/recruit/,homepageAnchor,Recruit,ownDomain,high,200,allowed,採用情報 | 株式会社ハイストリート,true,3,0,false,false,,,0,https://highstreet.co.jp/recruit/,true,2026-10-04T15:18:22.427Z
2010001193831,株式会社ビッグツリーテクノロジー＆コンサルティング,13:東京都,469人,300-999人,東京,300-999人 / 東京,1,https://www.bigtreetc.com,200,allowed,,https://www.bigtreetc.com/recruit-sub/index/,https://www.bigtreetc.com/recruit-sub/index/,homepageAnchor,採用情報,ownDomain,high,200,allowed,採用情報 - BTC Recruiting Information,true,1,0,false,false,,,0,,false,2026-10-04T15:18:20.975Z
2010001200942,ノンズ株式会社,13:東京都,1人,1-4人,東京,1-4人 / 東京,1,https://nons.jp/,200,allowed,,https://nons.jp/recruit/,https://nons.jp/recruit/,homepageAnchor,R e c r u i t 採用情報,ownDomain,high,200,allowed,採用情報 | ノンズ株式会社,true,3,0,false,false,,,0,,false,2026-10-04T15:18:21.884Z
2010001217078,株式会社ＳＩＧ,13:東京都,473人,300-999人,東京,300-999人 / 東京,1,https://www.sig-c.co.jp/,200,allowed,,https://www.sig-c.co.jp/recruit/new/,https://www.sig-c.co.jp/recruit/new/,homepageAnchor,新卒採用情報,ownDomain,high,200,allowed,新卒採用情報 - 株式会社ＳＩＧ,true,6,0,false,false,,,0,,false,2026-10-04T15:18:21.991Z
2010001228694,株式会社ポラスト,13:東京都,7人,5-9人,東京,5-9人 / 東京,1,https://porust.co.jp,200,allowed,,,,,,,,,,,,0,3,,false,,,0,,false,
2010001236747,株式会社グローバル・ファイナンス,13:東京都,7人,5-9人,東京,5-9人 / 東京,1,https://global-finance.co.jp/,200,unavailable,,https://crowdworks.jp/public/jobs/11743344,,homepageLinkToJobPlatform,現役海外FXトレーダー250名に実施したWebアンケート,jobPlatform,low,,,,,1,0,,true,https://www.easy-forex.com/,200,0,,false,
2010001241607,株式会社ＡＰＯＳＴＲＯ,13:東京都,62人,30-99人,東京,30-99人 / 東京,1,https://apostro.co.jp/,200,allowed,,https://apostro.co.jp/recruit/,https://apostro.co.jp/recruit/,homepageAnchor,Recruit,ownDomain,high,200,allowed,株式会社APOSTRO（アポストロ） 採用サイト,true,2,0,false,false,,,0,https://apostro.co.jp/recruit/,true,2026-10-04T15:18:22.607Z
2010001246985,富士ソフト株式会社,14:神奈川県,10158人,1000人以上,主要都市圏,1000人以上 / 主要都市圏,1,http://www.fsi.co.jp/index.html,200,allowed,,https://www.fsi.co.jp/recruit/,https://www.fsi.co.jp/recruit/,homepageAnchor,採用情報,ownDomain,high,200,allowed,採用情報 | 富士ソフト採用サイト ｜富士ソフト株式会社,true,1,0,false,false,,,0,,false,2026-10-04T15:18:30.558Z
2010003024068,合同会社Ｗｅｅｙｂｒｉｄ,13:東京都,1人,1-4人,東京,1-4人 / 東京,1,https://weeybrid.co.jp/,200,allowed,,,,,,,,,,,,0,0,,false,,,0,,false,
2010401001461,麻布プラザ株式会社,13:東京都,110人,100-299人,東京,100-299人 / 東京,1,https://az-p.net/,200,allowed,,https://az-p.net/saiyou/,https://az-p.net/saiyou/,homepageAnchor,RECRUIT,ownDomain,high,200,allowed,RECRUIT | 麻布プラザ,true,2,0,false,false,,,0,,false,2026-10-04T15:18:26.445Z
2010401017689,株式会社ＣＨＩＮＴＡＩ,13:東京都,155人,100-299人,東京,100-299人 / 東京,1,https://www.chintai.jp/,200,unavailable,,https://www.chintai.jp/recruit/,https://www.chintai.jp/recruit/,homepageAnchor,採用情報,ownDomain,high,200,unavailable,採用情報サイト TOPページ｜株式会社CHINTAI,true,1,0,false,false,,,0,,false,2026-10-04T15:18:25.130Z
2010401018646,株式会社コスモ・コンピューティングシステム,13:東京都,105人,100-299人,東京,100-299人 / 東京,1,https://www.cosmocomputing.co.jp/,200,allowed,,https://www.cosmocomputing.co.jp/recruit/,https://www.cosmocomputing.co.jp/recruit/,homepageAnchor,採用情報,ownDomain,high,200,allowed,,true,2,0,false,false,,,0,,false,2026-10-04T15:18:28.355Z
2010401025923,株式会社文化工房,13:東京都,215人,100-299人,東京,100-299人 / 東京,1,http://www.bun.co.jp/,200,allowed,,https://www.bun.co.jp/recruit/,https://www.bun.co.jp/recruit/,homepageAnchor,RECRUIT,ownDomain,high,200,allowed,"RECRUIT – 株式会社 文化工房 bunkaobo,Inc.",true,4,0,false,false,,,0,,false,2026-10-04T15:18:29.032Z
2010401025989,株式会社扶桑社,13:東京都,138人,100-299人,東京,100-299人 / 東京,1,http://www.fusosha.co.jp/,,unavailable,TypeError:UND_ERR_CONNECT_TIMEOUT,,,,,,,,,,,0,0,,false,,,0,,false,
2010401027300,株式会社放送技術社,13:東京都,643人,300-999人,東京,300-999人 / 東京,1,http://www.khg-net.co.jp,200,allowed,,https://www.khg-net.co.jp/recruit/,https://www.khg-net.co.jp/recruit/,homepageAnchor,採用情報,ownDomain,high,200,allowed,採用情報 | 株式会社放送技術社,true,12,0,false,false,,,0,,false,2026-10-04T15:18:33.600Z
2010401034593,株式会社ユニリタ,13:東京都,306人,300-999人,東京,300-999人 / 東京,1,https://www.unirita.co.jp,200,allowed,,https://recruit.unirita.co.jp/,https://recruit.unirita.co.jp/,homepageAnchor,採用情報,ownDomain,high,200,allowed,ユニリタ採用サイト,true,4,0,false,false,,,0,,false,2026-10-04T15:18:28.843Z
2010401034734,株式会社ワークスアプリケーションズ,13:東京都,80人,30-99人,東京,30-99人 / 東京,1,https://www.worksap.co.jp/,200,allowed,,https://www.worksap.co.jp/career/,https://www.worksap.co.jp/career/,homepageAnchor,採用,ownDomain,high,200,allowed,採用｜キャリア採用・新卒採用｜ワークスアプリケーションズ,true,8,0,false,false,,,0,,false,2026-10-04T15:18:29.560Z
2010401041383,株式会社インフォマート,13:東京都,829人,300-999人,東京,300-999人 / 東京,1,http://www.infomart.co.jp/,200,allowed,,https://www.infomart.co.jp/saiyo/index.asp,https://recruit.infomart.co.jp/saiyo/,homepageAnchor,採用情報,ownDomain,high,200,allowed,株式会社インフォマート 採用サイト｜株式会社インフォマート 採用情報,true,1,0,false,false,,,1,,false,2026-10-04T15:18:36.145Z
2010401055029,日本プロセス株式会社,13:東京都,724人,300-999人,東京,300-999人 / 東京,1,https://www.jpd.co.jp/,200,unavailable,,https://www.jpd.co.jp/recruit/index.html,https://www.jpd.co.jp/recruit/index.html,homepageAnchor,採用情報,ownDomain,high,200,unavailable,採用情報 | 日本プロセス,true,4,0,false,false,,,0,,false,2026-10-04T15:18:31.988Z
2010401056836,デジタルフュージョン株式会社,13:東京都,40人,30-99人,東京,30-99人 / 東京,1,https://cs-tech.jp,200,allowed,,https://cyber-forest.jp/saiyou/,https://cyber-forest.jp/saiyou/,homepageAnchor,採用情報,otherDomain,high,200,allowed,採用情報 - サイバーフォレスト株式会社,true,1,0,false,false,,,0,,false,2026-10-04T15:18:34.795Z
2010401057883,クロス・ヘッド株式会社,13:東京都,381人,300-999人,東京,300-999人 / 東京,1,https://www.crosshead.co.jp/,200,allowed,,https://www.crosshead.co.jp/company/recruit.html,https://www.crosshead.co.jp/company/recruit.html,homepageAnchor,採用情報,ownDomain,high,200,allowed,採用情報についてのご紹介 | 企業情報 | クロス・ヘッド株式会社,true,1,0,false,false,,,0,,false,2026-10-04T15:18:32.705Z
2010401060466,株式会社インタラクティブ・コミュニケーション・デザイン,13:東京都,175人,100-299人,東京,100-299人 / 東京,1,https://www.icd.co.jp/,200,allowed,,https://www.icd.co.jp/recruit/,https://www.icd.co.jp/recruit/,homepageAnchor,採用情報,ownDomain,high,200,allowed,株式会社インタラクティブ・コミュニケーション・デザイン（ICD）,true,3,0,false,false,,,0,,false,2026-10-04T15:18:33.991Z
2010401062090,株式会社プラージュ,13:東京都,13人,10-29人,東京,10-29人 / 東京,1,http://www.prage.jp,200,allowed,,https://recruit.prage.jp/,https://recruit.prage.jp/,homepageAnchor,採用情報,ownDomain,high,200,allowed,株式会社プラージュ 採用サイト,true,3,0,false,false,,,0,,false,2026-10-04T15:18:42.000Z
2010401068617,株式会社ソルクシーズ,13:東京都,488人,300-999人,東京,300-999人 / 東京,1,https://www.solxyz.co.jp/,200,allowed,,https://career.solxyz.co.jp/,https://career.solxyz.co.jp/,homepageAnchor,キャリア採用,ownDomain,high,200,allowed,ソルクシーズキャリア採用サイト | DX人材・FinTech人材を積極採用,true,7,0,false,false,,,0,,false,2026-10-04T15:18:45.983Z
2010401070317,株式会社コンサイド,13:東京都,52人,30-99人,東京,30-99人 / 東京,1,https://www.conside.info/,200,allowed,,https://arwrk.net/recruit/conside-job-information,,homepageLinkOffDomain,Recruit,otherDomain,low,,,,,1,3,,false,,,0,,false,
2010401071678,株式会社ＵＰＤＡＴＡ,13:東京都,2人,1-4人,東京,1-4人 / 東京,1,https://updata.tech/,200,allowed,,,,,,,,,,,,0,0,,false,,,0,,false,
2010401075423,ＵＱコミュニケーションズ株式会社,13:東京都,260人,100-299人,東京,100-299人 / 東京,1,http://www.uqwimax.jp/,200,allowed,,http://www.uqwimax.jp/mobile/gimon/career_email/,http://www.uqwimax.jp/mobile/gimon/career_email/,homepageUrlPattern,キャリアメールとは？必要性やフリーメールとの違いをわかりやすく解説,ownDomain,low,200,allowed,キャリアメールとは？必要性やフリーメールとの違いをわかりやすく解説｜格安スマホ/格安SIMはUQ mobile（モバイル）【公式】,false,1,0,false,false,,,0,,false,2026-10-04T15:18:37.675Z
2010401077469,株式会社アド・バンテージ,13:東京都,5人,5-9人,東京,5-9人 / 東京,1,http://adv.vc/,200,unavailable,,https://adv.vc/recruit.shtml,https://adv.vc/recruit.shtml,homepageAnchor,求人情報,ownDomain,high,200,allowed,求人情報｜株式会社アド・バンテージ,true,1,0,false,false,,,0,,false,2026-10-04T15:18:44.012Z
2010401081132,リベロジック株式会社,13:東京都,8人,5-9人,東京,5-9人 / 東京,1,http://www.liberogic.jp/,200,allowed,,,,,,,,,,,,0,2,,false,,,0,,false,
2010401082114,サイブリッジグループ株式会社,13:東京都,45人,30-99人,東京,30-99人 / 東京,1,http://www.cybridge.jp/,200,allowed,,https://www.cybridge.jp/recruit/,https://www.cybridge.jp/recruit/,homepageAnchor,採用情報,ownDomain,high,200,allowed,採用情報 | サイブリッジグループ,true,1,0,false,false,,,0,,false,2026-10-04T15:18:45.554Z
2010401083558,株式会社コアアセットマネジメント,13:東京都,156人,100-299人,東京,100-299人 / 東京,1,http://www.iflag.co.jp/,200,allowed,,https://www.iflag.co.jp/recruit/915,https://www.iflag.co.jp/recruit/915,homepageAnchor,AI開発・IT推進プロジェクトインターン募集！,ownDomain,high,200,allowed,AI開発・IT推進プロジェクトインターン募集！,true,4,0,false,false,,,0,,false,2026-10-04T15:18:46.657Z
2010401083715,日本コンピュータシステム株式会社,13:東京都,606人,300-999人,東京,300-999人 / 東京,1,https://www.ncsx.co.jp/company-information/ease-of-work/#wadvance-actionplan,200,allowed,,https://www.ncsx.co.jp/topics/internship-entry-2028/,https://www.ncsx.co.jp/topics/internship-entry-2028/,homepageAnchor,2026.05.29 2028年度新卒採用 仕事体験セミナーのエントリーを開始します,ownDomain,high,200,allowed,2028年度新卒採用 仕事体験セミナーのエントリーを開始します | 日本コンピュータシステム株式会社,true,3,0,false,true,https://www.ncsx.co.jp/,200,0,,false,2026-10-04T15:18:47.095Z
2010401092245,日本マイクロソフト株式会社,13:東京都,3230人,1000人以上,東京,1000人以上 / 東京,1,https://news.microsoft.com/ja-jp/2017/09/05/170905-family-friendly-leave/,200,allowed,,https://careers.microsoft.com/,https://careers.microsoft.com/v2/global/en/home.html,homepageAnchor,採用情報,ownDomain,high,200,allowed,Home | Microsoft Careers,true,1,0,false,false,,,1,,false,2026-10-04T15:18:48.702Z
2010401094225,株式会社ｉＣＡＲＥ,13:東京都,127人,100-299人,東京,100-299人 / 東京,1,https://www.icare-carely.co.jp/sustainability/kenkokeiei,200,allowed,,https://www.icare-carely.co.jp/recruit,https://www.icare-carely.co.jp/recruit,robotsSitemap,,ownDomain,medium,200,allowed,採用情報 | 株式会社 iCARE,true,1,3,false,true,https://www.icare-carely.co.jp/,200,0,,false,2026-10-04T15:18:53.991Z
2010401125178,株式会社ステップクラウド,13:東京都,17人,10-29人,東京,10-29人 / 東京,1,http://www.stepxcloud.com/,200,allowed,,https://www.stepxcloud.com/recruit,https://www.stepxcloud.com/recruit,robotsSitemap,,ownDomain,medium,200,allowed,採用情報 | 株式会社ステップクラウド,true,1,2,false,false,,,0,,false,2026-10-04T15:18:56.657Z
2010401130830,株式会社ＡＮＤＥＮＴ,13:東京都,52人,30-99人,東京,30-99人 / 東京,1,https://stu.inc/,200,allowed,,,,,,,,,,,,0,0,,false,,,0,,false,
2010401136514,ポップコーン株式会社,13:東京都,10人,10-29人,東京,10-29人 / 東京,1,https://ppcn.co.jp,200,allowed,,https://ppcn.co.jp/recruit/,https://ppcn.co.jp/recruit/,homepageAnchor,採用情報,ownDomain,high,200,allowed,採用情報 | ポップコーン株式会社｜AI×マーケティングで世の中を変える,true,8,0,false,false,,,0,,false,2026-10-04T15:18:49.572Z
2010401137025,テックタッチ株式会社,13:東京都,230人,100-299人,東京,100-299人 / 東京,1,https://techtouch.jp/recruit/,200,allowed,,https://techtouch.jp/recruit,https://techtouch.jp/recruit,homepageAnchor,採用情報,ownDomain,high,200,allowed,採用情報｜AI×DAPでDXを支える - テックタッチ,true,2,0,false,false,,,0,,false,2026-10-04T15:18:49.762Z
2010401144186,株式会社ＯＶＥＲ　ＤＲＩＶＥ,13:東京都,2人,1-4人,東京,1-4人 / 東京,1,http://o-drive.co.jp/,200,unavailable,,,,,,,,,,,,0,0,,false,,,0,,false,
2010401187680,株式会社ＥＮＴＬＡ,13:東京都,4人,1-4人,東京,1-4人 / 東京,1,https://entla.co.jp/company/,200,allowed,,,,,,,,,,,,0,3,,true,https://entla.co.jp/,200,0,,false,
2010403020897,トゥーサウザンド合同会社,13:東京都,3人,1-4人,東京,1-4人 / 東京,1,https://www.2-thousand.com,200,allowed,,,,,,,,,,,,0,2,,false,,,0,,false,
2010403036191,株式会社Ｓｔａｎｄｅｌｌａ,13:東京都,1人,1-4人,東京,1-4人 / 東京,1,https://standella.jp,200,allowed,,https://www.standella.jp/recruit.html,https://www.standella.jp/recruit.html,homepageAnchor,Recruit,ownDomain,high,200,allowed,採用情報 | Recruit | 株式会社Standella,true,2,0,false,false,,,0,,false,2026-10-04T15:18:57.547Z
2010501019247,株式会社ＮＥＳＩ,08:茨城県,364人,300-999人,その他,300-999人 / その他,1,http://www.nesi.co.jp/,200,unavailable,,https://www.nesi.co.jp/recruit/newgrad/,https://www.nesi.co.jp/recruit/newgrad/,homepageAnchor,新卒採用,ownDomain,high,200,unavailable,新卒採用｜株式会社ＮＥＳＩ,true,6,0,false,false,,,0,,false,2026-10-04T15:18:57.446Z
2010501023802,株式会社ジャスティック,13:東京都,38人,30-99人,東京,30-99人 / 東京,1,http://www.justic.co.jp/index.html,404,unavailable,http_404,http://www.justic.co.jp/recruit/career.php5,http://www.justic.co.jp/recruit/career.php5,homepageUrlPattern,経験者の方,ownDomain,medium,200,unavailable,募集要項｜株式会社ジャスティック,true,2,0,false,true,http://www.justic.co.jp/,200,0,,false,2026-10-04T15:18:54.687Z
2010501028017,株式会社アップグレード,13:東京都,10人,10-29人,東京,10-29人 / 東京,1,https://www.upgrade.co.jp/,200,allowed,,,,,,,,,,,,0,3,,false,,,0,,false,
2010501032951,マルスコア株式会社,13:東京都,30人,30-99人,東京,30-99人 / 東京,1,https://mars-c.co.jp/,200,allowed,,https://mars-c.co.jp/partner/,https://mars-c.co.jp/partner/,homepageAnchor,パートナー企業募集,ownDomain,high,200,allowed,PARTNER | マルスコア株式会社,true,2,0,false,false,,,0,,false,2026-10-04T15:18:58.548Z
2010601028247,株式会社ＤＳＢ情報システム,13:東京都,299人,100-299人,東京,100-299人 / 東京,1,https://www.dsb-is.co.jp/,200,allowed,,https://www.dsb-is.co.jp/recruit/,https://www.dsb-is.co.jp/recruit,homepageAnchor,採用情報,ownDomain,high,200,allowed,採用情報｜株式会社DSB情報システム,true,3,0,false,false,,,1,,false,2026-10-04T15:19:00.934Z
2010601032678,株式会社ＮＴＴデータＳＭＳ,13:東京都,1010人,1000人以上,東京,1000人以上 / 東京,1,http://www.nttdata-sms.co.jp/,404,unavailable,http_404,,,,,,,,,,,0,0,,false,,,0,,false,
2010601034105,株式会社クリエイティブワークス,13:東京都,5人,5-9人,東京,5-9人 / 東京,1,http://www.creative-works.biz/,403,unavailable,http_403,,,,,,,,,,,0,0,,false,,,0,,false,
2010601038584,日本電子計算株式会社,13:東京都,1577人,1000人以上,東京,1000人以上 / 東京,1,http://www.jip.co.jp/,200,allowed,,https://www.jip.co.jp/recruitinfo/,https://www.jip.co.jp/recruitinfo/,homepageAnchor,採用情報,ownDomain,high,200,allowed,採用情報｜日本電子計算(JIP)｜お客様とともに、ＩＴで新たな価値を創造する,true,5,0,false,false,,,0,,false,2026-10-04T15:19:05.147Z
2010601038717,エスアイエス・テクノサービス株式会社,13:東京都,294人,100-299人,東京,100-299人 / 東京,1,https://www.sis-techno.co.jp/,200,unavailable,,https://www.sis-techno.co.jp/recruit/,https://www.sis-techno.co.jp/recruit/,homepageUrlPattern,VIEW MORE,ownDomain,medium,200,unavailable,採用情報 | エスアイエス・テクノサービス株式会社,true,1,0,false,false,,,0,,false,2026-10-04T15:19:00.602Z
2010601044657,アエスト株式会社,13:東京都,16人,10-29人,東京,10-29人 / 東京,1,http://ae-st.com/,200,unavailable,,,,,,,,,,,,0,0,,false,,,0,,false,
2010601045804,株式会社日立システムズパワーサービス,13:東京都,770人,300-999人,東京,300-999人 / 東京,1,http://www.hitachi-systems-ps.co.jp/,200,unavailable,,https://www.hitachi-systems-ps.co.jp/recruiting/index.html,https://www.hitachi-systems-ps.co.jp/recruiting/index.html,homepageAnchor,採用サイトはこちら,ownDomain,high,200,unavailable,採用情報：株式会社 日立システムズパワーサービス,true,4,0,false,false,,,0,,false,2026-10-04T15:19:06.023Z
2010601047420,ムーバクラウド株式会社,13:東京都,20人,10-29人,東京,10-29人 / 東京,1,https://www.movacloud.co.jp/,200,unavailable,,https://type.jp/,,homepageLinkToJobPlatform,「@type」で人材募集中,jobPlatform,low,,,,,1,0,,false,,,0,,false,
2010601050333,ウミトロン株式会社,13:東京都,36人,30-99人,東京,30-99人 / 東京,1,https://umitron.com/ja/index.html,200,allowed,,https://umitron.com/ja/career.html,https://umitron.com/ja/career.html,homepageAnchor,採用情報,ownDomain,high,200,allowed,ウミトロン -持続可能な水産養殖を地球に実装する-,true,1,0,false,false,,,0,,false,2026-10-04T15:19:01.994Z
2010601062956,株式会社アルトレオス,13:東京都,1人,1-4人,東京,1-4人 / 東京,1,https://artreoss.com/,200,allowed,,,,,,,,,,,,0,2,,false,,,0,,false,
2010701002300,カチシステムプロダクツ株式会社,13:東京都,307人,300-999人,東京,300-999人 / 東京,1,https://www.knet.co.jp/,200,allowed,,https://www.knet.co.jp/recruit/,https://www.knet.co.jp/recruit/,homepageAnchor,採用情報 RECRUIT,ownDomain,high,200,allowed,採用情報 | カチシステムプロダクツ株式会社,true,1,0,false,false,,,0,,false,2026-10-04T15:19:03.986Z
2010701003380,株式会社国際テクノロジーセンター,13:東京都,135人,100-299人,東京,100-299人 / 東京,1,http://www.ktcc.co.jp/,200,allowed,,https://www.ktcc.co.jp/recruit/,https://www.ktcc.co.jp/recruit/,homepageUrlPattern,IT,ownDomain,medium,200,allowed,株式会社国際テクノロジーセンター 採用サイト | ITと建設事業の二つの大きな柱を持ち、先進技術とノウハウを活用して社会インフラの整備に貢献するKTCの採用サイトです,true,2,0,false,false,,,0,,false,2026-10-04T15:19:07.567Z
2010701006193,株式会社ティエスイー,13:東京都,59人,30-99人,東京,30-99人 / 東京,1,http://www.kktse.co.jp/,200,unavailable,,https://www.kktse.co.jp/recruit.html,https://www.kktse.co.jp/recruit.html,homepageAnchor,採用情報,ownDomain,high,200,unavailable,株式会社ティエスイー,true,1,0,false,false,,,0,,false,2026-10-04T15:19:09.776Z
2010701007869,ＮＣＤ株式会社,13:東京都,1131人,1000人以上,東京,1000人以上 / 東京,1,https://www.ncd.co.jp/company/society/,200,unavailable,,https://www.ncd.co.jp/recruit/,https://www.ncd.co.jp/recruit/,homepageAnchor,採用情報,ownDomain,high,200,unavailable,採用情報|NCD株式会社,true,21,0,false,false,,,0,,false,2026-10-04T15:19:08.333Z
2010701019501,株式会社エルプランニング,13:東京都,35人,30-99人,東京,30-99人 / 東京,1,https://www.elplanning.co.jp/,200,allowed,,https://www.elplanning.co.jp/recruit/,https://www.elplanning.co.jp/recruit/,homepageAnchor,採用情報,ownDomain,high,200,allowed,【 公式 】採用情報 | 株式会社エルプランニング,true,2,0,false,false,,,0,,false,2026-10-04T15:19:07.039Z
2010701021655,株式会社Ｇａｋｋｅｎ,13:東京都,700人,300-999人,東京,300-999人 / 東京,1,https://www.corp-gakken.co.jp/,200,unavailable,,https://www.corp-gakken.co.jp/recruit/,https://www.corp-gakken.co.jp/recruit/,homepageAnchor,採用情報,ownDomain,high,200,unavailable,採用情報 - Gakken,true,1,0,false,false,,,0,,false,2026-10-04T15:19:07.341Z
2010701022595,株式会社ＩＰ　ＤＲＥＡＭ,13:東京都,37人,30-99人,東京,30-99人 / 東京,1,https://www.ip-dream.co.jp/,200,allowed,,,,,,,,,,,,0,1,,false,,,0,,false,
2010701022694,株式会社日本コンピュータ開発,14:神奈川県,101人,100-299人,主要都市圏,100-299人 / 主要都市圏,1,https://www.nck-tky.co.jp/,200,allowed,,https://www.nck-tky.co.jp/recruit/,https://www.nck-tky.co.jp/recruit/,homepageAnchor,採用情報はこちら,ownDomain,high,200,allowed,株式会社日本コンピュータ開発の採用情報 | NCK,true,1,0,false,false,,,0,,false,2026-10-04T15:19:09.165Z
2010701025004,株式会社ＮＴＴデータ・ビジネス・システムズ,13:東京都,1382人,1000人以上,東京,1000人以上 / 東京,1,http://www.nttdata-bizsys.co.jp/,200,allowed,,https://www.nttdata-bizsys.co.jp/recruit/,https://www.nttdata-bizsys.co.jp/recruit/,homepageAnchor,採用情報,ownDomain,high,200,allowed,採用情報｜株式会社NTTデータビジネスシステムズ,true,3,0,false,false,,,0,,false,2026-10-04T15:19:13.777Z
2010701031191,株式会社森林ソフト,12:千葉県,2人,1-4人,主要都市圏,1-4人 / 主要都市圏,1,https://forest-soft.net/,200,unavailable,,,,,,,,,,,,0,0,,false,,,0,,false,
2010701034723,株式会社Ａｓｏｂｉｃａ,13:東京都,110人,100-299人,東京,100-299人 / 東京,1,https://asobica.co.jp/,200,allowed,,https://asobica.co.jp/recruit,https://asobica.co.jp/recruit,robotsSitemap,,ownDomain,medium,200,allowed,採用情報｜Asobica,true,1,3,false,false,,,0,,false,2026-10-04T15:19:15.755Z
2010701035465,Ｈｉｇｈ　Ｊｕｎｋ株式会社,13:東京都,35人,30-99人,東京,30-99人 / 東京,1,https://highjunk.co.jp/,200,allowed,,https://highjunk.co.jp/recruit,https://highjunk.co.jp/recruit/,homepageAnchor,RECRUIT,ownDomain,high,200,allowed,Recruit | High Junk 株式会社,true,1,0,false,false,,,1,,false,2026-10-04T15:19:12.897Z
2010701043154,株式会社Ｇｌｉｇｈｔ,13:東京都,4人,1-4人,東京,1-4人 / 東京,1,https://glight.jp/,200,allowed,,,,,,,,,,,,0,2,,false,,,0,,false,
2010801012348,ユニインフォーメーション株式会社,13:東京都,281人,100-299人,東京,100-299人 / 東京,1,https://www.uni-info.co.jp/,200,allowed,,,,,,,,,,,,0,0,,false,,,0,https://www.uni-info.co.jp/recruit,true,
2010801013387,ニッセイ情報テクノロジー株式会社,13:東京都,2735人,1000人以上,東京,1000人以上 / 東京,1,http://www.nissay-it.co.jp/index.html,200,unavailable,,https://www.nissay-it.co.jp/recruit/,https://www.nissay-it.co.jp/recruit/,homepageAnchor,採用情報,ownDomain,high,200,unavailable,採用情報 | ニッセイ情報テクノロジー株式会社,true,5,0,false,false,,,0,,false,2026-10-04T15:19:16.843Z
2010801014798,株式会社富士通バンキングソリューションズ,14:神奈川県,90人,30-99人,主要都市圏,30-99人 / 主要都市圏,1,https://www.fujitsu.com/jp/group/fbsol/,429,unavailable,http_429_host_stopped,,,,,,,,,,,0,0,,true,https://global.fujitsu/,,0,,false,
2010801020474,株式会社ＩＳＴソフトウェア,13:東京都,515人,300-999人,東京,300-999人 / 東京,1,https://www.ist-software.co.jp,200,unavailable,,https://www.ist-software.co.jp/recruit/,https://www.ist-software.co.jp/recruit/,homepageAnchor,採用情報,ownDomain,high,200,unavailable,採用情報 | 株式会社ISTソフトウェア,true,5,0,false,false,,,0,,false,2026-10-04T15:19:13.745Z
2010801023642,Ｔｈｉｎｋ　ａ　Ｐｈａｓｅ株式会社,13:東京都,7人,5-9人,東京,5-9人 / 東京,1,https://thinkaphase.co.jp/,200,allowed,,https://thinkaphase.co.jp/recruit/,https://thinkaphase.co.jp/recruit/,homepageAnchor,採用情報,ownDomain,high,200,allowed,採用情報 - Think a Phase シンクアフェーズ｜Webマーケティング支援,true,1,0,false,false,,,0,,false,2026-10-04T15:19:19.791Z
2010901030183,アジアクエスト株式会社,13:東京都,461人,300-999人,東京,300-999人 / 東京,1,https://www.asia-quest.jp/,200,allowed,,https://www.asia-quest.jp/recruit,https://www.asia-quest.jp/recruit,homepageAnchor,採用情報,ownDomain,high,200,allowed,採用情報 │ アジアクエスト株式会社,true,2,0,false,false,,,0,,false,2026-10-04T15:19:16.153Z
2010901032543,株式会社トレタ,13:東京都,70人,30-99人,東京,30-99人 / 東京,1,https://corp.toreta.in/,200,allowed,,https://corp.toreta.in/recruit/engineer/,https://corp.toreta.in/recruit/engineer/,homepageAnchor,エンジニア採用,ownDomain,low,404,allowed,,,5,0,,false,,,0,,false,2026-10-04T15:19:16.511Z
2011001015117,株式会社テレビマンユニオン,13:東京都,155人,100-299人,東京,100-299人 / 東京,1,http://www.tvu.co.jp,200,unavailable,,https://www.tvu.co.jp/recruit/,https://www.tvu.co.jp/recruit/,homepageAnchor,採用のこと,ownDomain,high,200,unavailable,採用のこと | テレビマンユニオン | TV MAN UNION,true,3,0,false,false,,,0,,false,2026-10-04T15:19:27.207Z
2011001015471,株式会社トータルオーエーシステムズ,13:東京都,170人,100-299人,東京,100-299人 / 東京,1,https://www.totaloa.co.jp,200,allowed,,https://www.totaloa.co.jp/recruit,https://www.totaloa.co.jp/recruit,homepageAnchor,採用情報,ownDomain,high,200,allowed,採用情報 | 株式会社トータルオーエーシステムズ,true,13,0,false,false,,,0,https://www.totaloa.co.jp/recruit/emp_main.php,true,2026-10-04T15:19:17.311Z
2011001032632,株式会社ダイヤモンド社,13:東京都,215人,100-299人,東京,100-299人 / 東京,1,https://www.diamond.co.jp/,200,allowed,,https://www.diamond.co.jp/recruit/,https://www.diamond.co.jp/recruit/,homepageAnchor,採用情報,ownDomain,high,200,allowed,採用情報｜ダイヤモンド社,true,2,0,false,false,,,0,,false,2026-10-04T15:19:17.064Z
2011001039495,株式会社スカイウイル,13:東京都,253人,100-299人,東京,100-299人 / 東京,1,https://www.skywill.jp/,200,allowed,,https://saiyo.skywill.jp/,https://saiyo.skywill.jp/,homepageAnchor,Recruit,ownDomain,high,200,allowed,スカイウイル採用サイト,true,1,0,false,false,,,0,,false,2026-10-04T15:19:19.042Z
2011001041781,株式会社オーケーウェブ,13:東京都,176人,100-299人,東京,100-299人 / 東京,1,https://www.okwave.co.jp/,200,allowed,,https://okweb.co.jp/recruit/,https://okweb.co.jp/recruit/,homepageAnchor,Recruit,otherDomain,high,200,allowed,Recruit | OKWEB,true,1,0,false,false,,,0,,false,2026-10-04T15:19:21.269Z
2011001045428,ナレッジオンデマンド株式会社,13:東京都,23人,10-29人,東京,10-29人 / 東京,1,https://kodnet.co.jp/,200,allowed,,,,,,,,,,,,0,2,,false,,,0,,false,
2011001046319,ピクシブ株式会社,13:東京都,446人,300-999人,東京,300-999人 / 東京,1,https://www.pixiv.co.jp/,200,allowed,,https://www.pixiv.co.jp/mid-career/,https://www.pixiv.co.jp/mid-career/,homepageAnchor,中途採用,ownDomain,high,200,allowed,中途採用 - ピクシブ株式会社,true,5,0,false,false,,,0,,false,2026-10-04T15:19:20.166Z
2011001048059,株式会社スリー・イー,13:東京都,1070人,1000人以上,東京,1000人以上 / 東京,1,http://www.3ep.jp/index.html,200,unavailable,,https://www.3ep.jp/recruit/,https://www.3ep.jp/recruit/,homepageAnchor,採用情報,ownDomain,high,200,unavailable,採用情報 | 株式会社スリー・イー,true,1,0,false,false,,,0,,false,2026-10-04T15:19:26.074Z
2011001050741,株式会社レプレ,13:東京都,6人,5-9人,東京,5-9人 / 東京,1,https://www.lepre.co.jp/,200,unavailable,,,,,,,,,,,,0,0,,false,,,0,,false,
2011001054214,トーワシステムサポート株式会社,13:東京都,13人,10-29人,東京,10-29人 / 東京,1,http://www.towas.co.jp,200,unavailable,,https://www.towas.co.jp/wp/job_offer/,https://www.towas.co.jp/wp/job_offer/,homepageAnchor,求人情報,ownDomain,high,200,unavailable,求人情報 | トーワシステムサポート株式会社,true,7,0,false,false,,,0,,false,2026-10-04T15:19:27.494Z
2011001056152,株式会社日本国際放送,13:東京都,100人,100-299人,東京,100-299人 / 東京,1,https://www.jibtv.com/,200,allowed,,https://jibtv.com/careers/,https://jibtv.com/careers/,homepageAnchor,採用情報,ownDomain,high,200,allowed,採用情報 | 日本国際放送,true,1,0,false,false,,,0,,false,2026-10-04T15:19:28.323Z
2011001058413,株式会社ビズリーチ,13:東京都,1125人,1000人以上,東京,1000人以上 / 東京,1,http://www.bizreach.co.jp/,200,unavailable,,https://careers.bizreach.co.jp/?utm_source=bizreach&utm_medium=site&utm_campaign=recruitment,https://careers.bizreach.co.jp/?utm_source=bizreach&utm_medium=site&utm_campaign=recruitment,homepageAnchor,Visionalの採用情報を見る Visional RECRUITMENT,ownDomain,high,200,allowed,株式会社ビズリーチ キャリア採用サイト,true,2,0,false,false,,,0,,false,2026-10-04T15:19:27.708Z
2011001059411,株式会社情報戦略テクノロジー,13:東京都,339人,300-999人,東京,300-999人 / 東京,1,https://www.is-tech.co.jp/,200,allowed,,https://www.is-tech.co.jp/recruit/,https://www.is-tech.co.jp/recruit/,homepageAnchor,RECRUIT,ownDomain,high,200,allowed,RECRUIT - 株式会社 情報戦略テクノロジー,true,5,0,false,false,,,0,,false,2026-10-04T15:19:24.086Z
2011001062274,株式会社ＧＯＯＹＡ,13:東京都,1041人,1000人以上,東京,1000人以上 / 東京,1,http://www.gooya.co.jp/,200,allowed,,https://www.gooya.co.jp/recruit/,https://www.gooya.co.jp/recruit/,homepageAnchor,採用情報 RECRUIT,ownDomain,high,200,allowed,リクルート | 株式会社GOOYA | エンジニア派遣などIT分野をトータルソリューション,true,2,0,false,false,,,0,,false,2026-10-04T15:19:26.366Z
2011001062349,ＣＴＣファーストコンタクト株式会社,13:東京都,508人,300-999人,東京,300-999人 / 東京,1,http://www.firstcontact.co.jp/,200,unavailable,,https://www.firstcontact.co.jp/recruit/,https://www.firstcontact.co.jp/recruit/,homepageAnchor,採用情報,ownDomain,high,200,unavailable,CTCファーストコンタクト株式会社,true,1,0,false,false,,,0,,false,2026-10-04T15:19:30.551Z
2011001067819,トライベック株式会社,13:東京都,188人,100-299人,東京,100-299人 / 東京,1,https://www.tribeck.jp/,200,allowed,,https://www.tribeck.jp/recruit/,https://www.tribeck.jp/recruit/,homepageAnchor,採用情報,ownDomain,high,200,allowed,採用情報｜トライベック,true,2,0,false,false,,,0,,false,2026-10-04T15:19:27.199Z
2011001068791,株式会社ＲＥＴＲＩＰ,13:東京都,15人,10-29人,東京,10-29人 / 東京,1,http://curie.trippiece.com/company,,unavailable,TypeError:ENOTFOUND,,,,,,,,,,,0,0,,true,http://curie.trippiece.com/,,0,,false,
2011001094268,ＮＨＮ　ＪＡＰＡＮ株式会社,13:東京都,915人,300-999人,東京,300-999人 / 東京,1,http://www.nhn-japan.com/,301,unavailable,TypeError:UNABLE_TO_VERIFY_LEAF_SIGNATURE,,,,,,,,,,,0,0,,false,,,0,,false,
2011001099523,ＨＲクラウド株式会社,13:東京都,149人,100-299人,東京,100-299人 / 東京,1,https://hr-cloud.co.jp/,200,allowed,,https://hr-cloud.co.jp/recruit,https://hr-cloud.co.jp/recruit,homepageUrlPattern,,ownDomain,medium,200,allowed,採用情報 | HRクラウド株式会社,true,1,0,false,false,,,0,,false,2026-10-04T15:19:30.599Z
2011001106766,株式会社アルファラック,13:東京都,3人,1-4人,東京,1-4人 / 東京,1,http://alpha-luck.com,200,allowed,,https://alpha-luck.com/partner,https://alpha-luck.com/partner/,homepageAnchor,Partner 販売パートナー募集,ownDomain,high,200,allowed,防犯カメラパートナー募集 | 株式会社アルファラック,true,1,0,false,false,,,1,,false,2026-10-04T15:19:35.303Z
2011001110207,株式会社サンデイシステムズ,13:東京都,5人,5-9人,東京,5-9人 / 東京,1,https://www.sunday.systems,200,unavailable,,,,,,,,,,,,0,0,,false,,,0,,false,
2011001111725,株式会社おいしい健康,13:東京都,45人,30-99人,東京,30-99人 / 東京,1,https://corp.oishi-kenko.com/,200,unavailable,,https://corp.oishi-kenko.com/recruit/,https://corp.oishi-kenko.com/recruit/,homepageAnchor,Recruit,ownDomain,high,200,unavailable,採用情報 &ndash; 株式会社おいしい健康,true,1,0,false,false,,,0,,false,2026-10-04T15:19:30.902Z
2011001127705,ｈｏｍｉｅ株式会社,13:東京都,110人,100-299人,東京,100-299人 / 東京,1,https://homie.co.jp/,200,allowed,,https://herp.careers/v1/homie,https://herp.careers/v1/homie,homepageLinkToOfficialAts,,atsHosted,medium,200,allowed,homie株式会社 の全ての求人一覧,true,1,0,false,false,,,0,,false,2026-10-04T15:19:32.409Z
2011001132457,株式会社ＧＩＯテクノロジーズ,13:東京都,30人,30-99人,東京,30-99人 / 東京,1,https://www.gio-tech.jp/,200,unavailable,,https://www.gio-tech.jp/recruit,https://www.gio-tech.jp/recruit,homepageAnchor,Recruit,ownDomain,high,200,unavailable,採用 | GIOテクノロジーズ,true,1,0,false,false,,,0,,false,2026-10-04T15:19:35.041Z
2011001133356,株式会社アーバンエックステクノロジーズ,13:東京都,25人,10-29人,東京,10-29人 / 東京,1,https://www.urbanx-tech.com,200,allowed,,https://urbanx-tech.com/recruit/,https://urbanx-tech.com/recruit/,homepageAnchor,採用情報,ownDomain,high,200,allowed,採用情報 | 株式会社アーバンエックステクノロジーズ,true,4,0,false,false,,,0,,false,2026-10-04T15:19:38.625Z
2011001147356,株式会社ラパンコード,13:東京都,22人,10-29人,東京,10-29人 / 東京,1,https://lupinchord.com/?page_id=33,200,unavailable,,https://lupinchord.com/?page_id=69,https://lupinchord.com/?page_id=69,homepageAnchor,採用情報,ownDomain,high,200,unavailable,採用情報,true,1,0,false,false,,,0,,false,2026-10-04T15:19:33.860Z
2011001147554,Ｔｅｍｐｕｒａ　ｔｅｃｈｎｏｌｏｇｉｅｓ株式会社,13:東京都,4人,1-4人,東京,1-4人 / 東京,1,https://tempuradao.xyz/,200,allowed,,,,,,,,,,,,0,3,,false,,,0,,false,
2011001149856,アンカーテクノロジーズ株式会社,13:東京都,11人,10-29人,東京,10-29人 / 東京,1,http://anchor-u.com/wp-content/uploads/AT_action_plan.pdf,200,allowed,non_html_content,https://open.talentio.com/r/1/c/anchor-u/homes/4042,https://open.talentio.com/r/1/c/anchor-u/homes/4042,homepageLinkToOfficialAts,採用情報,atsHosted,high,200,allowed,アンカーテクノロジーズ採用ページ / アンカーテクノロジーズ株式会社,true,1,0,false,true,https://anchor-u.com/,200,0,https://open.talentio.com/r/1/c/anchor-u/homes/4042,true,2026-10-04T15:19:44.521Z
2011001150335,シンシアリー株式会社,13:東京都,4人,1-4人,東京,1-4人 / 東京,1,https://cynthialy.co.jp/#contact,200,allowed,,https://cynthialy.co.jp/recruit,https://cynthialy.co.jp/recruit,robotsSitemap,,ownDomain,low,200,allowed,シンシアリー｜AI Work Transformation Company,false,3,3,false,false,,,0,,false,2026-10-04T15:19:43.018Z
2011001150525,株式会社ＴＦ,13:東京都,2人,1-4人,東京,1-4人 / 東京,1,https://omosuku.co.jp,200,allowed,,https://omosuku.co.jp/recruit/,https://omosuku.co.jp/recruit/,homepageAnchor,採用情報,ownDomain,high,200,allowed,採用情報 | 株式会社おもすく,true,1,0,false,false,,,0,https://omosuku.co.jp,true,2026-10-04T15:19:37.197Z
2011001154435,株式会社Ｒｅｒｏｏｔ,13:東京都,8人,5-9人,東京,5-9人 / 東京,1,https://www.reroot.jp/,200,allowed,,https://www.reroot.jp/recruit,https://www.reroot.jp/recruit/,homepageAnchor,Recruit,ownDomain,high,200,allowed,Reroot,true,2,0,false,false,,,1,,false,2026-10-04T15:19:39.466Z
2011101002279,ヴァイタル・インフォメーション株式会社,13:東京都,276人,100-299人,東京,100-299人 / 東京,1,http://www.vitals.co.jp,200,unavailable,,https://recruit.vitals.co.jp/,https://recruit.vitals.co.jp/,homepageAnchor,採用について RECRUIT,ownDomain,high,200,allowed,ヴァイタル・インフォメーション株式会社,true,7,0,false,false,,,0,,false,2026-10-04T15:19:44.973Z
2011101009695,ジョルダン株式会社,13:東京都,164人,100-299人,東京,100-299人 / 東京,1,http://www.jorudan.co.jp,200,allowed,,,,,,,,,,,,0,0,,false,,,0,,false,
2011101011783,ＤＡＩＫＯ　ＸＴＥＣＨ株式会社,13:東京都,773人,300-999人,東京,300-999人 / 東京,1,https://www.daiko-xtech.co.jp,200,allowed,,https://www.daiko-xtech.co.jp/company/recruit/,https://www.daiko-xtech.co.jp/company/recruit/,homepageAnchor,採用情報,ownDomain,high,200,allowed,採用情報 | DAIKO XTECH株式会社,true,1,0,false,false,,,0,,false,2026-10-04T15:19:40.417Z
2011101025239,日本システム通信株式会社,13:東京都,22人,10-29人,東京,10-29人 / 東京,1,https://www.sunmake.co.jp/jsc/,200,unavailable,,https://www.sunmake.co.jp/jsc/recruit.html,https://www.sunmake.co.jp/jsc/recruit.html,homepageAnchor,RECRUIT,ownDomain,high,200,unavailable,日本システム通信株式会社,true,1,0,false,false,,,0,,false,2026-10-04T15:19:40.349Z
2011101028134,株式会社レグラス,13:東京都,41人,30-99人,東京,30-99人 / 東京,1,https://www.reglus.co.jp/,,unavailable,TypeError:UNABLE_TO_VERIFY_LEAF_SIGNATURE,,,,,,,,,,,0,0,,false,,,0,,false,
2011101037985,株式会社キーマネジメントソリューションズ,13:東京都,330人,300-999人,東京,300-999人 / 東京,1,http://www.kyms.co.jp/,200,unavailable,,https://www.kyms.co.jp/recruit/,https://www.kyms.co.jp/recruit/,homepageAnchor,採用情報,ownDomain,high,200,unavailable,採用サイト｜Key Management Solutions,true,2,0,false,false,,,0,,false,2026-10-04T15:19:46.521Z
2011101045591,エファタ株式会社,13:東京都,9人,5-9人,東京,5-9人 / 東京,1,https://www.effata.co.jp/news/6981,403,unavailable,http_403,,,,,,,,,,,0,0,,true,https://www.effata.co.jp/,403,0,,false,
2011101045864,株式会社ゼロメディカル,13:東京都,180人,100-299人,東京,100-299人 / 東京,1,https://zeromedical.tv/,200,allowed,,https://zeromedical-recruit.com/,,homepageLinkOffDomain,採用サイト,otherDomain,low,,,,,1,4,,false,,,0,,false,
2011101047134,株式会社ａｓｋｅｎ,13:東京都,92人,30-99人,東京,30-99人 / 東京,1,https://www.asken.inc/health-management,200,allowed,,https://www.asken.inc/recruit,https://www.asken.inc/recruit,homepageAnchor,採用情報,ownDomain,high,200,allowed,採用情報 &mdash; 株式会社asken (あすけん）,true,1,0,false,false,,,0,,false,2026-10-04T15:19:44.331Z
2011101048297,エムシーツー株式会社,13:東京都,125人,100-299人,東京,100-299人 / 東京,1,https://www.mc2-ltd.jp/,200,allowed,,https://www.mc2-ltd.jp/recruit/,https://www.mc2-ltd.jp/recruit/,homepageAnchor,求人情報,ownDomain,high,200,allowed,求人情報 – エムシーツー株式会社,true,1,0,false,false,,,0,,false,2026-10-04T15:19:45.947Z
2011101048784,株式会社サンフラ,13:東京都,18人,10-29人,東京,10-29人 / 東京,1,https://fulltas.co.jp/,404,allowed,http_404,,,,,,,,,,,0,0,,false,,,0,,false,
2011101054972,株式会社テクノスジャパン,13:東京都,248人,100-299人,東京,100-299人 / 東京,1,http://www.tecnos.co.jp/,200,allowed,,https://www.tecnos.co.jp/recruit/,https://www.tecnos.co.jp/recruit/,homepageAnchor,採用情報,ownDomain,high,200,allowed,採用情報 - Tecnos Japan Inc.,true,21,0,false,false,,,0,,false,2026-10-04T15:19:53.713Z
2011101056358,株式会社ＮＴＴデータ・アイ,13:東京都,2373人,1000人以上,東京,1000人以上 / 東京,1,https://www.nttd-i.co.jp/,200,unavailable,,https://www.nttd-i.co.jp/recruit/,https://www.nttd-i.co.jp/recruit/,homepageAnchor,採用情報,ownDomain,high,200,unavailable,採用情報 | 株式会社NTTデータアイ,true,1,0,false,false,,,0,,false,2026-10-04T15:19:47.501Z
2011101066381,株式会社フィックスポイント,13:東京都,9人,5-9人,東京,5-9人 / 東京,1,https://www.fixpoint.co.jp/,200,allowed,,https://www.fixpoint.co.jp/recruit/,https://www.fixpoint.co.jp/recruit/,homepageAnchor,Recruit,ownDomain,high,200,allowed,採用情報 - fixpoint,true,8,0,false,false,,,0,,false,2026-10-04T15:19:50.818Z
2011101068618,株式会社ドキドキグルーヴワークス,13:東京都,490人,300-999人,東京,300-999人 / 東京,1,https://dokidoki.co.jp/,200,allowed,,https://dokidoki.co.jp/recruit/,https://dokidoki.co.jp/recruit/,homepageAnchor,採用情報,ownDomain,high,200,allowed,採用情報 | 株式会社ドキドキグルーヴワークス,true,1,0,false,false,,,0,,false,2026-10-04T15:19:48.352Z
2011101069293,株式会社１０バトン,13:東京都,34人,30-99人,東京,30-99人 / 東京,1,https://10baton.com/,,unavailable,TypeError:ECONNREFUSED,,,,,,,,,,,0,0,,false,,,0,,false,
2011101075853,株式会社アイディス,13:東京都,139人,100-299人,東京,100-299人 / 東京,1,https://www.aidis.co.jp/,200,allowed,,https://open.talentio.com/r/1/c/aidis/homes/4171,https://open.talentio.com/r/1/c/aidis/homes/4171,homepageLinkToOfficialAts,CAREERS,atsHosted,high,200,allowed,中途採用_募集職種一覧 / 株式会社アイディス,true,1,0,false,false,,,0,,false,2026-10-04T15:19:47.951Z
2011101079664,Ｔｐｌｕｓ株式会社,13:東京都,16人,10-29人,東京,10-29人 / 東京,1,https://tplus2017.co.jp,200,allowed,,https://recruit.tplus2017.co.jp/,https://recruit.tplus2017.co.jp/,homepageAnchor,RECRUIT,ownDomain,high,200,unavailable,Tplus株式会社,true,1,0,false,false,,,0,,false,2026-10-04T15:19:50.097Z
2011101084771,株式会社バーチャルクラフト,13:東京都,7人,5-9人,東京,5-9人 / 東京,1,https://www.virtualcraft.jp/,200,allowed,,https://www.wantedly.com/companies/company_7033655/projects/,,homepageLinkToJobPlatform,_ 06 採用情報 →,jobPlatform,low,,,,,1,2,,false,,,0,,false,
2011101087048,株式会社ヒプスター,13:東京都,30人,30-99人,東京,30-99人 / 東京,1,https://hipster-enterprise.com/,200,unavailable,,https://hipster-enterprise.com/recruit/top,https://hipster-enterprise.com/recruit/top,homepageAnchor,採用TOP,ownDomain,high,200,unavailable,株式会社ヒプスター | 採用ページ,true,10,0,false,false,,,0,,false,2026-10-04T15:19:51.091Z
2011101092403,株式会社ＹＮＰ,13:東京都,170人,100-299人,東京,100-299人 / 東京,1,https://y-n-p.co.jp/,200,allowed,,https://y-n-p.co.jp/recruit/,https://y-n-p.co.jp/recruit/,homepageUrlPattern,リクルート,ownDomain,medium,200,allowed,株式会社YNP,true,1,0,false,false,,,0,,false,2026-10-04T15:19:51.785Z
2011101094176,ハイファンシー株式会社,40:福岡県,1人,1-4人,主要都市圏,1-4人 / 主要都市圏,1,https://hifansee.co.jp/,200,allowed,,,,,,,,,,,,0,0,,false,,,0,,false,
2011201007153,ＳＥＴソフトウェア株式会社,13:東京都,315人,300-999人,東京,300-999人 / 東京,1,http://www.setsw.co.jp,200,unavailable,,https://www.setsw.co.jp/recruit,https://www.setsw.co.jp/recruit/,homepageAnchor,採用情報,ownDomain,high,200,unavailable,採用情報｜SETソフトウェア株式会社,true,10,0,false,false,,,1,,false,2026-10-04T15:20:01.995Z
2011205001664,いのちのことば宣教団,13:東京都,100人,100-299人,東京,100-299人 / 東京,1,https://www.wlpm.or.jp/,200,allowed,,https://www.wlpm.or.jp/recruitment/,https://www.wlpm.or.jp/recruitment/,homepageAnchor,採用情報,ownDomain,high,200,allowed,採用情報 | いのちのことば社,true,1,0,false,false,,,0,,false,2026-10-04T15:19:54.455Z
2011401007325,富士フイルムシステムサービス株式会社,13:東京都,1700人,1000人以上,東京,1000人以上 / 東京,1,https://www.fujifilm.com/fbss/company/diversity?lnk=flyout,200,allowed,,https://saiyo-fbss.fujifilm.com/job-list/challenged/,https://saiyo-fbss.fujifilm.com/job-list/challenged/,homepageAnchor,障がい者採用,ownDomain,high,200,allowed,障がい者採用募集要項 / Challenged entry | 富士フイルムシステムサービス 採用サイト,true,1,0,false,false,,,0,,false,2026-10-04T15:19:56.581Z
2011501001129,近代システムビューロー株式会社,13:東京都,117人,100-299人,東京,100-299人 / 東京,1,http://www.ksbkk.co.jp/,200,allowed,,https://www.ksbkk.co.jp/recruit,https://www.ksbkk.co.jp/recruit,robotsSitemap,,ownDomain,medium,200,allowed,採用情報,true,13,3,false,false,,,0,,false,2026-10-04T15:20:05.454Z
2011501015896,ＧＯ株式会社,13:東京都,646人,300-999人,東京,300-999人 / 東京,1,https://goinc.jp/,200,allowed,,https://goinc.jp/career/,https://goinc.jp/career/,homepageAnchor,採用情報,ownDomain,high,200,allowed,採用情報 | GO株式会社,true,2,0,false,false,,,0,,false,2026-10-04T15:19:55.486Z
2011501019294,株式会社ワークスピーディー,13:東京都,1人,1-4人,東京,1-4人 / 東京,1,https://workspeedy.co.jp/,200,allowed,,,,,,,,,,,,0,0,,false,,,0,,false,
2011601015508,トゥモロー総研株式会社,13:東京都,7人,5-9人,東京,5-9人 / 東京,1,https://tomorrow-souken.com/,200,allowed,,,,,,,,,,,,0,2,,false,,,0,,false,
2011601016761,株式会社Ｇｒｅｅｎ　ｒｏｍｐ,13:東京都,10人,10-29人,東京,10-29人 / 東京,1,https://green-romp.com/,200,allowed,,,,,,,,,,,,0,0,,false,,,0,,false,
2011601021324,株式会社Ｍ．ａｎｄ．Ａｇｅｎｃｙ,13:東京都,6人,5-9人,東京,5-9人 / 東京,1,https://m-and-agency.com/,200,allowed,,https://m-and-agency.com/recruit,https://m-and-agency.com/recruit/,homepageAnchor,RECRUIT,ownDomain,high,200,allowed,,true,1,0,false,false,,,1,,false,2026-10-04T15:20:00.594Z
2011601027131,ＫＩＤＺＫＩ株式会社,13:東京都,3人,1-4人,東京,1-4人 / 東京,1,https://www.kidzki.com/,200,allowed,,,,,,,,,,,,0,2,,false,,,0,,false,
2012401010038,ヴェクソンインターナショナル株式会社,13:東京都,41人,30-99人,東京,30-99人 / 東京,1,https://vexon-intnl.com/,200,allowed,,,,,,,,,,,,0,3,,false,,,0,,false,
2012403006083,ｆ．ｅ．ｅ．ｌ合同会社,13:東京都,2人,1-4人,東京,1-4人 / 東京,1,https://www.f-e-e-l.co.jp/,200,unavailable,,https://feel-recruit.com/,,homepageLinkOffDomain,採用情報はこちら,otherDomain,low,,,,,1,0,,false,,,0,,false,
2012701001447,株式会社商工中金情報システム,13:東京都,200人,100-299人,東京,100-299人 / 東京,1,https://www.shochu-comp.co.jp/,200,allowed,,https://www.shochu-comp.co.jp/newgraduate_recruitment/,https://www.shochu-comp.co.jp/newgraduate_recruitment/,homepageAnchor,R ECRUIT,ownDomain,high,200,allowed,新卒採用 | 株式会社商工中金情報システム,true,7,0,false,false,,,0,,false,2026-10-04T15:20:02.155Z
2012701012725,株式会社ｇｒｉｎｌｅａｐ,13:東京都,26人,10-29人,東京,10-29人 / 東京,1,https://grinleap.co.jp/employment/,200,allowed,,https://recruit.grinleap.co.jp/,https://recruit.grinleap.co.jp/,homepageAnchor,採用情報,ownDomain,high,200,allowed,grinleap 採用,true,4,0,false,false,,,0,,false,2026-10-04T15:20:08.482Z
2012801000497,コニカミノルタ情報システム株式会社,13:東京都,186人,100-299人,東京,100-299人 / 東京,1,http://www.konicaminolta.jp/about/corporate/group/hjs/index.html,200,allowed,,https://www.konicaminolta.jp/about/corporate/group/hjs/values/,https://www.konicaminolta.jp/about/corporate/group/hjs/values/,homepageAnchor,採用情報,ownDomain,high,200,allowed,コニカミノルタ情報システム採用情報サイト ｜コニカミノルタ,true,1,0,false,false,,,0,,false,2026-10-04T15:20:07.053Z
2013201001540,銀河ソフトウェア株式会社,13:東京都,193人,100-299人,東京,100-299人 / 東京,1,http://www.ginga.co.jp,200,unavailable,,https://ginga.co.jp/recruit/,https://ginga.co.jp/recruit/,homepageAnchor,採用情報,ownDomain,high,200,unavailable,採用情報 | 銀河ソフトウェア株式会社,true,1,0,false,false,,,0,,false,2026-10-04T15:20:08.282Z
2013201005401,ミネベアソフトウェアソリューションズ株式会社,14:神奈川県,272人,100-299人,主要都市圏,100-299人 / 主要都市圏,1,https://www.minebea-ss.com/,200,allowed,,https://www.minebea-ss.com/recruit/,https://www.minebea-ss.com/recruit/,homepageAnchor,RECRUIT,ownDomain,high,200,allowed,RECRUIT | ミネベア ソフトウェアソリューションズ,true,5,0,false,false,,,0,,false,2026-10-04T15:20:04.690Z
2013201007991,株式会社アクティブ・ブレインズ,14:神奈川県,30人,30-99人,主要都市圏,30-99人 / 主要都市圏,1,https://www.activebrains.co.jp/,200,unavailable,,https://www.activebrains.co.jp/recruit/,https://www.activebrains.co.jp/recruit/,homepageAnchor,採用情報,ownDomain,high,200,unavailable,採用情報 | アクティブ・ブレインズ | ACTIVE BRAINS,true,3,0,false,false,,,0,,false,2026-10-04T15:20:05.807Z
2013301004229,ＣＳエコー株式会社,13:東京都,96人,30-99人,東京,30-99人 / 東京,1,http://www.cs-echo.co.jp,200,unavailable,,http://www.cs-echo.co.jp/recruit.html,http://www.cs-echo.co.jp/recruit.html,homepageAnchor,採用情報,ownDomain,high,200,unavailable,CSエコー株式会社,true,2,0,false,false,,,0,,false,2026-10-04T15:20:05.276Z
2013301005268,株式会社シスマック,13:東京都,25人,10-29人,東京,10-29人 / 東京,1,https://sysmac.co.jp/plan,200,allowed,,https://sysmac.co.jp/recruitment,https://sysmac.co.jp/recruitment,homepageAnchor,採用情報,ownDomain,high,200,allowed,採用情報 - シスマックホームページ,true,1,0,false,false,,,0,,false,2026-10-04T15:20:07.758Z
2013301014112,株式会社マイオクリエイティブ,13:東京都,25人,10-29人,東京,10-29人 / 東京,1,http://www.muio.co.jp,500,allowed,http_500,,,,,,,,,,,0,0,,false,,,0,,false,
2013301015614,株式会社ユーグラフ,13:東京都,34人,30-99人,東京,30-99人 / 東京,1,https://ugraph.co.jp,200,unavailable,,https://ugraph.co.jp/?page_id=1028,https://ugraph.co.jp/?page_id=1028,homepageAnchor,新卒採用,ownDomain,high,200,unavailable,新卒採用 – 株式会社ユーグラフ,true,10,0,false,false,,,0,,false,2026-10-04T15:20:11.278Z
2013301015820,株式会社ユーベック,13:東京都,27人,10-29人,東京,10-29人 / 東京,1,http://www.u-vec.co.jp/,200,unavailable,,https://www.u-vec.co.jp/recruit/,https://www.u-vec.co.jp/recruit/,homepageAnchor,採用情報,ownDomain,high,200,unavailable,採用情報 - 株式会社ユーベック,true,2,0,false,false,,,0,,false,2026-10-04T15:20:13.197Z
2013301020119,株式会社マクスマラシステムズ,13:東京都,3人,1-4人,東京,1-4人 / 東京,1,http://www.maxmalla.jp/,200,allowed,,,,,,,,,,,,0,0,,false,,,0,,false,
2013301024895,株式会社スタイラジー,13:東京都,185人,100-299人,東京,100-299人 / 東京,1,https://www.stylagy.co.jp/,200,allowed,,https://recruit.stylagy.co.jp/,https://recruit.stylagy.co.jp/,homepageAnchor,RECRUIT,ownDomain,high,200,allowed,採用情報 株式会社スタイラジー,true,2,0,false,false,,,0,,false,2026-10-04T15:20:10.361Z
2013301032080,株式会社Ｗｉｚ,13:東京都,1000人,1000人以上,東京,1000人以上 / 東京,1,http://012grp.co.jp/,200,unavailable,,https://012grp.co.jp/recruiting,https://012grp.co.jp/recruiting,homepageAnchor,採用情報,ownDomain,high,200,unavailable,採用情報 | 株式会社Wiz,true,3,0,false,false,,,0,,false,2026-10-04T15:20:15.806Z
2013301043747,株式会社アットファンズ・マーケティング,13:東京都,4人,1-4人,東京,1-4人 / 東京,1,https://atfanz-m.co.jp/,200,allowed,,,,,,,,,,,,0,4,,false,,,0,,false,
2013401001381,東京海上日動システムズ株式会社,13:東京都,1575人,1000人以上,東京,1000人以上 / 東京,1,https://www.tmn-systems.jp/environment/welfare.html,404,unavailable,http_404,https://www.tmn-systems.jp/recruit/menu.html,https://www.tmn-systems.jp/recruit/menu.html,homepageUrlPattern,View more,ownDomain,medium,200,unavailable,採用情報 | 東京海上日動システムズ,true,1,0,false,true,https://www.tmn-systems.jp/,200,0,,false,2026-10-04T15:20:13.390Z
2020001008807,株式会社図研,14:神奈川県,456人,300-999人,主要都市圏,300-999人 / 主要都市圏,1,https://www.zuken.co.jp/,200,allowed,,https://www.zuken.co.jp/recruit_info/,https://www.zuken.co.jp/recruit_info/,homepageAnchor,採用情報,ownDomain,high,200,allowed,採用情報 - 株式会社図研,true,4,0,false,false,,,0,,false,2026-10-04T15:20:11.831Z
2020001011934,バイオコミュニケーションズ株式会社,14:神奈川県,140人,100-299人,主要都市圏,100-299人 / 主要都市圏,1,https://www.e-bio.co.jp/,200,unavailable,,https://www.e-bio.co.jp/company/recruit.html,https://www.e-bio.co.jp/company/recruit.html,homepageUrlPattern,一覧を見る,ownDomain,medium,200,unavailable,採用案内:バイオコミュニケーションズ株式会社,true,1,0,false,false,,,0,,false,2026-10-04T15:20:13.502Z
2020001030067,株式会社アイネス,13:東京都,1023人,1000人以上,東京,1000人以上 / 東京,1,https://www.ines.co.jp/csr/work.html,200,allowed,,https://ines-recruit.jp/,,homepageLinkOffDomain,採用情報,otherDomain,low,,,,,3,0,,true,https://www.ines.co.jp/,200,0,,false,
2020001031222,アーバン・コーポレーション株式会社,13:東京都,230人,100-299人,東京,100-299人 / 東京,1,http://www.urban-web.co.jp/,200,allowed,,http://urban-web.co.jp/recruit/,http://urban-web.co.jp/recruit/,homepageAnchor,Recruit,ownDomain,high,200,allowed,Recruit | アーバン・コーポレーション株式会社,true,1,0,false,false,,,0,,false,2026-10-04T15:20:26.181Z
2020001036493,株式会社アクティブ,14:神奈川県,23人,10-29人,主要都市圏,10-29人 / 主要都市圏,1,http://www.active-web.co.jp/,200,unavailable,,http://www.active-web.co.jp/HTMLS/saiyou.html,http://www.active-web.co.jp/HTMLS/saiyou.html,homepageUrlPattern,,ownDomain,medium,200,unavailable,採用情報 | 株式会社アクティブ,true,1,0,false,false,,,0,,false,2026-10-04T15:20:14.938Z
2020001048423,ネットチャート株式会社,14:神奈川県,196人,100-299人,主要都市圏,100-299人 / 主要都市圏,1,http://www.ncj.co.jp/,200,allowed,,https://www.ncj.co.jp/recruit.html,https://www.ncj.co.jp/recruit.html,homepageAnchor,採用情報,ownDomain,high,200,allowed,ネットチャート株式会社｜ICTインフラ・ネットワークエンジニア採用情報（新卒・中途）,true,1,0,false,false,,,0,,false,2026-10-04T15:20:21.648Z
2020001071937,株式会社アプリコット,14:神奈川県,280人,100-299人,主要都市圏,100-299人 / 主要都市圏,1,https://www.apricotinc.co.jp,200,unavailable,,https://www.apricotinc.co.jp/recruit/,https://www.apricotinc.co.jp/recruit/,homepageAnchor,採用情報,ownDomain,high,200,unavailable,採用情報 - 株式会社アプリコット,true,2,0,false,false,,,0,,false,2026-10-04T15:20:16.578Z
2020001081242,コアフューテック株式会社,14:神奈川県,55人,30-99人,主要都市圏,30-99人 / 主要都市圏,1,https://www.corefutec.co.jp/,200,allowed,,https://www.recruit.corefutec.co.jp/,https://www.recruit.corefutec.co.jp/,homepageAnchor,採用,ownDomain,high,200,unavailable,コアフューテック株式会社｜採用サイト,true,1,0,false,false,,,0,,false,2026-10-04T15:20:17.520Z
2020001087033,株式会社インスパイアリング,14:神奈川県,16人,10-29人,主要都市圏,10-29人 / 主要都市圏,1,https://www.inspiring.co.jp/,,unavailable,TimeoutError,,,,,,,,,,,0,0,,false,,,0,,false,
2020001094748,株式会社ハッピーデザイン,13:東京都,65人,30-99人,東京,30-99人 / 東京,1,https://www.happy-design.co.jp,200,unavailable,,https://www.happy-design.co.jp/recruit.php,https://www.happy-design.co.jp/recruit.php,homepageAnchor,採用情報,ownDomain,high,200,unavailable,採用情報 ｜ 株式会社ハッピーデザイン,true,8,0,false,false,,,0,,false,2026-10-04T15:20:19.049Z
2020001122079,株式会社Ａｐｒｅｎｄｅｒ,40:福岡県,11人,10-29人,主要都市圏,10-29人 / 主要都市圏,1,https://aprender-inc.notion.site/Aprender-114cc9819bfe80b5b812ee476cc0e77d,200,allowed,,,,,,,,,,,,0,1,,true,https://aprender-inc.notion.site/,200,0,,false,
2020001137936,ＴＩＳ千代田システムズ株式会社,14:神奈川県,231人,100-299人,主要都市圏,100-299人 / 主要都市圏,1,https://www.tc-systems.co.jp/,200,allowed,,https://www.tc-systems.co.jp/recruit/,https://www.tc-systems.co.jp/recruit/,homepageAnchor,採用情報,ownDomain,high,200,allowed,採用情報 | TIS千代田システムズ株式会社,true,1,0,false,false,,,0,,false,2026-10-04T15:20:19.725Z
2020001149130,コネクシオ株式会社,13:東京都,4243人,1000人以上,東京,1000人以上 / 東京,1,https://www.conexio.co.jp,200,allowed,,https://www.conexio.co.jp/saiyou/,https://www.conexio.co.jp/saiyou/,homepageAnchor,採用情報,ownDomain,high,200,allowed,コネクシオ株式会社 採用サイト,true,1,0,false,false,,,0,,false,2026-10-04T15:20:21.186Z
2020001155335,ティアンドエス株式会社,14:神奈川県,292人,100-299人,主要都市圏,100-299人 / 主要都市圏,1,https://www.tecsvc.co.jp/,200,allowed,,https://recruit.tecsvc.co.jp/,https://recruit.tecsvc.co.jp/,homepageAnchor,Recruit 採用情報,ownDomain,high,200,allowed,採用情報｜ティアンドエス株式会社,true,3,0,false,false,,,0,,false,2026-10-04T15:20:23.656Z
2020003014200,ＺＥＲＯＵＭ株式会社,13:東京都,4人,1-4人,東京,1-4人 / 東京,1,https://www.zeroum.co.jp/,200,allowed,,https://www.zeroum.co.jp/recruit/,https://www.zeroum.co.jp/recruit/,homepageAnchor,採用情報,ownDomain,high,200,allowed,採用情報｜ZEROUM株式会社（ゼローム）,true,1,0,false,false,,,0,,false,2026-10-04T15:20:22.243Z
2021001000092,株式会社アトムシステム,14:神奈川県,92人,30-99人,主要都市圏,30-99人 / 主要都市圏,1,https://www.atomsystem.co.jp/,200,allowed,,https://www.atomsystem.co.jp/employment/,https://www.atomsystem.co.jp/employment/,homepageAnchor,採用情報,ownDomain,high,200,allowed,採用情報 - 株式会社アトムシステム,true,3,0,false,false,,,0,,false,2026-10-04T15:20:23.345Z
2021001018606,株式会社ウィザード,14:神奈川県,36人,30-99人,主要都市圏,30-99人 / 主要都市圏,1,https://wiz-t.co.jp/,200,unavailable,,https://wiz-t.co.jp/recruit/,https://wiz-t.co.jp/recruit/,homepageAnchor,採用ページ,ownDomain,high,200,unavailable,採用情報 | 神奈川県、千葉県のシステム開発会社 | 株式会社ウィザード,true,6,0,false,false,,,0,,false,2026-10-04T15:20:24.421Z
2021001044404,株式会社マスターズソリューション,13:東京都,16人,10-29人,東京,10-29人 / 東京,1,https://ms-sol.co.jp/,,unavailable,TypeError:ENOTFOUND,,,,,,,,,,,0,0,,false,,,0,,false,
2021003011823,アースレーベル合同会社,14:神奈川県,9人,5-9人,主要都市圏,5-9人 / 主要都市圏,1,https://earth-label.com/,200,allowed,,https://earth-label.com/works/recruiting-branding/,https://earth-label.com/works/recruiting-branding/,homepageAnchor,01 中堅IT企業 ｜ 採用ブランディング × SNS活用 応募3倍。月2名の安定採用へ。 #採用ブランディング #SNS活用 #母集団形成,ownDomain,high,200,allowed,応募3倍。月2名の安定採用へ。｜採用ブランディング事例 — EARTH LABEL,true,4,0,false,false,,,0,,false,2026-10-04T15:20:25.191Z
2030001000011,ＡＧＳ株式会社,11:埼玉県,800人,300-999人,主要都市圏,300-999人 / 主要都市圏,1,http://www.ags.co.jp,200,unavailable,,https://www.ags.co.jp/saiyou/,https://www.ags.co.jp/saiyou/,homepageAnchor,採用情報,ownDomain,high,200,unavailable,ＡＧＳ採用サイト｜ITを変革するＡＧＳ,true,2,0,false,false,,,0,,false,2026-10-04T15:20:29.935Z
2030001006999,株式会社ビジネスサポート,11:埼玉県,15人,10-29人,主要都市圏,10-29人 / 主要都市圏,1,https://bs-saitama.jp/,200,allowed,,https://bs-saitama.jp/recruit/,https://bs-saitama.jp/recruit/,homepageAnchor,採用情報,ownDomain,high,200,allowed,採用情報｜株式会社ビジネスサポート,true,1,0,false,false,,,0,,false,2026-10-04T15:20:28.045Z
2030001009127,株式会社アローシステム,13:東京都,37人,30-99人,東京,30-99人 / 東京,1,http://www.allow.co.jp/,200,allowed,,https://www.allow.co.jp/recruit,https://www.allow.co.jp/recruit,homepageAnchor,採用情報,ownDomain,high,200,allowed,採用情報 | 株式会社アローシステム,true,1,0,false,false,,,0,,false,2026-10-04T15:20:31.584Z
2030001010159,株式会社ＮＴＴ東日本‐関信越,11:埼玉県,1261人,1000人以上,主要都市圏,1000人以上 / 主要都市圏,1,http://www.kanshinetsu.ntt-east.co.jp/,200,allowed,,https://recruit.ntt-east.co.jp/,https://recruit.ntt-east.co.jp/,homepageAnchor,採用情報,ownDomain,high,200,unavailable,NTT東日本株式会社・グループ採用情報 | 新卒採用サイト・キャリア採用（転職者向け）サイト,true,1,0,false,false,,,0,,false,2026-10-04T15:20:26.167Z
2030001055427,株式会社ビージーシステム,11:埼玉県,21人,10-29人,主要都市圏,10-29人 / 主要都市圏,1,https://www.bgsystem.co.jp/,200,allowed,,https://www.bgsystem.co.jp/emp_inf.html,https://www.bgsystem.co.jp/emp_inf.html,homepageAnchor,採用情報,ownDomain,high,200,allowed,採用情報,true,1,0,false,false,,,0,,false,2026-10-04T15:20:28.217Z
2030002020207,有限会社ケーズドットコム,11:埼玉県,20人,10-29人,主要都市圏,10-29人 / 主要都市圏,1,http://www.k--s.com,200,allowed,,https://www.k--s.com/careers/,https://www.k--s.com/careers/,homepageAnchor,採用情報,ownDomain,high,200,allowed,採用情報 | 有限会社K's.COM,true,1,0,false,false,,,0,,false,2026-10-04T15:20:35.362Z
2030003016914,合同会社浅見制作所,11:埼玉県,1人,1-4人,主要都市圏,1-4人 / 主要都市圏,1,https://azami-seisaku.com/,200,allowed,,https://azami-seisaku.com/news/fa2-ymabwm/,,homepageAnchorNegativePath,2024.11.21 浅見制作所の採用活動をスタートしました！,ownDomain,low,,,,,1,0,,false,,,0,,false,
2040001004102,株式会社大東システムエンジニアリング,12:千葉県,90人,30-99人,主要都市圏,30-99人 / 主要都市圏,1,https://www.daitoh-se.co.jp/,200,allowed,,https://www.daitoh-se.co.jp/front_recruit,https://www.daitoh-se.co.jp/front_recruit/,homepageAnchor,採用情報,ownDomain,high,200,allowed,採用情報 – 大東システムエンジニアリング,true,2,0,false,false,,,1,,false,2026-10-04T15:20:31.166Z
2040001100487,株式会社ネコカリ,12:千葉県,11人,10-29人,主要都市圏,10-29人 / 主要都市圏,1,https://www.nekokari.co.jp/,200,allowed,,,,,,,,,,,,0,2,,false,,,0,,false,
2050001006551,株式会社アルコ・イーエックス,08:茨城県,76人,30-99人,その他,30-99人 / その他,1,https://www.alco-ex.jp/,200,unavailable,,https://www.alco-ex.jp/recruit.html,https://www.alco-ex.jp/recruit.html,homepageAnchor,採用情報イメージ,ownDomain,low,200,unavailable,株式会社 アルコ・イーエックス,false,1,0,false,false,,,0,,false,2026-10-04T15:20:31.200Z
2050002031210,アイエンジニアリング株式会社,08:茨城県,31人,30-99人,その他,30-99人 / その他,1,https://iengz.co.jp/,200,allowed,,https://iengz.co.jp/recruit/,https://iengz.co.jp/recruit/,homepageAnchor,Recruit,ownDomain,high,200,allowed,採用情報｜ アイエンジニアリング株式会社,true,2,0,false,false,,,0,https://iengz.co.jp/recruit/,true,2026-10-04T15:20:31.976Z
2060001000900,株式会社エフエム栃木,09:栃木県,24人,10-29人,その他,10-29人 / その他,1,https://www.berry.co.jp,200,allowed,,https://www.berry.co.jp/banner/top-banner_clickcnt.php?url=https%3A%2F%2Fwww.berry.co.jp%2Fsaiyo-director%2F&id=812&type=top,https://www.berry.co.jp/saiyo-director/,homepageAnchor,放送番組制作正社員（総合職）募集,ownDomain,high,200,allowed,放送番組制作正社員（総合職） 募集 ｜ RADIO BERRY FM栃木,true,2,0,false,false,,,1,,false,2026-10-04T15:20:34.690Z
2060001012086,ペンタテクノサービス株式会社,09:栃木県,58人,30-99人,その他,30-99人 / その他,1,http://www.penta-techno.co.jp/,200,unavailable,,https://www.penta-techno.co.jp/recruit/index.html,https://www.penta-techno.co.jp/recruit/index.html,homepageAnchor,採用情報,ownDomain,high,200,unavailable,採用情報 - ペンタテクノサービス,true,2,0,false,false,,,0,,false,2026-10-04T15:20:38.919Z
2060001016517,ケーブルテレビ株式会社,09:栃木県,190人,100-299人,その他,100-299人 / その他,1,https://www.cc9.jp/,200,unavailable,,https://www.cc9.jp/recruit/,https://www.cc9.jp/recruit/,homepageAnchor,採用情報,ownDomain,high,200,unavailable,新卒・中途採用サイト｜ケーブルテレビ株式会社,true,1,0,false,false,,,0,https://www.cc9.jp/recruit/,true,2026-10-04T15:20:34.496Z
2060003003595,ＡＢＣ株式会社,23:愛知県,5人,5-9人,主要都市圏,5-9人 / 主要都市圏,1,https://abckk.dev,200,allowed,,,,,,,,,,,,0,0,,false,,,0,,false,
2070001016771,株式会社両毛システムズ,10:群馬県,738人,300-999人,その他,300-999人 / その他,1,http://www.ryomo.co.jp/,200,unavailable,,https://www.ryomo.co.jp/recruit/index.html,https://www.ryomo.co.jp/recruit/index,homepageAnchor,採用情報,ownDomain,low,200,allowed,,,3,0,,false,,,1,,false,2026-10-04T15:22:10.670Z
2080001000667,株式会社ＳＤＴエンタープライズ,22:静岡県,90人,30-99人,その他,30-99人 / その他,1,https://sdte.co.jp/,200,allowed,,https://sdte.co.jp/recruit/,https://sdte.co.jp/recruit/,homepageAnchor,2026.09.01 お仕事見学「JOBウォッチ」随時受付のお知らせ,ownDomain,high,200,allowed,採用情報｜SDTエンタープライズ - 静岡の映像制作会社,true,3,0,false,false,,,0,,false,2026-10-04T15:20:37.552Z
2080001002721,株式会社静岡教育出版社,22:静岡県,42人,30-99人,その他,30-99人 / その他,1,http://www.shizedpu.co.jp/,200,unavailable,,,,,,,,,,,,0,0,,false,,,0,,false,
2080001004346,株式会社ＴＯＫＡＩコミュニケーションズ,22:静岡県,1304人,1000人以上,その他,1000人以上 / その他,1,http://www.tokai-com.co.jp/,200,unavailable,,https://www.recruit.tokaiholdings.co.jp/,,homepageLinkOffDomain,採用情報,otherDomain,low,,,,,2,0,,true,https://www.tokai-com.co.jp/,200,0,,false,
2080001005526,株式会社ユニテック,22:静岡県,92人,30-99人,その他,30-99人 / その他,1,http://www.unitec.jp,200,allowed,,https://www.unitec.jp/recruit/job-description/,https://www.unitec.jp/recruit/job-description/,homepageAnchor,募集要項,ownDomain,high,200,allowed,募集要項 | 株式会社ユニテック,true,7,0,false,false,,,0,,false,2026-10-04T15:22:08.817Z
2080101025606,株式会社Ｃａｒｅ　Ｓｅｅｄ,22:静岡県,2人,1-4人,その他,1-4人 / その他,1,https://care-seed.jp/,200,unavailable,,,,,,,,,,,,0,0,,false,,,0,,false,
2080401000309,株式会社アミック,22:静岡県,133人,100-299人,その他,100-299人 / その他,1,http://www.ammic.co.jp/,200,unavailable,,https://www.ammic.co.jp/recruit.html,https://www.ammic.co.jp/recruit.html,homepageAnchor,採用情報,ownDomain,high,200,unavailable,採用情報 - アミック,true,7,0,false,false,,,0,,false,2026-10-04T15:22:08.107Z
2080401004029,浜松ケーブルテレビ株式会社,22:静岡県,58人,30-99人,その他,30-99人 / その他,1,http://www.winde.jp/,200,unavailable,,https://www.winde.jp/recruit/,https://www.winde.jp/recruit/,homepageAnchor,採用情報,ownDomain,high,200,unavailable,採用情報｜ウィンディ - 浜松ケーブルテレビ,true,1,0,false,false,,,0,,false,2026-10-04T15:22:07.522Z
2080401018664,株式会社ＮＯＫＩＯＯ,22:静岡県,17人,10-29人,その他,10-29人 / その他,1,https://www.nokioo.jp/,200,allowed,,https://nokioo.jp/recruit,https://nokioo.jp/recruit,robotsSitemap,,ownDomain,medium,200,allowed,採用情報｜NOKIOO™ 人材開発･組織開発のノキオ,true,6,3,false,false,,,0,,false,2026-10-04T15:22:11.274Z
2090001017181,ｐ．ｃ．ｃ．メディアマーケティング株式会社,19:山梨県,5人,5-9人,その他,5-9人 / その他,1,https://www.bestsalonreport.jp/,200,allowed,,,,,,,,,,,,0,4,,false,,,0,,false,
2100001001266,信越放送株式会社,20:長野県,131人,100-299人,その他,100-299人 / その他,1,https://sbc21.co.jp/,,blocked,blocked_by_robots,,,,,,,,,,,0,1,,false,,,0,,false,
2100001003411,株式会社インテージテクノスフィア,20:長野県,668人,300-999人,その他,300-999人 / その他,1,http://www.intage-technosphere.co.jp/,200,unavailable,,https://www.intage-technosphere.co.jp/company/recruit/,https://www.intage-technosphere.co.jp/company/recruit/,homepageAnchor,採用情報,ownDomain,high,200,unavailable,採用情報 | 株式会社インテージテクノスフィア,true,1,0,false,false,,,0,,false,2026-10-04T15:22:15.341Z
2110001003807,キヤノンイメージングシステムズ株式会社,15:新潟県,515人,300-999人,その他,300-999人 / その他,1,https://imgsys.canon/ja/recruit,200,unavailable,,https://imgsys.canon/ja/recruit/,https://imgsys.canon/ja/recruit/,homepageAnchor,キヤノンイメージングシステムズ株式会社採用サイト,ownDomain,high,200,unavailable,キヤノンイメージングシステムズ株式会社 採用サイト,true,25,0,false,false,,,0,,false,2026-10-04T15:22:17.314Z
2110001008698,株式会社インプレッシヴ,15:新潟県,52人,30-99人,その他,30-99人 / その他,1,http://www.impressive.jp/,200,allowed,,http://www.impressive.jp/recruit,http://www.impressive.jp/recruit/,homepageAnchor,recruit,ownDomain,high,200,allowed,株式会社 インプレッシヴ ::: [採用情報],true,13,0,false,false,,,1,,false,2026-10-04T15:22:13.304Z
2110001014267,株式会社システムエース,15:新潟県,19人,10-29人,その他,10-29人 / その他,1,https://www.system-ace.co.jp/plan/,200,unavailable,,https://www.system-ace.co.jp/2027recruitcontakut/,https://www.system-ace.co.jp/2027recruitcontakut/,homepageUrlPattern,,ownDomain,medium,200,unavailable,2027卒向システムエースお問合せフォーム | 株式会社システムエース-新潟県三条市,true,3,0,false,true,https://www.system-ace.co.jp/,200,0,,false,2026-10-04T15:22:16.713Z
2110001022732,ソリマチ株式会社,15:新潟県,144人,100-299人,その他,100-299人 / その他,1,https://www.sorimachi.co.jp/,200,unavailable,,https://sorimachi.co.jp/about/recruit/,https://sorimachi.co.jp/about/recruit/,homepageAnchor,採用情報,ownDomain,high,200,unavailable,誰かのために - 採用サイト｜ソリマチ株式会社,true,1,0,false,false,,,0,,false,2026-10-04T15:22:18.387Z
2120001015669,株式会社ドコモＣＳ関西,27:大阪府,1762人,1000人以上,主要都市圏,1000人以上 / 主要都市圏,1,http://www.docomo-cs-kansai.co.jp/sustainability/diversity.html,200,allowed,,https://www.docomo-cs-kansai.co.jp/rc/,https://www.docomo-cs-kansai.co.jp/rc/,homepageAnchor,採用情報,ownDomain,high,200,allowed,株式会社ドコモCS関西 新卒採用サイト,true,1,0,false,false,,,0,,false,2026-10-04T15:22:19.110Z
2120001022211,株式会社アレックスマネジメント,27:大阪府,91人,30-99人,主要都市圏,30-99人 / 主要都市圏,1,https://www.alex.co.jp/,200,unavailable,,https://www.alex.co.jp/recruit,https://www.alex.co.jp/recruit/,homepageAnchor,採用情報 RECRUIT,ownDomain,high,200,unavailable,採用情報 | 株式会社アレックスマネジメント ｜ ALEX management,true,4,0,false,false,,,1,https://www.alex.co.jp/recruit/graduate/,true,2026-10-04T15:22:16.956Z
2120001034108,株式会社アイル,27:大阪府,992人,300-999人,主要都市圏,300-999人 / 主要都市圏,1,https://www.ill.co.jp/,200,allowed,,https://www.ill.co.jp/recruiting/,https://www.ill.co.jp/recruiting/,homepageAnchor,CAREERS 採用,ownDomain,high,200,allowed,新卒採用・キャリア採用│株式会社アイル（東証プライム：3854）,true,3,0,false,false,,,0,,false,2026-10-04T15:22:16.474Z
2120001055772,株式会社システムアイ,27:大阪府,5人,5-9人,主要都市圏,5-9人 / 主要都市圏,1,http://www.system-i.co.jp/,200,allowed,,https://www.system-i.co.jp/company/recruit/,https://www.system-i.co.jp/company/recruit/,homepageAnchor,採用情報,ownDomain,high,200,allowed,採用情報｜株式会社システムアイ,true,1,0,false,false,,,0,,false,2026-10-04T15:22:23.354Z
2120001064906,株式会社シスコ,27:大阪府,179人,100-299人,主要都市圏,100-299人 / 主要都市圏,1,http://www.toray-sysco.co.jp/,200,unavailable,,https://www.toray-sysco.co.jp/saiyou/index.html,https://www.toray-sysco.co.jp/saiyou/index.html,homepageAnchor,採用情報,ownDomain,high,200,allowed,採用情報 | 株式会社シスコ,true,1,0,false,false,,,0,https://www.career-map.biz/recruit/page_toray_sysco,true,2026-10-04T15:22:27.134Z
2120001073097,株式会社アイアンドディ,27:大阪府,46人,30-99人,主要都市圏,30-99人 / 主要都市圏,1,https://www.aidi.co.jp/,200,allowed,,https://en-gage.net/aidi/,https://en-gage.net/aidi/,homepageLinkToOfficialAts,採用ページ,atsHosted,high,200,allowed,株式会社アイアンドディの採用・求人情報-engage,true,1,0,false,false,,,0,,false,2026-10-04T15:22:20.160Z
2120001079565,株式会社コモンプロダクツ,27:大阪府,41人,30-99人,主要都市圏,30-99人 / 主要都市圏,1,https://www.cnanet.co.jp,200,allowed,,https://www.cnanet.co.jp/recruit,https://www.cnanet.co.jp/recruit/,homepageAnchor,RECRUIT,ownDomain,high,200,allowed,株式会社コモンプロダクツ-リクルートサイト | 誰かのために動く人が、 未来を変えていける。,true,1,0,false,false,,,1,,false,2026-10-04T15:22:22.871Z
2120001084730,ディーアイエスサービス＆ソリューション株式会社,27:大阪府,94人,30-99人,主要都市圏,30-99人 / 主要都市圏,1,https://www.dis-sas.co.jp/,200,unavailable,,,,,,,,,,,,0,0,,false,,,0,,false,
2120001102814,株式会社ソフトム,27:大阪府,30人,30-99人,主要都市圏,30-99人 / 主要都市圏,1,https://www.softm.co.jp,200,allowed,,https://www.softm.co.jp/recruit,https://www.softm.co.jp/recruit/,homepageAnchor,採用情報,ownDomain,high,200,allowed,採用情報 | 株式会社ソフトム,true,1,0,false,false,,,1,,false,2026-10-04T15:22:25.428Z
2120001105478,ＯＳＳ株式会社,27:大阪府,17人,10-29人,主要都市圏,10-29人 / 主要都市圏,1,http://www.spacechart.co.jp,200,unavailable,,https://www.spacechart.co.jp/recruit/index.html,https://www.spacechart.co.jp/recruit/index.html,homepageAnchor,採用情報,ownDomain,high,200,unavailable,OSS株式会社 | 採用情報,true,1,0,false,false,,,0,,false,2026-10-04T15:22:26.941Z
2120001106708,株式会社マイスター・ギルド,27:大阪府,21人,10-29人,主要都市圏,10-29人 / 主要都市圏,1,https://www.m-gild.com/,200,allowed,,https://www.wantedly.com/companies/m-gild,,homepageLinkToJobPlatform,Recruit 求人情報,jobPlatform,low,,,,,1,3,,false,,,0,,false,
2120001115345,株式会社サファリゲームズ,27:大阪府,142人,100-299人,主要都市圏,100-299人 / 主要都市圏,1,https://www.safarigames.com/,200,allowed,,https://www.safarigames.com/recruiting/,https://www.safarigames.com/recruiting/,homepageAnchor,採用情報 RECRUIT SITE,ownDomain,high,200,allowed,リクルートサイト｜SAFARI GAME,true,5,0,false,false,,,0,,false,2026-10-04T15:22:23.558Z
2120001120592,株式会社イーフォルム,27:大阪府,100人,100-299人,主要都市圏,100-299人 / 主要都市圏,1,http://e-form.co.jp/,,unavailable,TypeError:ENOTFOUND,,,,,,,,,,,0,0,,false,,,0,,false,
2120001123265,株式会社アップライト,27:大阪府,16人,10-29人,主要都市圏,10-29人 / 主要都市圏,1,https://upright.co.jp/,200,allowed,,https://upright.co.jp/recruit/,https://upright.co.jp/recruit/,homepageAnchor,採用情報,ownDomain,high,200,allowed,採用情報 - 株式会社アップライト株式会社アップライト,true,2,0,false,false,,,0,,false,2026-10-04T15:22:28.577Z
2120001138726,株式会社ＮＴＴ西日本ルセント,27:大阪府,425人,300-999人,主要都市圏,300-999人 / 主要都市圏,1,http://nttwest-lucent.co.jp/,,unavailable,TypeError:ECONNRESET,,,,,,,,,,,0,0,,false,,,0,,false,
2120001171017,株式会社ユニソンプラネット,27:大阪府,35人,30-99人,主要都市圏,30-99人 / 主要都市圏,1,http://www.unison-planet.com/,200,unavailable,,https://recruit.unison-planet.com/,,homepageLinkOffDomain,RECRUIT,otherDomain,low,,,,,1,0,,false,,,0,,false,
2120001189653,株式会社オークン,27:大阪府,28人,10-29人,主要都市圏,10-29人 / 主要都市圏,1,https://o-kun.com/,200,unavailable,,https://o-kun.com/recruit,https://o-kun.com/recruit,homepageAnchor,採用情報へ,ownDomain,high,200,unavailable,採用情報 | 株式会社オークン O-KUN Inc. -「楽しく働く」を社会のスタンダードに,true,2,0,false,false,,,0,,false,2026-10-04T15:22:29.567Z
2120001196831,オアシ株式会社,27:大阪府,2人,1-4人,主要都市圏,1-4人 / 主要都市圏,1,http://www.oasi.co.jp,200,unavailable,,,,,,,,,,,,0,0,,false,,,0,,false,
2120001215087,株式会社Ｓエナジーユニオン,27:大阪府,5人,5-9人,主要都市圏,5-9人 / 主要都市圏,1,https://senergy.co.jp,200,allowed,,https://senergy.co.jp/recruit/,https://senergy.co.jp/recruit/,homepageAnchor,求人エントリー,ownDomain,high,200,allowed,エントリーフォーム | Sエナジーユニオン,true,2,0,false,false,,,0,,false,2026-10-04T15:22:33.887Z
2120002065192,有限会社ななくる,27:大阪府,9人,5-9人,主要都市圏,5-9人 / 主要都市圏,1,https://www.nanakuru.com/,200,unavailable,,https://www.nanakuru.com/saiyoujouhou.html,https://www.nanakuru.com/saiyoujouhou.html,homepageAnchor,採用情報 Recruit,ownDomain,high,200,unavailable,採用情報｜有限会社ななくる公式サイト,true,2,0,false,false,,,0,,false,2026-10-04T15:22:30.233Z
2120003011336,株式会社ＡＫＹ,13:東京都,30人,30-99人,東京,30-99人 / 東京,1,https://aky-net.co.jp/,200,allowed,,,,,,,,,,,,0,3,,false,,,0,,false,
2120101035765,株式会社ＰＰＲ,27:大阪府,66人,30-99人,主要都市圏,30-99人 / 主要都市圏,1,http://www.ppr-do.co.jp/,200,allowed,,https://recruit.ppr-do.co.jp/,https://recruit.ppr-do.co.jp/,homepageAnchor,RECRUIT,ownDomain,high,200,allowed,トップページ - 株式会社PPR求人サイト,true,5,0,false,false,,,0,,false,2026-10-04T15:22:40.253Z
2120101071513,極速メディア株式会社,13:東京都,2人,1-4人,東京,1-4人 / 東京,1,https://www.speedmediajp.com/,200,unavailable,,,,,,,,,,,,0,0,,false,,,0,,false,
2120103003679,コンベンションクラウド合同会社,27:大阪府,4人,1-4人,主要都市圏,1-4人 / 主要都市圏,1,https://c-cloud.co.jp,200,allowed,,https://qr.c-cloud.co.jp/,https://qr.c-cloud.co.jp/,homepageAnchor,QR ENTRY イメージ,ownDomain,low,200,allowed,無料QRコード（二次元バーコード）作成・読み取り | QR TOOL,false,1,0,false,false,,,0,,false,2026-10-04T15:22:32.851Z
2120901016130,株式会社ミライト・ワン・システムズ,13:東京都,385人,300-999人,東京,300-999人 / 東京,1,https://www.mirait-one-systems.co.jp,200,unavailable,,,,,,,,,,,,0,0,,false,,,0,,false,
2120901038546,Ａｓｔｅｍ　Ｃｌｏｕｄ株式会社,27:大阪府,5人,5-9人,主要都市圏,5-9人 / 主要都市圏,1,https://www.astem.com/asteminfo/astemcloud/,200,allowed,,https://www.astem.com/asteminfo/recruit/,https://www.astem.com/asteminfo/recruit/,homepageAnchor,採用情報,ownDomain,high,200,allowed,採用情報 | アステム株式会社,true,1,0,false,false,,,0,https://www.astem.com/asteminfo/recruit/,true,2026-10-04T15:22:36.699Z
2122001018949,センコー情報システム株式会社,27:大阪府,229人,100-299人,主要都市圏,100-299人 / 主要都市圏,1,https://www.sis-recruit.senko.co.jp/,403,unavailable,http_403,,,,,,,,,,,0,0,,false,,,0,,false,
2122001029046,株式会社オスカー,13:東京都,20人,10-29人,東京,10-29人 / 東京,1,https://oscarjapan.co.jp/company/,200,allowed,,https://oscarjapan.co.jp/recruit/,https://recruit.oscarjapan.co.jp/,homepageAnchor,RECRUIT,ownDomain,high,200,allowed,OSCAR RECRUIT │ 採用,true,1,0,false,false,,,1,,false,2026-10-04T15:22:44.173Z
2122003001003,合同会社しばふ,27:大阪府,2人,1-4人,主要都市圏,1-4人 / 主要都市圏,1,http://www.shibafu.biz,200,allowed,,,,,,,,,,,,0,1,,false,,,0,,false,
2130001010677,ＳＧシステム株式会社,26:京都府,2720人,1000人以上,主要都市圏,1000人以上 / 主要都市圏,1,http://www.sg-systems.co.jp/,200,unavailable,,https://www.sg-systems.co.jp/recruit/,https://www.sg-systems.co.jp/recruit/,homepageAnchor,採用情報トップ,ownDomain,high,200,unavailable,採用情報 | SGシステム株式会社＜SGホールディングスグループ＞,true,9,0,false,false,,,0,,false,2026-10-04T15:22:41.908Z
2130001018398,株式会社日新システムズ,26:京都府,223人,100-299人,主要都市圏,100-299人 / 主要都市圏,1,https://www.co-nss.co.jp/company/,200,allowed,,https://www.co-nss.co.jp/recruit/,https://www.co-nss.co.jp/recruit/,homepageAnchor,採用情報,ownDomain,high,200,allowed,株式会社日新システムズ 採用サイト[採用・求人情報],true,1,0,false,false,,,0,,false,2026-10-04T15:22:37.385Z
2130001020016,株式会社エクザム,26:京都府,35人,30-99人,主要都市圏,30-99人 / 主要都市圏,1,https://www.ekzm.co.jp/company/,200,unavailable,,https://www.ekzm.co.jp/recruit/,https://www.ekzm.co.jp/recruit/,homepageAnchor,採用情報,ownDomain,high,200,unavailable,採用情報 | 京都のホームページ制作会社 株式会社エクザム(ekzm),true,1,0,false,false,,,0,,false,2026-10-04T15:22:38.844Z
2130001021063,島津エス・ディー株式会社,26:京都府,183人,100-299人,主要都市圏,100-299人 / 主要都市圏,1,http://www.shimadzusd.co.jp/home.htm,200,allowed,,https://www.shimadzu.co.jp/stt/recruit/index.html,https://www.shimadzu.co.jp/stt/recruit/index.html,homepageAnchor,採用情報,otherDomain,high,200,allowed,採用情報｜島津トラステック株式会社,true,8,0,false,false,,,0,,false,2026-10-04T15:22:41.458Z
2130001021286,セブンシステム株式会社,26:京都府,29人,10-29人,主要都市圏,10-29人 / 主要都市圏,1,https://www.seven-sys.co.jp/,200,allowed,,https://www.seven-sys.co.jp/recruit/,https://www.seven-sys.co.jp/recruit/,homepageAnchor,採用情報,ownDomain,high,200,allowed,採用情報｜セブンシステム株式会社,true,1,0,false,false,,,0,,false,2026-10-04T15:22:42.334Z
2130001023349,京都電子計算株式会社,26:京都府,309人,300-999人,主要都市圏,300-999人 / 主要都市圏,1,http://www.kip.co.jp,200,allowed,,https://www.kip.co.jp/recruit/,https://www.kip.co.jp/recruit/,homepageAnchor,採用情報,ownDomain,high,200,allowed,採用情報 | 京都電子計算株式会社,true,15,0,false,false,,,0,,false,2026-10-04T15:22:46.876Z
2130001031079,株式会社知能情報システム,26:京都府,20人,10-29人,主要都市圏,10-29人 / 主要都市圏,1,https://www.chino-js.com/,200,allowed,,https://recruit.chino-js.com/,https://recruit.chino-js.com/,homepageAnchor,採用情報,ownDomain,high,200,unavailable,採用WEBサイト｜株式会社知能情報システム,true,1,0,false,false,,,0,,false,2026-10-04T15:22:44.713Z
2130001055391,株式会社アドバンシス,26:京都府,1人,1-4人,主要都市圏,1-4人 / 主要都市圏,1,https://advancis.jp/,200,allowed,,,,,,,,,,,,0,0,,false,,,0,,false,
2140001018439,ジイ・アンド・ジイ株式会社,28:兵庫県,64人,30-99人,主要都市圏,30-99人 / 主要都市圏,1,http://www.gandg.co.jp/,200,allowed,,https://www.gandg.co.jp/recruit,https://www.gandg.co.jp/recruit/,homepageUrlPattern,IT事業部,ownDomain,medium,200,allowed,トップページ | ジィアンドジィ株式会社 採用サイト,true,1,0,false,false,,,1,,false,2026-10-04T15:22:51.499Z
2140001035178,株式会社テクノツリー,28:兵庫県,182人,100-299人,主要都市圏,100-299人 / 主要都市圏,1,http://www.technotree.com,200,allowed,,https://www.technotree-recruit.com/recruit2/,,homepageLinkOffDomain,新卒採用,otherDomain,low,,,,,3,0,,false,,,0,,false,
2140001087145,株式会社ｉ－ｐｌｕｇ,27:大阪府,407人,300-999人,主要都市圏,300-999人 / 主要都市圏,1,http://i-plug.co.jp/,200,allowed,,https://i-plug.co.jp/recruit/,https://i-plug.co.jp/recruit/,homepageAnchor,採用情報,ownDomain,high,200,allowed,Recruits | 株式会社i-plug,true,4,0,false,false,,,0,,false,2026-10-04T15:22:47.994Z
2140001092599,株式会社アイユース,28:兵庫県,40人,30-99人,主要都市圏,30-99人 / 主要都市圏,1,https://i-youth.co.jp/,200,allowed,,https://en-gage.net/i-youth/,https://en-gage.net/i-youth/,homepageLinkToOfficialAts,Recruit,atsHosted,high,200,allowed,株式会社アイユースの採用・求人情報-engage,true,2,0,false,false,,,0,,false,2026-10-04T15:22:50.661Z
2150001017051,株式会社テック,13:東京都,2人,1-4人,東京,1-4人 / 東京,1,https://tec-resous.com/,200,unavailable,,,,,,,,,,,,0,0,,false,,,0,,false,
2160001020871,株式会社しがトコ,25:滋賀県,5人,5-9人,その他,5-9人 / その他,1,https://shigatoco.com/,200,allowed,,https://shigatoco.com/toco/shigatoco_bosyu/,https://shigatoco.com/toco/shigatoco_bosyu/,homepageAnchor,ローカルから地域の魅力を編集する仕事　正社員・パート・アルバイト　採用募集情報,ownDomain,high,200,allowed,【採用情報】ローカルから”編集のチカラ”で地域の魅力を伝える仕事。株式会社しがトコ - しがトコ,true,1,0,false,false,,,0,,false,2026-10-04T15:22:50.244Z
2160001024906,株式会社磐戸,27:大阪府,9人,5-9人,主要都市圏,5-9人 / 主要都市圏,1,https://www.copyki-gmen.com/fukugoki,200,allowed,,https://www.copyki-gmen.com/fukugoki/alliance/,https://www.copyki-gmen.com/fukugoki/alliance/,homepageAnchor,提携販売店さまを募集しています,ownDomain,high,200,allowed,複合機・コピー機の提携販売店様を募集中！ │ 複合機リースならコピー機Gメン,true,2,0,false,false,,,0,,false,2026-10-04T15:22:50.881Z
2180001016265,ＮＴＴメディアサプライ株式会社,27:大阪府,9722人,1000人以上,主要都市圏,1000人以上 / 主要都市圏,1,http://www.nttbizsol.jp/,200,unavailable,,https://www.ntt-west.co.jp/midcareer/,https://www.ntt-west.co.jp/midcareer/,homepageAnchor,経験者採用,otherDomain,high,200,unavailable,NTT西日本 経験者採用情報,true,2,0,false,false,,,0,,false,2026-10-04T15:22:56.176Z
2180001031801,名古屋総合システム株式会社,23:愛知県,60人,30-99人,主要都市圏,30-99人 / 主要都市圏,1,http://www.nasubi.co.jp/,200,unavailable,,https://www.daiko-xtech.co.jp/group/nas/recruit/,https://www.daiko-xtech.co.jp/group/nas/recruit/,homepageAnchor,採用情報,otherDomain,high,200,allowed,採用情報 | 名古屋総合システム株式会社,true,2,0,false,false,,,0,https://www.nasubi.co.jp/recruit-top/,true,2026-10-04T15:22:53.843Z
2180001040422,株式会社プロトコーポレーション,23:愛知県,673人,300-999人,主要都市圏,300-999人 / 主要都市圏,1,https://www.proto-g.co.jp/,200,allowed,,https://www.proto-g.co.jp/job/,https://www.proto-g.co.jp/job/,homepageAnchor,採用・カルチャー,ownDomain,high,200,allowed,採用・カルチャー | PROTO CORPORATION – 循環経済を創造する,true,7,0,false,false,,,0,,false,2026-10-04T15:22:53.326Z
2180001047905,株式会社メディアドゥ,13:東京都,291人,100-299人,東京,100-299人 / 東京,1,https://mediado.jp/,200,allowed,,https://mediado.jp/recruit/,https://mediado.jp/recruit/,homepageAnchor,採用情報,ownDomain,high,200,allowed,採用情報 | 株式会社メディアドゥ,true,7,0,false,false,,,0,,false,2026-10-04T15:22:54.755Z
2180001049694,トヨタコネクティッド株式会社,23:愛知県,573人,300-999人,主要都市圏,300-999人 / 主要都市圏,1,http://www.toyotaconnected.co.jp/,200,unavailable,,https://toyotaconnected.co.jp/recruit/,https://toyotaconnected.co.jp/recruit/,homepageAnchor,採用情報,ownDomain,high,200,allowed,採用情報｜TOYOTA Connected｜トヨタコネクティッド,true,1,0,false,false,,,0,,false,2026-10-04T15:23:03.249Z
2180001055412,株式会社アベイル,23:愛知県,21人,10-29人,主要都市圏,10-29人 / 主要都市圏,1,https://www.avail-ltd.com/,200,unavailable,,https://www.avail-ltd.com/recruit/recruit_index.html,https://www.avail-ltd.com/recruit/recruit_index.html,homepageAnchor,採用情報,ownDomain,high,200,unavailable,採用情報｜AVAIL：株式会社アベイル,true,4,0,false,false,,,0,,false,2026-10-04T15:22:54.022Z
2180001061708,シェアリングテクノロジー株式会社,23:愛知県,265人,100-299人,主要都市圏,100-299人 / 主要都市圏,1,https://www.sharing-tech.co.jp/,200,unavailable,,https://recruit.sharing-tech.co.jp/,https://recruit.sharing-tech.co.jp/,homepageAnchor,新卒採用,ownDomain,high,200,allowed,新たな仕組みで、安心な暮らしを、 | 採用 | シェアリングテクノロジー株式会社 || SHARINGTECHNOLOGY INC.,true,6,0,false,false,,,0,,false,2026-10-04T15:22:54.924Z
2180001062094,株式会社シープロジェクト,23:愛知県,2人,1-4人,主要都市圏,1-4人 / 主要都市圏,1,http://www.cproject.co.jp/,200,unavailable,,https://www.cproject.co.jp/recruit/,https://www.cproject.co.jp/recruit/,homepageAnchor,採用情報,ownDomain,high,200,unavailable,株式会社シープロジェクトでは社員を募集しています | 採用情報 | オフィスの通信機器を一括手配（ビジネスフォン、インターネット回線、携帯電話）,true,3,0,false,false,,,0,,false,2026-10-04T15:23:01.441Z
2180001066062,ＡＺＡＰＡ株式会社,23:愛知県,34人,30-99人,主要都市圏,30-99人 / 主要都市圏,1,http://www.azapa.co.jp/,200,unavailable,,https://azapa.co.jp/recruit/,https://azapa.co.jp/careers/,homepageAnchor,RECRUIT,ownDomain,high,200,allowed,採用情報｜AZAPA株式会社,true,1,0,false,false,,,1,,false,2026-10-05T12:27:46.512Z
2180001066368,株式会社メイシ,23:愛知県,17人,10-29人,主要都市圏,10-29人 / 主要都市圏,1,http://www.meisi.co.jp,403,unavailable,http_403,,,,,,,,,,,0,0,,false,,,0,,false,
2180001101455,ＧＴソリューション株式会社,23:愛知県,138人,100-299人,主要都市圏,100-299人 / 主要都市圏,1,https://www.gts-jp.com/,200,unavailable,,https://en-gage.net/gts-jp_career/,https://en-gage.net/gts-jp_career/,homepageLinkToOfficialAts,採用情報,atsHosted,high,200,allowed,ＧＴソリューション株式会社の採用・求人情報-engage,true,1,0,false,false,,,0,,false,2026-10-04T15:22:56.562Z
2180001102230,株式会社カルテットコミュニケーションズ,23:愛知県,61人,30-99人,主要都市圏,30-99人 / 主要都市圏,1,https://quartet-communications.com/,200,allowed,,https://quartet-communications.com/voices/customers/tohoku-gakuin,https://quartet-communications.com/voices/customers/tohoku-gakuin,homepageAnchor,「オープンキャンパスの参加者募集で、数年連続で昨年対比110％の目標を大幅に超える応募を獲得！」 学校法人東北学院様（業種： 大学）,ownDomain,low,200,allowed,お客様の声（学校法人東北学院様） | カルテットコミュニケーションズ,false,2,0,false,false,,,0,https://www.wantedly.com/companies/quartetcom,true,2026-10-04T15:22:58.259Z
2180001119910,エンゲージソフト株式会社,23:愛知県,8人,5-9人,主要都市圏,5-9人 / 主要都市圏,1,https://engagesoft.co.jp,200,allowed,,,,,,,,,,,,0,0,,false,,,0,,false,
2180001130578,株式会社ダンデライオンズ,23:愛知県,23人,10-29人,主要都市圏,10-29人 / 主要都市圏,1,https://dandelions.co.jp/,200,allowed,,https://dandelions.co.jp/recruit/,https://dandelions.co.jp/recruit/,homepageAnchor,Recruit 評価が見える、定時で帰れる——新卒・中途採用 採用特設サイトへ,ownDomain,high,200,allowed,採用情報｜株式会社ダンデライオンズ,true,1,0,false,false,,,0,,false,2026-10-04T15:22:59.294Z
2180301019091,ひまわりネットワーク株式会社,23:愛知県,216人,100-299人,主要都市圏,100-299人 / 主要都市圏,1,https://recruit.himawari.co.jp/,200,allowed,,https://recruit.himawari.co.jp/entry/newgrads/,https://recruit.himawari.co.jp/entry/newgrads/,homepageAnchor,新卒向け募集要項,ownDomain,high,200,allowed,新卒採用 募集要項 | ひまわりネットワーク RECRUIT 2028,true,19,0,false,false,,,0,,false,2026-10-04T15:22:59.854Z
2190001006182,株式会社ビズヒッツ,24:三重県,2人,1-4人,その他,1-4人 / その他,1,https://bizhits.co.jp/,200,allowed,,https://bizhits.co.jp/recruit,https://bizhits.co.jp/recruit/,homepageAnchor,採用情報,ownDomain,high,200,allowed,採用情報 | 株式会社ビズヒッツ,true,1,0,false,false,,,1,,false,2026-10-04T15:23:02.907Z
2190001006372,株式会社アイ・シー・エス,24:三重県,169人,100-299人,その他,100-299人 / その他,1,http://www.ise-ics.co.jp,200,unavailable,,http://www.ise-ics.co.jp/recruit,http://www.ise-ics.co.jp/recruit/,homepageAnchor,採用,ownDomain,high,200,unavailable,採用情報｜システムエンジニア・営業職募集（三重県伊勢市）｜株式会社アイ・シー・エス,true,1,0,false,false,,,1,,false,2026-10-04T15:23:02.862Z
2200001001347,株式会社岐阜新聞社,21:岐阜県,167人,100-299人,その他,100-299人 / その他,1,https://www.gifu-np.co.jp/,200,allowed,,https://www.gifu-np.co.jp/ud/soumu/page/recruit,https://www.gifu-np.co.jp/list/company/recruit,homepageUrlPattern,,ownDomain,medium,200,allowed,採用情報 | 岐阜新聞デジタル,true,2,0,false,false,,,1,,false,2026-10-05T12:27:35.754Z
2200001011461,株式会社文溪堂,21:岐阜県,231人,100-299人,その他,100-299人 / その他,1,https://www.bunkei.co.jp/,200,unavailable,,https://www.bunkei.co.jp/recruit/index.html,https://www.bunkei.co.jp/recruit/index.html,homepageAnchor,採用情報,ownDomain,high,200,unavailable,採用情報 | 文溪堂,true,5,0,false,false,,,0,,false,2026-10-04T15:23:02.991Z
2200001030172,株式会社ＩＴｒｅａｔ,21:岐阜県,12人,10-29人,その他,10-29人 / その他,1,http://itreat.co.jp/,301,allowed,TypeError:UND_ERR_CONNECT_TIMEOUT,,,,,,,,,,,0,0,,false,,,0,,false,
2210001003689,福井テレビジョン放送株式会社,18:福井県,115人,100-299人,その他,100-299人 / その他,1,https://www.fukui-tv.co.jp/,200,unavailable,,https://www.fukui-tv.co.jp/?post_type=event_calendar&p=189674,https://www.fukui-tv.co.jp/?post_type=event_calendar&p=189674,homepageAnchor,募集中 2026.08.27 独楽吟 橘曙覧短歌コンクール,ownDomain,high,200,unavailable,独楽吟 橘曙覧短歌コンクール | イベント | 福井テレビ,true,2,0,false,false,,,0,,false,2026-10-05T12:27:31.351Z
2210001019611,ランクアップ株式会社,18:福井県,1人,1-4人,その他,1-4人 / その他,1,https://rankup-stage.com/,200,allowed,,https://rankup-stage.com/instagram-sidejob-earning/,https://rankup-stage.com/instagram-sidejob-earning/,robotsSitemap,,ownDomain,low,200,allowed,インスタ運用の副業は稼げる！怪しくない収益化方法を徹底解説 - ランクアップ株式会社｜山口拓哉｜WEB集客・SNS広告運用代行・マーケティング会社,false,1,4,false,false,,,0,https://rankup-stage.com/,true,2026-10-05T12:27:36.718Z
2220001000603,株式会社ＩＣＣサービスセンター,17:石川県,76人,30-99人,その他,30-99人 / その他,1,https://www.isc.co.jp/,200,unavailable,,https://www.isc.co.jp/news/?news-category=recruit,https://www.isc.co.jp/news/?news-category=recruit,homepageAnchor,採用情報,ownDomain,high,200,unavailable,ICCサービスセンター,true,3,0,false,false,,,0,,false,2026-10-05T12:27:28.394Z
2220001008381,クレスコ北陸株式会社,17:石川県,79人,30-99人,その他,30-99人 / その他,1,http://www.cresco-hokuriku.jp/,302,allowed,TypeError:ENOTFOUND,,,,,,,,,,,0,0,,false,,,0,,false,
2220001008662,株式会社リンケージ,17:石川県,8人,5-9人,その他,5-9人 / その他,1,http://www.linkage-jp.com/index.html,,allowed,TypeError:ENOTFOUND,https://www.linkage-jp.com/recruitment-information/,https://www.linkage-jp.com/recruitment-information/,homepageUrlPattern,,ownDomain,medium,200,allowed,求人情報 - 株式会社リンケージ,true,1,0,false,true,http://www.linkage-jp.com/,200,0,,false,2026-10-05T12:27:41.181Z
2230001002235,株式会社日本オープンシステムズ,16:富山県,424人,300-999人,その他,300-999人 / その他,1,https://www.jops.co.jp/,,unavailable,TypeError:UND_ERR_CONNECT_TIMEOUT,,,,,,,,,,,0,0,,false,,,0,,false,
2240001006697,株式会社エネコム,34:広島県,1074人,1000人以上,その他,1000人以上 / その他,1,https://www.enecom.co.jp/,200,allowed,,https://www.enecom.co.jp/recruit,https://www.enecom.co.jp/recruit/,homepageAnchor,採用情報,ownDomain,high,200,allowed,採用サイト | 株式会社エネコム,true,2,0,false,false,,,1,,false,2026-10-05T12:27:41.544Z
2240001051388,株式会社デジタルウィンズ,34:広島県,1人,1-4人,その他,1-4人 / その他,1,https://www.digitalwinds.net/,,unavailable,TypeError:CERT_HAS_EXPIRED,,,,,,,,,,,0,0,,false,,,0,,false,
2250001012703,シンテック株式会社,35:山口県,22人,10-29人,その他,10-29人 / その他,1,https://shintechoptics.com,200,unavailable,,,,,,,,,,,,0,0,,false,,,0,,false,
2250001014146,株式会社地域情報新聞しものせき,35:山口県,7人,5-9人,その他,5-9人 / その他,1,https://www.hop-s.jp/,200,allowed,,https://www.hop-s.jp/column/recruit,https://www.hop-s.jp/column/recruit,homepageAnchor,求人情報,ownDomain,high,200,allowed,"ほっぷが厳選した下関市の求人・採用情報をご紹介！ – 【公式】ほっぷ下関｜山口県下関市でランチ,テイクアウト,エステ,不動産,イベントを探せるフリーペーパー",true,6,0,false,false,,,0,,false,2026-10-05T12:27:40.759Z
2250001014880,株式会社アワセルブス,35:山口県,3人,1-4人,その他,1-4人 / その他,1,https://ourselves.jp,200,allowed,,,,,,,,,,,,0,0,,false,,,0,,false,
2250001020020,株式会社ラゲッジ,35:山口県,5人,5-9人,その他,5-9人 / その他,1,https://ymgfg.co.jp/,200,unavailable,,,,,,,,,,,,0,0,,false,,,0,,false,
2260001001143,ＯＥＣ株式会社,33:岡山県,285人,100-299人,その他,100-299人 / その他,1,http://www.oec-o.co.jp/,200,allowed,,http://www.oec-o.co.jp/data/recruit_newgrad/,http://www.oec-o.co.jp/data/recruit_newgrad/,homepageAnchor,新卒採用,ownDomain,high,200,allowed,新卒採用_受付終了｜OEC Recruiting,true,4,0,false,false,,,0,,false,2026-10-05T12:27:41.689Z
2260001003263,株式会社システムヨシイ,33:岡山県,11人,10-29人,その他,10-29人 / その他,1,http://www.systemyoshii.co.jp,200,allowed,,https://www.systemyoshii.co.jp/recruit_elm02/,https://www.systemyoshii.co.jp/recruit_elm02/,homepageAnchor,【採用情報】薬剤師 2022.06.07 2023.01.16,ownDomain,high,200,allowed,【採用情報】薬剤師 | 株式会社システムヨシイ,true,3,0,false,false,,,0,,false,2026-10-05T12:27:49.626Z
2260001005516,ピコシステム株式会社,33:岡山県,141人,100-299人,その他,100-299人 / その他,1,http://www.picosystem.co.jp/,200,unavailable,,https://www.picosystem.co.jp/recruit/,https://www.picosystem.co.jp/recruit/,homepageAnchor,採用情報,ownDomain,high,200,unavailable,リクルート TOP | ピコシステム株式会社 採用情報,true,1,0,false,false,,,0,,false,2026-10-05T12:27:47.469Z
2260001017701,笠岡放送株式会社,33:岡山県,44人,30-99人,その他,30-99人 / その他,1,https://yumenet.jp/,200,unavailable,,https://yumenet.jp/recruit.html,https://yumenet.jp/recruit.html,homepageAnchor,採用情報,ownDomain,high,200,unavailable,採用情報｜ゆめネット 笠岡放送,true,1,0,false,false,,,0,,false,2026-10-05T12:27:43.626Z
2280001003542,いずもトータルネット株式会社,32:島根県,4人,1-4人,その他,1-4人 / その他,1,https://www.izumo-it.co.jp,200,allowed,,,,,,,,,,,,0,0,,false,,,0,,false,
2280001006421,株式会社八雲ソフトウェア,32:島根県,22人,10-29人,その他,10-29人 / その他,1,https://8clouds.co.jp/,200,allowed,,https://8clouds.co.jp/job/new_graduates/,https://8clouds.co.jp/job/new_graduates/,homepageAnchor,新卒採用,ownDomain,high,200,allowed,新卒採用 ｜ 株式会社八雲ソフトウェア,true,4,0,false,false,,,0,,false,2026-10-05T12:27:44.814Z
2290001005166,コスミックビジネス株式会社,40:福岡県,85人,30-99人,主要都市圏,30-99人 / 主要都市圏,1,https://www.cosmicb.co.jp/,200,allowed,,https://www.cosmicb.co.jp/recruit/,https://www.cosmicb.co.jp/recruit/,homepageAnchor,RECRUIT 採用情報,ownDomain,high,200,allowed,RECRUIT | コスミックビジネス株式会社,true,9,0,false,false,,,0,,false,2026-10-05T12:27:49.414Z
2290001015735,株式会社クレイトソリューションズ,13:東京都,192人,100-299人,東京,100-299人 / 東京,1,https://www.creitsol.co.jp/,200,allowed,,https://www.creitsol.co.jp/recruit/,https://www.creitsol.co.jp/recruit/message/,homepageAnchor,採用情報,ownDomain,high,200,allowed,採用情報（メッセージ）｜株式会社クレイトソリューションズ,true,8,0,false,false,,,2,https://www.creitsol.co.jp/recruit/job-description/#new-graduates,true,2026-10-05T12:27:51.144Z
2290001035188,株式会社エフ・ソルト,40:福岡県,18人,10-29人,主要都市圏,10-29人 / 主要都市圏,1,http://www.f-salt.co.jp,200,allowed,,https://www.f-salt.co.jp/%E8%A4%87%E8%A3%BD-%E6%B1%82%E4%BA%BA%E6%83%85%E5%A0%B1,https://www.f-salt.co.jp/%E8%A4%87%E8%A3%BD-%E6%B1%82%E4%BA%BA%E6%83%85%E5%A0%B1,homepageAnchor,RECRUIT,ownDomain,high,200,allowed,求人情報 | f-salt,true,1,0,false,false,,,0,,false,2026-10-05T12:27:50.758Z
2290001061993,株式会社グッドラックスリー,40:福岡県,51人,30-99人,主要都市圏,30-99人 / 主要都市圏,1,http://www.gl-inc.jp/,200,allowed,,https://www.gl-inc.jp/recruit,https://www.gl-inc.jp/recruit,homepageAnchor,RECRUIT,ownDomain,high,200,allowed,RECRUIT | GoodLuck3,true,1,0,false,false,,,0,,false,2026-10-05T12:27:51.801Z
2290001063651,グラウド株式会社,40:福岡県,120人,100-299人,主要都市圏,100-299人 / 主要都市圏,1,http://www.glowd.co.jp/,200,allowed,,http://www.glowd.co.jp/recruit,http://www.glowd.co.jp/recruit,homepageAnchor,採用情報,ownDomain,high,200,allowed,採用情報,true,1,0,false,false,,,0,,false,2026-10-05T12:27:48.750Z
2290001084094,ＳＭＡＲＴＩ株式会社,40:福岡県,15人,10-29人,主要都市圏,10-29人 / 主要都市圏,1,http://www.smartichip.co.jp,200,allowed,,,,,,,,,,,,0,1,,false,,,0,,false,
2290001085605,株式会社マイクロミニスター,40:福岡県,3人,1-4人,主要都市圏,1-4人 / 主要都市圏,1,https://microminister.co.jp/koudou_plan/,200,allowed,,,,,,,,,,,,0,3,,true,https://microminister.co.jp/,200,0,,false,
2290001093888,株式会社リンク,40:福岡県,5人,5-9人,主要都市圏,5-9人 / 主要都市圏,1,https://link-cop.jp/,200,unavailable,,,,,,,,,,,,0,0,,false,,,0,,false,
2290801002908,日本コンピューター株式会社,40:福岡県,123人,100-299人,主要都市圏,100-299人 / 主要都市圏,1,https://www.nck.co.jp/,200,unavailable,,https://recruit.nck.co.jp/,https://recruit.nck.co.jp/,homepageAnchor,採用情報,ownDomain,low,,blocked,,,6,0,,false,,,0,,false,
2290801009473,株式会社ソルネット,40:福岡県,120人,100-299人,主要都市圏,100-299人 / 主要都市圏,1,https://www.solnet-dot.com/,200,allowed,,https://www.solnet-dot.com/recruit/index.html,https://www.solnet-dot.com/recruit/,homepageAnchor,採用情報,ownDomain,high,200,allowed,採用情報 | 株式会社ソルネット,true,1,0,false,false,,,1,,false,2026-10-05T12:27:54.554Z
2300001003993,株式会社ジェピック,41:佐賀県,6人,5-9人,その他,5-9人 / その他,1,http://www.e-jpic.co.jp,,unavailable,TypeError:ENOTFOUND,,,,,,,,,,,0,0,,false,,,0,,false,
2300002002219,株式会社プライム,41:佐賀県,16人,10-29人,その他,10-29人 / その他,1,http://www.prime18.co.jp,200,allowed,,https://www.prime18.co.jp/main/11.html,https://www.prime18.co.jp/main/11.html,homepageAnchor,採用情報,ownDomain,high,200,allowed,採用情報｜株式会社プライム［佐賀県佐賀市］,true,1,0,false,false,,,0,,false,2026-10-05T12:27:58.904Z
2310001017266,株式会社スライベックス,42:長崎県,5人,5-9人,その他,5-9人 / その他,1,https://thrivex.co.jp/,200,unavailable,,https://thrivex.co.jp/recruit,https://thrivex.co.jp/recruit,homepageAnchor,採用情報,ownDomain,high,200,unavailable,THRIVEX | 株式会社スライベックス,true,2,0,false,false,,,0,,false,2026-10-05T12:27:54.800Z
2320001000758,クライム株式会社,44:大分県,17人,10-29人,その他,10-29人 / その他,1,http://climb.ne.jp/,200,allowed,,http://climb.ne.jp/recruit2025/,http://climb.ne.jp/recruit2025/,homepageAnchor,採用情報,ownDomain,high,200,allowed,採用情報 | クライム株式会社,true,5,0,false,false,,,0,https://climb.ne.jp/recruit2024/,true,2026-10-05T12:27:55.041Z
2320001004874,株式会社ＡＴＴＳ,44:大分県,111人,100-299人,その他,100-299人 / その他,1,http://www.att-sys.co.jp/,200,allowed,,https://att-sys.co.jp/recruit/,https://att-sys.co.jp/recruit/,homepageAnchor,RECRUIT,ownDomain,high,200,allowed,採用情報 | 株式会社ATTS,true,1,0,false,false,,,0,https://att-sys.co.jp/recruitlist/,true,2026-10-05T12:28:03.457Z
2320001016630,株式会社ザイナス,44:大分県,164人,100-299人,その他,100-299人 / その他,1,https://zynas.co.jp/,200,allowed,,https://recruit.zynas.co.jp/,https://recruit.zynas.co.jp/,homepageAnchor,採用情報,ownDomain,high,200,allowed,採用情報｜株式会社ザイナス,true,5,0,false,false,,,0,,false,2026-10-05T12:27:57.752Z
2330001002654,ソフトウエアビジョン株式会社,43:熊本県,164人,100-299人,その他,100-299人 / その他,1,http://www.svckk.co.jp,200,allowed,,https://www.svckk.co.jp/recruit/,https://www.svckk.co.jp/recruit/,homepageAnchor,RECRUIT,ownDomain,high,200,allowed,採用トップ | ソフトウエアビジョン株式会社,true,2,0,false,false,,,0,,false,2026-10-05T12:28:02.450Z
2330001007694,株式会社フルスケール,43:熊本県,5人,5-9人,その他,5-9人 / その他,1,https://fullscale.jp,200,allowed,,https://fullscale.jp/recruit/,https://fullscale.jp/recruit/,homepageAnchor,採用情報,ownDomain,high,200,allowed,採用情報 | フルスケール（熊本）,true,5,0,false,false,,,0,,false,2026-10-05T12:27:57.979Z
2340001000657,株式会社エム・ディ・エス,46:鹿児島県,120人,100-299人,その他,100-299人 / その他,1,https://www.kk-mds.jp/,200,allowed,,https://www.kk-mds.jp/department/entry_service/,https://www.kk-mds.jp/department/entry_service/,homepageUrlPattern,データ入力,ownDomain,low,200,allowed,データ入力 - 株式会社エム・ディ・エス,false,1,0,false,false,,,0,,false,2026-10-05T12:28:03.330Z
2340001003750,富士電通株式会社,46:鹿児島県,40人,30-99人,その他,30-99人 / その他,1,http://www.fujidentsu.co.jp/,200,allowed,,https://www.fujidentsu.co.jp/recruit/,https://www.fujidentsu.co.jp/recruit/,homepageAnchor,採用情報,ownDomain,high,200,allowed,採用情報 | 富士電通株式会社,true,1,0,false,false,,,0,,false,2026-10-05T12:28:09.040Z
2350001005093,株式会社グローアップ,45:宮崎県,43人,30-99人,その他,30-99人 / その他,1,https://growup-un.com/,200,unavailable,,,,,,,,,,,,0,0,,false,,,0,,false,
2360001009424,ＦＲＴ株式会社,47:沖縄県,173人,100-299人,その他,100-299人 / その他,1,https://www.firstriding.co.jp/,200,unavailable,,https://www.firstriding.co.jp/recruit/,https://www.firstriding.co.jp/recruit/,homepageAnchor,採用情報 Recrui t,ownDomain,high,200,unavailable,採用情報 | FRT株式会社,true,1,0,false,false,,,0,,false,2026-10-05T12:28:01.500Z
2360001010191,株式会社プロトソリューション,47:沖縄県,439人,300-999人,その他,300-999人 / その他,1,http://www.protosolution.co.jp/,200,allowed,,https://www.protosolution.co.jp/recruit/,https://www.protosolution.co.jp/recruit/,homepageAnchor,採用情報TOP,ownDomain,high,200,allowed,採用情報 | 株式会社プロトソリューション,true,9,0,false,false,,,0,,false,2026-10-05T12:28:07.681Z
2360001015083,株式会社うちなーうぇぶ,47:沖縄県,16人,10-29人,その他,10-29人 / その他,1,https://www.uchina-web.co.jp/,200,allowed,,https://www.uchina-web.co.jp/recruit/,https://www.uchina-web.co.jp/recruit/,homepageAnchor,採用情報,ownDomain,high,200,allowed,RECRUIT-採用情報- ｜株式会社うちなーうぇぶ,true,2,0,false,false,,,0,,false,2026-10-05T12:28:02.661Z
2360001035338,株式会社カフーブリッジ,47:沖縄県,3人,1-4人,その他,1-4人 / その他,1,https://kafuu-bridge.co.jp/,200,allowed,,,,,,,,,,,,0,4,,false,,,0,,false,
2370001004746,株式会社ＮＴＴデータ東北,04:宮城県,312人,300-999人,その他,300-999人 / その他,1,https://www.nttdata-tohoku.co.jp/,200,unavailable,,https://www.nttdata-tohoku.co.jp/recruit/,https://www.nttdata-tohoku.co.jp/recruit/,homepageAnchor,採用情報,ownDomain,high,200,unavailable,採用情報 | 株式会社 NTTデータ東北,true,1,0,false,false,,,0,,false,2026-10-05T12:28:04.787Z
2370001005736,株式会社ドコモＣＳ東北,04:宮城県,922人,300-999人,その他,300-999人 / その他,1,http://www.docomo-cs-tohoku.co.jp/,200,allowed,,https://www.docomo-cs-tohoku.co.jp/recruit/index.html,https://www.docomo-cs-tohoku.co.jp/recruit/index.html,homepageAnchor,採用情報,ownDomain,high,200,allowed,株式会社ドコモＣＳ東北 採用サイト,true,1,0,false,false,,,0,,false,2026-10-05T12:28:10.254Z
2370001044370,ミライウェブ株式会社,13:東京都,8人,5-9人,東京,5-9人 / 東京,1,https://www.miraiweb.co.jp/,200,allowed,,https://www.miraiweb.co.jp/recruit/,https://www.miraiweb.co.jp/recruit/,homepageAnchor,採用情報,ownDomain,high,200,allowed,ミライウェブ株式会社 採用ページ,true,1,0,true,false,,,0,,false,2026-10-05T12:28:06.910Z
2370001053702,株式会社ＶＡＩＺＯ,04:宮城県,9人,5-9人,その他,5-9人 / その他,1,https://vaizo.jp/,200,allowed,,https://vaizo.jp/careers/,https://vaizo.jp/careers/,homepageAnchor,Careers,ownDomain,high,200,allowed,Careers｜VAIZO — 生存のためのシゴトを無くす仲間を,true,1,0,false,false,,,0,,false,2026-10-05T12:28:07.549Z
2380001011337,株式会社日本アドシス,07:福島県,56人,30-99人,その他,30-99人 / その他,1,https://www.jadsys.co.jp/,200,allowed,,https://www.jadsys.co.jp/soleproprietorship/,https://www.jadsys.co.jp/soleproprietorship/,homepageAnchor,契約社員/個人事業主募集,ownDomain,high,200,allowed,契約社員/個人事業主募集 - 株式会社 日本アドシス,true,4,0,false,false,,,0,https://www.jadsys.co.jp/,true,2026-10-05T12:28:07.518Z
2380001014240,株式会社システムフォワード,07:福島県,10人,10-29人,その他,10-29人 / その他,1,https://www.sysforward.co.jp/,200,allowed,,https://www.sysforward.co.jp/recruit/,https://www.sysforward.co.jp/recruit/,homepageAnchor,採用情報,ownDomain,high,200,allowed,採用情報｜株式会社システムフォワード,true,1,0,false,false,,,0,,false,2026-10-05T12:28:07.920Z
2390001002095,山形放送株式会社,06:山形県,134人,100-299人,その他,100-299人 / その他,1,http://www.ybc.co.jp/,200,allowed,,https://www.ybc.co.jp/corporation/saiyo/,https://www.ybc.co.jp/corporation/saiyo/,homepageAnchor,採用情報,ownDomain,high,200,allowed,採用情報 - YBC 山形放送,true,1,0,false,false,,,0,,false,2026-10-05T12:28:14.972Z
2390001010651,株式会社日本ケアコミュニケーションズ,06:山形県,50人,30-99人,その他,30-99人 / その他,1,https://www.care-com.co.jp/,200,allowed,,https://www.care-com.co.jp/recruit,https://www.care-com.co.jp/recruit/,homepageAnchor,採用情報,ownDomain,high,200,allowed,採用情報｜日本ケアコミュニケーションズ,true,3,0,false,false,,,2,,false,2026-10-05T12:28:17.848Z
2400001001748,株式会社リードコナン,03:岩手県,99人,30-99人,その他,30-99人 / その他,1,https://www.leadkonan.co.jp/,200,allowed,,https://www.leadkonan.co.jp/recruit/,https://www.leadkonan.co.jp/recruit/,homepageAnchor,採用情報,ownDomain,high,200,allowed,リードコナン採用サイト,true,1,0,false,false,,,0,,false,2026-10-05T12:28:14.443Z
2420001013857,株式会社Ｍ＆Ｃｏ．,02:青森県,5人,5-9人,その他,5-9人 / その他,1,https://m-and.co/,200,allowed,,,,,,,,,,,,0,1,,false,,,0,,false,
2420002019110,有限会社ヒーローネット,02:青森県,6人,5-9人,その他,5-9人 / その他,1,https://heronet.jp/ja/wp-content/pdf/koudoukeikaku.pdf,200,allowed,non_html_content,,,,,,,,,,,0,3,,true,https://heronet.jp/,200,0,,false,
2430001002561,株式会社デジック,01:北海道,110人,100-299人,主要都市圏,100-299人 / 主要都市圏,1,https://www.dgic.co.jp/,200,allowed,,https://www.dgic.co.jp/recruitment/,https://www.dgic.co.jp/recruitment/,homepageAnchor,- 採用トップ,ownDomain,high,200,allowed,エンジニア採用(新卒/中途) | 株式会社デジック,true,8,0,false,false,,,0,,false,2026-10-05T12:28:13.273Z
2430001015010,北都システム株式会社,01:北海道,200人,100-299人,主要都市圏,100-299人 / 主要都市圏,1,http://www.hscnet.co.jp/,200,allowed,,https://www.hscnet.co.jp/recruit/,https://www.hscnet.co.jp/recruit/,homepageAnchor,採用情報,ownDomain,high,200,allowed,採用情報 | 北都システム株式会社,true,1,0,false,false,,,0,,false,2026-10-05T12:28:17.074Z
2430001021958,株式会社北海道総合技術研究所,01:北海道,65人,30-99人,主要都市圏,30-99人 / 主要都市圏,1,https://www.hit-giken.jp/,200,allowed,,https://www.hit-giken.jp/recruit/,https://www.hit-giken.jp/recruit/,homepageAnchor,採用情報,ownDomain,high,200,allowed,採用情報｜株式会社北海道総合技術研究所,true,4,0,false,false,,,0,,false,2026-10-05T12:28:14.018Z
2430001024812,ＴＩＳ北海道株式会社,01:北海道,78人,30-99人,主要都市圏,30-99人 / 主要都市圏,1,https://www.tis-h.co.jp/,200,allowed,,https://recruit.tis-h.co.jp/,https://recruit.tis-h.co.jp/,homepageAnchor,採用情報,ownDomain,high,200,allowed,TIS北海道株式会社｜リクルートサイト,true,2,0,false,false,,,0,https://recruit.tis-h.co.jp/,true,2026-10-05T12:28:15.798Z
2430001028796,株式会社アイビーソリューションズ,01:北海道,33人,30-99人,主要都市圏,30-99人 / 主要都市圏,1,https://www.ib-s.co.jp,200,unavailable,,https://www.ib-s.co.jp/recruit/,https://www.ib-s.co.jp/recruit/,homepageAnchor,社員募集中,ownDomain,high,200,unavailable,株式会社アイビーソリューションズ採用サイト,true,1,0,false,false,,,0,https://www.ib-s.co.jp/recruit/,true,2026-10-05T12:28:16.559Z
2430001029753,株式会社ＣＳソリューション,01:北海道,24人,10-29人,主要都市圏,10-29人 / 主要都市圏,1,http://www.cs-sol.co.jp/,200,allowed,,http://cs-sol.co.jp/job/,http://cs-sol.co.jp/job/,homepageAnchor,採用情報,ownDomain,high,200,allowed,採用情報 | 株式会社CSソリューション,true,1,0,false,false,,,0,,false,2026-10-05T12:28:26.645Z
2430001032039,株式会社ブレインソフト,01:北海道,20人,10-29人,主要都市圏,10-29人 / 主要都市圏,1,http://www.brainsoft-net.co.jp,200,allowed,,https://www.brainsoft.jp/recruit/,https://www.brainsoft.jp/recruit/,homepageAnchor,採用情報,otherDomain,high,200,allowed,採用情報 – brainsoft.jp,true,2,0,false,false,,,0,,false,2026-10-05T12:28:20.077Z
2430001032732,株式会社ネットジャパン,01:北海道,18人,10-29人,主要都市圏,10-29人 / 主要都市圏,1,http://www.net-japan.jp/index.html,200,unavailable,,,,,,,,,,,,0,0,,true,http://www.net-japan.jp/,200,0,,false,
2430001032798,ユニバーサル・システム株式会社,01:北海道,56人,30-99人,主要都市圏,30-99人 / 主要都市圏,1,https://www.us-kk.co.jp/,200,allowed,,https://www.us-kk.co.jp/rec/,https://www.us-kk.co.jp/rec/,homepageAnchor,採用情報,ownDomain,high,200,allowed,採用情報 – ユニバーサル・システム株式会社,true,3,0,false,false,,,0,,false,2026-10-05T12:28:19.789Z
2430001072290,株式会社Ｏｌｉｖｉｅｒ,01:北海道,18人,10-29人,主要都市圏,10-29人 / 主要都市圏,1,http://olivier.co.jp/,200,allowed,,https://olivier.co.jp/recruit/,https://olivier.co.jp/recruit/,homepageAnchor,採用情報,ownDomain,high,200,allowed,採用情報 | 株式会社Olivier (オリヴィエ),true,2,0,false,false,,,0,,false,2026-10-05T12:28:27.520Z
2430001078429,株式会社ノースディテール,01:北海道,91人,30-99人,主要都市圏,30-99人 / 主要都市圏,1,https://www.northdetail.co.jp/recruit/data/,200,allowed,,https://www.northdetail.co.jp/recruit/,https://www.northdetail.co.jp/recruit/,homepageAnchor,採用トップ,ownDomain,high,200,allowed,採用トップ ｜ ノースディテール,true,7,0,false,false,,,0,,false,2026-10-05T12:28:20.166Z
2470001004331,株式会社ロジック,37:香川県,64人,30-99人,その他,30-99人 / その他,1,https://www.kagawa-logic.co.jp/,200,allowed,,https://www.kagawa-logic.co.jp/recruit/,https://www.kagawa-logic.co.jp/recruit/,homepageAnchor,採用情報,ownDomain,high,200,allowed,採用情報 - 株式会社ロジック,true,9,0,false,false,,,0,https://www.kagawa-logic.co.jp/recruit/,true,2026-10-05T12:28:20.581Z
2500001000764,株式会社愛媛新聞社,38:愛媛県,251人,100-299人,その他,100-299人 / その他,1,http://www.ehime-np.co.jp/kaisha/,200,allowed,,https://www.ehime-np.co.jp/online/company/recruit/,https://www.ehime-np.co.jp/online/company/recruit/,homepageAnchor,採用情報,ownDomain,high,200,allowed,愛媛新聞社 採用案内 | 愛媛新聞ONLINE,true,6,0,false,true,http://www.ehime-np.co.jp/,200,0,,false,2026-10-05T12:28:27.370Z
3010001000243,株式会社アクト,13:東京都,60人,30-99人,東京,30-99人 / 東京,1,https://act1.co.jp/company/,200,allowed,,https://recruit.act1.co.jp/,https://recruit.act1.co.jp/,homepageAnchor,採用情報,ownDomain,high,200,allowed,株式会社アクトの採用情報｜新卒・キャリア採用,true,2,0,false,false,,,0,,false,2026-10-05T12:28:21.892Z
3010001005226,東京コンピュータサービス株式会社,13:東京都,514人,300-999人,東京,300-999人 / 東京,1,http://www.to-kon.co.jp/,200,allowed,,https://www.to-kon.co.jp/ja/recruit.html,https://www.to-kon.co.jp/ja/recruit.html,homepageAnchor,採用情報,ownDomain,high,200,allowed,採用情報 | 東京コンピュータサービス株式会社,true,1,0,false,false,,,0,,false,2026-10-05T12:28:30.660Z
3010001015811,株式会社京葉情報システム,13:東京都,136人,100-299人,東京,100-299人 / 東京,1,https://www.kiskk.com/,200,allowed,,https://kiskk.com/recruiting/,https://kiskk.com/recruiting/,homepageAnchor,募集要項,ownDomain,high,200,allowed,募集要項 | 株式会社京葉情報システム,true,3,0,false,false,,,0,,false,2026-10-05T12:28:27.794Z
3010001017626,サン・エム・システム株式会社,13:東京都,312人,300-999人,東京,300-999人 / 東京,1,http://www.sun-m.co.jp/,200,unavailable,,https://www.sun-m.co.jp/recruit/,https://www.sun-m.co.jp/recruit/,homepageAnchor,採用情報,ownDomain,high,200,unavailable,サン・エム・システム株式会社 リクルートサイト │ トップページ,true,8,0,false,false,,,0,,false,2026-10-05T12:28:27.860Z
3010001019663,システム・アナライズ株式会社,13:東京都,104人,100-299人,東京,100-299人 / 東京,1,https://www.sacn.co.jp/,200,allowed,,https://recruit.sacn.co.jp/,https://recruit.sacn.co.jp/,homepageAnchor,採用サイト,ownDomain,high,200,allowed,採用トップページ | システム・アナライズ株式会社,true,1,0,false,false,,,0,,false,2026-10-05T12:28:24.552Z
3010001024250,株式会社東和コンピュータマネジメント,13:東京都,151人,100-299人,東京,100-299人 / 東京,1,https://info.towa-cm.co.jp/,200,allowed,,https://recruit.towa-cm.co.jp/,https://recruit.towa-cm.co.jp/,homepageAnchor,採用情報,ownDomain,high,200,allowed,【公式】採用サイト｜株式会社東和コンピュータマネジメント,true,2,0,false,false,,,0,,false,2026-10-05T12:28:27.061Z
3010001024705,クラリベイト・アナリティクス・ジャパン株式会社,13:東京都,150人,100-299人,東京,100-299人 / 東京,1,https://clarivate.jp/,403,unavailable,http_403,,,,,,,,,,,0,6,,true,https://clarivate.com/,403,0,,false,
3010001025546,日鉄日立システムソリューションズ株式会社,13:東京都,528人,300-999人,東京,300-999人 / 東京,1,https://www.nhs.co.jp/,200,allowed,,https://recruit.nhs.co.jp/,https://recruit.nhs.co.jp/,homepageAnchor,採用情報,ownDomain,high,200,allowed,日鉄日立システムソリューションズ株式会社 Recruiting,true,1,0,false,false,,,0,,false,2026-10-05T12:28:31.052Z
3010001033086,株式会社日本経済新聞社,13:東京都,3186人,1000人以上,東京,1000人以上 / 東京,1,http://www.nikkei.co.jp/nikkeiinfo/,200,allowed,,https://www.nikkei.co.jp/saiyo/?n_cid=JSID4,https://www.nikkei.co.jp/saiyo/?n_cid=JSID4,homepageAnchor,採用情報,ownDomain,high,200,allowed,採用情報 | 日本経済新聞社,true,2,0,false,false,,,0,,false,2026-10-05T12:28:34.775Z
3010001033417,日本通信ネットワーク株式会社,13:東京都,200人,100-299人,東京,100-299人 / 東京,1,https://www.c-ntn.co.jp/,200,allowed,,https://www.c-ntn.co.jp/recruit/,https://www.c-ntn.co.jp/recruit/,homepageAnchor,採用情報,ownDomain,high,200,allowed,採用情報 | 日本通信ネットワーク,true,1,0,false,false,,,0,,false,2026-10-05T12:28:31.598Z
3010001039042,松竹ブロードキャスティング株式会社,13:東京都,42人,30-99人,東京,30-99人 / 東京,1,https://www.broadcasting.co.jp/sbc/,200,unavailable,,https://www.broadcasting.co.jp/sbc/recruit.html,https://www.broadcasting.co.jp/sbc/recruit.html,homepageAnchor,採用情報,ownDomain,high,200,unavailable,採用情報 | 松竹ブロードキャスティング株式会社,true,1,0,false,false,,,0,,false,2026-10-05T12:28:30.667Z
3010001040339,兼松エレクトロニクス株式会社,13:東京都,519人,300-999人,東京,300-999人 / 東京,1,https://www.kel.co.jp/company/sustainability/health.html,200,unavailable,,https://www.kel.co.jp/recruit/,https://www.kel.co.jp/recruit/,homepageAnchor,採用情報,ownDomain,high,200,unavailable,採用情報｜【兼松エレクトロニクス(KEL)】新たな価値を創造し続け、お客様に寄り添う戦略的ITパートナーへ。,true,1,0,false,false,,,0,,false,2026-10-05T12:28:31.447Z
3010001042244,株式会社エーピーコミュニケーションズ,13:東京都,382人,300-999人,東京,300-999人 / 東京,1,http://www.ap-com.co.jp/,200,allowed,,https://www.ap-com.co.jp/recruit/,https://www.ap-com.co.jp/recruit/,homepageAnchor,採用情報,ownDomain,high,200,allowed,採用情報 | AP Communications,true,8,0,false,false,,,0,,false,2026-10-05T12:28:35.878Z
3010001043713,株式会社コムニック,13:東京都,287人,100-299人,東京,100-299人 / 東京,1,http://www.comnic.co.jp/,200,unavailable,,https://comnic.co.jp/recruit,https://comnic.co.jp/recruit/,homepageAnchor,人材募集,ownDomain,high,200,allowed,人材募集 | 株式会社コムニック,true,6,0,false,false,,,1,,false,2026-10-05T12:28:51.673Z
3010001045552,株式会社昭和システムエンジニアリング,13:東京都,534人,300-999人,東京,300-999人 / 東京,1,https://www.showa-sys-eng.co.jp/,200,unavailable,,https://recruit.showa-sys-eng.co.jp/,https://recruit.showa-sys-eng.co.jp/,homepageUrlPattern,詳しくはこちら,ownDomain,medium,200,allowed,昭和システムエンジニアリング 新卒採用サイト,true,1,0,false,false,,,0,,false,2026-10-05T12:28:34.088Z
3010001058678,株式会社ムサシ・エービーシー,13:東京都,186人,100-299人,東京,100-299人 / 東京,1,http://www.musashi-abc.co.jp/,200,allowed,,https://www.musashi-abc.co.jp/recruit,https://www.musashi-abc.co.jp/recruit/,homepageAnchor,採用情報,ownDomain,high,200,allowed,株式会社ムサシ・エービーシー | 東京/つくば/仙台のデータ入力・委託,true,3,0,false,false,,,1,,false,2026-10-05T12:28:39.062Z
3010001060378,三菱ケミカルシステム株式会社,13:東京都,687人,300-999人,東京,300-999人 / 東京,1,https://www.mitsubishichem-sys.co.jp/,,unavailable,TypeError:DEPTH_ZERO_SELF_SIGNED_CERT,,,,,,,,,,,0,0,,false,,,0,,false,
3010001070229,株式会社福音館書店,13:東京都,122人,100-299人,東京,100-299人 / 東京,1,http://www.fukuinkan.co.jp/,200,unavailable,,https://www.fukuinkan.co.jp/kodomonotomo70/oubo/index.html,https://www.fukuinkan.co.jp/kodomonotomo70/oubo/index.html,homepageAnchor,創刊70周年記念 こどものとも 絵本のおはなし大募集,ownDomain,high,200,unavailable,絵本のおはなし大募集 | こどものとも 70周年特設サイト,true,1,0,false,false,,,0,,false,2026-10-05T12:28:39.432Z
3010001081473,株式会社日立フーズ＆ロジスティクスシステムズ,13:東京都,161人,100-299人,東京,100-299人 / 東京,1,http://www.hitachi-fls.co.jp/,200,unavailable,,https://www.hitachi-fls.co.jp/recruit/index.html,https://www.hitachi-fls.co.jp/recruit/index.html,homepageAnchor,採用情報,ownDomain,high,200,unavailable,新卒採用情報：日立フーズ＆ロジスティクスシステムズ,true,1,0,false,false,,,0,,false,2026-10-05T12:28:41.981Z
3010001088477,エヌアイシー・ソフト株式会社,13:東京都,157人,100-299人,東京,100-299人 / 東京,1,https://www.nicsoft.co.jp/,200,allowed,,https://www.nicsoft.co.jp/recruit/,https://www.nicsoft.co.jp/recruit/,homepageAnchor,採用情報,ownDomain,high,200,allowed,採用情報TOP | エヌアイシー・ソフト株式会社 採用情報,true,1,0,false,false,,,0,,false,2026-10-05T12:28:39.029Z
3010001091373,ｅ－Ｊａｎネットワークス株式会社,13:東京都,104人,100-299人,東京,100-299人 / 東京,1,https://www.e-jan.co.jp/,200,unavailable,,https://www.e-jan.co.jp/recruit/,https://www.e-jan.co.jp/recruit/,homepageAnchor,採用情報,ownDomain,high,200,unavailable,e-Janネットワークス株式会社 採用情報,true,1,0,false,false,,,0,,false,2026-10-05T12:28:38.317Z
3010001096117,デジタルアーツ株式会社,13:東京都,300人,300-999人,東京,300-999人 / 東京,1,http://www.daj.jp/,200,allowed,,https://jobs.daj.jp/,https://jobs.daj.jp/,homepageAnchor,採用情報(新卒・キャリア),ownDomain,high,200,allowed,採用情報｜デジタルアーツ株式会社,true,2,0,false,false,,,0,,false,2026-10-05T12:28:44.939Z
3010001097899,株式会社ＧＲＣＳ,13:東京都,213人,100-299人,東京,100-299人 / 東京,1,https://www.grcs.co.jp/corporate/esg,200,allowed,,https://www.grcs.co.jp/recruit,https://www.grcs.co.jp/recruit,homepageAnchor,採用情報,ownDomain,high,200,allowed,働くをもっと楽しく豊かに生きる GRCS採用サイト | 株式会社GRCS,true,1,0,false,false,,,0,,false,2026-10-05T12:28:42.073Z
3010001098113,株式会社写易,12:千葉県,48人,30-99人,主要都市圏,30-99人 / 主要都市圏,1,http://www.xieyi.co.jp/,200,allowed,,https://xieyi.co.jp/?wid=8,https://xieyi.co.jp/?wid=8,homepageAnchor,採用情報,ownDomain,high,200,allowed,株式会社写易,true,6,0,false,false,,,0,,false,2026-10-05T12:28:45.449Z
3010001106809,株式会社リベルワークス,13:東京都,61人,30-99人,東京,30-99人 / 東京,1,http://www.liberworks.co.jp/,200,unavailable,,https://www.liberworks.co.jp/recruit/,https://www.liberworks.co.jp/recruit/,homepageAnchor,採用情報,ownDomain,low,404,unavailable,,,3,0,,false,,,0,,false,2026-10-05T12:28:46.877Z
3010001106833,株式会社日立医薬情報ソリューションズ,13:東京都,310人,300-999人,東京,300-999人 / 東京,1,https://www.hitachi-pi.co.jp/,200,allowed,,https://www.hitachi-pi.co.jp/employ/index.html,https://www.hitachi-pi.co.jp/employ/index.html,homepageAnchor,採用情報,ownDomain,high,200,allowed,採用サイト：日立医薬情報ソリューションズ,true,1,0,false,false,,,0,,false,2026-10-05T12:28:42.597Z
3010001125817,ＶＡＬＵＥＮＥＸ株式会社,13:東京都,28人,10-29人,東京,10-29人 / 東京,1,https://www.valuenex.com/,200,allowed,,https://www.valuenex.com/jp/careers,https://www.valuenex.com/jp/careers,homepageAnchor,採用,ownDomain,high,200,allowed,採用情報 | VALUENEXのキャリア・募集職種 &mdash; VALUENEX株式会社,true,1,0,false,false,,,0,,false,2026-10-05T12:28:45.860Z
3010001127111,株式会社グッドワークス,13:東京都,268人,100-299人,東京,100-299人 / 東京,1,https://www.good-works.co.jp/,200,allowed,,https://www.good-works.co.jp/hiring-disabled/,https://www.good-works.co.jp/hiring-disabled/,homepageAnchor,障がい者採用はこちら,ownDomain,high,200,allowed,障がい者採用｜GOOD WORKS | GOOD WORKS,true,7,0,false,false,,,0,,false,2026-10-05T12:28:47.045Z
3010001127747,ＳＰＩ株式会社,13:東京都,52人,30-99人,東京,30-99人 / 東京,1,https://www.spi-jp.com/,200,allowed,,,,,,,,,,,,0,3,,false,,,0,,false,
3010001129215,パナソニックコネクト株式会社,40:福岡県,11600人,1000人以上,主要都市圏,1000人以上 / 主要都市圏,1,https://connect.panasonic.com/jp-ja/about/sustainability,200,allowed,,https://connect.panasonic.com/jp-ja/recruit/,https://connect.panasonic.com/jp-ja/recruit/,homepageAnchor,採用,ownDomain,high,200,allowed,パナソニック コネクト採用サイト,true,1,0,false,false,,,0,,false,2026-10-05T12:28:49.472Z
3010001132912,株式会社ＢｌｕｅＭｅｍｅ,13:東京都,144人,100-299人,東京,100-299人 / 東京,1,https://www.bluememe.jp/,200,allowed,,https://www.bluememe.jp/recruit/,https://www.bluememe.jp/recruit/,homepageAnchor,採用,ownDomain,high,200,allowed,採用 | 株式会社BlueMeme,true,1,0,false,false,,,0,,false,2026-10-05T12:28:49.461Z
3010001137969,株式会社ＦＢＳ,13:東京都,322人,300-999人,東京,300-999人 / 東京,1,http://www.f-b-s.jp/,200,allowed,,https://www.f-b-s.jp/recruit/,https://www.f-b-s.jp/recruit/,homepageAnchor,採用情報,ownDomain,high,200,allowed,採用情報｜株式会社FBS,true,4,0,true,false,,,0,,false,2026-10-05T12:28:54.757Z
3010001139230,株式会社テンクー,13:東京都,44人,30-99人,東京,30-99人 / 東京,1,https://xcoo.co.jp/,200,allowed,,https://xcoo.co.jp/recruit.html,https://xcoo.co.jp/recruit.html,homepageAnchor,採用情報,ownDomain,high,200,allowed,株式会社テンクー: 採用情報,true,1,0,false,false,,,0,,false,2026-10-05T12:28:50.258Z
3010001147200,ジープラ株式会社,13:東京都,102人,100-299人,東京,100-299人 / 東京,1,http://www.geeplus.jp/,200,allowed,,https://polygon-saiyo.com/,,homepageLinkOffDomain,採用サイト,otherDomain,low,,,,,2,4,,false,,,0,,false,
3010001149650,バーズ・ビュー株式会社,13:東京都,8人,5-9人,東京,5-9人 / 東京,1,http://www.birdsview.jp,200,allowed,,https://www.birdsview.jp/recruit/,https://www.birdsview.jp/recruit/,homepageAnchor,採用情報,ownDomain,high,200,allowed,採用情報 | バーズ・ビュー株式会社(Bird's View),true,1,0,false,false,,,0,,false,2026-10-05T12:28:57.455Z
3010001152563,株式会社インテージ,13:東京都,1067人,1000人以上,東京,1000人以上 / 東京,1,http://www.intage.co.jp/,200,allowed,,https://www.intage.co.jp/recruit/,https://www.intage.co.jp/recruit/,homepageAnchor,採用情報,ownDomain,high,200,allowed,採用情報｜株式会社インテージ,true,1,0,false,false,,,0,,false,2026-10-05T12:28:57.165Z
3010001159633,日本ナレッジスペース株式会社,13:東京都,200人,100-299人,東京,100-299人 / 東京,1,https://www.jpn-ks.co.jp/,200,unavailable,,https://www.jpn-ks.co.jp/recruit/,https://www.jpn-ks.co.jp/recruit/,homepageAnchor,採用情報,ownDomain,high,200,unavailable,採用情報 | 日本ナレッジスペース株式会社,true,2,0,false,false,,,0,,false,2026-10-05T12:28:53.717Z
3010001171431,株式会社ＴＨＩＲＤ,13:東京都,174人,100-299人,東京,100-299人 / 東京,1,https://third-inc.co.jp/,200,allowed,,https://third-inc.co.jp/recruiting/index,https://third-inc.co.jp/recruiting/index,robotsSitemap,,ownDomain,medium,200,allowed,採用情報｜株式会社THIRD 現場のノウハウで建築・不動産業界に変革を,true,4,3,false,false,,,0,,false,2026-10-05T12:29:00.615Z
3010001177445,ＮＲＩデジタル株式会社,13:東京都,80人,30-99人,東京,30-99人 / 東京,1,https://www.nri-digital.jp/,200,allowed,,,,,,,,,,,,0,0,,false,,,0,,false,
3010001181141,株式会社ＣＣＮグループ,13:東京都,151人,100-299人,東京,100-299人 / 東京,1,https://ccn-g.co.jp/,200,allowed,,https://ccn-g.co.jp/recruit/,https://ccn-g.co.jp/recruit/,homepageAnchor,採用情報 Recruit,ownDomain,high,200,allowed,採用情報 | 株式会社CCNグループ,true,4,0,false,false,,,0,,false,2026-10-05T12:28:58.625Z
3010001190365,Ｊ＆Ｗネクサス株式会社,13:東京都,32人,30-99人,東京,30-99人 / 東京,1,https://jw-nexus.com/?news/68.html=,200,allowed,,,,,,,,,,,,0,0,,false,,,0,,false,
3010001195645,株式会社壱,13:東京都,24人,10-29人,東京,10-29人 / 東京,1,https://i-chi.co.jp/,200,allowed,,https://i-chi.co.jp/recruit/,https://i-chi.co.jp/recruit/,homepageAnchor,採用情報,ownDomain,high,200,allowed,採用情報 | 多角的アウトソーシングとITソリューションで、企業の“次の一歩”をスムーズに。,true,1,0,false,false,,,0,,false,2026-10-05T12:28:58.947Z
3010001209479,Ｈ＆Ｈ　ＣＯＮＮＥＣＴ株式会社,13:東京都,20人,10-29人,東京,10-29人 / 東京,1,https://www.hh-c.co.jp/,200,allowed,,,,,,,,,,,,0,1,,false,,,0,,false,
3010001231540,株式会社Ｉｋｉｇａｉ,13:東京都,10人,10-29人,東京,10-29人 / 東京,1,https://ai-know.ai/,200,unavailable,,,,,,,,,,,,0,0,,false,,,0,,false,
3010002053513,有限会社ＦＤＳｉ,13:東京都,1人,1-4人,東京,1-4人 / 東京,1,https://www.fds.co.jp,200,allowed,,https://fds.co.jp/partner/index.html,https://fds.co.jp/partner/index.html,homepageAnchor,パートナー募集,ownDomain,low,200,allowed,パートナー（代理店）制度 ｜ 有限会社FDSi,false,1,0,false,false,,,0,,false,2026-10-05T12:29:05.200Z
3010003034842,株式会社ＰＫＳＨＡ　Ｃｏｍｍｕｎｉｃａｔｉｏｎ,13:東京都,97人,30-99人,東京,30-99人 / 東京,1,https://prazna.com/,301,unavailable,TypeError:CERT_HAS_EXPIRED,,,,,,,,,,,0,0,,false,,,0,,false,
3010401003184,インフォマートジャパン株式会社,13:東京都,2人,1-4人,東京,1-4人 / 東京,1,https://infomart-japan.com/company_profile/,200,allowed,,,,,,,,,,,,0,1,,true,https://infomart-japan.com/,200,0,,false,
3010401004372,エルゼビア・ジャパン株式会社,13:東京都,177人,100-299人,東京,100-299人 / 東京,1,https://www.elsevier.com/ja-jp,200,allowed,,https://www.elsevier.com/ja-jp/about/careers,https://www.elsevier.com/ja-jp/about/careers,homepageUrlPattern,キャリアを探る,ownDomain,medium,200,allowed,エルゼビアの採用情報,true,1,0,false,false,,,0,,false,2026-10-05T12:29:06.345Z
3010401009628,株式会社工業市場研究所,13:東京都,86人,30-99人,東京,30-99人 / 東京,1,http://www.kohken-net.co.jp/,200,allowed,,https://www.kohken-net.co.jp/recruit/,https://www.kohken-net.co.jp/recruit/,homepageAnchor,採用情報,ownDomain,high,200,allowed,株式会社工業市場研究所 | 採用情報,true,1,0,false,false,,,0,,false,2026-10-05T12:29:09.448Z
3010401012318,株式会社ジェーエムエーシステムズ,13:東京都,344人,300-999人,東京,300-999人 / 東京,1,http://www.jmas.co.jp/,200,allowed,,https://recruit.jmas.co.jp/,https://recruit.jmas.co.jp/,homepageAnchor,採用について RECRUIT,ownDomain,low,,blocked,,,1,0,,false,,,0,,false,
3010401014223,ＪＡＬデジタル株式会社,13:東京都,1102人,1000人以上,東京,1000人以上 / 東京,1,https://www.jaldx.co.jp/company/sustainability/,200,allowed,,https://www.jaldx.co.jp/recruit/,https://www.jaldx.co.jp/recruit/,homepageAnchor,採用情報,ownDomain,high,200,allowed,採用情報 | JALデジタル株式会社,true,11,0,false,false,,,0,,false,2026-10-05T12:29:06.235Z
3010401014925,鈴与シンワート株式会社,13:東京都,786人,300-999人,東京,300-999人 / 東京,1,http://www.shinwart.co.jp/,200,unavailable,,https://recruit.shinwart.co.jp/,https://recruit.shinwart.co.jp/,homepageAnchor,新卒採用,ownDomain,high,200,unavailable,鈴与シンワート株式会社新卒採用サイト,true,4,0,false,false,,,0,,false,2026-10-05T12:29:11.937Z
3010401015790,株式会社東北新社,13:東京都,829人,300-999人,東京,300-999人 / 東京,1,http://www.tfc.co.jp/,200,allowed,,https://www.tfc.co.jp/recruit/,https://www.tfc.co.jp/recruit/,homepageAnchor,採用情報,ownDomain,high,200,allowed,東北新社 採用情報,true,1,0,false,false,,,0,,false,2026-10-05T12:29:12.412Z
3010401017052,ティーコム株式会社,13:東京都,129人,100-299人,東京,100-299人 / 東京,1,https://www.tcomm.co.jp/,200,allowed,,,,,,,,,,,,0,0,,false,,,0,,false,
3010401019619,株式会社ドコモＣＳ,13:東京都,5242人,1000人以上,東京,1000人以上 / 東京,1,http://www.docomo-cs.co.jp/index.html,200,allowed,,https://www.docomo-cs.co.jp/recruit/,https://www.docomo-cs.co.jp/recruit/,homepageAnchor,採用情報 （別ウィンドウで開く）,ownDomain,high,200,allowed,株式会社ドコモCS 採用サイト,true,1,0,false,false,,,0,,false,2026-10-05T12:29:14.028Z
3010401022977,ＮＥＣフィールディング株式会社,13:東京都,4482人,1000人以上,東京,1000人以上 / 東京,1,http://www.fielding.co.jp/index.html,403,unavailable,http_403,,,,,,,,,,,0,0,,true,http://www.fielding.co.jp/,403,0,,false,
3010401023595,株式会社クレヴァシステムズ,13:東京都,286人,100-299人,東京,100-299人 / 東京,1,https://www.crevasystems.co.jp/,200,allowed,,https://www.crevasystems.co.jp/recruit/,https://www.crevasystems.co.jp/recruit/,homepageAnchor,採用情報,ownDomain,high,200,allowed,採用情報 | 株式会社クレヴァシステムズ,true,1,0,false,false,,,0,,false,2026-10-05T12:29:10.628Z
3010401031664,株式会社菱友システムズ,13:東京都,1194人,1000人以上,東京,1000人以上 / 東京,1,http://www.ryoyu.co.jp/,200,unavailable,,https://www.ryoyu.co.jp/corporate_recruit/,https://www.ryoyu.co.jp/corporate_recruit/,homepageAnchor,採用情報,ownDomain,high,200,unavailable,採用情報｜株式会社 菱友システムズ,true,6,0,false,false,,,0,,false,2026-10-05T12:29:16.174Z
3010401036275,株式会社アクト・インフォメーション・サービス,13:東京都,113人,100-299人,東京,100-299人 / 東京,1,https://www.act-inf.co.jp,200,allowed,,https://www.act-inf.co.jp/recruit/,https://www.act-inf.co.jp/recruit/,homepageAnchor,採用情報,ownDomain,high,200,allowed,採用情報 - 株式会社アクト・インフォメーション・サービス,true,1,0,false,false,,,0,,false,2026-10-05T12:29:12.053Z
3010401040467,株式会社ＴＢＳテレビ,13:東京都,1255人,1000人以上,東京,1000人以上 / 東京,1,https://www.tbsholdings.co.jp/tbstv/corporate/actionplan.html,200,unavailable,,https://www.tbsholdings.co.jp/recruit/,https://www.tbsholdings.co.jp/recruit/,homepageAnchor,採用,ownDomain,high,200,unavailable,採用｜TBSホールディングス,true,1,0,false,false,,,0,,false,2026-10-05T12:29:12.627Z
3010401040855,株式会社メディックメディア,13:東京都,139人,100-299人,東京,100-299人 / 東京,1,https://medicmedia.com/,200,unavailable,,https://saiyo.medicmedia.com/,https://saiyo.medicmedia.com/,homepageAnchor,採用情報,ownDomain,high,200,unavailable,株式会社メディックメディア｜採用特設サイト,true,4,0,false,false,,,0,,false,2026-10-05T12:29:13.441Z
3010401051200,ＳＣＳＫサービスウェア株式会社,13:東京都,5454人,1000人以上,東京,1000人以上 / 東京,1,http://www.scskserviceware.co.jp/,200,allowed,,https://www.scskserviceware.co.jp/recruit/,https://www.scskserviceware.co.jp/recruit/,homepageAnchor,採用情報,ownDomain,high,200,allowed,採用情報｜SCSKサービスウェア,true,5,0,false,false,,,0,,false,2026-10-05T12:29:18.326Z
3010401051605,株式会社トヨテック,13:東京都,120人,100-299人,東京,100-299人 / 東京,1,http://www.toyotec-jp.com,200,unavailable,,https://www.toyotec-jp.com/recruit/,https://www.toyotec-jp.com/recruit/,homepageAnchor,採用情報,ownDomain,high,200,unavailable,株式会社トヨテック-トヨタモビリティ東京グループ | 採用情報,true,3,0,false,false,,,0,,false,2026-10-05T12:29:19.633Z
3010401056265,株式会社グラフネットワーク,13:東京都,9人,5-9人,東京,5-9人 / 東京,1,http://www.graphnetwork.com/,200,allowed,,https://www.graphnetwork.com/recruit/,https://www.graphnetwork.com/recruit/,homepageAnchor,Recruit,ownDomain,high,200,allowed,"Recruit | 株式会社グラフネットワーク Graphnetwork.Inc - Design,Code,Grow.",true,1,0,false,false,,,0,,false,2026-10-05T12:29:19.848Z
3010401057965,株式会社ソービック,13:東京都,11人,10-29人,東京,10-29人 / 東京,1,https://www.sovic.jp/,200,allowed,,,,,,,,,,,,0,0,,false,,,0,,false,
3010401058014,データインデックス株式会社,13:東京都,23人,10-29人,東京,10-29人 / 東京,1,http://www.data-index.co.jp/,200,unavailable,,https://www.data-index.co.jp/recruit/,https://www.data-index.co.jp/recruit/,homepageAnchor,採用情報,ownDomain,high,200,unavailable,採用情報 - データインデックス,true,4,0,false,false,,,0,,false,2026-10-05T12:29:20.570Z
3010401061595,Ｗ２株式会社,13:東京都,280人,100-299人,東京,100-299人 / 東京,1,https://www.w2solution.co.jp/,200,allowed,,,,,,,,,,,,0,3,,false,,,0,,false,
3010401061819,株式会社ＫＤＤＩテクノロジー,13:東京都,178人,100-299人,東京,100-299人 / 東京,1,https://kddi-tech.com/,200,allowed,,https://recruit.kddi-tech.com/,https://recruit.kddi-tech.com/,homepageAnchor,採用情報,ownDomain,high,200,unavailable,株式会社KDDIテクノロジー 採用サイト,true,18,0,false,false,,,0,,false,2026-10-05T12:29:17.825Z
3010401064771,サイバートラスト株式会社,13:東京都,238人,100-299人,東京,100-299人 / 東京,1,https://www.cybertrust.co.jp/,200,allowed,,https://www.cybertrust.co.jp/corporate/recruit/,https://www.cybertrust.co.jp/corporate/recruit/,homepageAnchor,採用情報,ownDomain,high,200,allowed,サイバートラスト 採用情報｜サイバートラスト,true,2,0,false,false,,,0,,false,2026-10-05T12:29:17.291Z
3010401071693,ノキアソリューションズ＆ネットワークス合同会社,13:東京都,580人,300-999人,東京,300-999人 / 東京,1,https://www.nokia.com/ja_jp/,403,unavailable,http_403,,,,,,,,,,,0,0,,true,https://www.nokia.com/,403,0,,false,
3010401075711,アスノシステム株式会社,13:東京都,175人,100-299人,東京,100-299人 / 東京,1,http://www.asno-sys.co.jp/,200,unavailable,,https://asno-sys.co.jp/recruit/,https://asno-sys.co.jp/recruit/,homepageAnchor,RECRUIT リクルート,ownDomain,high,200,unavailable,アスノシステム採用サイト,true,1,0,false,false,,,0,,false,2026-10-05T12:29:25.068Z
3010401081957,株式会社ＴＥＡＭ－Ａ,13:東京都,15人,10-29人,東京,10-29人 / 東京,1,http://www.team-anet.com/,200,unavailable,,,,,,,,,,,,0,0,,false,,,0,,false,
3010401085586,株式会社ダイジョブス,13:東京都,93人,30-99人,東京,30-99人 / 東京,1,http://bigjobs.tv/,200,allowed,,https://bigjobs.tv/,https://bigjobs.tv/,robotsSitemap,,ownDomain,medium,200,allowed,ダイジョブス | We Make Big Jobs!,true,11,2,false,false,,,0,,false,2026-10-05T12:29:29.429Z
3010401088688,株式会社ビジネスブレイン太田昭和,13:東京都,1151人,1000人以上,東京,1000人以上 / 東京,1,https://www.bbs.co.jp/,200,allowed,,https://recruit.bbs.co.jp/,https://recruit.bbs.co.jp/,homepageAnchor,採用情報,ownDomain,high,200,allowed,ビジネスブレイン太田昭和（BBS）採用サイト,true,4,0,false,false,,,0,,false,2026-10-05T12:29:22.889Z
3010401089133,キヤノン電子テクノロジー株式会社,13:東京都,428人,300-999人,東京,300-999人 / 東京,1,http://www.canon-electec.co.jp/,200,unavailable,,https://www.i-note.jp/canon-electec/recruit/,,homepageLinkOffDomain,採用情報を見る,otherDomain,low,,,,,2,0,,false,,,0,,false,
3010401089298,ＮＴＴドコモビジネスエンジニアリング株式会社,13:東京都,2116人,1000人以上,東京,1000人以上 / 東京,1,https://www.nttceng.com/,200,allowed,,https://www.nttceng.com/recruit/,https://www.nttceng.com/recruit/,homepageAnchor,採用情報,ownDomain,high,200,allowed,採用情報 ｜NTTドコモビジネスエンジニアリング株式会社,true,7,0,false,false,,,0,,false,2026-10-05T12:29:24.802Z
3010401089562,株式会社Ｆａｎｐｌｕｓ,13:東京都,106人,100-299人,東京,100-299人 / 東京,1,http://emtg.co.jp/,200,allowed,,https://fanplus.co.jp/feature/engineer_recruit,https://fanplus.co.jp/feature/engineer_recruit,homepageUrlPattern,,otherDomain,medium,200,allowed,エンジニア募集サイト｜株式会社Fanplus,true,2,0,false,false,,,0,,false,2026-10-05T12:29:25.090Z
3010401091774,株式会社アイオス,13:東京都,276人,100-299人,東京,100-299人 / 東京,1,https://www.ios-net.co.jp,200,allowed,,https://www.ios-net.co.jp/recruit/,https://www.ios-net.co.jp/recruit/,homepageAnchor,採用情報 Recruitment,ownDomain,high,200,allowed,採用情報 | 株式会社アイオス,true,21,0,false,false,,,0,,false,2026-10-05T12:29:24.206Z
3010401092046,株式会社サーフコミュニケーションズ,13:東京都,4人,1-4人,東京,1-4人 / 東京,1,http://surfcom.jp/,200,unavailable,,,,,,,,,,,,0,0,,false,,,0,,false,
3010401095767,株式会社ｇｌｏｏｐｓ,11:埼玉県,271人,100-299人,主要都市圏,100-299人 / 主要都市圏,1,http://gloops.com/,,blocked,blocked_by_robots,,,,,,,,,,,0,0,,false,,,0,,false,
3010401096229,株式会社サイダス,13:東京都,47人,30-99人,東京,30-99人 / 東京,1,http://www.cydas.com/,200,allowed,,https://www.ctm.works-hi.co.jp/sugudemo-entry/,https://www.ctm.works-hi.co.jp/sugudemo-entry/,homepageUrlPattern,すぐデモ体験,otherDomain,low,200,allowed,すぐデモフォーム | 「COMPANY Talent Management」シリーズ,false,4,0,false,false,,,0,,false,2026-10-05T12:29:28.150Z
3010401097045,日本タタ・コンサルタンシー・サービシズ株式会社,13:東京都,3700人,1000人以上,東京,1000人以上 / 東京,1,https://www.tcs.com/jp-ja/home,403,unavailable,http_403,,,,,,,,,,,0,0,,true,https://www.tcs.com/,403,0,,false,
3010401097763,株式会社ＡＭＧ　Ｓｏｌｕｔｉｏｎ,13:東京都,26人,10-29人,東京,10-29人 / 東京,1,https://amg-solution.jp/,200,allowed,,https://amg-solution.jp/recruit,https://amg-solution.jp/recruit,homepageAnchor,採用について,ownDomain,high,200,allowed,採用について | 株式会社AMG Solution,true,2,0,false,false,,,0,,false,2026-10-05T12:29:30.032Z
3010401099586,株式会社ＴＯＤＯ,13:東京都,11人,10-29人,東京,10-29人 / 東京,1,https://todo.co.jp/,200,allowed,,https://todo.co.jp/recruit/,https://todo.co.jp/recruit/,homepageAnchor,採用情報,ownDomain,high,200,allowed,採用情報 | 株式会社TODO,true,4,0,false,false,,,0,,false,2026-10-05T12:29:28.250Z
3010401099784,株式会社内田洋行ＩＴソリューションズ,13:東京都,600人,300-999人,東京,300-999人 / 東京,1,https://www.uchida-it.co.jp/corporate/employeractionplan/nextgeneration/,200,allowed,,https://recruit.uchida-it.co.jp/,https://recruit.uchida-it.co.jp/,homepageAnchor,新卒採用,ownDomain,high,200,allowed,内田洋行ITソリューションズ 新卒採用サイト – 内田洋行ITソリューションズ新卒採用情報サイトです。先輩社員の志望動機やメッセージ、具体的な仕事内容、仕事の1日の様子についてご紹介します。,true,4,0,false,false,,,0,,false,2026-10-05T12:29:30.719Z
3010401103249,株式会社Ｗｉｌｌ　Ｓｍａｒｔ,13:東京都,49人,30-99人,東京,30-99人 / 東京,1,https://willsmart.co.jp/,200,allowed,,https://willsmart.co.jp/recruit/,https://willsmart.co.jp/recruit/,homepageAnchor,採用情報,ownDomain,high,200,allowed,採用情報 | 株式会社Will Smart | 移動を支援するテクノロジー企業,true,1,0,false,false,,,0,,false,2026-10-05T12:29:29.111Z
3010401111111,ＳＢ　Ｃ＆Ｓ株式会社,13:東京都,2263人,1000人以上,東京,1000人以上 / 東京,1,https://cas.softbank.jp/sustainability/diversity/,200,allowed,,https://recruit.cas.softbank.jp/,https://recruit.cas.softbank.jp/,homepageAnchor,採用情報,ownDomain,high,200,allowed,その挑戦が、世界を変える | SB C&S 採用サイト,true,1,0,false,false,,,0,,false,2026-10-05T12:29:32.971Z
3010401141208,株式会社くふう住まい,13:東京都,100人,100-299人,東京,100-299人 / 東京,1,https://kufusumai.co.jp/,200,unavailable,,https://open.talentio.com/r/1/c/o-uccino/homes/4018,https://open.talentio.com/r/1/c/o-uccino/homes/4018,homepageLinkToOfficialAts,採用ページへ,atsHosted,high,200,allowed,採用情報 / 株式会社くふう住まい,true,1,0,false,false,,,0,,false,2026-10-05T12:29:31.266Z
3010401144929,ＩＶＡ株式会社,13:東京都,26人,10-29人,東京,10-29人 / 東京,1,https://www.iva-corp.com/company,200,allowed,,,,,,,,,,,,0,0,,true,https://www.iva-corp.com/,200,0,,false,
3010401150415,クレジットエンジン株式会社,13:東京都,130人,100-299人,東京,100-299人 / 東京,1,https://creditengine.jp/general-employers-action-plan,200,unavailable,,https://joinus.creditengine.jp/,https://joinus.creditengine.jp/,homepageAnchor,採用情報,ownDomain,high,200,allowed,クレジットエンジン株式会社 採用サイト,true,1,0,false,false,,,0,,false,2026-10-05T12:29:32.935Z
3010401159480,ｉｓｓｉｎ株式会社,13:東京都,13人,10-29人,東京,10-29人 / 東京,1,https://issin.cc,200,allowed,,,,,,,,,,,,0,3,,false,,,0,,false,
3010401160505,Ｓｃａｌａｂｌｙ株式会社,13:東京都,2人,1-4人,東京,1-4人 / 東京,1,https://scalably.com,200,allowed,,,,,,,,,,,,0,3,,false,,,0,,false,
3010401185378,株式会社トライフォース,13:東京都,1人,1-4人,東京,1-4人 / 東京,1,https://tri-force.co.jp/the-team/,200,allowed,,https://tri-force.co.jp/recruit,https://tri-force.co.jp/recruit/,homepageAnchor,Recruit,ownDomain,high,200,allowed,採用情報｜生成AIスタートアップ（営業・マーケ・開発エンジニア募集）｜トライフォース,true,1,0,true,false,,,1,,false,2026-10-05T12:29:35.196Z
3010403030904,株式会社Ａｒｃ　Ｓｔａｇｅ,13:東京都,5人,5-9人,東京,5-9人 / 東京,1,https://arc-stage.com/,200,allowed,,,,,,,,,,,,0,1,,false,,,0,,false,
3010501033008,株式会社デジタル・ナレッジ,13:東京都,200人,100-299人,東京,100-299人 / 東京,1,https://www.digital-knowledge.co.jp/about/action-plan/,200,allowed,,https://recruit.digital-knowledge.co.jp/,https://recruit.digital-knowledge.co.jp/,homepageAnchor,採用情報,ownDomain,high,200,allowed,デジタル・ナレッジ採用サイト,true,4,0,false,false,,,0,,false,2026-10-05T12:29:35.081Z
3010501055043,株式会社ＶＥＸＹ　ｓｏｌｕｔｉｏｎ’ｓ,13:東京都,10人,10-29人,東京,10-29人 / 東京,1,https://vexy-solutions.co.jp/,200,allowed,,https://vexy-solutions.co.jp/sumaho-job-scam/,https://vexy-solutions.co.jp/sumaho-job-scam/,homepageUrlPattern,2026.03.09 金銭トラブル スマホ副業は怪しい？詐欺の特徴と手口・見分け方と対処法を解説 「スマホ一つで月収30万円」「初心者でも簡単に稼げる」といった広告をSNSやイン...,ownDomain,medium,200,allowed,スマホ副業は怪しい？詐欺の特徴と手口・見分け方と対処法を解説,true,2,0,false,false,,,0,,false,2026-10-05T12:29:36.492Z
3010601021713,株式会社日立社会情報サービス,13:東京都,2809人,1000人以上,東京,1000人以上 / 東京,1,http://www.hitachi-sis.co.jp/index.html,200,allowed,,https://www.hitachi-sis.co.jp/recruit/,https://www.hitachi-sis.co.jp/recruit/,homepageAnchor,採用情報,ownDomain,high,200,allowed,採用情報｜株式会社日立社会情報サービス,true,2,0,false,false,,,0,,false,2026-10-05T12:29:40.781Z
3010601027009,株式会社ＯＳＫ,13:東京都,444人,300-999人,東京,300-999人 / 東京,1,https://www.kk-osk.co.jp/,200,allowed,,https://www.kk-osk.co.jp/corporate/recruit/index.html,https://www.kk-osk.co.jp/corporate/recruit/index.html,homepageAnchor,新卒採用情報,ownDomain,high,200,allowed,新卒採用情報 | 株式会社OSK - IT業界でのキャリアをスタートしよう,true,2,0,false,false,,,0,,false,2026-10-05T12:29:37.817Z
3010601027306,ロジスティードソリューションズ株式会社,13:東京都,725人,300-999人,東京,300-999人 / 東京,1,https://sol.logisteed.com/,200,allowed,,https://sol.logisteed.com/recruit/,https://sol.logisteed.com/recruit/,homepageAnchor,新卒採用,ownDomain,high,200,allowed,ロジスティードソリューションズ株式会社 採用情報,true,1,0,false,false,,,0,,false,2026-10-05T12:29:37.893Z
3010601030549,株式会社スーパーリージョナル,13:東京都,80人,30-99人,東京,30-99人 / 東京,1,http://www.super-r.net/,200,unavailable,,https://super-r.jp/recruit/,https://super-r.jp/recruit/,homepageAnchor,採用情報 Recruit,otherDomain,high,200,allowed,採用情報 | 株式会社スーパーリージョナル,true,3,0,false,false,,,0,,false,2026-10-05T12:29:48.360Z
3010601032363,ネオアクシス株式会社,13:東京都,180人,100-299人,東京,100-299人 / 東京,1,http://www.neoaxis.co.jp,,unavailable,TypeError:ENOTFOUND,,,,,,,,,,,0,0,,false,,,0,,false,
3010601037759,株式会社フリーダムランド,13:東京都,63人,30-99人,東京,30-99人 / 東京,1,https://freedomland.jp/,200,allowed,,https://freedomland.jp/recruit/,https://freedomland.jp/recruit/,homepageAnchor,RECRUIT,ownDomain,high,200,allowed,採用情報 | 株式会社フリーダムランド,true,2,0,false,false,,,0,,false,2026-10-05T12:29:40.948Z
3010601041018,株式会社ヒロケイ,13:東京都,144人,100-299人,東京,100-299人 / 東京,1,http://www.hirokei.co.jp/,200,allowed,,https://www.hirokei.co.jp/recruit/,https://www.hirokei.co.jp/recruit/,homepageAnchor,RECRUIT,ownDomain,high,200,allowed,採用トップ | 株式会社ヒロケイ,true,3,0,false,false,,,0,,false,2026-10-05T12:29:43.388Z
3010601042197,株式会社ＭＤビジネスパートナー,13:東京都,300人,300-999人,東京,300-999人 / 東京,1,http://www.md-bp.co.jp,200,unavailable,,,,,,,,,,,,0,0,,false,,,0,,false,
3010601042676,株式会社アトムソリューションズ,13:東京都,6人,5-9人,東京,5-9人 / 東京,1,https://www.atom-solutions.jp,200,allowed,,,,,,,,,,,,0,1,,false,,,0,,false,
3010601056998,株式会社ＡｉＣＡＮ,14:神奈川県,27人,10-29人,主要都市圏,10-29人 / 主要都市圏,1,https://www.aican-inc.com/,200,allowed,,https://www.aican-inc.com/recruit,https://www.aican-inc.com/recruit/,homepageAnchor,Recruit,ownDomain,high,200,allowed,採用情報 ｜ 株式会社AiCAN ｜ 児童相談システムで自治体・児相のDXを支援,true,1,0,false,false,,,1,,false,2026-10-05T12:29:42.888Z
3010701001012,株式会社ＩＣ,13:東京都,733人,300-999人,東京,300-999人 / 東京,1,https://www.ic-net.co.jp/,200,unavailable,,https://recruit.ic-net.co.jp/,https://recruit.ic-net.co.jp/,homepageAnchor,採用はこちら,ownDomain,high,200,allowed,採用サイト｜株式会社IC,true,15,0,false,false,,,0,,false,2026-10-05T12:29:42.289Z
3010701002794,株式会社ブライエ,13:東京都,336人,300-999人,東京,300-999人 / 東京,1,https://www.brigh-e.co.jp/,200,allowed,,https://www.brigh-e.co.jp/recruit,https://www.brigh-e.co.jp/recruit/,homepageAnchor,採用情報 を見る,ownDomain,high,200,allowed,株式会社ブライエ,true,8,0,false,false,,,1,,false,2026-10-05T12:29:45.927Z
3010701002836,株式会社グローバルシステム,13:東京都,5人,5-9人,東京,5-9人 / 東京,1,http://sys-global.co.jp/,200,allowed,,http://sys-global.co.jp/?page_id=728,http://sys-global.co.jp/?page_id=728,homepageAnchor,採用情報,ownDomain,low,404,allowed,,,1,0,,false,,,0,,false,2026-10-05T12:29:49.327Z
3010701004403,株式会社信興テクノミスト,13:東京都,463人,300-999人,東京,300-999人 / 東京,1,https://www.shinko-1930.co.jp/,200,allowed,,https://www.shinko-1930.co.jp/recruit/,https://www.shinko-1930.co.jp/recruit/,homepageAnchor,就活生の方／新卒採用,ownDomain,high,200,allowed,Shinko Technomist Recruit 2028／2028年度の新卒採用サイト – 株式会社 信興テクノミスト,true,3,0,false,false,,,0,,false,2026-10-05T12:29:46.604Z
3010701011473,ＡＮＡテレマート株式会社,13:東京都,1135人,1000人以上,東京,1000人以上 / 東京,1,https://www.ana-telemart.co.jp/,200,unavailable,,https://www.ana-telemart.co.jp/recruit/ideal/,https://www.ana-telemart.co.jp/recruit/ideal/,homepageAnchor,RECRUIT 求める人物像について,ownDomain,high,200,unavailable,求める人物像について｜ANAテレマート株式会社,true,5,0,false,false,,,0,,false,2026-10-05T12:29:46.031Z
3010701012661,ブリタニカ・ジャパン株式会社,13:東京都,11人,10-29人,東京,10-29人 / 東京,1,https://www.britannica.co.jp/,200,allowed,,,,,,,,,,,,0,2,,false,,,0,,false,
3010701013775,株式会社フォーク,13:東京都,204人,100-299人,東京,100-299人 / 東京,1,https://www.fork.co.jp/,200,allowed,,https://www.fork.co.jp/recruit,https://www.fork.co.jp/recruit/,homepageAnchor,採用情報,ownDomain,high,200,allowed,採用情報 - FORK / フォーク,true,3,0,false,false,,,1,,false,2026-10-05T12:29:48.193Z
3010701023163,株式会社ブロードリーフ,13:東京都,781人,300-999人,東京,300-999人 / 東京,1,http://www.broadleaf.co.jp/,200,unavailable,,https://recruit.broadleaf.co.jp/,https://recruit.broadleaf.co.jp/,homepageAnchor,採用情報,ownDomain,high,200,allowed,ブロードリーフ採用サイト - Be Driven! 突き動かせ、自分！,true,4,0,false,false,,,0,,false,2026-10-05T12:37:08.717Z
3010701031769,アーティクル株式会社,13:東京都,37人,30-99人,東京,30-99人 / 東京,1,https://harch.jp/recruit/personnelsystem,200,allowed,,https://harch.jp/recruit,https://harch.jp/recruit,homepageAnchor,RECRUIT,ownDomain,high,200,allowed,JOIN US | ハーチ株式会社 - サステナブルな未来をデザインするメディアカンパニー,true,6,0,false,false,,,0,,false,2026-10-05T12:29:50.580Z
3010801017461,株式会社システムコラボ,13:東京都,35人,30-99人,東京,30-99人 / 東京,1,https://system-c.org/,200,allowed,,https://system-c.org/recruit/,https://system-c.org/recruit/,homepageAnchor,RECRUIT,ownDomain,high,200,allowed,RECRUIT | 株式会社システムコラボ,true,4,0,false,false,,,0,,false,2026-10-05T12:37:04.210Z
3010801027139,パロットビーク株式会社,13:東京都,16人,10-29人,東京,10-29人 / 東京,1,https://parrotbeak.co.jp/,200,unavailable,,,,,,,,,,,,0,0,,false,,,0,,false,
3010901022213,株式会社アルゴスシステム,13:東京都,9人,5-9人,東京,5-9人 / 東京,1,http://argus0804.com/,200,unavailable,,https://argus0804.com/aboutus/recruit.html,https://argus0804.com/aboutus/recruit.html,homepageAnchor,&emsp;採用情報,ownDomain,high,200,unavailable,採用情報 | 会社案内 | 株式会社アルゴスシステム,true,2,0,false,false,,,0,,false,2026-10-05T12:37:07.457Z
3010901033466,パンパシフィック株式会社,13:東京都,7人,5-9人,東京,5-9人 / 東京,1,https://panpaci.com,200,allowed,,https://panpaci.com/recruit/,https://panpaci.com/recruit/,homepageAnchor,RECRUIT,ownDomain,high,200,allowed,RECRUIT - パンパシフィック株式会社,true,1,0,false,false,,,0,,false,2026-10-05T12:37:03.320Z
3010901041394,株式会社しんげん,13:東京都,2人,1-4人,東京,1-4人 / 東京,1,https://shingen-inc.com/about-us/,200,allowed,,https://shingen-inc.com/recruit/,https://shingen-inc.com/recruit/,homepageAnchor,採用情報,ownDomain,high,200,allowed,採用情報 – しんげん,true,1,0,false,false,,,0,,false,2026-10-05T12:37:05.455Z
3010901055394,Ａｘｙ　Ｍｅｄｉａ　Ｐａｒｔｎｅｒｓ株式会社,13:東京都,3人,1-4人,東京,1-4人 / 東京,1,https://axy-inc.tokyo/,200,allowed,,https://axy-inc.tokyo/recruit-list/,https://axy-inc.tokyo/recruit-list/,homepageAnchor,R E C R U I T,ownDomain,high,200,allowed,RECRUIT（一覧） | Axy Media Partners株式会社,true,2,0,false,false,,,0,,false,2026-10-05T12:37:03.087Z
3010903005273,合同会社セイチ,13:東京都,1人,1-4人,東京,1-4人 / 東京,1,https://seichi.site/,200,unavailable,,,,,,,,,,,,0,0,,false,,,0,,false,
3011001006354,株式会社キャンドゥコンセプト,13:東京都,69人,30-99人,東京,30-99人 / 東京,1,https://www.cando.co.jp/,200,unavailable,,https://www.cando.co.jp/recruit/,https://www.cando.co.jp/recruit/,homepageAnchor,採用情報,ownDomain,high,200,unavailable,キャンドゥコンセプト リクルートサイト,true,1,0,false,false,,,0,https://www.cando.co.jp/recruit/,true,2026-10-05T12:37:02.902Z
3011001006461,キャロルシステム株式会社,13:東京都,81人,30-99人,東京,30-99人 / 東京,1,http://carol.co.jp/,200,unavailable,,https://www.carol.co.jp/recruit/,https://www.carol.co.jp/recruit/,homepageAnchor,採用について,ownDomain,high,200,unavailable,採用TOP | キャロルシステム株式会社,true,3,0,false,false,,,0,,false,2026-10-05T12:37:07.644Z
3011001016337,東京システムズ株式会社,13:東京都,400人,300-999人,東京,300-999人 / 東京,1,http://www.tss-net.jp/,200,unavailable,,https://tss-net.jp/recruit/,https://tss-net.jp/recruit/,homepageAnchor,採用情報TOP,ownDomain,high,200,allowed,採用情報 - 東京システムズ株式会社,true,10,0,false,false,,,0,,false,2026-10-05T12:37:17.796Z
3011001017896,ＮＳＳ株式会社,13:東京都,400人,300-999人,東京,300-999人 / 東京,1,https://www.nsw-ss.co.jp/,200,allowed,,https://www.nsw-ss.co.jp/recruit/,https://www.nsw-ss.co.jp/recruit/,homepageAnchor,採用情報,ownDomain,high,200,allowed,採用情報｜NSS株式会社,true,9,0,false,false,,,0,,false,2026-10-05T12:37:11.159Z
3011001024059,株式会社ユリーカ,20:長野県,58人,30-99人,その他,30-99人 / その他,1,http://viva-eureka.com/,200,allowed,,https://recruit.viva-eureka.com/,https://recruit.viva-eureka.com/,homepageAnchor,採用情報,ownDomain,high,200,allowed,株式会社ユリーカ キャリア採用サイト,true,1,0,false,false,,,0,https://recruit.viva-eureka.com/,true,2026-10-05T12:37:13.636Z
3011001025718,キリンビジネスシステム株式会社,13:東京都,329人,300-999人,東京,300-999人 / 東京,1,http://www.kirinbs.co.jp/,200,unavailable,,https://www.kirinbs.co.jp/recruit/,https://www.kirinbs.co.jp/recruit/,homepageAnchor,採用情報TOP,ownDomain,high,200,unavailable,採用情報｜キリンビジネスシステム,true,3,0,false,false,,,0,,false,2026-10-05T12:37:11.965Z
3011001034545,ユミルリンク株式会社,13:東京都,141人,100-299人,東京,100-299人 / 東京,1,http://www.ymir.co.jp,200,allowed,,https://recruit.ymir.co.jp/,https://recruit.ymir.co.jp/,homepageAnchor,採用情報を見る,ownDomain,high,200,unavailable,YMIRLINK,true,1,0,false,false,,,0,,false,2026-10-05T12:37:08.662Z
3011001035097,株式会社アルファポリス,13:東京都,160人,100-299人,東京,100-299人 / 東京,1,https://ssl4.eir-parts.net/doc/9467/ir_material_for_fiscal_ym/155209/00.pdf,,blocked,blocked_by_robots,,,,,,,,,,,0,0,,true,https://ssl4.eir-parts.net/,,0,,false,
3011001037993,株式会社ソフト流通センター,46:鹿児島県,115人,100-299人,その他,100-299人 / その他,1,https://www.srckagoshima.co.jp/SRC_R/C&R/part_7.html#top,200,allowed,,https://www.srckagoshima.co.jp/SRC_R/RECRUT/index.html,https://www.srckagoshima.co.jp/SRC_R/RECRUT/index.html,homepageAnchor,採用メッセージ,ownDomain,high,200,allowed,SRC,true,5,0,false,false,,,0,,false,2026-10-05T12:37:12.388Z
3011001039098,株式会社インテックソリューションパワー,13:東京都,1228人,1000人以上,東京,1000人以上 / 東京,1,http://www.intec-sp.co.jp,200,allowed,,http://intec-sp.co.jp/recruit/,http://intec-sp.co.jp/recruit/,homepageAnchor,採用情報,ownDomain,high,200,allowed,インテックソリューションパワー採用サイト,true,2,0,false,false,,,0,,false,2026-10-05T12:37:24.499Z
3011001041541,株式会社メディアジーン,13:東京都,143人,100-299人,東京,100-299人 / 東京,1,https://www.mediagene.co.jp/,200,allowed,,https://www.mediagene.co.jp/jobs,https://www.mediagene.co.jp/jobs,homepageAnchor,JOBS,ownDomain,high,200,allowed,JOBS || メディアジーン | Mediagene,true,1,0,false,false,,,0,,false,2026-10-05T12:37:12.674Z
3011001043199,株式会社ミラクルソリューション,13:東京都,90人,30-99人,東京,30-99人 / 東京,1,http://www.miracle-solution.com/,200,unavailable,,https://www.miracle-solution.com/recruit_new/index.html,https://www.miracle-solution.com/recruit_new/index.html,homepageAnchor,採用情報,ownDomain,high,200,unavailable,リクルートサイト｜株式会社ミラクルソリューション - Miracle Solution Inc.,true,10,0,false,false,,,0,http://www.miracle-solution.com/recruit_new/,true,2026-10-05T12:37:16.433Z
3011001056358,アクシスルートホールディングス株式会社,13:東京都,15人,10-29人,東京,10-29人 / 東京,1,https://axisroot-holdings.co.jp/,200,unavailable,,,,,,,,,,,,0,0,,false,,,0,,false,
3011001057199,インフォコム株式会社,13:東京都,727人,300-999人,東京,300-999人 / 東京,1,http://www.infocom.co.jp/,200,allowed,,https://www.infocom.co.jp/ja/recruit/fresh.html,https://www.infocom.co.jp/ja/recruit/fresh.html,homepageAnchor,新卒・キャリア採用,ownDomain,high,200,allowed,新卒・キャリア採用サイト | 人財 | インフォコム株式会社,true,35,0,false,false,,,0,,false,2026-10-05T12:37:21.231Z
3011001057554,株式会社スロウ,13:東京都,5人,5-9人,東京,5-9人 / 東京,1,https://s-low.jp,,unavailable,TypeError:ENOTFOUND,,,,,,,,,,,0,0,,false,,,0,,false,
3011001066076,Ｏｔｓｕｍｕ株式会社,13:東京都,2人,1-4人,東京,1-4人 / 東京,1,https://otsumu.co.jp/,200,allowed,,https://otsumu.co.jp/services/development/recruiting-ats,https://otsumu.co.jp/services/development/recruiting-ats,robotsSitemap,,ownDomain,medium,200,allowed,採用管理（ATS）システム開発｜選考の抜けをなくす | Otsumu,true,11,1,false,false,,,0,,false,2026-10-05T12:37:18.149Z
3011001067132,株式会社Ｕ‐ＮＥＸＴ　ＨＯＬＤＩＮＧＳ,13:東京都,791人,300-999人,東京,300-999人 / 東京,1,https://usen-next.co.jp/,200,unavailable,,https://recruit.unext-hd.co.jp/,https://recruit.unext-hd.co.jp/,homepageAnchor,Recruit 採用情報,otherDomain,high,200,unavailable,U-NEXT HOLDINGS 採用サイト,true,5,0,false,false,,,0,,false,2026-10-05T12:37:17.554Z
3011001068337,株式会社ジモティー,13:東京都,234人,100-299人,東京,100-299人 / 東京,1,http://jmty.jp/,,unavailable,TimeoutError,,,,,,,,,,,0,0,,false,,,0,,false,
3011001070185,株式会社カカオピッコマ,13:東京都,273人,100-299人,東京,100-299人 / 東京,1,https://www.kakaopiccoma.com/,200,allowed,,https://www.kakaopiccoma.com/recruit,https://www.kakaopiccoma.com/recruit,homepageAnchor,採用情報,ownDomain,high,200,allowed,採用情報 | 株式会社カカオピッコマ,true,13,0,false,false,,,0,,false,2026-10-05T12:37:19.406Z
3011001093731,日本プロジェクトソリューションズ株式会社,13:東京都,49人,30-99人,東京,30-99人 / 東京,1,https://www.japan-project-solutions.com/,200,allowed,,https://www.japan-project-solutions.com/recruit,https://www.japan-project-solutions.com/recruit,homepageAnchor,採用,ownDomain,high,200,allowed,採用情報｜日本プロジェクトソリューションズ,true,2,0,false,false,,,0,https://www.japan-project-solutions.com/recruit,true,2026-10-05T12:37:19.830Z
3011001096445,株式会社スペースリー,13:東京都,63人,30-99人,東京,30-99人 / 東京,1,https://info.spacely.co.jp/,200,allowed,,,,,,,,,,,,0,2,,false,,,0,,false,
3011001097105,株式会社サンカ,13:東京都,5人,5-9人,東京,5-9人 / 東京,1,https://sanka.io/ja,200,allowed,,https://sanka.com/ja/career/,https://sanka.com/ja/career/,homepageAnchor,採用情報 募集職種を見る,otherDomain,high,200,allowed,Sanka | 採用情報,true,2,0,true,false,,,0,,false,2026-10-05T12:37:25.790Z
3011001098045,株式会社Ｃａｌｌ　ｔｏ　Ｂｅａｕｔｙ,13:東京都,10人,10-29人,東京,10-29人 / 東京,1,https://corp-call-to-beauty.com/,200,unavailable,,https://change-job-for-nursing-beauty.com/,,homepageLinkOffDomain,Change job for nursing!,otherDomain,low,,,,,4,0,,false,,,0,,false,
3011001098276,株式会社ニューロープ,13:東京都,3人,1-4人,東京,1-4人 / 東京,1,http://newrope.biz,200,unavailable,,,,,,,,,,,,0,0,,false,,,0,,false,
3011001101072,株式会社ＡＳＷ,13:東京都,51人,30-99人,東京,30-99人 / 東京,1,https://a-sw.jp,200,unavailable,,,,,,,,,,,,0,0,,false,,,0,,false,
3011001111633,株式会社サムライソード,13:東京都,9人,5-9人,東京,5-9人 / 東京,1,https://samuraisword.co.jp/,200,allowed,,,,,,,,,,,,0,3,,false,,,0,https://en-gage.net/samuraisword_team/,true,
3011001123876,ＢＳＴ株式会社,13:東京都,22人,10-29人,東京,10-29人 / 東京,1,https://bstinc.co.jp/,200,allowed,,https://bstinc.co.jp/recruit,https://bstinc.co.jp/recruit/,homepageAnchor,RECRUIT,ownDomain,high,200,allowed,採用サイト・募集要項 / BST株式会社,true,8,0,false,false,,,2,,false,2026-10-05T12:37:34.187Z
3011001151134,株式会社ＤｒｕｍＲｏｌｅ,13:東京都,3人,1-4人,東京,1-4人 / 東京,1,https://drumrole.jp/,200,allowed,,,,,,,,,,,,0,3,,false,,,0,,false,
3011001152256,株式会社ＵＣＷＯＲＬＤ,13:東京都,4人,1-4人,東京,1-4人 / 東京,1,https://uc-world.com/,200,allowed,,https://uc-world.com/recruit,https://uc-world.com/recruit,homepageAnchor,採用情報,ownDomain,low,200,allowed,uc-world.com,false,6,0,false,false,,,0,https://jp.indeed.com/cmp/%E6%A0%AA%E5%BC%8F%E4%BC%9A%E7%A4%BEucworld/jobs,true,2026-10-05T12:37:26.502Z
3011001156307,株式会社ＪＩＴＴ,13:東京都,8人,5-9人,東京,5-9人 / 東京,1,https://www.jitt.co.jp/index.html,200,allowed,,https://www.jitt.co.jp/recruit.html,https://www.jitt.co.jp/recruit.html,homepageAnchor,採用情報,ownDomain,low,500,allowed,,,1,0,,false,,,0,,false,2026-10-05T12:37:27.655Z
3011001163022,Ｐｒｏｘ　Ｉｎｄｕｓｔｒｉｅｓ株式会社,13:東京都,23人,10-29人,東京,10-29人 / 東京,1,https://prox-industries.jp/,200,allowed,,https://prox-industries.jp/recruit,https://prox-industries.jp/recruit,robotsSitemap,,ownDomain,medium,200,allowed,Prox Industries Inc. | Recruit,true,1,3,false,false,,,0,,false,2026-10-05T12:37:34.292Z
3011001167072,株式会社ユーソレイド,13:東京都,3人,1-4人,東京,1-4人 / 東京,1,https://u-solaid.com/,200,allowed,,,,,,,,,,,,0,2,,false,,,0,,false,
3011001174861,株式会社ＣＡＪＩＣＯ,13:東京都,1人,1-4人,東京,1-4人 / 東京,1,https://cajico.com,200,allowed,,,,,,,,,,,,0,1,,false,,,0,,false,
3011003020642,株式会社ｄｏｔ　ＵＰ,13:東京都,1人,1-4人,東京,1-4人 / 東京,1,https://dotup.co.jp,404,allowed,http_404,,,,,,,,,,,0,0,,false,,,0,,false,
3011101000686,株式会社アグレックス,13:東京都,1971人,1000人以上,東京,1000人以上 / 東京,1,https://www.agrex.co.jp/sustainability/social/human-resource/,200,unavailable,,https://www.agrex.co.jp/recruit/,https://www.agrex.co.jp/recruit/,homepageAnchor,採用ホーム,ownDomain,high,200,unavailable,採用情報 | 株式会社アグレックス,true,14,0,false,false,,,0,,false,2026-10-05T12:37:31.305Z
3011101002113,株式会社ＮＩＤ　ａｉｒ,13:東京都,170人,100-299人,東京,100-299人 / 東京,1,https://www.nidair.co.jp/,200,unavailable,,https://www.nidair.co.jp/recruit/recruit.html,https://www.nidair.co.jp/recruit/recruit.html,homepageAnchor,採用情報,ownDomain,high,200,unavailable,採用情報｜株式会社NID air,true,3,0,false,false,,,0,,false,2026-10-05T12:37:33.130Z
3011101010181,株式会社システム・フジ,13:東京都,25人,10-29人,東京,10-29人 / 東京,1,https://www.systemfuji.co.jp,200,unavailable,,https://www.systemfuji.co.jp/recruit.html,https://www.systemfuji.co.jp/recruit.html,homepageAnchor,採用情報,ownDomain,high,200,unavailable,株式会社システム・フジ／採用情報,true,5,0,false,false,,,0,https://www.systemfuji.co.jp,true,2026-10-05T12:37:33.826Z
3011101023530,ユーソナー株式会社,13:東京都,230人,100-299人,東京,100-299人 / 東京,1,https://usonar.co.jp/,200,allowed,,https://recruit.usonar.co.jp/,https://recruit.usonar.co.jp/,homepageAnchor,採用情報,ownDomain,high,200,allowed,採用トップ | ユーソナー 採用サイト,true,5,0,false,false,,,0,,false,2026-10-05T12:37:34.595Z
3011101025642,株式会社ニーズウェル,13:東京都,587人,300-999人,東京,300-999人 / 東京,1,https://www.needswell.com/ir/sdgs,200,allowed,,https://www.needswell.com/recruit/,https://www.needswell.com/recruit/,homepageAnchor,採用情報,ownDomain,high,200,allowed,採用トップ | 株式会社ニーズウェル Recruiting Site,true,3,0,false,false,,,0,,false,2026-10-05T12:37:36.269Z
3011101027250,株式会社赤ちゃんとママ社,13:東京都,24人,10-29人,東京,10-29人 / 東京,1,http://www.akamama.co.jp,200,allowed,,,,,,,,,,,,0,3,,false,,,0,,false,
3011101034016,アールシーソリューション株式会社,13:東京都,33人,30-99人,東京,30-99人 / 東京,1,http://www.rcsc.co.jp,200,allowed,,https://job.mynavi.jp/27/pc/search/corp294623/outline.html,,homepageLinkToJobPlatform,2027卒向け 会社説明会ご予約受付中！,jobPlatform,low,,,,,1,3,,false,,,0,,false,
3011101034313,インフォテック・サービス株式会社,13:東京都,458人,300-999人,東京,300-999人 / 東京,1,http://www.iftc-svc.co.jp/,200,allowed,,https://www.iftc-svc.co.jp/recruit_itsv/,https://www.iftc-svc.co.jp/recruit_itsv/,homepageAnchor,採用情報,ownDomain,high,200,allowed,採用サイト｜インフォテック・サービス | 東京都新宿区にある独立系Sierの採用サイトです,true,1,0,false,false,,,0,,false,2026-10-05T12:37:41.520Z
3011101037464,アクアコンピュータサービス株式会社,13:東京都,40人,30-99人,東京,30-99人 / 東京,1,http://www.e-aqua.biz/,200,allowed,,https://www.e-aqua.biz/recruit,https://www.e-aqua.biz/recruit,homepageAnchor,採用情報,ownDomain,high,200,allowed,採用情報 – アクアコンピュータサービス株式会社,true,2,0,false,false,,,0,,false,2026-10-05T12:37:42.257Z
3011101039304,株式会社Ｆａｉｔｈ　Ｐｌａｎｎｉｎｇ　Ｄｅｓｉｇｎ,13:東京都,11人,10-29人,東京,10-29人 / 東京,1,http://www.faith-pd.co.jp/,200,allowed,,https://www.faith-pd.co.jp/recruit-dev,https://www.faith-pd.co.jp/recruit-dev,robotsSitemap,,ownDomain,low,200,allowed,株式会社フェイスプランニングデザイン｜東京、神楽坂のデザイン制作会社,false,1,3,false,false,,,0,,false,2026-10-05T12:37:48.130Z
3011101045005,株式会社Ｏｆｆｉｃｅ　Ｃｏｎｃｉｅｒｇｅ,13:東京都,20人,10-29人,東京,10-29人 / 東京,1,https://office-concierge.co.jp/,200,allowed,,https://office-concierge.co.jp/recruit/,https://office-concierge.co.jp/recruit/,homepageAnchor,採用情報,ownDomain,high,200,allowed,採用情報 | 株式会社Office Concierge｜建設業専用業務統合システム建設BALENA,true,1,0,false,false,,,0,,false,2026-10-05T12:37:39.546Z
3011101052934,株式会社スペースリンク,13:東京都,20人,10-29人,東京,10-29人 / 東京,1,http://spacelink.co.jp,200,allowed,,https://spacelink.co.jp/recruit/index.html,https://spacelink.co.jp/recruit/index.html,homepageAnchor,RECRUIT →,ownDomain,high,200,allowed,採用情報｜株式会社スペースリンク,true,2,0,false,false,,,0,,false,2026-10-05T12:37:44.026Z
3011101061778,株式会社アイ・ユー・ケイ,13:東京都,190人,100-299人,東京,100-299人 / 東京,1,https://www.iukinc.co.jp/,200,allowed,,https://www.iukinc.co.jp/recruit,https://www.iukinc.co.jp/recruit,homepageAnchor,採用情報,ownDomain,high,200,allowed,採用情報｜株式会社アイ・ユー・ケイ IUK Inc.,true,5,0,false,false,,,0,,false,2026-10-05T12:37:42.960Z
3011101062636,アールアイ・ソフトウェア株式会社,13:東京都,207人,100-299人,東京,100-299人 / 東京,1,http://www.ris.co.jp,200,allowed,,https://www.ris.co.jp/recruit/,https://www.ris.co.jp/recruit/,homepageAnchor,採用情報,ownDomain,high,200,allowed,採用情報 | アールアイ・ソフトウェア株式会社,true,2,0,false,false,,,0,,false,2026-10-05T12:37:49.486Z
3011101068187,株式会社バーネット,13:東京都,21人,10-29人,東京,10-29人 / 東京,1,http://www.barnet.co.jp/,200,unavailable,,,,,,,,,,,,0,0,,false,,,0,,false,
3011101069598,株式会社ステップＩＴソリューション,13:東京都,27人,10-29人,東京,10-29人 / 東京,1,https://www.step-its.com/,200,allowed,,https://www.step-its.com/recruit,https://www.step-its.com/recruit,robotsSitemap,,ownDomain,medium,200,allowed,RECRUIT | 株式会社ステップITソリューション,true,1,2,false,false,,,0,,false,2026-10-05T12:37:51.580Z
3011101083715,株式会社ハルメクホールディングス,13:東京都,34人,30-99人,東京,30-99人 / 東京,1,https://halmek-holdings.co.jp/,200,allowed,,https://www.halmek-holdings.co.jp/careers/,https://www.halmek-holdings.co.jp/careers/,homepageAnchor,採用情報,ownDomain,high,200,allowed,採用情報 | 株式会社ハルメクホールディングス,true,7,0,false,false,,,0,,false,2026-10-05T12:37:51.780Z
3011101091214,株式会社つくね,11:埼玉県,6人,5-9人,主要都市圏,5-9人 / 主要都市圏,1,https://www.tsukune29ne.com/,200,allowed,,,,,,,,,,,,0,2,,false,,,0,,false,
3011101099158,株式会社イチロク,13:東京都,5人,5-9人,東京,5-9人 / 東京,1,https://16match.co.jp/,200,allowed,,,,,,,,,,,,0,4,,false,,,0,,false,
3011401015013,日本ＳＥ株式会社,13:東京都,440人,300-999人,東京,300-999人 / 東京,1,http://www.jse.co.jp/,200,allowed,,https://jse.co.jp/recruitment/,https://jse.co.jp/recruitment/,homepageAnchor,採用情報,ownDomain,high,200,allowed,日本ＳＥ株式会社 採用情報,true,2,0,false,false,,,0,,false,2026-10-05T12:38:00.003Z
3011401021259,株式会社ＩＣＴ－Ｏ,13:東京都,25人,10-29人,東京,10-29人 / 東京,1,https://ict-o.com/,200,allowed,,https://ict-o.com/recruit,https://ict-o.com/recruit,robotsSitemap,,ownDomain,low,200,allowed,株式会社ICT-O｜SES・システム開発・DX支援,false,1,1,false,false,,,0,,false,2026-10-05T12:37:54.304Z
3011601019433,ケーアールジー株式会社,13:東京都,3人,1-4人,東京,1-4人 / 東京,1,https://krg-inc.jp/,200,allowed,,,,,,,,,,,,0,1,,false,,,0,,false,
3011701012957,株式会社ケイ・アイ・シー,13:東京都,21人,10-29人,東京,10-29人 / 東京,1,https://www.ki-c.co.jp/,200,allowed,,https://ki-c.co.jp/recruit/,https://ki-c.co.jp/recruit/,homepageAnchor,採用情報,ownDomain,high,200,allowed,採用情報 – 株式会社ケイ・アイ・シー,true,1,0,false,false,,,0,,false,2026-10-05T12:38:00.652Z
3011801036393,株式会社フォーセシステム,13:東京都,3人,1-4人,東京,1-4人 / 東京,1,https://forse.tokyo/,200,allowed,,,,,,,,,,,,0,0,,false,,,0,,false,
3012301011291,アップストリームジャパン株式会社,13:東京都,11人,10-29人,東京,10-29人 / 東京,1,https://www.upstream-j.co.jp/,200,allowed,,https://www.upstream-j.co.jp/recruit,https://www.upstream-j.co.jp/recruit,homepageAnchor,採用情報,ownDomain,high,200,allowed,採用情報 | アップストリームジャパン株式会社,true,1,0,false,false,,,0,,false,2026-10-05T12:37:55.226Z
3012401015291,シー・ディー・エル株式会社,34:広島県,5人,5-9人,その他,5-9人 / その他,1,http://cdl-net.com/index.html,404,allowed,http_404,https://www.cdl-net.com/recruit-lp,https://www.cdl-net.com/recruit-lp,homepageAnchor,モデルベース開発エンジニア （未経験採用）,ownDomain,high,200,allowed,モデルベース開発エンジニア採用（未経験歓迎／名古屋勤務） | シー・ディー・エル株式会社,true,8,0,false,true,https://www.cdl-net.com/,200,0,,false,2026-10-05T12:38:09.181Z
3012701002527,株式会社マークス,13:東京都,332人,300-999人,東京,300-999人 / 東京,1,http://www.marksnet.co.jp/,200,allowed,,https://www.marksnet.co.jp/recruit/,https://www.marksnet.co.jp/recruit/,homepageAnchor,採用情報,ownDomain,high,200,allowed,採用情報 | 株式会社マークス,true,7,0,false,false,,,0,,false,2026-10-05T12:38:01.963Z
3012701011131,アヴァント株式会社,13:東京都,123人,100-299人,東京,100-299人 / 東京,1,https://avant-sl.com/,200,allowed,,https://avant-sl.com/recruit,https://avant-sl.com/recruit,robotsSitemap,,ownDomain,low,200,allowed,AVANT｜アヴァント株式会社｜DXでお客様のビジネスを成功に導く,false,1,3,false,false,,,0,,false,2026-10-05T12:38:03.002Z
3012801020008,ＰＯＣ－ＤＣ株式会社,13:東京都,6人,5-9人,東京,5-9人 / 東京,1,https://poc-dc.com/,200,allowed,,,,,,,,,,,,0,2,,false,,,0,,false,
3013201000954,株式会社ＮＴＴデータＮＪＫ,13:東京都,831人,300-999人,東京,300-999人 / 東京,1,https://www.njk.co.jp/,200,allowed,,https://www.njk.co.jp/recruits,https://www.njk.co.jp/recruits,homepageAnchor,採用情報,ownDomain,high,200,allowed,採用情報 | 株式会社NTTデータNJK,true,1,0,false,false,,,0,,false,2026-10-05T12:38:03.154Z
3013301019556,株式会社マルジュ,13:東京都,25人,10-29人,東京,10-29人 / 東京,1,http://www.maru.jp/,200,allowed,,https://corp.maru.jp/recruit/,https://corp.maru.jp/recruit/,homepageAnchor,採用情報,ownDomain,high,200,allowed,採用情報 | 株式会社マルジュ,true,6,0,false,false,,,0,,false,2026-10-05T12:38:08.684Z
3013301020761,株式会社アリーナ・プロフェッショナル,13:東京都,70人,30-99人,東京,30-99人 / 東京,1,http://www.arena-pro.co.jp,200,allowed,,https://arena-pro.co.jp/recruit/,https://arena-pro.co.jp/recruit/,homepageAnchor,採用情報,ownDomain,high,200,allowed,採用情報 | 株式会社アリーナ・プロフェッショナル,true,3,0,false,false,,,0,,false,2026-10-05T12:38:09.454Z
3013301022865,日本データベース開発株式会社,13:東京都,158人,100-299人,東京,100-299人 / 東京,1,http://www.ndk.co.jp/,200,allowed,,https://ndk.co.jp/recruit_privacy/,https://ndk.co.jp/recruit_privacy/,homepageAnchor,採用者の個人情報の取扱いについて,ownDomain,high,200,allowed,採用者の個人情報の取扱いについて | NDK,true,8,0,false,false,,,0,,false,2026-10-05T12:38:17.585Z
3013301025851,ＮＴＴ　ＭＥ株式会社,13:東京都,13082人,1000人以上,東京,1000人以上 / 東京,1,http://www.ntt-me.co.jp/,200,unavailable,,https://www.ntt-me.co.jp/recruit/,https://www.ntt-me.co.jp/recruit/,homepageAnchor,採用情報,ownDomain,high,200,unavailable,採用情報 | NTT ME,true,1,0,false,false,,,0,,false,2026-10-05T12:38:10.791Z
3013301029274,アイディアファクトリー株式会社,13:東京都,169人,100-299人,東京,100-299人 / 東京,1,http://www.ideaf.co.jp/,200,unavailable,,https://www.ideaf-recruit.jp/,,homepageLinkOffDomain,採用情報 Employment Information,otherDomain,low,,,,,1,0,,false,,,0,,false,
3013301043507,株式会社カナグ,13:東京都,5人,5-9人,東京,5-9人 / 東京,1,https://kanagu-inc.jp/,200,allowed,,https://kanagu-inc.jp/recruit/,https://kanagu-inc.jp/recruit/,homepageAnchor,RECRUIT 採用情報,ownDomain,high,200,allowed,RECRUIT - 株式会社カナグ,true,3,0,false,false,,,0,,false,2026-10-05T12:38:07.475Z
3013401001281,株式会社多摩テレビ,13:東京都,43人,30-99人,東京,30-99人 / 東京,1,https://www.ttv.co.jp/,200,allowed,,https://www.ttv.co.jp/company/recruit,https://www.ttv.co.jp/company/recruit,homepageAnchor,採用情報,ownDomain,high,200,allowed,採用情報 | 多摩テレビ,true,2,0,false,false,,,0,,false,2026-10-05T12:38:11.315Z
3013401002461,インフィニティメディカルソフト株式会社,13:東京都,23人,10-29人,東京,10-29人 / 東京,1,https://inf-medicalsoft.co.jp/recruit/,200,allowed,,https://inf-medicalsoft.co.jp/recruit/,https://inf-medicalsoft.co.jp/recruit/,homepageAnchor,採用情報,ownDomain,high,200,allowed,採用情報 -,true,1,0,false,false,,,0,,false,2026-10-05T12:38:12.271Z
3020001003220,日興テクノス株式会社,14:神奈川県,84人,30-99人,主要都市圏,30-99人 / 主要都市圏,1,https://www.nikko-technos.com/csr/,200,allowed,,https://www.nikko-technos.com/recruit-new-grad/,https://www.nikko-technos.com/recruit-new-grad/,homepageAnchor,採用情報,ownDomain,high,200,allowed,日興テクノス株式会社,true,4,0,false,false,,,0,,false,2026-10-05T12:38:14.240Z
3020001023367,シンポー情報システム株式会社,14:神奈川県,400人,300-999人,主要都市圏,300-999人 / 主要都市圏,1,http://www.shimpo.co.jp,200,allowed,,https://www.shimpo.co.jp/recruit,https://www.shimpo.co.jp/recruit,robotsSitemap,,ownDomain,medium,200,allowed,採用情報｜シンポー情報システム株式会社,true,6,3,false,false,,,0,,false,2026-10-05T12:38:22.175Z
3020001025644,図研エルミック株式会社,14:神奈川県,52人,30-99人,主要都市圏,30-99人 / 主要都市圏,1,http://www.elwsc.co.jp/,200,allowed,,https://www.elwsc.co.jp/recruit,https://www.elwsc.co.jp/recruit/,homepageAnchor,採用情報トップ,ownDomain,high,200,allowed,図研エルミック採用ページTOP,true,10,0,false,false,,,1,,false,2026-10-05T12:38:19.250Z
3020001032599,株式会社日立ハイシステム２１,14:神奈川県,884人,300-999人,主要都市圏,300-999人 / 主要都市圏,1,https://www.hs21.co.jp/,200,unavailable,,https://www.hs21.co.jp/recruit/index.html,https://www.hs21.co.jp/recruit/index.html,homepageAnchor,採用情報,ownDomain,high,200,unavailable,採用情報：株式会社日立ハイシステム２１,true,4,0,false,false,,,0,,false,2026-10-05T12:38:14.003Z
3020001037904,株式会社メビウス,14:神奈川県,107人,100-299人,主要都市圏,100-299人 / 主要都市圏,1,http://www.mebius.co.jp/,,unavailable,TypeError:ENOTFOUND,,,,,,,,,,,0,0,,false,,,0,,false,
3020001045436,株式会社Ｏ・Ｎ・Ｔ,14:神奈川県,30人,30-99人,主要都市圏,30-99人 / 主要都市圏,1,https://ont.co.jp/compliance/,200,allowed,,,,,,,,,,,,0,3,,true,https://ont.co.jp/,200,0,,false,
3020001047944,株式会社カールビット,14:神奈川県,118人,100-299人,主要都市圏,100-299人 / 主要都市圏,1,http://www.karbit.co.jp/,200,allowed,,https://www.karbit.co.jp/recruit.html,https://www.karbit.co.jp/recruit.html,homepageUrlPattern,詳しくみる,ownDomain,medium,200,allowed,採用情報 | 株式会社カールビット | 課題に応えるICTパートナー,true,1,0,false,false,,,0,,false,2026-10-05T12:38:22.315Z
3020001053240,株式会社ティー・アンド・エス・システムズ,13:東京都,25人,10-29人,東京,10-29人 / 東京,1,https://www.t-s-systems.com,200,unavailable,,https://www.t-s-systems.com/recruit/experienced.html,https://www.t-s-systems.com/recruit/experienced.html,homepageUrlPattern,経験者の方はこちら,ownDomain,medium,200,unavailable,採用情報｜T&Sシステムズ,true,2,0,false,false,,,0,,false,2026-10-05T12:38:17.456Z
3020001065244,アイシス株式会社,14:神奈川県,20人,10-29人,主要都市圏,10-29人 / 主要都市圏,1,http://www.isis.co.jp/,200,allowed,,https://isis.co.jp/recruit/,https://www.isis.co.jp/recruit/,homepageAnchor,Recruit,ownDomain,high,200,allowed,採用情報 | アイシス株式会社,true,2,0,false,false,,,1,http://www.isis.co.jp/recruit/,true,2026-10-05T12:38:27.171Z
3020001081423,輸出入・港湾関連情報処理センター株式会社,13:東京都,100人,100-299人,東京,100-299人 / 東京,1,https://www.naccs.jp/aboutcenter/sustainability-index.html,200,unavailable,,https://www.naccs.jp/recruit/outline/index.html,https://www.naccs.jp/recruit/outline/index.html,homepageAnchor,採用情報,ownDomain,high,200,unavailable,新卒採用情報 | NACCS,true,1,0,false,false,,,0,,false,2026-10-05T12:38:20.326Z
3020001091240,富士ゼロックスアドバンストテクノロジー株式会社,14:神奈川県,1313人,1000人以上,主要都市圏,1000人以上 / 主要都市圏,1,http://www.fxat.co.jp/,,unavailable,TypeError:ENOTFOUND,,,,,,,,,,,0,0,,false,,,0,,false,
3020001104415,スマイルテクノロジーユナイテッド株式会社,14:神奈川県,3人,1-4人,主要都市圏,1-4人 / 主要都市圏,1,http://www.stu-inc.com/,200,unavailable,,https://www.stu-inc.com/recruitment,https://www.stu-inc.com/recruitment,homepageAnchor,採用情報,ownDomain,high,200,unavailable,スマイルテクノロジーユナイテッド株式会社,true,2,0,false,false,,,0,,false,2026-10-05T12:38:25.344Z
3020001106287,株式会社ＧＥＥＸ,13:東京都,28人,10-29人,東京,10-29人 / 東京,1,http://www.geexjp.com,200,allowed,,https://en-gage.net/geexjp_recruit/,https://en-gage.net/geexjp_recruit/,homepageLinkToOfficialAts,engage ›,atsHosted,medium,200,allowed,株式会社ＧＥＥＸの採用・求人情報-engage,true,3,0,false,false,,,0,,false,2026-10-05T12:38:39.608Z
3020001115627,株式会社シスメトン,14:神奈川県,9人,5-9人,主要都市圏,5-9人 / 主要都市圏,1,http://cisumeton.com/,200,allowed,,,,,,,,,,,,0,2,,false,,,0,,false,
3020001115701,株式会社ＪＡＣＯＦ,14:神奈川県,7人,5-9人,主要都市圏,5-9人 / 主要都市圏,1,http://jacof.co.jp/,200,allowed,,https://jacof.co.jp/information/media-05.html,https://jacof.co.jp/information/media-05.html,homepageAnchor,【メディア】街の屋根やさん・街の外壁塗装やさん加盟店が採用する遮熱断熱塗料ダンネストが省エネ大賞「経済産業大臣賞」を受賞,ownDomain,high,200,allowed,【メディア】街の屋根やさん・街の外壁塗装やさん加盟店が採用する遮熱断熱塗料ダンネストが省エネ大賞「経済産業大臣賞」を受賞,true,1,0,false,false,,,0,,false,2026-10-05T12:38:26.641Z
3020001161976,株式会社スリスタ,14:神奈川県,1人,1-4人,主要都市圏,1-4人 / 主要都市圏,1,https://surisuta.jp,200,allowed,,https://surisuta.jp/recruit,https://surisuta.jp/recruit,robotsSitemap,,ownDomain,low,200,allowed,株式会社スリスタ,false,1,2,false,false,,,0,,false,2026-10-05T12:38:28.802Z
3021001002724,株式会社サーフレジェンド,14:神奈川県,28人,10-29人,主要都市圏,10-29人 / 主要都市圏,1,http://www.surflegend.co.jp,200,allowed,,https://www.surflegend.co.jp/news_category/recruit/,https://www.surflegend.co.jp/news_category/recruit/,homepageAnchor,採用情報,ownDomain,high,200,allowed,採用情報 | お知らせカテゴリ― | 株式会社サーフレジェンド,true,2,0,false,false,,,0,,false,2026-10-05T12:38:27.603Z
3021001043693,株式会社ネクストレベル,13:東京都,7人,5-9人,東京,5-9人 / 東京,1,http://next-level.biz/,200,allowed,,https://www.wantedly.com/companies/next-level/projects,,homepageLinkToJobPlatform,採用情報 （外部サイトへリンク）,jobPlatform,low,,,,,1,2,,false,,,0,,false,
3021001046135,株式会社分析屋,14:神奈川県,305人,300-999人,主要都市圏,300-999人 / 主要都市圏,1,https://analytics-jp.com/,200,allowed,,https://recruit.analytics-jp.com/,https://recruit.analytics-jp.com/,homepageAnchor,採用情報,ownDomain,high,200,allowed,分析屋採用サイト | 採用サイト,true,2,0,false,false,,,0,,false,2026-10-05T12:38:29.013Z
3030001012162,ＡＧＳプロサービス株式会社,11:埼玉県,531人,300-999人,主要都市圏,300-999人 / 主要都市圏,1,http://www.ags-ps.co.jp/index.html,200,unavailable,,https://www.ags-ps.co.jp/saiyou/,https://www.ags-ps.co.jp/saiyou/,homepageAnchor,採用情報,ownDomain,high,200,unavailable,採用情報｜ＡＧＳプロサービス株式会社,true,7,0,false,false,,,0,,false,2026-10-05T12:38:35.897Z
3030001014786,株式会社ワールドリンク,11:埼玉県,24人,10-29人,主要都市圏,10-29人 / 主要都市圏,1,http://world-link-system.com/index.html,200,unavailable,,,,,,,,,,,,0,0,,true,http://world-link-system.com/,200,0,,false,
3030001113778,Ｓａｚｅ株式会社,13:東京都,113人,100-299人,東京,100-299人 / 東京,1,https://saze.co.jp/,200,allowed,,https://saze.co.jp/recruit/,https://saze.co.jp/recruit/,homepageAnchor,Recruit,ownDomain,high,200,allowed,採用情報｜Saze株式会社｜人事評価のない自由なIT組織,true,2,0,false,false,,,0,,false,2026-10-05T12:38:31.010Z
3030001118050,イントラサービス株式会社,11:埼玉県,2人,1-4人,主要都市圏,1-4人 / 主要都市圏,1,https://intra-service.jp/,200,allowed,,,,,,,,,,,,0,2,,false,,,0,,false,
3030001167262,ジョブモア株式会社,11:埼玉県,1人,1-4人,主要都市圏,1-4人 / 主要都市圏,1,https://jobmore.co.jp/,200,allowed,,https://jobmore.co.jp/recruiters/,https://jobmore.co.jp/recruiters/,homepageAnchor,求人掲載（無料・企業向け）,ownDomain,high,200,allowed,求人掲載 - 無料で掲載できる求人サイト | Jobmore（ジョブモア）,true,181,0,false,false,,,0,,false,2026-10-05T12:38:32.159Z
3030005012927,一般社団法人ＧｒｏｗＡｓＰｅｏｐｌｅ,13:東京都,4人,1-4人,東京,1-4人 / 東京,1,http://www.growaspeople.org,200,allowed,,,,,,,,,,,,0,1,,false,,,0,,false,
3040001004596,ちばぎんコンピューターサービス株式会社,12:千葉県,242人,100-299人,主要都市圏,100-299人 / 主要都市圏,1,http://www.ccsnet.co.jp/,200,allowed,,https://www.ccsnet.co.jp/recruit/,https://www.ccsnet.co.jp/recruit/,homepageAnchor,採用情報,ownDomain,high,200,allowed,採用情報 | ちばぎんコンピューターサービス株式会社,true,1,0,false,false,,,0,,false,2026-10-05T12:38:42.741Z
3040001014059,イオンマーケティング株式会社,12:千葉県,116人,100-299人,主要都市圏,100-299人 / 主要都市圏,1,http://www.aeonmarketing.co.jp,200,unavailable,,http://www.aeonmarketing.co.jp/recruit/,http://www.aeonmarketing.co.jp/recruit/,homepageAnchor,採用情報,ownDomain,high,200,unavailable,採用情報 | イオンマーケティング株式会社イオンマーケティング株式会社,true,1,0,false,false,,,0,,false,2026-10-05T12:38:34.260Z
3040001051614,株式会社イーエスケイ,12:千葉県,76人,30-99人,主要都市圏,30-99人 / 主要都市圏,1,http://www.eskfw.co.jp,200,allowed,,https://www.eskfw.co.jp/recruit,https://www.eskfw.co.jp/recruit,homepageAnchor,採用情報,ownDomain,high,200,allowed,採用情報 – 株式会社イーエスケイ,true,5,0,false,false,,,0,,false,2026-10-05T12:38:44.065Z
3050001001163,常陽コンピューターサービス株式会社,08:茨城県,127人,100-299人,その他,100-299人 / その他,1,http://www.joyonet.jp/,200,unavailable,,https://www.joyonet.jp/recruit/index.html,https://www.joyonet.jp/recruit/index.html,homepageAnchor,採用情報,ownDomain,high,200,unavailable,採用情報｜常陽コンピューターサービス株式会社,true,3,0,false,false,,,0,,false,2026-10-05T12:38:42.003Z
3050001003341,日本システム・エイト株式会社,08:茨城県,235人,100-299人,その他,100-299人 / その他,1,https://nse-inc.co.jp,200,unavailable,,https://nse-inc.co.jp/recruit/new-graduate/,https://nse-inc.co.jp/recruit/new-graduate/,homepageAnchor,新卒採用情報,ownDomain,high,200,unavailable,採用情報 | 日本システム・エイト株式会社,true,5,0,false,false,,,0,,false,2026-10-05T12:38:39.034Z
3050001006591,インターソシオシステム株式会社,08:茨城県,35人,30-99人,その他,30-99人 / その他,1,https://www.socio.co.jp,200,unavailable,,https://www.socio.co.jp/?page_id=23,https://www.socio.co.jp/?page_id=23,homepageAnchor,採用案内,ownDomain,high,200,unavailable,採用案内 | インターソシオ システム株式会社,true,2,0,false,false,,,0,,false,2026-10-05T12:38:40.238Z
3050001046547,株式会社Ｋ－プロモーション,08:茨城県,4人,1-4人,その他,1-4人 / その他,1,https://k-promotion.co.jp/,200,allowed,,https://k-promotion.co.jp/ricrut/,https://k-promotion.co.jp/ricrut/,homepageAnchor,求人情報,ownDomain,high,200,allowed,求人情報 | 株式会社Ｋ-プロモーション,true,1,0,false,false,,,0,,false,2026-10-05T12:38:42.336Z
3060001007358,アップデート株式会社,09:栃木県,17人,10-29人,その他,10-29人 / その他,1,https://updx.co.jp/,200,allowed,,https://updx.co.jp/recruit/,https://updx.co.jp/recruit/,homepageAnchor,RECRUIT 採用情報,ownDomain,high,200,allowed,採用サイト | アップデート株式会社,true,4,0,false,false,,,0,,false,2026-10-05T12:38:42.284Z
3070001005352,株式会社リネイル,10:群馬県,46人,30-99人,その他,30-99人 / その他,1,http://www.reneil.jp/,200,allowed,,https://www.reneil.jp/recruitment,https://www.reneil.jp/recruitment,homepageAnchor,採用情報,ownDomain,high,200,allowed,採用情報｜株式会社リネイル,true,1,0,false,false,,,0,,false,2026-10-05T12:38:45.506Z
3070001019922,株式会社日東システムテクノロジーズ,10:群馬県,155人,100-299人,その他,100-299人 / その他,1,https://www.nittosys.co.jp/,200,allowed,,https://www.nittosys.co.jp/p0308midcareer.php,https://www.nittosys.co.jp/p0308midcareer.php,homepageAnchor,中途採用,ownDomain,high,200,allowed,中途採用 | 日東システムテクノロジーズ,true,4,0,false,false,,,0,,false,2026-10-05T12:38:42.951Z
3080001000229,株式会社アドテクニカ,22:静岡県,21人,10-29人,その他,10-29人 / その他,1,https://www.adtechnica.co.jp/,200,unavailable,,https://www.adtechnica.co.jp/partner/entry.html,https://www.adtechnica.co.jp/partner/entry.html,homepageUrlPattern,パートナー希望 当社製品を販売するセールスパートナーになりたい方、またはホームページのデザインやシステム開発を発注したい業務委託パートナーをご希望の方はこちらからお問い合わせください。,ownDomain,medium,200,unavailable,パートナー募集申込みフォーム - ビジネスパートナー募集 - コミュニケーションデザイン＆システム 株式会社アドテクニカ,true,2,0,false,false,,,0,,false,2026-10-05T12:38:44.921Z
3080001011085,株式会社Ｎｅｗデイシス,22:静岡県,169人,100-299人,その他,100-299人 / その他,1,https://www.newdaysys.co.jp/,200,unavailable,,https://www.newdaysys.co.jp/recruit/,https://www.newdaysys.co.jp/recruit/,homepageAnchor,採用情報,ownDomain,high,200,unavailable,採用情報 │ リクルートサイト │ 株式会社Newデイシス,true,5,0,false,false,,,0,,false,2026-10-05T12:38:45.180Z
3080101016348,株式会社ＴＯＫＡＩケーブルネットワーク,22:静岡県,287人,100-299人,その他,100-299人 / その他,1,http://tokai-catv.co.jp/,200,allowed,,https://www.recruit.tokaiholdings.co.jp/recruitment/,,homepageLinkOffDomain,TOKAIケーブルネットワークの採用情報,otherDomain,low,,,,,1,2,,false,,,0,,false,
3080101018831,株式会社アイ・ネクスト,22:静岡県,6人,5-9人,その他,5-9人 / その他,1,https://i-next.tech,200,allowed,,https://i-next.tech/recruit/,https://i-next.tech/recruit/,homepageAnchor,"We Enploy a ""NEXT"" Enginner -採用情報-",ownDomain,high,200,allowed,採用情報 | inext,true,2,0,false,false,,,0,,false,2026-10-05T12:38:47.638Z
3080101022619,スノーリーズ株式会社,22:静岡県,2人,1-4人,その他,1-4人 / その他,1,https://www.snowlys.co.jp/,200,allowed,,,,,,,,,,,,0,3,,false,,,0,,false,
3080401004333,株式会社ハブ,22:静岡県,20人,10-29人,その他,10-29人 / その他,1,http://www.habu-jp.com/,200,allowed,,http://habu-jp.com/recruit/,http://habu-jp.com/recruit/,homepageAnchor,採用情報,ownDomain,high,200,allowed,採用情報 – 株式会社ハブ,true,4,0,false,false,,,0,,false,2026-10-05T12:38:51.108Z
3080401005447,株式会社モアソンジャパン,22:静岡県,200人,100-299人,その他,100-299人 / その他,1,https://www.morson.jp/,200,unavailable,,https://recruit.morson.jp/,https://recruit.morson.jp/,homepageAnchor,採用情報,ownDomain,high,200,allowed,株式会社モアソンジャパン 採用サイト,true,1,0,false,false,,,0,,false,2026-10-05T12:38:47.408Z
3080401005901,株式会社ロジック,22:静岡県,43人,30-99人,その他,30-99人 / その他,1,http://logic-soft.jp,200,allowed,,https://logic-soft.jp/recruit/,https://logic-soft.jp/recruit/,homepageAnchor,RECRUIT,ownDomain,high,200,allowed,採用情報 | 株式会社ロジック | 浜松市のITエンジニア求人,true,1,0,false,false,,,0,,false,2026-10-05T12:38:52.743Z
3080401016485,ヤマハモーターソリューション株式会社,22:静岡県,435人,300-999人,その他,300-999人 / その他,1,https://www.ymsl.co.jp/,200,unavailable,,https://www.ymsl.co.jp/recruit/,https://www.ymsl.co.jp/recruit/,homepageAnchor,採用情報,ownDomain,high,200,unavailable,採用情報 | ヤマハモーターソリューション株式会社,true,4,0,false,false,,,0,,false,2026-10-05T12:38:48.412Z
3080402019322,有限会社フリーライディング,22:静岡県,1人,1-4人,その他,1-4人 / その他,1,http://freeriding.jp/,200,allowed,,,,,,,,,,,,0,3,,false,,,0,,false,
3090001000806,株式会社コンピュータマインド,19:山梨県,171人,100-299人,その他,100-299人 / その他,1,https://www.compmind.co.jp,200,allowed,,https://compmind-recruit.com/,,homepageLinkOffDomain,採用サイト,otherDomain,low,,,,,2,3,,false,,,0,,false,
3100001001224,信濃毎日新聞株式会社,20:長野県,440人,300-999人,その他,300-999人 / その他,1,http://www.shinmai.co.jp,200,allowed,,https://www.shinmai.co.jp/corporate/subscription/parttimejob/,https://www.shinmai.co.jp/corporate/subscription/parttimejob/,homepageAnchor,配達アルバイト募集,ownDomain,high,200,allowed,長野県内の新聞販売店で一緒に働きませんか？,true,3,0,false,false,,,0,,false,2026-10-05T12:38:55.360Z
3100001010035,株式会社東京コンピューター,20:長野県,36人,30-99人,その他,30-99人 / その他,1,http://www.tokyo-computer.com,,unavailable,TypeError:ENOTFOUND,,,,,,,,,,,0,0,,false,,,0,,false,
3110001000745,株式会社第四北越ＩＴソリューションズ,15:新潟県,230人,100-299人,その他,100-299人 / その他,1,https://www.ncs-ngt.co.jp/about/work_environment,,unavailable,TypeError:ENOTFOUND,,,,,,,,,,,0,0,,true,https://www.ncs-ngt.co.jp/,,0,,false,
3110001007567,株式会社ビット・エイ,15:新潟県,185人,100-299人,その他,100-299人 / その他,1,http://www.bit.or.jp/,200,allowed,,https://www.bit.or.jp/bita_recruit/,https://www.bit.or.jp/bita_recruit/,homepageAnchor,採用情報,ownDomain,high,200,allowed,新潟｜採用｜求人｜新卒｜株式会社ビット・エイ｜コメリグループ,true,8,0,true,false,,,0,,false,2026-10-05T12:38:55.999Z
3110001009084,株式会社プライムネット,15:新潟県,35人,30-99人,その他,30-99人 / その他,1,http://primenet-group.com/,200,allowed,,https://niigata.job-expo.jp/company.php?rtype=s&cid=15194000019,,homepageLinkOffDomain,採用情報,otherDomain,low,,,,,2,3,,false,,,0,,false,
3110001022995,株式会社エヌ・シィ・ティ,15:新潟県,131人,100-299人,その他,100-299人 / その他,1,https://www.nct9.co.jp/about/activities/,200,allowed,,https://www.nct9.co.jp/recruit/,https://www.nct9.co.jp/recruit/,homepageAnchor,採用情報,ownDomain,high,200,allowed,NCT リクルートサイト,true,1,0,false,false,,,0,,false,2026-10-05T12:38:55.643Z
3110001023572,株式会社メビウス,15:新潟県,278人,100-299人,その他,100-299人 / その他,1,https://www.mob.co.jp,200,unavailable,,https://recruit.mob.co.jp/,https://recruit.mob.co.jp/,homepageAnchor,Recruit,ownDomain,high,200,allowed,株式会社メビウス｜採用サイト,true,2,0,false,false,,,0,,false,2026-10-05T12:38:56.215Z
3110001033984,株式会社ｏＲｏ　ｃｏｄｅ　ＭＯＣ,15:新潟県,87人,30-99人,その他,30-99人 / その他,1,https://comedoc.oro.com/about/,200,unavailable,,https://www.oro.com/recruit/career/codemoc/,https://www.oro.com/recruit/career/codemoc/,homepageAnchor,RECRUIT,ownDomain,high,200,allowed,oRo code MOC｜キャリア採用｜採用情報｜株式会社オロ,true,1,0,false,false,,,0,,false,2026-10-05T12:38:57.134Z
3120001042051,株式会社オージス総研,27:大阪府,1725人,1000人以上,主要都市圏,1000人以上 / 主要都市圏,1,https://www.ogis-ri.co.jp/csr/workbalance/,200,allowed,,https://www.ogis-ri.co.jp/recruit/,https://www.ogis-ri.co.jp/recruit/,homepageAnchor,採用情報,ownDomain,high,200,allowed,オージス総研│採用情報,true,1,0,false,false,,,0,,false,2026-10-05T12:38:58.520Z
3120001059871,アガ・システム株式会社,27:大阪府,30人,30-99人,主要都市圏,30-99人 / 主要都市圏,1,http://www.agasystem.co.jp/,200,unavailable,,https://www.agasystem.co.jp/recruit.html,https://www.agasystem.co.jp/recruit.html,homepageAnchor,求人情報,ownDomain,high,200,unavailable,AGA SYSTEM SITE,true,1,0,false,false,,,0,,false,2026-10-05T12:39:03.405Z
3120001064946,株式会社システムネットワーク,27:大阪府,25人,10-29人,主要都市圏,10-29人 / 主要都市圏,1,http://www.system-network.co.jp,200,unavailable,,,,,,,,,,,,0,3,,false,,,0,,false,
3120001068105,株式会社どりむ社,27:大阪府,45人,30-99人,主要都市圏,30-99人 / 主要都市圏,1,http://www.dorimu-web.com/index.html,200,unavailable,,http://www.dorimu-web.com/profile/saiyou.htm,http://www.dorimu-web.com/profile/saiyou.htm,homepageAnchor,採用情報,ownDomain,high,200,unavailable,出版・企画・編集のどりむ社 ｜採用情報,true,4,0,false,false,,,0,,false,2026-10-05T12:38:59.342Z
3120001072817,日本システム技術株式会社,27:大阪府,1202人,1000人以上,主要都市圏,1000人以上 / 主要都市圏,1,http://www.jast.jp,200,allowed,,https://recruit.jast.jp/,https://recruit.jast.jp/,homepageAnchor,採用情報,ownDomain,high,200,allowed,JAST採用サイト,true,2,0,false,false,,,0,,false,2026-10-05T12:39:08.367Z
3120001077956,株式会社キャピタル・アセット・プランニング,27:大阪府,338人,300-999人,主要都市圏,300-999人 / 主要都市圏,1,https://www.cap-net.co.jp/,200,allowed,,https://www.cap-net.co.jp/recruit,https://www.cap-net.co.jp/recruit,homepageAnchor,採用情報,ownDomain,high,200,allowed,採用情報 | 株式会社キャピタル・アセット・プランニング,true,9,0,false,false,,,0,,false,2026-10-05T12:39:00.348Z
3120001079845,さくらインターネット株式会社,27:大阪府,952人,300-999人,主要都市圏,300-999人 / 主要都市圏,1,http://www.sakura.ad.jp/,200,allowed,,https://www.sakura.ad.jp/recruit/,https://www.sakura.ad.jp/recruit/,homepageAnchor,採用情報,ownDomain,high,200,allowed,採用情報 | さくらインターネット,true,1,0,false,false,,,0,,false,2026-10-05T12:39:06.265Z
3120001097161,株式会社ビジネスブレーン,27:大阪府,37人,30-99人,主要都市圏,30-99人 / 主要都市圏,1,https://www.miyako.com/,200,allowed,,https://miyako.com/recruit/,https://miyako.com/recruit/,homepageAnchor,採用,ownDomain,high,200,allowed,採用情報 | ビジネスブレーン,true,1,0,false,false,,,0,,false,2026-10-05T12:39:07.005Z
3120001097855,コーデソリューション株式会社,27:大阪府,25人,10-29人,主要都市圏,10-29人 / 主要都市圏,1,http://www.codesol.jp/,200,allowed,,https://www.codesol.jp/recruit/newgraduates/,https://www.codesol.jp/recruit/newgraduates/,homepageAnchor,― 新卒採用,ownDomain,high,200,allowed,新卒採用 | コーデソリューション株式会社,true,3,0,false,false,,,0,,false,2026-10-05T12:39:08.941Z
3120001104090,キーウェア西日本株式会社,27:大阪府,149人,100-299人,主要都市圏,100-299人 / 主要都市圏,1,https://www.keyware.co.jp/nishinippon/about/csr/index.html,200,unavailable,,https://www.keyware.co.jp/nishinippon/recruit/index.html,https://www.keyware.co.jp/nishinippon/recruit/index.html,homepageAnchor,採用情報,ownDomain,high,200,unavailable,採用情報 | キーウェア西日本,true,4,0,false,false,,,0,,false,2026-10-05T12:39:03.481Z
3120001105510,株式会社リプロス,27:大阪府,15人,10-29人,主要都市圏,10-29人 / 主要都市圏,1,https://www.repros.co.jp/,200,allowed,,https://www.repros.co.jp/recruit.html,https://www.repros.co.jp/recruit.html,homepageAnchor,採用情報,ownDomain,high,200,allowed,採用情報｜株式会社リプロス,true,1,0,false,false,,,0,,false,2026-10-05T12:39:04.321Z
3120001107192,カコムス株式会社,27:大阪府,151人,100-299人,主要都市圏,100-299人 / 主要都市圏,1,https://www.kacoms.co.jp/company/innovation/work-style/,200,allowed,,https://www.kacoms-hd.co.jp/recruit/,,homepageLinkOffDomain,採用,otherDomain,low,,,,,2,2,,true,https://www.kacoms.co.jp/,200,0,,false,
3120001114313,エムダブ株式会社,27:大阪府,3人,1-4人,主要都市圏,1-4人 / 主要都市圏,1,http://www.webkikaku.com,200,allowed,,https://www.webkikaku.com/recruit/,https://www.webkikaku.com/recruit/,homepageAnchor,採用情報 採用情報,ownDomain,high,200,allowed,エムダブ採用サイト,true,15,0,false,false,,,0,,false,2026-10-05T12:39:08.247Z
3120001114726,ＤＩＴ株式会社,13:東京都,8人,5-9人,東京,5-9人 / 東京,1,https://www.dolce-it.co.jp/about/,200,allowed,,https://www.dolce-it.co.jp/recruit/,https://www.dolce-it.co.jp/recruit/,homepageAnchor,Recruit 採用情報,ownDomain,high,200,allowed,Recruit｜採用情報について【DIT株式会社】,true,1,0,false,false,,,0,,false,2026-10-05T12:39:07.897Z
3120001120385,株式会社コウズ,27:大阪府,28人,10-29人,主要都市圏,10-29人 / 主要都市圏,1,https://recruit.kous.co.jp/culture/welfare/,200,allowed,,https://recruit.kous.co.jp/entry/,https://recruit.kous.co.jp/entry/,homepageAnchor,Entry,ownDomain,high,200,allowed,採用エントリー | 業界経験者・未経験者問わず大歓迎！| 株式会社コウズ リクルートサイト,true,14,0,false,false,,,0,,false,2026-10-05T12:39:15.185Z
3120001121929,アイテックソフトウェア株式会社,27:大阪府,153人,100-299人,主要都市圏,100-299人 / 主要都市圏,1,https://www.itec-software.co.jp/,,unavailable,TypeError:ENOTFOUND,,,,,,,,,,,0,0,,false,,,0,,false,
3120001131011,株式会社ユーエムイー,27:大阪府,9人,5-9人,主要都市圏,5-9人 / 主要都市圏,1,http://www.ume-group.jp/index.html,200,unavailable,,,,,,,,,,,,0,0,,true,https://www.ume-group.jp/,200,0,,false,
3120001143592,株式会社アイビスデザイン,27:大阪府,28人,10-29人,主要都市圏,10-29人 / 主要都市圏,1,http://ibis.gs/company/,404,unavailable,http_404,https://recruit.ibis.jp/,https://recruit.ibis.jp/,homepageAnchor,採用情報,otherDomain,high,200,allowed,株式会社アイビス採用情報｜Web制作・広告・開発,true,1,0,false,true,https://ibis.jp/,200,0,,false,2026-10-05T12:39:19.251Z
3120001186591,株式会社ロックシステム,27:大阪府,97人,30-99人,主要都市圏,30-99人 / 主要都市圏,1,http://rocksystem.co.jp/,200,unavailable,,https://rocksystem.co.jp/recruit/,https://rocksystem.co.jp/recruit/,homepageAnchor,RECRUIT 採用情報,ownDomain,high,200,unavailable,採用情報 | ロックシステム/ホワイト企業認定PLATINUM,true,6,0,false,false,,,0,,false,2026-10-05T12:39:16.161Z
3120001189289,株式会社リヴァイト,27:大阪府,15人,10-29人,主要都市圏,10-29人 / 主要都市圏,1,https://re-vite.com/,200,allowed,,,,,,,,,,,,0,1,,false,,,0,,false,
3120001196814,株式会社エヌ・ケイ・カスタマイズ,46:鹿児島県,14人,10-29人,その他,10-29人 / その他,1,https://nkcustomize.co.jp/,200,allowed,,https://nkcustomize.co.jp/%e6%8e%a1%e7%94%a8%e6%83%85%e5%a0%b1/,https://nkcustomize.co.jp/%e6%8e%a1%e7%94%a8%e6%83%85%e5%a0%b1/,homepageAnchor,採用情報,ownDomain,high,200,allowed,採用情報 | 株式会社エヌ・ケイ・カスタマイズ｜鹿児島｜FileMaker開発｜医療｜RPA,true,1,0,false,false,,,0,,false,2026-10-05T12:39:16.894Z
3120001235191,株式会社ＡＳ　ＯＮＥ,27:大阪府,21人,10-29人,主要都市圏,10-29人 / 主要都市圏,1,https://asone-osaka.com/,200,unavailable,,https://asone-osaka.com/recruitment/,https://asone-osaka.com/recruitment/,homepageUrlPattern,詳しくはこちら,ownDomain,medium,200,unavailable,代理店募集｜株式会社AS ONE｜大阪 IT通信・共済・不動産サービス,true,1,0,false,false,,,0,,false,2026-10-05T12:39:13.831Z
3120001253929,バルテス株式会社,27:大阪府,660人,300-999人,主要都市圏,300-999人 / 主要都市圏,1,https://www.valtes.co.jp/,200,allowed,,https://recruit.valtes.co.jp/,https://recruit.valtes.co.jp/,homepageAnchor,採用情報,ownDomain,high,200,allowed,バルテスグループ採用サイト - バルテスグループの採用情報サイト総合TOPです。キャリア採用・新卒採用のほか採用に関する情報を掲載しています。,true,4,0,false,false,,,0,,false,2026-10-05T12:39:15.883Z
3120002064771,株式会社スマレジ,27:大阪府,279人,100-299人,主要都市圏,100-299人 / 主要都市圏,1,https://corp.smaregi.jp/,200,allowed,,https://corp.smaregi.jp/recruit/,https://corp.smaregi.jp/recruit/,homepageAnchor,採用情報,ownDomain,high,200,allowed,採用情報 | 株式会社スマレジ 企業サイト,true,20,0,false,false,,,0,,false,2026-10-05T12:39:16.999Z
3120003027843,ピラティス人気比較ナビ合同会社,27:大阪府,20人,10-29人,主要都市圏,10-29人 / 主要都市圏,1,https://pila0tes.co.jp/company/,200,allowed,,https://en-gage.net/pil0tesad_saiyo/,https://en-gage.net/pil0tesad_saiyo/,homepageLinkToOfficialAts,engage,atsHosted,medium,200,allowed,ピラティス人気比較ナビ合同会社の採用・求人情報-engage,true,1,0,false,false,,,0,,false,2026-10-05T12:39:17.455Z
3120901037464,ＰＧＶ株式会社,13:東京都,17人,10-29人,東京,10-29人 / 東京,1,https://www.pgv.co.jp/,200,allowed,,,,,,,,,,,,0,0,,false,,,0,,false,
3122001027032,株式会社シナジア,27:大阪府,3人,1-4人,主要都市圏,1-4人 / 主要都市圏,1,https://synergia.co.jp/,200,allowed,,https://synergia.co.jp/recruit/,https://synergia.co.jp/recruit/,homepageAnchor,採用情報,ownDomain,high,200,allowed,採用情報,true,1,0,false,false,,,0,,false,2026-10-05T12:39:19.802Z
3122001036438,Ｖｅｒｔｉｃａｌｌｉｍｉｔ株式会社,27:大阪府,31人,30-99人,主要都市圏,30-99人 / 主要都市圏,1,https://verticallimit.co.jp/,200,allowed,,https://verticallimit.co.jp/rec_top/,https://verticallimit.co.jp/rec_top/,homepageAnchor,採用,ownDomain,high,200,allowed,"採用 | VerticallimIT Co.,Ltd.",true,3,0,false,false,,,0,https://verticallimit.co.jp/rec_top/,true,2026-10-05T12:39:20.738Z
3130001022300,株式会社フェイス,26:京都府,142人,100-299人,主要都市圏,100-299人 / 主要都市圏,1,http://www.faith.co.jp/,200,allowed,,https://www.faith.co.jp/careers,https://www.faith.co.jp/careers,homepageAnchor,採用情報一覧,ownDomain,high,200,allowed,採用 | 株式会社フェイス,true,1,0,false,false,,,0,,false,2026-10-05T12:39:23.857Z
3130001024445,株式会社ブリッジコーポレーション,26:京都府,40人,30-99人,主要都市圏,30-99人 / 主要都市圏,1,https://www.bridge-net.co.jp/,200,allowed,,https://web.bridge-net.jp/web_creation_recruit/,https://web.bridge-net.jp/web_creation_recruit/,robotsSitemap,,otherDomain,medium,200,allowed,株式会社ブリッジコーポレーション｜Web制作・ホームページ運用・SEO対策・システム開発・SNS運用代行,true,3,3,false,false,,,0,,false,2026-10-05T12:39:26.679Z
3130001034485,株式会社フィールドロジック,27:大阪府,52人,30-99人,主要都市圏,30-99人 / 主要都市圏,1,http://www.f-logic.jp/,200,allowed,,https://www.f-logic.jp/recruit/top.html,https://www.f-logic.jp/recruit/top.html,homepageAnchor,採用情報,ownDomain,high,200,allowed,採用情報 | TOP | フィールドロジック,true,1,0,false,false,,,0,,false,2026-10-05T12:39:24.759Z
3130001034758,メディアマックスジャパン株式会社,26:京都府,17人,10-29人,主要都市圏,10-29人 / 主要都市圏,1,https://www.mmj.ne.jp/,200,allowed,,https://recruit.mmj.ne.jp/,https://recruit.mmj.ne.jp/,homepageAnchor,求人採用情報,ownDomain,high,200,allowed,Webエンジニア求人採用情報｜メディアマックスジャパン株式会社,true,1,0,false,false,,,0,,false,2026-10-05T12:39:21.788Z
3130001059334,株式会社ｙｕｃｃａ,13:東京都,6人,5-9人,東京,5-9人 / 東京,1,https://www.yucca.co.jp/,200,allowed,,https://www.yucca.co.jp/recruit/,https://www.yucca.co.jp/recruit/,homepageAnchor,RECRUIT,ownDomain,high,200,allowed,採用情報 | yucca Inc. - 株式会社yucca・映像家族yucca,true,1,0,false,false,,,0,,false,2026-10-05T12:39:21.012Z
3130001075851,株式会社ＳＴＡＲ　ＵＰ,26:京都府,1人,1-4人,主要都市圏,1-4人 / 主要都市圏,1,https://starup01.jp/,200,allowed,,https://www.starup01.jp/recruit,https://www.starup01.jp/recruit,homepageAnchor,Career,ownDomain,high,200,allowed,Recruit | STARUP 採用情報,true,5,0,false,false,,,0,,false,2026-10-05T12:39:28.375Z
3130003006994,株式会社Ｒｉｎ９,26:京都府,2人,1-4人,主要都市圏,1-4人 / 主要都市圏,1,https://rin9.jp/,200,allowed,,,,,,,,,,,,0,2,,false,,,0,,false,
3140001007886,株式会社さくらケーシーエス,28:兵庫県,1063人,1000人以上,主要都市圏,1000人以上 / 主要都市圏,1,http://www.kcs.co.jp/,200,allowed,,https://www.kcs.co.jp/recruit.html,https://www.kcs.co.jp/recruit.html,homepageAnchor,2025年03月01日 2026年度 新卒採用 応募受付を開始しました。,ownDomain,high,200,allowed,新卒採用,true,2,0,false,false,,,0,,false,2026-10-05T12:39:31.515Z
3140001022638,株式会社ミックウェア,28:兵庫県,448人,300-999人,主要都市圏,300-999人 / 主要都市圏,1,http://micware.co.jp/,200,unavailable,,https://recruit-micware.jp/,,homepageLinkOffDomain,採用サイトへ,otherDomain,low,,,,,2,0,,true,https://micware.co.jp/,200,0,,false,
3140001028973,株式会社ＴＭＦ,28:兵庫県,120人,100-299人,主要都市圏,100-299人 / 主要都市圏,1,http://www.tmf-co.jp/,200,allowed,,http://tmf-co.jp/recruit/,http://tmf-co.jp/recruit/,homepageAnchor,採用情報,ownDomain,high,200,allowed,株式会社TMF 採用サイト,true,1,0,false,false,,,0,,false,2026-10-05T12:39:31.470Z
3140001057964,株式会社サイプレス・ソリューションズ,13:東京都,500人,300-999人,東京,300-999人 / 東京,1,http://www.cypress-sol.co.jp/,401,unavailable,http_401,,,,,,,,,,,0,0,,false,,,0,,false,
3140001070109,株式会社ヒーロー,27:大阪府,21人,10-29人,主要都市圏,10-29人 / 主要都市圏,1,https://www.herojp.co.jp,200,unavailable,,https://www.herojp.co.jp/recruit/index.html,https://www.herojp.co.jp/recruit/index.html,homepageAnchor,採用情報,ownDomain,high,200,unavailable,採用情報 | 株式会社ヒーロー,true,1,0,false,false,,,0,,false,2026-10-05T12:39:27.882Z
3140001108759,株式会社アイピア,28:兵庫県,15人,10-29人,主要都市圏,10-29人 / 主要都市圏,1,https://aippearnet.com/company/,200,allowed,,https://aippearnet.com/mutual-link/,https://aippearnet.com/mutual-link/,homepageAnchor,相互リンク募集中,ownDomain,high,200,allowed,相互リンク募集中 | 工事管理・原価管理システムなら【アイピア】,true,3,0,false,false,,,0,,false,2026-10-05T12:39:30.573Z
3150001004809,近鉄ケーブルネットワーク株式会社,29:奈良県,310人,300-999人,その他,300-999人 / その他,1,http://www.kcn.jp/,200,unavailable,,https://www.kcn.jp/recruit/,https://www.kcn.jp/recruit/,homepageAnchor,採用情報,ownDomain,high,200,unavailable,採用情報｜KCN,true,2,0,false,false,,,0,,false,2026-10-05T12:39:33.319Z
3150003002851,株式会社ＡＷＬＬ,13:東京都,16人,10-29人,東京,10-29人 / 東京,1,https://www.awll.jp/,200,allowed,,https://www.awll.jp/recruit,https://www.awll.jp/recruit/,homepageAnchor,採用情報を見る,ownDomain,high,200,allowed,株式会社AWLL｜成長と充実を求めるエンジニア・コンサルタント採用,true,1,0,false,false,,,1,,false,2026-10-05T12:39:32.352Z
3160001011770,株式会社Ｆｒｅｅ　Ｓｔｙｌｅ,25:滋賀県,13人,10-29人,その他,10-29人 / その他,1,https://www.freestyle8.com,200,unavailable,,https://www.freestyle8.com/joboffer.html,https://www.freestyle8.com/joboffer.html,homepageAnchor,採用情報,ownDomain,high,200,unavailable,求人情報｜株式会社Ｆｒｅｅ Ｓｔｙｌｅ（フリースタイル）,true,8,0,false,false,,,0,,false,2026-10-05T12:39:31.062Z
3160001014410,株式会社アクセル,25:滋賀県,14人,10-29人,その他,10-29人 / その他,1,https://axl.co.jp/,200,allowed,,,,,,,,,,,,0,2,,false,,,0,,false,
3160001022768,株式会社ＴＡＣＴ,25:滋賀県,248人,100-299人,その他,100-299人 / その他,1,https://www.tactinc.jp/,200,unavailable,,https://www.tactinc.jp/recruit,https://www.tactinc.jp/recruit,homepageAnchor,Recruit 採用情報,ownDomain,high,200,unavailable,コールセンタースタッフ採用 | 採用情報 - TACT（USEN-NEXTグループ） | TACT,true,1,0,false,false,,,0,,false,2026-10-05T12:39:33.781Z
3170001001614,株式会社サイバーリンクス,30:和歌山県,631人,300-999人,その他,300-999人 / その他,1,https://www.cyber-l.co.jp/,200,allowed,,https://www.cyber-l.co.jp/recruit/,https://www.cyber-l.co.jp/recruit/,homepageAnchor,採用情報,ownDomain,high,200,allowed,株式会社サイバーリンクス｜新卒・キャリア採用情報,true,1,0,false,false,,,0,,false,2026-10-05T12:39:34.554Z
3180001003790,株式会社キュー,23:愛知県,38人,30-99人,主要都市圏,30-99人 / 主要都市圏,1,https://www.cue-inc.co.jp/,200,allowed,,https://www.cue-inc.co.jp/recruit/,https://www.cue-inc.co.jp/recruit/,homepageAnchor,採用情報,ownDomain,high,200,allowed,採用情報 - 株式会社キュー 名古屋の映像制作会社,true,1,0,false,false,,,0,,false,2026-10-05T12:39:34.710Z
3180001018442,株式会社メイテツコム,23:愛知県,408人,300-999人,主要都市圏,300-999人 / 主要都市圏,1,http://www.meitetsucom.co.jp//,200,unavailable,,https://www.meitetsucom.co.jp/?page_id=1981,https://www.meitetsucom.co.jp/?page_id=1981,homepageAnchor,新卒採用,ownDomain,high,200,unavailable,新卒採用情報｜株式会社メイテツコム,true,3,0,false,false,,,0,,false,2026-10-05T12:39:39.724Z
3180001029803,株式会社カーネル・ソフト・エンジニアリング,23:愛知県,884人,300-999人,主要都市圏,300-999人 / 主要都市圏,1,https://www.kernel-se.co.jp/,200,unavailable,,https://recruit.kernel-se.co.jp/,https://recruit.kernel-se.co.jp/,homepageAnchor,採用情報,ownDomain,high,200,unavailable,カーネル・ソフト・エンジニアリング｜採用サイト,true,1,0,false,false,,,0,,false,2026-10-05T12:39:35.547Z
3180001033937,株式会社アドテックス,23:愛知県,19人,10-29人,主要都市圏,10-29人 / 主要都市圏,1,http://www.addtechs.co.jp,200,unavailable,,,,,,,,,,,,0,0,,false,,,0,http://www.addtechs.co.jp,true,
3180001036675,株式会社シーライン,23:愛知県,10人,10-29人,主要都市圏,10-29人 / 主要都市圏,1,http://www.c-line.co.jp/index.html,200,unavailable,,,,,,,,,,,,0,1,,false,,,0,,false,
3180001046666,株式会社エヌ・メルクス,23:愛知県,120人,100-299人,主要都市圏,100-299人 / 主要都市圏,1,https://ssl.nmerx.co.jp,200,allowed,,https://ssl.nmerx.co.jp/recruit/,https://ssl.nmerx.co.jp/recruit/,homepageAnchor,採用情報 ∧,ownDomain,high,200,allowed,株式会社 エヌ・メルクス,true,12,0,false,false,,,0,,false,2026-10-05T12:39:39.035Z
3180001054702,株式会社ネットパーク２１,23:愛知県,70人,30-99人,主要都市圏,30-99人 / 主要都市圏,1,https://www.netpark21.co.jp/,200,allowed,,https://www.keel-tech.co.jp/recruit/,https://www.keel-tech.co.jp/recruit/,homepageAnchor,採用情報,otherDomain,high,200,allowed,採用情報｜KEEL｜ITサポート・ホームページ制作・開発・アウトソーシング｜名古屋市,true,5,0,false,false,,,0,,false,2026-10-05T12:39:38.544Z
3180001059486,株式会社プライムソフトサービス,23:愛知県,72人,30-99人,主要都市圏,30-99人 / 主要都市圏,1,https://www.primesoftservice.com/,200,unavailable,,https://www.primesoftservice.com/recruit.html,https://www.primesoftservice.com/recruit.html,homepageAnchor,採 用情報▽,ownDomain,high,200,unavailable,採用情報,true,9,0,false,false,,,0,https://www.primesoftservice.com/recruit.html,true,2026-10-05T12:39:37.722Z
3180001060865,株式会社アイ・ティ・ワークス,23:愛知県,56人,30-99人,主要都市圏,30-99人 / 主要都市圏,1,https://itw.co.jp/,200,unavailable,,https://www.system-server.com/recruitment/,https://www.system-server.com/recruitment/,homepageAnchor,採用情報,otherDomain,high,200,allowed,採用情報 | システムサーバーグループ,true,2,0,false,false,,,0,,false,2026-10-05T12:39:39.902Z
3180001071689,株式会社ＷＥＢ企画,23:愛知県,43人,30-99人,主要都市圏,30-99人 / 主要都市圏,1,https://webkikaku.co.jp/homepage/,403,allowed,http_403,https://webkikaku.co.jp/bizhits-recruit/,https://webkikaku.co.jp/bizhits-recruit/,homepageAnchor,Biz Hits WorkにてWEBデザイナーの採用情報を公開しました。 WebデザインやDTPまでマルチに活躍できるWEBデザイナーを募集しています。 ※詳細はコチラ,ownDomain,high,200,allowed,【名古屋市】WEB・DTPデザイナー募集｜株式会社WEB企画,true,2,0,false,true,https://webkikaku.co.jp/,200,0,,false,2026-10-05T12:39:41.473Z
3180001090912,株式会社日本ＩＴソリューションズ,23:愛知県,29人,10-29人,主要都市圏,10-29人 / 主要都市圏,1,https://jitsol.co.jp/,200,allowed,,https://jitsol.co.jp/adopt/company-session/,https://jitsol.co.jp/adopt/company-session/,homepageAnchor,新卒採用,ownDomain,high,200,allowed,新卒採用 – 株式会社日本ITソリューションズ,true,2,0,false,false,,,0,,false,2026-10-05T12:39:39.215Z
3180001109729,株式会社ＣＢＣテレビ,23:愛知県,305人,300-999人,主要都市圏,300-999人 / 主要都市圏,1,https://hicbc.com/tv/corporation/general/,200,unavailable,,https://hicbc.com/tv/shin-tensai-quiz/,https://hicbc.com/tv/shin-tensai-quiz/,homepageAnchor,12月2週連続放送決定！ 出場者大募集！ CBC Info.,ownDomain,high,200,unavailable,Pascoプレゼンツ 新天才クイズ～2026夏～ | CBCテレビ,true,7,0,false,true,https://hicbc.com/,200,0,,false,2026-10-05T12:39:42.451Z
3180001113565,株式会社ｃｒｅａｔｏ,23:愛知県,19人,10-29人,主要都市圏,10-29人 / 主要都市圏,1,http://www.creato-c.jp/,200,unavailable,,https://creato-c.jp/recruit,https://creato-c.jp/recruit,homepageAnchor,Recruit 採用情報,ownDomain,high,200,unavailable,採用情報｜creato（クリート）,true,1,0,false,false,,,0,,false,2026-10-05T12:39:57.133Z
3180001121428,株式会社ナレッジソースワークス,23:愛知県,5人,5-9人,主要都市圏,5-9人 / 主要都市圏,1,https://knowledge-source-works.co.jp/,200,allowed,,,,,,,,,,,,0,0,,false,,,0,,false,
3180001127920,アルチテック株式会社,23:愛知県,2人,1-4人,主要都市圏,1-4人 / 主要都市圏,1,https://artitech.co.jp/,200,allowed,,https://artitech.co.jp/recruit/,https://artitech.co.jp/recruit/,homepageAnchor,採用情報,ownDomain,high,200,allowed,採用情報 -,true,4,0,false,false,,,0,https://artitech.co.jp/recruit/,true,2026-10-05T12:39:43.049Z
3180003009365,株式会社イーポート,23:愛知県,6人,5-9人,主要都市圏,5-9人 / 主要都市圏,1,https://e-port.co.jp/,200,allowed,,https://e-port.co.jp/recruit/,https://e-port.co.jp/recruit/,homepageAnchor,採用情報,ownDomain,high,200,allowed,採用情報 | WEBシステム開発・アプリ開発なら株式会社イーポート,true,2,0,false,false,,,0,,false,2026-10-05T12:39:43.961Z
3180301006312,テクノシステム株式会社,23:愛知県,107人,100-299人,主要都市圏,100-299人 / 主要都市圏,1,https://www.technosystems.co.jp/,200,allowed,,https://recruit.technosystems.co.jp/,https://recruit.technosystems.co.jp/,homepageAnchor,採用情報,ownDomain,high,200,allowed,TOP | テクノシステム採用サイト,true,1,0,false,false,,,0,,false,2026-10-05T12:39:44.721Z
3180301028447,株式会社グリットウェブ,23:愛知県,4人,1-4人,主要都市圏,1-4人 / 主要都市圏,1,https://gritweb.co.jp/,200,allowed,,https://gritweb.co.jp/ricrut/,https://gritweb.co.jp/ricrut/,homepageAnchor,採用情報,ownDomain,high,200,allowed,採用情報 | 株式会社グリットウェブ（GritWeb）,true,1,0,false,false,,,0,,false,2026-10-05T12:39:45.246Z
3180301030551,ＺＡＺＡ株式会社,23:愛知県,300人,300-999人,主要都市圏,300-999人 / 主要都市圏,1,https://metoree.com/company/,403,unavailable,http_403,,,,,,,,,,,0,0,,true,https://metoree.com/,403,0,,false,
3210001001733,株式会社シー・シー・ユー,18:福井県,45人,30-99人,その他,30-99人 / その他,1,http://www.ccu.co.jp,200,allowed,,https://recruit.ccu.co.jp/,https://recruit.ccu.co.jp/,homepageAnchor,採用情報,ownDomain,high,200,allowed,株式会社シー・シー・ユー 採用サイト,true,1,0,false,false,,,0,,false,2026-10-05T12:39:51.075Z
3210001016517,株式会社フィッシュパス,18:福井県,20人,10-29人,その他,10-29人 / その他,1,https://fishpass.jp/,200,allowed,,https://fishpass.jp/recruit/,https://fishpass.jp/recruit/,homepageAnchor,採用情報,ownDomain,high,200,allowed,採用情報 – 株式会社フィッシュパス,true,4,0,false,false,,,0,,false,2026-10-05T12:39:47.213Z
3220001000949,株式会社石川コンピュータ・センター,17:石川県,444人,300-999人,その他,300-999人 / その他,1,https://www.icc.co.jp/,200,allowed,,https://www.icc.co.jp/employment/,https://www.icc.co.jp/employment/,homepageAnchor,採用情報,ownDomain,high,200,allowed,採用情報｜ICC 石川コンピュータ・センター,true,1,0,false,false,,,0,,false,2026-10-05T12:39:47.146Z
3220001003282,株式会社システムサポートホールディングス,17:石川県,52人,30-99人,その他,30-99人 / その他,1,https://www.sts-hd.co.jp,200,allowed,,https://www.sts-hd.co.jp/careers/,https://www.sts-hd.co.jp/careers/,homepageAnchor,採用情報,ownDomain,high,200,allowed,採用情報 | 株式会社システムサポートホールディングス,true,1,0,false,false,,,0,,false,2026-10-05T12:39:48.020Z
3220003001441,アグリゲーション合同会社,17:石川県,16人,10-29人,その他,10-29人 / その他,1,https://aggshop.net/,200,allowed,,https://aggshop.net/recruit.html,https://aggshop.net/recruit.html,homepageAnchor,採用情報,ownDomain,high,200,allowed,採用情報,true,3,0,false,false,,,0,,false,2026-10-05T12:39:49.071Z
3230001000758,北日本放送株式会社,16:富山県,165人,100-299人,その他,100-299人 / その他,1,http://www.knb.ne.jp/,200,allowed,,https://www.knb.ne.jp/recruit/,https://www.knb.ne.jp/saiyo/,homepageAnchor,採用情報,ownDomain,high,200,allowed,KNB採用サイト | 北日本放送 | ラジオ・テレビ 富山の放送局,true,2,0,false,false,,,1,,false,2026-10-05T12:40:29.111Z
3230001001970,株式会社トヤマデータセンター,16:富山県,100人,100-299人,その他,100-299人 / その他,1,https://www.tdc-ict.co.jp/employeractionplan/,200,allowed,,https://www.tdc-ict.co.jp/recruit/,https://www.tdc-ict.co.jp/recruit/,homepageAnchor,採用情報,ownDomain,high,200,allowed,採用情報（新卒・キャリア） | トヤマデータセンター 課題解決のための仕組みづくり（情報システム）をご提案,true,1,0,false,false,,,0,,false,2026-10-05T12:39:51.426Z
3230001011821,コムテックス株式会社,16:富山県,103人,100-299人,その他,100-299人 / その他,1,https://www.ctx.co.jp/,200,unavailable,,https://www.ctx.co.jp/recruit/,https://www.ctx.co.jp/recruit/,homepageAnchor,採用情報,ownDomain,high,200,unavailable,採用情報｜コムテックス,true,7,0,false,false,,,0,,false,2026-10-05T12:39:50.420Z
3230001018073,株式会社ＭＡＲＢＬＥ,16:富山県,3人,1-4人,その他,1-4人 / その他,1,http://marble-heroes.com/,200,allowed,,https://marble-heroes.com/recruit,https://marble-heroes.com/recruit,homepageAnchor,RECRUITMENT,ownDomain,high,200,allowed,求人｜株式会社MARBLE,true,2,0,false,false,,,0,,false,2026-10-05T12:39:55.829Z
3240001006770,株式会社中国放送,34:広島県,169人,100-299人,その他,100-299人 / その他,1,https://rcc.co.jp/rcc.html,200,unavailable,,https://www.rcc.co.jp/saiyou/,https://rcc.co.jp/saiyou/,homepageAnchor,中国放送採用情報,ownDomain,high,200,unavailable,株式会社中国放送採用情報 | RCC中国放送,true,21,0,false,true,https://rcc.co.jp/,200,1,,false,2026-10-05T12:39:57.827Z
3240001014682,株式会社タスネット,13:東京都,62人,30-99人,東京,30-99人 / 東京,1,https://www.tasnet.jp,200,unavailable,,https://www.tasnet.jp/recruit/,https://www.tasnet.jp/recruit/,homepageAnchor,採用情報,ownDomain,high,200,unavailable,採用情報 | 株式会社タスネット,true,1,0,false,false,,,0,,false,2026-10-05T12:39:52.191Z
3250001001325,株式会社ＹＫプランニング,35:山口県,46人,30-99人,その他,30-99人 / その他,1,https://www.yk-planning.com/,200,unavailable,,https://www.yk-planning.com/recruit/index.html,https://www.yk-planning.com/recruit/index.html,homepageAnchor,採用情報,ownDomain,high,200,unavailable,株式会社YKプランニング 採用サイト,true,1,0,false,false,,,0,https://www.yk-planning.com/recruit/index.html,true,2026-10-05T12:39:53.884Z
3250001003445,株式会社常盤商会,35:山口県,73人,30-99人,その他,30-99人 / その他,1,http://www.siy.co.jp,200,unavailable,,https://www.siy.co.jp/recruit,https://www.siy.co.jp/recruit/,homepageAnchor,採用情報,ownDomain,high,200,unavailable,採用情報（新卒・中途） | 採用情報 | 株式会社常盤商会,true,3,0,false,false,,,1,,false,2026-10-05T12:40:00.462Z
3260001006810,株式会社ユーコム,33:岡山県,16人,10-29人,その他,10-29人 / その他,1,http://www.youcom.co.jp,200,unavailable,,https://youcom.co.jp/recruit/,https://youcom.co.jp/recruit/,homepageAnchor,採用情報,ownDomain,high,200,allowed,（株）ユーコム｜採用情報｜ホテルシステム[PMS]・エンタープライズシステム・アウトソーシングサービス – 株式会社ユーコム,true,3,0,false,false,,,0,,false,2026-10-05T12:40:04.556Z
3260001009020,株式会社マッシュルームソフト,33:岡山県,12人,10-29人,その他,10-29人 / その他,1,http://www.msrsoft.com/,200,allowed,,https://www.msrsoft.com/company/career,https://www.msrsoft.com/company/career,homepageAnchor,採用情報,ownDomain,high,200,allowed,#27年度新卒#岡山市勤務#ITエンジニア#年間休日125日以上#有給実績年10.4日 | マッシュルームソフト,true,1,0,false,false,,,0,,false,2026-10-05T12:39:59.707Z
3260001011109,ウェブティ株式会社,33:岡山県,4人,1-4人,その他,1-4人 / その他,1,http://webty.jp/,200,unavailable,,https://webty.jp/mysite.fcgi/recruit/,https://webty.jp/mysite.fcgi/recruit/,homepageAnchor,RECRUIT リクルート,ownDomain,high,200,unavailable,リクルート | ウェブティ株式会社,true,1,0,true,false,,,0,,false,2026-10-05T12:40:05.434Z
3260001024077,株式会社ハジメクリエイト,33:岡山県,10人,10-29人,その他,10-29人 / その他,1,https://hajimecreate.com/,200,allowed,,https://hajimecreate.com/recruit,https://hajimecreate.com/recruit/,homepageAnchor,採用情報,ownDomain,high,200,allowed,採用情報 | 株式会社ハジメクリエイト,true,2,0,false,false,,,1,,false,2026-10-05T12:40:03.863Z
3260001024746,株式会社クリエ・ココ,33:岡山県,2人,1-4人,その他,1-4人 / その他,1,https://www.crea-coco.com/,200,allowed,,https://www.crea-coco.com/recruit/,https://www.crea-coco.com/recruit/,homepageAnchor,採用情報,ownDomain,high,200,allowed,岡山のシステム開発エンジニア（SE）募集| 株式会社クリエ・ココ,true,6,0,false,false,,,0,,false,2026-10-05T12:40:01.366Z
3270001006396,株式会社ＭａｇｉｃＰｌｕｓ,31:鳥取県,33人,30-99人,その他,30-99人 / その他,1,https://magic-plus.net/,200,allowed,,,,,,,,,,,,0,0,,false,,,0,,false,
3290001005248,株式会社シティアスコム,40:福岡県,512人,300-999人,主要都市圏,300-999人 / 主要都市圏,1,https://www.city.co.jp/company/forworker/,200,allowed,,https://www.city.co.jp/recruit/,https://www.city.co.jp/recruit/,homepageAnchor,採用情報トップ,ownDomain,high,200,allowed,採用情報 – 株式会社シティアスコム,true,10,0,false,false,,,0,,false,2026-10-05T12:40:12.697Z
3290001005603,株式会社ＢＣＣ,40:福岡県,387人,300-999人,主要都市圏,300-999人 / 主要都市圏,1,http://www.bcc-net.co.jp/,200,unavailable,,https://www.bcc-net.co.jp/recruit/index.html,https://www.bcc-net.co.jp/recruit/index.html,homepageAnchor,採用情報 Recruit,ownDomain,high,200,unavailable,採用情報｜株式会社BCC,true,1,0,false,false,,,0,,false,2026-10-05T12:40:07.658Z
3290001007855,ＳＣＳＫ九州株式会社,40:福岡県,221人,100-299人,主要都市圏,100-299人 / 主要都市圏,1,https://www.scsk-kyushu.co.jp/,200,allowed,,https://www.scsk-kyushu.co.jp/recruit/,https://www.scsk-kyushu.co.jp/recruit/,homepageAnchor,採用情報 採用情報,ownDomain,high,200,allowed,SCSK九州株式会社 採用サイト,true,1,0,false,false,,,0,,false,2026-10-05T12:40:04.005Z
3290001007995,株式会社システムビィー・アルファ,40:福岡県,27人,10-29人,主要都市圏,10-29人 / 主要都市圏,1,https://www.be-alpha.co.jp/,,unavailable,TypeError:ENOTFOUND,,,,,,,,,,,0,0,,false,,,0,,false,
3290001012491,株式会社ＮＴＴデータ九州,40:福岡県,531人,300-999人,主要都市圏,300-999人 / 主要都市圏,1,http://www.nttdata-kyushu.co.jp/,200,allowed,,https://www.nttdata-kyushu.co.jp/careers/,https://www.nttdata-kyushu.co.jp/careers/,homepageAnchor,採用情報,ownDomain,high,200,allowed,採用情報｜NTTデータ九州,true,3,0,false,false,,,0,,false,2026-10-05T12:40:11.547Z
3290001018175,株式会社ペンシル,40:福岡県,102人,100-299人,主要都市圏,100-299人 / 主要都市圏,1,http://www.pencil.co.jp/,200,allowed,,https://www.pencil.co.jp/careers_graduate/,https://www.pencil.co.jp/careers_graduate/,homepageAnchor,新卒採用について,ownDomain,high,200,allowed,新卒採用情報｜WEBコンサルティング｜株式会社ペンシル,true,4,0,false,false,,,0,,false,2026-10-05T12:40:12.227Z
3290001022251,株式会社ガンバリオン,40:福岡県,107人,100-299人,主要都市圏,100-299人 / 主要都市圏,1,https://www.ganbarion.co.jp/company/,200,allowed,,https://www.ganbarion.co.jp/recruit/,https://www.ganbarion.co.jp/recruit/,homepageAnchor,RECRUIT 採用情報,ownDomain,high,200,allowed,"採用情報 | 株式会社ガンバリオン｜GANBARION Co., Ltd",true,10,0,false,false,,,0,,false,2026-10-05T12:40:08.396Z
3290001029206,株式会社エニセンス,40:福岡県,17人,10-29人,主要都市圏,10-29人 / 主要都市圏,1,https://anysense.co.jp/,200,allowed,,https://anysense.co.jp/recruit/,https://anysense.co.jp/recruit/,homepageAnchor,RECRUIT 採用情報,ownDomain,high,200,allowed,採用情報｜株式会社エニセンス,true,8,0,true,false,,,0,,false,2026-10-05T12:40:09.947Z
3290001046151,株式会社ネットワークソリューション,40:福岡県,181人,100-299人,主要都市圏,100-299人 / 主要都市圏,1,https://www.nw-solution.co.jp/,200,allowed,,https://www.nw-solution.co.jp/recruit/,https://www.nw-solution.co.jp/recruit/,homepageAnchor,RECRUIT 採用情報,ownDomain,high,200,allowed,採用サイト | 株式会社ネットワークソリューション,true,2,0,false,false,,,0,,false,2026-10-05T12:40:09.262Z
3290001048726,久留米情報システム株式会社,40:福岡県,114人,100-299人,主要都市圏,100-299人 / 主要都市圏,1,https://www.kisc.co.jp,,unavailable,TypeError:UND_ERR_CONNECT_TIMEOUT,,,,,,,,,,,0,0,,false,,,0,,false,
3290001061200,もぐ株式会社,40:福岡県,4人,1-4人,主要都市圏,1-4人 / 主要都市圏,1,http://mgmg.co.jp/,200,allowed,,https://mgmg.co.jp/recruit,https://mgmg.co.jp/recruit/,homepageAnchor,Recruit 採用情報,ownDomain,high,200,allowed,採用情報 – もぐ株式会社 | もっと独創、もっとグローバルへ,true,2,0,false,false,,,1,,false,2026-10-05T12:40:22.421Z
3290001061357,株式会社琉球カンパニー,47:沖縄県,23人,10-29人,その他,10-29人 / その他,1,https://www.ryuq.co.jp/,,unavailable,TypeError:ECONNRESET,,,,,,,,,,,0,0,,false,,,0,,false,
3290001089472,ウェブココル株式会社,40:福岡県,15人,10-29人,主要都市圏,10-29人 / 主要都市圏,1,https://cocol.co.jp/,200,unavailable,,https://cocol.co.jp/recruit/,https://cocol.co.jp/recruit/,homepageAnchor,エントリーはこちら,ownDomain,high,200,unavailable,採用情報｜福岡でSEOコンサルタント募集 - ウェブココル株式会社,true,1,0,true,false,,,0,,false,2026-10-05T12:40:13.513Z
3290801001891,システージ株式会社,40:福岡県,21人,10-29人,主要都市圏,10-29人 / 主要都市圏,1,http://www.systage.co.jp/,200,allowed,,https://www.systage.co.jp/recruit/,https://www.systage.co.jp/recruit/,homepageAnchor,採用情報,ownDomain,low,200,allowed,システージ株式会社 RECURUIT SITE,false,1,0,false,false,,,0,,false,2026-10-05T12:40:18.362Z
3290801008053,株式会社ネクステージ,40:福岡県,11人,10-29人,主要都市圏,10-29人 / 主要都市圏,1,http://www.nexstage.co.jp/,200,unavailable,,https://www.nexstage.co.jp/recruit/,https://www.nexstage.co.jp/recruit/,homepageAnchor,求人案内,ownDomain,high,200,unavailable,求人案内 / 株式会社ネクステージ ｜ 福岡のソフトウェア開発会社,true,1,0,false,false,,,0,,false,2026-10-05T12:40:20.018Z
3310001003604,株式会社ディーエスブランド,42:長崎県,305人,300-999人,その他,300-999人 / その他,1,https://dsbranch.works/careers/pages/711/,200,allowed,,https://dsbranch.works/careers,https://dsbranch.works/careers/,homepageAnchor,株式会社ディーエスブランド 採用情報サイト,ownDomain,high,200,allowed,株式会社ディーエスブランド｜求人・採用情報サイト,true,27,0,false,false,,,1,,false,2026-10-05T12:40:19.308Z
3310001016291,株式会社ｉｔｏｑ,13:東京都,88人,30-99人,東京,30-99人 / 東京,1,https://www.itoq.co.jp/,200,allowed,,https://itoq.co.jp/recruit/,https://itoq.co.jp/recruit/,homepageAnchor,Recruit,ownDomain,high,200,allowed,採用情報 | 株式会社itoq,true,1,0,false,false,,,0,,false,2026-10-05T12:40:21.755Z
3320001019153,株式会社ＳＨＩＰ,44:大分県,24人,10-29人,その他,10-29人 / その他,1,https://ship-inc.jp/,200,allowed,,https://ship-inc.jp/recruitment,https://ship-inc.jp/recruitment,homepageAnchor,RECRUIT,ownDomain,high,200,allowed,大分・福岡・東京・宮崎のITエンジニア求人 | 株式会社SHIP,true,1,0,false,false,,,0,,false,2026-10-05T12:40:16.694Z
3330001006448,株式会社ナトーハイシステムズ,43:熊本県,56人,30-99人,その他,30-99人 / その他,1,https://www.nato-high.co.jp/,200,allowed,,https://www.nato-high.co.jp/recruit/,https://www.nato-high.co.jp/recruit,homepageAnchor,採用情報,ownDomain,high,200,allowed,採用情報 – 株式会社ナトーハイシステムズ,true,5,0,false,false,,,1,,false,2026-10-05T12:40:28.099Z
3330001011092,株式会社テクノミックス,13:東京都,5人,5-9人,東京,5-9人 / 東京,1,https://www.tmix.co.jp/,200,unavailable,,,,,,,,,,,,0,0,,false,,,0,,false,
3340001000219,アイテップ株式会社,46:鹿児島県,63人,30-99人,その他,30-99人 / その他,1,https://itep.jp,200,allowed,,https://itep.jp/recruit/,https://itep.jp/recruit/,homepageAnchor,採用情報,ownDomain,high,200,allowed,採用情報 | アイテップ株式会社,true,9,0,false,false,,,0,http://itep.jp/recruitment/,true,2026-10-05T12:40:23.321Z
3340001000623,パステムソリューションズ株式会社,46:鹿児島県,79人,30-99人,その他,30-99人 / その他,1,http://www.necps.jp,200,allowed,,https://www.necps.jp/recruit/,https://www.necps.jp/recruit/,homepageAnchor,採用情報 Recruit,ownDomain,high,200,allowed,採用情報,true,8,0,false,false,,,0,,false,2026-10-05T12:40:28.209Z
3340001004260,株式会社南日本新聞社,46:鹿児島県,296人,100-299人,その他,100-299人 / その他,1,https://373news.com,200,allowed,,https://373news.com/corporation/recruit/,https://373news.com/corporation/recruit/,homepageAnchor,採用案内,ownDomain,high,200,allowed,採用案内 | 株式会社南日本新聞社 - 会社案内ページ | 南日本新聞デジタル,true,3,0,false,false,,,0,,false,2026-10-05T12:40:24.097Z
3340001008708,株式会社盛岡電工,46:鹿児島県,175人,100-299人,その他,100-299人 / その他,1,http://morioka-denkou.co.jp,200,unavailable,,,,,,,,,,,,0,0,,false,,,0,,false,
3350001001439,株式会社ひむか流通ネットワーク,45:宮崎県,40人,30-99人,その他,30-99人 / その他,1,https://www.hdnc.jp/,200,allowed,,https://www.hdnc.jp/employment_category,https://ownedmaker.com/hdnc/top/,homepageAnchor,採用情報,otherDomain,high,200,allowed,株式会社ひむか流通ネットワーク | 採用ページ,true,2,0,false,false,,,2,,false,2026-10-05T12:40:29.314Z
3350001014283,株式会社オロ宮崎,45:宮崎県,79人,30-99人,その他,30-99人 / その他,1,https://www.oro-miyazaki.com/,200,allowed,,https://www.oro.com/recruit/career/miyazaki/,,homepageLinkOffDomain,キャリア採用,otherDomain,low,,,,,1,2,,false,,,0,,false,
3360001002469,沖縄日立ネットワークシステムズ株式会社,47:沖縄県,264人,100-299人,その他,100-299人 / その他,1,https://www.ohns.co.jp/,200,unavailable,,https://www.ohns.co.jp/recruit/,https://www.ohns.co.jp/recruit/,homepageAnchor,採用情報,ownDomain,high,200,unavailable,採用情報 | 沖縄日立ネットワークシステムズ株式会社,true,4,0,false,false,,,0,,false,2026-10-05T12:40:27.352Z
3360001005744,ＳＵＮモバイル株式会社,47:沖縄県,96人,30-99人,その他,30-99人 / その他,1,http://www.sunmobile.co.jp/,200,allowed,,http://www.sunmobile.co.jp/recruit/,http://www.sunmobile.co.jp/recruit/,homepageAnchor,新卒 採用,ownDomain,high,200,allowed,リクルート採用 | SUN mobile COMMUNICATION | SUNモバイル株式会社,true,2,0,false,false,,,0,,false,2026-10-05T12:40:29.148Z
3360001021386,株式会社ヴィッツ沖縄,47:沖縄県,45人,30-99人,その他,30-99人 / その他,1,https://www.oknw.witz-inc.co.jp,200,allowed,,https://www.oknw.witz-inc.co.jp/recruit,https://www.oknw.witz-inc.co.jp/recruit/,homepageAnchor,採用情報,ownDomain,high,200,allowed,採用情報TOP | 株式会社ヴィッツ沖縄 公式サイト,true,2,0,false,false,,,1,https://www.oknw.witz-inc.co.jp/recruit/,true,2026-10-05T12:40:34.491Z
3360001031385,株式会社オキジモ,47:沖縄県,2人,1-4人,その他,1-4人 / その他,1,https://okijimo.jp/,200,allowed,,https://okijimo.jp/business/mid-career,https://okijimo.jp/business/mid-career,homepageAnchor,求人サービス,ownDomain,high,200,allowed,事業領域-求人サービス – オキジモ！,true,3,0,false,false,,,0,,false,2026-10-05T12:40:31.813Z
3370001024066,株式会社ねこまた,04:宮城県,13人,10-29人,その他,10-29人 / その他,1,http://necomata.co.jp/,200,allowed,,https://necomata.co.jp/recruit,https://necomata.co.jp/recruit,homepageAnchor,Recruit 採用情報,ownDomain,high,200,allowed,採用情報｜株式会社ねこまた,true,3,0,false,false,,,0,,false,2026-10-05T12:40:35.879Z
3370001031384,株式会社イトナブ,04:宮城県,25人,10-29人,その他,10-29人 / その他,1,https://itnav.co.jp/,200,allowed,,https://recruit.itnav.co.jp/,https://recruit.itnav.co.jp/,homepageAnchor,RECRUIT,ownDomain,high,200,allowed,株式会社イトナブ 採用サイト,true,3,0,false,false,,,0,,false,2026-10-05T12:40:32.971Z
3370001053503,エリシアンキャリア株式会社,04:宮城県,37人,30-99人,その他,30-99人 / その他,1,http://www.carina.co.jp/index.html,,unavailable,TypeError:UND_ERR_CONNECT_TIMEOUT,,,,,,,,,,,0,0,,true,http://www.carina.co.jp/,,0,,false,
3380001018744,株式会社アクシス,07:福島県,52人,30-99人,その他,30-99人 / その他,1,https://www.f-axis.co.jp/,200,allowed,,https://www.f-axis.co.jp/recruit,https://www.f-axis.co.jp/recruit/,homepageAnchor,採用情報,ownDomain,high,200,allowed,採用情報 | 株式会社アクシス,true,5,0,false,false,,,1,,false,2026-10-05T12:40:34.403Z
3390001000230,株式会社ＪｉｍｏＴｅｃ,06:山形県,14人,10-29人,その他,10-29人 / その他,1,https://www.jimotec.co.jp/,200,allowed,,https://www.jimotec.co.jp/recruit,https://www.jimotec.co.jp/recruit,homepageAnchor,採用情報,ownDomain,high,200,allowed,採用情報 | Jimotec,true,2,0,false,false,,,0,,false,2026-10-05T12:40:32.794Z
3390001006640,株式会社日情システムソリューションズ,06:山形県,145人,100-299人,その他,100-299人 / その他,1,https://www.nichijosys.com/,200,allowed,,https://recruit.nichijosys.com/,https://recruit.nichijosys.com/,homepageAnchor,採用情報,ownDomain,high,200,allowed,株式会社日情システムソリューションズ リクルートサイト,true,6,0,false,false,,,0,,false,2026-10-05T12:40:37.567Z
3400601001163,株式会社ＪＡＺＺＲＩＺＥ　ＤＥＳＩＧＮ,03:岩手県,8人,5-9人,その他,5-9人 / その他,1,http://jazzrize.com/,200,allowed,,,,,,,,,,,,0,3,,false,,,0,,false,
3410001000946,北日本コンピューターサービス株式会社,05:秋田県,231人,100-299人,その他,100-299人 / その他,1,https://www.kitacom.co.jp/,200,allowed,,https://www.kitacom.co.jp/recruit/,https://www.kitacom.co.jp/recruit,homepageAnchor,採用情報,ownDomain,high,200,allowed,リクルート｜北日本コンピューターサービス,true,1,0,false,false,,,1,https://www.kitacom.co.jp/recruit,true,2026-10-05T12:40:42.196Z
3410001003214,株式会社アルファシステム,05:秋田県,57人,30-99人,その他,30-99人 / その他,1,https://www.alpha-sy.jp/,200,allowed,,https://www.alpha-sy.jp/pages/77/,https://www.alpha-sy.jp/pages/77/,homepageAnchor,https://job.mynavi.jp/conts/kigyo/2026/logo/banner_logo_195_60.gif,ownDomain,high,200,allowed,キャリア採用｜日医標準レセプトソフトをはじめとする医療システムの構築・導入のサポートのことなら、《株式会社アルファシステム》にお任せください。,true,3,0,false,false,,,0,,false,2026-10-05T12:40:37.928Z
3410001003305,株式会社エイチ・アイ・ティ,05:秋田県,36人,30-99人,その他,30-99人 / その他,1,https://a-hit.co.jp/,200,unavailable,,,,,,,,,,,,0,0,,false,,,0,,false,
3410001006076,東光コンピュータ・サービス株式会社,05:秋田県,77人,30-99人,その他,30-99人 / その他,1,https://www.tcs.tokogrp.co.jp/,200,unavailable,,https://www.tcs.tokogrp.co.jp/recruit3/,https://www.tcs.tokogrp.co.jp/recruit/,homepageAnchor,エントリーフォームへ,ownDomain,high,200,unavailable,採用情報 TOPページ｜東光コンピュータ・サービス株式会社（公式ホームページ）,true,2,0,false,false,,,1,,false,2026-10-05T12:40:42.310Z
3420001000202,株式会社青森電子計算センター,02:青森県,300人,300-999人,その他,300-999人 / その他,1,https://www.acsc.co.jp,200,unavailable,,https://www.acsc.co.jp/recruit.html,https://www.acsc.co.jp/recruit.html,homepageAnchor,採用情報 RECRUIT,ownDomain,high,200,unavailable,採用情報｜ACS 株式会社 青森電子計算センター,true,4,0,false,false,,,0,,false,2026-10-05T12:40:39.548Z
3430001007452,システムバンク株式会社,01:北海道,50人,30-99人,主要都市圏,30-99人 / 主要都市圏,1,http://www.sbn.co.jp,200,allowed,,https://www.sbn.co.jp/recruit/recruit/,https://www.sbn.co.jp/recruit/recruit/,homepageAnchor,採用情報 RECRUIT,ownDomain,high,200,allowed,採用情報 | システムバンク採用サイト,true,1,0,false,false,,,0,,false,2026-10-05T12:40:45.675Z
3430001010217,ダットジャパン株式会社,01:北海道,330人,300-999人,主要都市圏,300-999人 / 主要都市圏,1,http://www.datt.co.jp/,200,allowed,,https://recruit.datt.co.jp/,https://recruit.datt.co.jp/,homepageAnchor,採用情報,ownDomain,high,200,allowed,ダットジャパン採用サイト,true,1,0,false,false,,,0,,false,2026-10-05T12:40:47.421Z
3430001010902,株式会社テクノラボ,01:北海道,108人,100-299人,主要都市圏,100-299人 / 主要都市圏,1,https://www.techno-labo.co.jp/,200,allowed,,https://www.techno-labo.co.jp/recruit/,https://www.techno-labo.co.jp/recruit/,homepageAnchor,採用情報,ownDomain,high,200,allowed,,true,2,0,false,false,,,0,,false,2026-10-05T12:40:42.961Z
3430001015406,プロテック株式会社,01:北海道,14人,10-29人,主要都市圏,10-29人 / 主要都市圏,1,https://www.protech-web.co.jp,200,allowed,,,,,,,,,,,,0,1,,false,,,0,,false,
3430001022088,株式会社北海道新聞社,01:北海道,1238人,1000人以上,主要都市圏,1000人以上 / 主要都市圏,1,http://jinji.hokkaido-np.co.jp/company/divercity.html,200,allowed,,https://jinji.hokkaido-np.co.jp/career/,https://jinji.hokkaido-np.co.jp/career/,homepageAnchor,キャリア採用,ownDomain,high,200,allowed,キャリア採用 募集概要・プレエントリー | 北海道新聞社 採用サイト|,true,6,0,false,false,,,0,,false,2026-10-05T12:40:51.735Z
3430001022690,ＨＩＳホールディングス株式会社,01:北海道,203人,100-299人,主要都市圏,100-299人 / 主要都市圏,1,https://www.hokuyois.co.jp/csr/actionplan/,200,allowed,,https://www.hokuyois.co.jp/recruit/,https://www.hokuyois.co.jp/recruit/,homepageAnchor,採用情報,ownDomain,high,200,allowed,採用情報 – HISホールディングス株式会社,true,1,0,false,false,,,0,,false,2026-10-05T12:40:46.945Z
3430001024588,新光商事エルエスアイデザインセンター株式会社,01:北海道,101人,100-299人,主要都市圏,100-299人 / 主要都市圏,1,https://www.sld-shinko.co.jp,200,allowed,,https://www.sld-shinko.co.jp/recruit/,https://www.sld-shinko.co.jp/recruit/,homepageAnchor,採用情報,ownDomain,high,200,allowed,採用情報 - 新光商事LSIデザインセンター株式会社,true,5,0,false,false,,,0,,false,2026-10-05T12:40:49.954Z
3430001025025,株式会社ハ・ン・ド,01:北海道,174人,100-299人,主要都市圏,100-299人 / 主要都市圏,1,http://www.hand.co.jp,200,allowed,,http://www.hand.co.jp/jobs/,http://www.hand.co.jp/jobs/,homepageAnchor,採用情報,ownDomain,high,200,allowed,採用情報 ｜ 株式会社ハ・ン・ド,true,7,0,false,false,,,0,,false,2026-10-05T12:40:46.817Z
3430001027491,株式会社つうけんアドバンスシステムズ,01:北海道,443人,300-999人,主要都市圏,300-999人 / 主要都市圏,1,https://www.tads.co.jp/,200,allowed,,https://www.tads.co.jp/recruit,https://www.tads.co.jp/recruit/,homepageAnchor,採用情報,ownDomain,high,200,allowed,採用情報｜株式会社つうけんアドバンスシステムズ,true,30,0,false,false,,,1,,false,2026-10-05T12:40:51.525Z
3430001027574,ＪＩＧ－ＳＡＷ株式会社,01:北海道,174人,100-299人,主要都市圏,100-299人 / 主要都市圏,1,https://www.jig-saw.com/,200,allowed,,https://recruit.jig-saw.com/,https://recruit.jig-saw.com/,homepageAnchor,RECRUIT,ownDomain,high,200,allowed,Change the game. Change the world. | JIG-SAW RECRUITING,true,1,0,false,false,,,0,,false,2026-10-05T12:40:51.425Z
3430001066432,株式会社ＣｒｅａｔｅＦ,01:北海道,6人,5-9人,主要都市圏,5-9人 / 主要都市圏,1,http://www.createf.jp/index.php,200,allowed,,,,,,,,,,,,0,3,,true,http://www.createf.jp/,200,0,,false,
3430001069798,株式会社ＤｅｓｅｒｔＲｏｓｅ,01:北海道,66人,30-99人,主要都市圏,30-99人 / 主要都市圏,1,http://desertrose.link/company.html,,unavailable,TypeError:ENOTFOUND,,,,,,,,,,,0,0,,true,http://desertrose.link/,,0,,false,
3430001073742,Ｓｅｐｔｅｎｉ　Ａｄ　Ｃｒｅａｔｉｖｅ株式会社,01:北海道,113人,100-299人,主要都市圏,100-299人 / 主要都市圏,1,https://www.septeni-adcreative.co.jp/,200,unavailable,,https://www.septeni-adcreative.co.jp/recruit/,https://www.septeni-adcreative.co.jp/recruit/,homepageAnchor,Recruit,ownDomain,high,200,unavailable,◯◯マニアを募集します！｜Septeni Ad Creative採用サイト,true,1,0,false,false,,,0,,false,2026-10-05T12:40:50.729Z
3430001074848,株式会社ｐｉｘｙｄａ,01:北海道,52人,30-99人,主要都市圏,30-99人 / 主要都市圏,1,http://www.pixyda.co.jp/,200,unavailable,,,,,,,,,,,,0,0,,false,,,0,,false,
3430001080854,Ｌｉｂｅｒｔｙ株式会社,01:北海道,5人,5-9人,主要都市圏,5-9人 / 主要都市圏,1,https://libertyinc.jp/,200,allowed,,,,,,,,,,,,0,2,,false,,,0,,false,
3430001081340,株式会社ラプラス,01:北海道,27人,10-29人,主要都市圏,10-29人 / 主要都市圏,1,https://www.laplus2014.jp/,200,allowed,,https://www.laplus2014.jp/recruit/,https://www.laplus2014.jp/recruit/,homepageAnchor,採用情報,ownDomain,high,200,allowed,採用情報 | 株式会社ラプラス,true,1,0,false,false,,,0,,false,2026-10-05T12:40:54.789Z
3430001085481,株式会社セガ札幌スタジオ,01:北海道,143人,100-299人,主要都市圏,100-299人 / 主要都市圏,1,https://sega-sapporo-studio.co.jp/,200,unavailable,,https://hrmos.co/pages/sega/jobs?jobType=FULL&category=1686944447987720194,https://hrmos.co/pages/sega/jobs?jobType=FULL&category=1686944447987720194,homepageLinkToOfficialAts,中途採用（正社員）,atsHosted,high,200,unavailable,セガ 正社員 株式会社セガ札幌スタジオ の求人一覧,true,4,0,false,false,,,0,,false,2026-10-05T12:40:54.913Z
3440001007633,株式会社クロス・プロップワークス,13:東京都,110人,100-299人,東京,100-299人 / 東京,1,https://www.propworks.co.jp/,200,unavailable,,https://www.propworks.co.jp/recruit/index.html,https://www.propworks.co.jp/recruit/index.html,homepageAnchor,採用情報,ownDomain,high,200,unavailable,採用情報 | クロス・プロップワークス,true,2,0,false,false,,,0,,false,2026-10-05T12:40:54.784Z
3440001008169,株式会社Ｒ－ｓｔｙｌｅ,01:北海道,3人,1-4人,主要都市圏,1-4人 / 主要都市圏,1,https://r-style1.co.jp/,200,allowed,,https://r-style1.co.jp/recruitment/,https://r-style1.co.jp/recruitment/,homepageAnchor,採用情報,ownDomain,high,200,allowed,採用情報 – ㈱R-style｜投資・モノ・サービス,true,1,0,false,false,,,0,,false,2026-10-05T12:40:56.720Z
3450003001658,株式会社プレジールライフ,01:北海道,7人,5-9人,主要都市圏,5-9人 / 主要都市圏,1,http://plaisir-life.info/,200,unavailable,,,,,,,,,,,,0,0,,false,,,0,,false,
3470001000610,株式会社ウィザード,37:香川県,35人,30-99人,その他,30-99人 / その他,1,https://www.wizardinc.co.jp/,200,allowed,,https://www.wizardinc.co.jp/recruit,https://www.wizardinc.co.jp/recruit/,homepageAnchor,recruit 映像で可能性を広げる,ownDomain,high,200,allowed,採用情報 - 株式会社ウィザード | 岡山県・香川県高松市の映像制作会社 | KSB瀬戸内海放送グループ,true,3,0,false,false,,,1,,false,2026-10-05T12:41:00.632Z
3470001004719,株式会社ゴーフィールド,37:香川県,29人,10-29人,その他,10-29人 / その他,1,https://www.gofield.co.jp/,200,allowed,,https://www.gofield.co.jp/recruit/,https://www.gofield.co.jp/recruit/,homepageAnchor,採用情報,ownDomain,high,200,allowed,採用情報 | ホームページ制作・Web集客 香川・高松 | ゴーフィールド,true,11,0,false,false,,,0,,false,2026-10-05T12:40:58.531Z
3470001007556,株式会社シー・キュー,37:香川県,5人,5-9人,その他,5-9人 / その他,1,http://kkcq.jp/,200,unavailable,,,,,,,,,,,,0,0,,true,https://kkcq.jp/,200,0,,false,
3470001010568,株式会社タクマテック,37:香川県,26人,10-29人,その他,10-29人 / その他,1,http://www.takumatec.co.jp/,200,unavailable,,,,,,,,,,,,0,0,,false,,,0,,false,
3480001000832,四国システム開発株式会社,36:徳島県,100人,100-299人,その他,100-299人 / その他,1,https://www.ssdc.co.jp/,200,unavailable,,,,,,,,,,,,0,0,,false,,,0,,false,
3490001001004,高知さんさんテレビ株式会社,39:高知県,68人,30-99人,その他,30-99人 / その他,1,https://www.sunsuntv.co.jp/,200,allowed,,https://www.sunsuntv.co.jp/corporate/recruit/,https://www.sunsuntv.co.jp/corporate/recruit,homepageAnchor,採用情報,ownDomain,high,200,allowed,採用情報 &laquo; 企業情報 - 高知さんさんテレビ,true,2,0,false,false,,,1,,false,2026-10-05T12:41:03.950Z
3490001006127,株式会社ソフテック,39:高知県,214人,100-299人,その他,100-299人 / その他,1,http://www.softec-inc.co.jp/,200,allowed,,https://www.softec-inc.co.jp/recruit/,https://www.softec-inc.co.jp/recruit/,homepageAnchor,新卒採用,ownDomain,high,200,allowed,株式会社ソフテック 採用サイト,true,2,0,false,false,,,0,,false,2026-10-05T12:41:05.966Z
3500001008542,株式会社三瀬商店,38:愛媛県,54人,30-99人,その他,30-99人 / その他,1,http://www.mise2001.co.jp/,200,allowed,,https://www.mise2001.co.jp/recruit/,https://www.mise2001.co.jp/recruit/,homepageAnchor,採用情報,ownDomain,high,200,allowed,ミセコネクティッド 採用情報サイト,true,4,0,false,false,,,0,,false,2026-10-05T12:41:07.596Z
4010001000011,日活株式会社,13:東京都,211人,100-299人,東京,100-299人 / 東京,1,http://www.nikkatsu.com/,200,unavailable,,,,,,,,,,,,0,0,,false,,,0,,false,
4010001006966,株式会社文理,13:東京都,147人,100-299人,東京,100-299人 / 東京,1,https://www.bunri.co.jp/,200,unavailable,,https://www.bunri.co.jp/recruit/,https://www.bunri.co.jp/recruit,homepageAnchor,採用情報,ownDomain,high,200,unavailable,採用情報 | 株式会社文理,true,1,0,false,false,,,1,,false,2026-10-05T12:41:05.621Z
4010001007205,株式会社ホワイトロック,13:東京都,6人,5-9人,東京,5-9人 / 東京,1,https://whiterock.co.jp/,200,unavailable,,,,,,,,,,,,0,0,,false,,,0,,false,
4010001012386,株式会社ＮＴＴデータ・フィナンシャルテクノロジー,13:東京都,2201人,1000人以上,東京,1000人以上 / 東京,1,http://www.nttdft.com/,404,unavailable,http_404,,,,,,,,,,,0,0,,false,,,0,,false,
4010001017427,株式会社産業経済新聞社,13:東京都,1350人,1000人以上,東京,1000人以上 / 東京,1,http://sankei.jp/,200,unavailable,,https://www.sankei.jp/saiyo/,https://www.sankei.jp/saiyo/,homepageAnchor,採用情報,ownDomain,high,200,allowed,産経新聞 採用サイト,true,6,0,false,false,,,0,,false,2026-10-05T12:41:16.960Z
4010001024761,株式会社トランスネット,13:東京都,220人,100-299人,東京,100-299人 / 東京,1,https://www.tni.co.jp/activities,,unavailable,TypeError:UNABLE_TO_VERIFY_LEAF_SIGNATURE,,,,,,,,,,,0,0,,true,https://www.tni.co.jp/,,0,,false,
4010001025561,日販テクシード株式会社,13:東京都,250人,100-299人,東京,100-299人 / 東京,1,https://www.techceed-inc.com/,200,allowed,,,,,,,,,,,,0,3,,false,,,0,,false,
4010001025727,株式会社日経映像,13:東京都,136人,100-299人,東京,100-299人 / 東京,1,https://www.nikkeivi.co.jp/,200,unavailable,,https://www.nikkeivi.co.jp/recruit/,https://www.nikkeivi.co.jp/recruit/,homepageAnchor,採用情報,ownDomain,high,200,unavailable,株式会社日経映像｜新卒採用サイト｜テレビ番組の企画、制作、販売,true,1,0,false,false,,,0,,false,2026-10-05T12:41:09.268Z
4010001027327,ピー・シー・エー株式会社,13:東京都,625人,300-999人,東京,300-999人 / 東京,1,https://pca.jp/,200,allowed,,https://hs.pca.jp/info_survey/keihimanual_entry.html,https://hs.pca.jp/info_survey/keihimanual_entry.html,homepageUrlPattern,『PCA Hub 経費精算』体験版を申し込みされた方限定 マニュアルを無料でお届け,ownDomain,low,200,allowed,PCA Hub 経費精算 初期設定マニュアル申込フォーム | ピー・シー・エー株式会社,false,2,0,false,false,,,0,,false,2026-10-05T12:41:10.158Z
4010001046302,株式会社しんきん情報システムセンター,13:東京都,257人,100-299人,東京,100-299人 / 東京,1,https://www.shinkin.co.jp/ssc/,200,allowed,,,,,,,,,,,,0,0,,true,https://www.shinkin.co.jp/,200,0,,false,
4010001047705,株式会社ストアーズ社,13:東京都,9人,5-9人,東京,5-9人 / 東京,1,http://www.stores.co.jp/,200,allowed,,,,,,,,,,,,0,3,,false,,,0,,false,
4010001050832,株式会社ティ・アイ・ディ,13:東京都,192人,100-299人,東京,100-299人 / 東京,1,https://www.tid.co.jp,200,allowed,,https://www.tid.co.jp/recruit/index.html,https://www.tid.co.jp/recruit/,homepageAnchor,採用情報,ownDomain,high,200,allowed,採用情報 | 株式会社 ティ・アイ・ディ,true,6,0,false,false,,,1,,false,2026-10-05T12:41:16.068Z
4010001051681,東海ビジネスサービス株式会社,13:東京都,260人,100-299人,東京,100-299人 / 東京,1,https://www.tokai-bs.co.jp/sustainability/,200,allowed,,https://www.tokai-bs.co.jp/recruit/,https://www.tokai-bs.co.jp/recruit/,homepageAnchor,採用情報,ownDomain,high,200,allowed,採用情報 - 東海ビジネスサービス株式会社,true,4,0,false,false,,,0,,false,2026-10-05T12:41:13.467Z
4010001053447,双日テックイノベーション株式会社,13:東京都,819人,300-999人,東京,300-999人 / 東京,1,https://www.sojitz-ti.com/,200,allowed,,https://www.sojitz-ti.com/ja/recruit.html,https://www.sojitz-ti.com/ja/recruit.html,homepageAnchor,採用情報,ownDomain,high,200,allowed,採用情報 | 双日テックイノベーション（STech I）,true,5,0,false,false,,,0,,false,2026-10-05T12:41:14.929Z
4010001054032,株式会社野村総合研究所,13:東京都,7982人,1000人以上,東京,1000人以上 / 東京,1,https://www.nri.com/jp/,200,allowed,,https://www.nri.com/jp/career.html,https://www.nri.com/jp/career.html,homepageAnchor,採用情報,ownDomain,high,200,allowed,採用情報 | NRIトップ | 野村総合研究所(NRI),true,1,0,false,false,,,0,,false,2026-10-05T12:41:15.331Z
4010001067331,株式会社エスエイシー総研,13:東京都,15人,10-29人,東京,10-29人 / 東京,1,https://www.sacsoken.com/,200,allowed,,https://recruit.sacsoken.com/,https://recruit.sacsoken.com/,homepageAnchor,採用情報,ownDomain,high,200,allowed,エスエイシー総研の開発実績 | 株式会社エスエイシー総研,true,2,0,false,false,,,0,,false,2026-10-05T12:41:17.544Z
4010001068635,株式会社エーティケー,13:東京都,42人,30-99人,東京,30-99人 / 東京,1,https://www.a-tk.co.jp/,200,allowed,,https://www.a-tk.co.jp/a-tk/recruit,https://www.a-tk.co.jp/a-tk/recruit,robotsSitemap,,ownDomain,medium,200,allowed,RECRUIT｜株式会社ＡＴＫ,true,1,3,false,false,,,0,,false,2026-10-05T12:41:23.384Z
4010001070401,株式会社ウェブインパクト,13:東京都,27人,10-29人,東京,10-29人 / 東京,1,https://www.webimpact.co.jp/,200,allowed,,https://www.webimpact.co.jp/recruit/,https://recruit.webimpact.co.jp/,homepageAnchor,採用情報,ownDomain,high,200,allowed,ウェブインパクト 新卒採用サイト,true,5,0,false,false,,,1,,false,2026-10-05T12:41:20.205Z
4010001074443,株式会社アナハイム・テクノロジー,13:東京都,38人,30-99人,東京,30-99人 / 東京,1,http://www.ah-tech.net/index.html,200,unavailable,,https://hrmos.co/pages/kacomsgroup/jobs,https://hrmos.co/pages/kacomsgroup/jobs,homepageLinkToOfficialAts,採用情報,atsHosted,high,200,unavailable,カコムスグループ,true,1,0,false,false,,,0,,false,2026-10-05T12:41:22.651Z
4010001080243,株式会社グリフィン,13:東京都,263人,100-299人,東京,100-299人 / 東京,1,https://griffin-net.co.jp/,200,allowed,,https://griffin-net.co.jp/recruit/,https://griffin-net.co.jp/recruit/,homepageAnchor,採用情報,ownDomain,high,200,allowed,メッセージ | 株式会社グリフィン,true,4,0,false,false,,,0,,false,2026-10-05T12:41:20.733Z
4010001086298,ケイレックス・テクノロジー株式会社,13:東京都,55人,30-99人,東京,30-99人 / 東京,1,https://www.keirex.com/,200,unavailable,,https://www.keirex.com/company_info_recruit.html,https://www.keirex.com/company_info_recruit.html,homepageUrlPattern,&thinsp;,ownDomain,medium,200,unavailable,Recruite_test,true,1,0,false,false,,,0,,false,2026-10-05T12:41:20.497Z
4010001088889,株式会社テラバイト,13:東京都,45人,30-99人,東京,30-99人 / 東京,1,https://www.terrabyte.co.jp,200,allowed,,https://www.terrabyte.co.jp/recruit?hsLang=ja,https://www.terrabyte.co.jp/recruit,homepageAnchor,採用情報,ownDomain,high,200,allowed,採用情報｜株式会社テラバイト｜CAE・解析,true,1,0,false,false,,,1,,false,2026-10-05T12:41:22.661Z
4010001089490,ネット・インフォメーション株式会社,13:東京都,211人,100-299人,東京,100-299人 / 東京,1,https://www.netinf.co.jp/company/sdgs.html,200,allowed,,https://www.netinf.co.jp/recruit.html,https://www.netinf.co.jp/recruit.html,homepageAnchor,採用情報,ownDomain,high,200,allowed,採用情報 | ネット・インフォメーション株式会社 - インフラ構築から保守・運用、ソフト開発、ITサービスを提供,true,1,0,false,false,,,0,,false,2026-10-05T12:41:22.961Z
4010001089532,株式会社ぶんか社,13:東京都,142人,100-299人,東京,100-299人 / 東京,1,https://www.bunkasha.co.jp/,200,allowed,,https://www.bunkasha.co.jp/recruit,https://www.bunkasha.co.jp/recruit,homepageAnchor,採用情報,ownDomain,high,200,allowed,採用情報 | 株式会社ぶんか社,true,1,0,false,false,,,0,,false,2026-10-05T12:41:24.171Z
4010001091991,株式会社インテリジェントウェイブ,13:東京都,492人,300-999人,東京,300-999人 / 東京,1,https://www.iwi.co.jp/,200,unavailable,,https://www.iwi.co.jp/portal-recruit/,https://www.iwi.co.jp/portal-recruit/,homepageAnchor,採用情報,ownDomain,high,200,unavailable,採用情報 | インテリジェントウェイブ（IWI）,true,5,0,false,false,,,0,,false,2026-10-05T12:41:23.636Z
4010001094689,株式会社サウンズネクスト,13:東京都,89人,30-99人,東京,30-99人 / 東京,1,https://www.soundsnext.co.jp/,200,unavailable,,,,,,,,,,,,0,0,,false,,,0,,false,
4010001098649,株式会社エイジング,13:東京都,57人,30-99人,東京,30-99人 / 東京,1,https://www.azing.co.jp/,200,allowed,,https://www.azing.co.jp/recruit/,https://www.azing.co.jp/recruit/,homepageAnchor,採用情報,ownDomain,high,200,allowed,採用情報・キャリア採用 | 株式会社エイジング,true,5,0,false,false,,,0,,false,2026-10-05T12:41:25.666Z
4010001100819,ＣＬＩＮＫＳ株式会社,13:東京都,930人,300-999人,東京,300-999人 / 東京,1,https://www.clinks.jp/,200,allowed,,https://recruit.clinks.jp/,https://recruit.clinks.jp/,homepageAnchor,採用情報,ownDomain,high,200,unavailable,CLINKS採用総合TOP｜新卒・中途・在宅ITエンジニア採用,true,3,0,false,false,,,0,,false,2026-10-05T12:41:26.834Z
4010001101676,東京メトロポリタンテレビジョン株式会社,13:東京都,149人,100-299人,東京,100-299人 / 東京,1,https://s.mxtv.jp/,200,allowed,,,,,,,,,,,,0,2,,false,,,0,,false,
4010001102162,株式会社デジタルホールディングス,13:東京都,83人,30-99人,東京,30-99人 / 東京,1,https://digital-holdings.co.jp/,,unavailable,TypeError:UNABLE_TO_VERIFY_LEAF_SIGNATURE,,,,,,,,,,,0,0,,false,,,0,,false,
4010001103838,株式会社ＧＣＴ研究所,13:東京都,3人,1-4人,東京,1-4人 / 東京,1,https://gcti.co.jp,,unavailable,TypeError:UNABLE_TO_VERIFY_LEAF_SIGNATURE,,,,,,,,,,,0,0,,false,,,0,,false,
4010001115453,株式会社クロノシステム,13:東京都,9人,5-9人,東京,5-9人 / 東京,1,http://www.chrono.co.jp,200,allowed,,,,,,,,,,,,0,4,,false,,,0,,false,
4010001116006,株式会社オークネット,13:東京都,319人,300-999人,東京,300-999人 / 東京,1,https://www.aucnet.co.jp/,404,unavailable,http_404,,,,,,,,,,,0,0,,false,,,0,,false,
4010001120965,Ｓａｎｓａｎ株式会社,13:東京都,2064人,1000人以上,東京,1000人以上 / 東京,1,http://jp.corp-sansan.com/,200,allowed,,https://jp.corp-sansan.com/recruit,https://jp.corp-sansan.com/recruit/,homepageAnchor,採用情報,ownDomain,high,200,allowed,採用情報 | Sansan株式会社,true,6,0,false,false,,,1,,false,2026-10-05T12:41:34.970Z
4010001121708,株式会社ブレイバンス,13:東京都,60人,30-99人,東京,30-99人 / 東京,1,http://www.bravance.co.jp/,200,allowed,,https://www.bravance.co.jp/recruitment/,https://www.bravance.co.jp/recruitment/,homepageAnchor,採用情報,ownDomain,high,200,allowed,未経験でエンジニアに転職ならブレイバンス。研修制度充実，女性活躍,true,6,0,false,false,,,0,,false,2026-10-05T12:41:33.703Z
4010001125345,株式会社システムソフィア,13:東京都,55人,30-99人,東京,30-99人 / 東京,1,http://www.system-sophia.co.jp/,200,allowed,,https://system-sophia.co.jp/recruit/,https://system-sophia.co.jp/recruit/,homepageAnchor,採用情報 Recruit,ownDomain,high,200,allowed,採用情報 | SystemSophia [株式会社システムソフィア],true,2,0,false,false,,,0,,false,2026-10-05T12:42:09.604Z
4010001127738,株式会社コアコンセプト・テクノロジー,13:東京都,432人,300-999人,東京,300-999人 / 東京,1,https://www.cct-inc.co.jp/sustainability/,200,allowed,,https://www.cct-inc.co.jp/recruit/,https://www.cct-inc.co.jp/recruit/,homepageAnchor,採用情報,ownDomain,high,200,allowed,採用情報 | コアコンセプト・テクノロジー（CCT）,true,2,0,false,false,,,0,,false,2026-10-05T12:41:29.970Z
4010001128042,ピースミール・テクノロジー株式会社,13:東京都,77人,30-99人,東京,30-99人 / 東京,1,https://www.pmtech.co.jp/,200,allowed,,https://hrmos.co/pages/ulspublis/jobs,https://hrmos.co/pages/ulspublis/jobs,homepageLinkToOfficialAts,エントリー,atsHosted,high,200,unavailable,ULSパブリス株式会社,true,3,0,false,false,,,0,,false,2026-10-05T12:41:30.818Z
4010001136152,株式会社Ｃｒｅｓｃｅｎｔ,13:東京都,13人,10-29人,東京,10-29人 / 東京,1,https://crescents.jp/,200,allowed,,https://crescents.jp/recruit/,https://crescents.jp/recruit/,homepageUrlPattern,リクルート,ownDomain,medium,200,allowed,採用情報 | 株式会社Crescent（クレセント）,true,1,0,false,false,,,0,,false,2026-10-05T12:41:31.560Z
4010001139808,株式会社ワイヤ・アンド・ワイヤレス,13:東京都,42人,30-99人,東京,30-99人 / 東京,1,https://wi2.co.jp/,200,allowed,,,,,,,,,,,,0,0,,false,,,0,,false,
4010001170894,株式会社ウィシェア,13:東京都,19人,10-29人,東京,10-29人 / 東京,1,https://www.weshare.co.jp/,200,unavailable,,https://www.weshare.co.jp/recruit/,https://www.weshare.co.jp/recruit/,homepageAnchor,採用情報,ownDomain,high,200,unavailable,株式会社ウィシェア | 採用情報,true,1,0,false,false,,,0,https://www.weshare.co.jp/recruit/,true,2026-10-05T12:41:32.629Z
4010001173996,株式会社ＢｅｅＸ,13:東京都,184人,100-299人,東京,100-299人 / 東京,1,https://www.beex-inc.com/careers_talk-session/01,200,allowed,,https://www.beex-inc.com/careers,https://www.beex-inc.com/careers,homepageAnchor,採用情報TOP,ownDomain,high,200,allowed,採用情報,true,13,0,false,false,,,0,,false,2026-10-05T12:41:33.137Z
4010001174292,株式会社システムフロンティア,13:東京都,269人,100-299人,東京,100-299人 / 東京,1,https://www.sfrontier.co.jp,200,allowed,,https://www.sfrontier.co.jp/recruit/,https://www.sfrontier.co.jp/recruit/,homepageAnchor,採用情報,ownDomain,high,200,allowed,採用トップ - 株式会社システムフロンティア,true,3,0,false,false,,,0,,false,2026-10-05T12:41:37.249Z
4010001199728,株式会社Ｊ－ＱｕＡＤ　ＤＹＮＡＭＩＣＳ,13:東京都,630人,300-999人,東京,300-999人 / 東京,1,https://www.j-quad.co.jp/workplace/,200,allowed,,https://www.j-quad.co.jp/workplace/,https://www.j-quad.co.jp/workplace/,homepageAnchor,採用情報・職場風土,ownDomain,high,200,allowed,採用情報・職場風土 ｜ J-QuAD DYNAMICS,true,2,0,false,false,,,0,,false,2026-10-05T12:41:35.259Z
4010001210790,ソフトブレーン株式会社,13:東京都,244人,100-299人,東京,100-299人 / 東京,1,http://www.softbrain.co.jp/,200,allowed,,https://www.softbrain.co.jp/recruit/,https://www.softbrain.co.jp/recruit/,homepageAnchor,採用情報,ownDomain,high,200,allowed,ソフトブレーン株式会社 採用サイト,true,1,0,false,false,,,0,,false,2026-10-05T12:41:40.515Z
4010001213843,ジオテクノロジーズ株式会社,13:東京都,481人,300-999人,東京,300-999人 / 東京,1,https://geot.jp/,200,allowed,,https://geot.jp/recruit/,https://geot.jp/recruit/,homepageAnchor,採用,ownDomain,high,200,allowed,採用 | ジオテクノロジーズ株式会社,true,4,0,false,false,,,0,,false,2026-10-05T12:41:36.597Z
4010001219436,株式会社ＪＰデジタル,13:東京都,109人,100-299人,東京,100-299人 / 東京,1,https://jp-digital.jp/,200,allowed,,https://jp-digital.jp/recruit/,https://jp-digital.jp/recruit/,homepageAnchor,Recruit,ownDomain,high,200,allowed,採用情報 | 株式会社JPデジタル,true,1,0,false,false,,,0,,false,2026-10-05T12:41:36.824Z
4010001220641,Ｔｕｒｉｎｇ株式会社,13:東京都,83人,30-99人,東京,30-99人 / 東京,1,https://tur.ing/,200,allowed,,https://jobs.tur.ing/,https://jobs.tur.ing/,homepageAnchor,採用情報,ownDomain,high,200,allowed,チューリング株式会社 | 採用情報 | チューリングは完全自動運転で世界を変える仲間を募集しています。,true,2,0,false,false,,,0,,false,2026-10-05T12:41:38.624Z
4010001226085,株式会社エクスレイ,13:東京都,9人,5-9人,東京,5-9人 / 東京,1,https://www.officesoudan.com/,200,allowed,,https://www.officesoudan.com/recruit,https://www.officesoudan.com/recruit,homepageUrlPattern,COMPANY,ownDomain,medium,200,allowed,RECRUIT | Xlei,true,1,0,false,false,,,0,,false,2026-10-05T12:41:38.817Z
4010001228874,メシウス株式会社,04:宮城県,269人,100-299人,その他,100-299人 / その他,1,https://www.mescius.com/,200,allowed,,https://www.mescius.com/recruit,https://www.mescius.com/recruit/,homepageAnchor,募集職種,ownDomain,high,200,allowed,採用情報｜メシウス株式会社,true,2,0,false,false,,,1,,false,2026-10-05T12:41:40.910Z
4010002039073,株式会社ビー・エス・デーインフォメーションテクノロジー,13:東京都,58人,30-99人,東京,30-99人 / 東京,1,https://www.bsd-it.co.jp/,200,unavailable,,https://recruit-bsd-it.com/,,homepageLinkOffDomain,採用情報,otherDomain,low,,,,,1,0,,false,,,0,,false,
4010003032853,合同会社ＬＧＬ,13:東京都,5人,5-9人,東京,5-9人 / 東京,1,https://lgl.co.jp/,200,allowed,,,,,,,,,,,,0,3,,false,,,0,,false,
4010101010331,株式会社ソフトフロー,13:東京都,18人,10-29人,東京,10-29人 / 東京,1,https://www.softflow.jp/,200,allowed,,https://www.softflow.jp/recruit/,https://www.softflow.jp/recruit/,homepageAnchor,採用情報,ownDomain,high,200,allowed,採用情報 | 株式会社ソフトフロー,true,5,0,false,false,,,0,,false,2026-10-05T12:41:40.910Z
4010101012344,株式会社ＶＲＣ,13:東京都,6人,5-9人,東京,5-9人 / 東京,1,https://www.vrcjp.com/,200,allowed,,https://www.vrcjp.com/cn/careers/,https://www.vrcjp.com/cn/careers/,robotsSitemap,,ownDomain,medium,200,allowed,VRC | Body Data Platform,true,8,1,false,false,,,0,,false,2026-10-05T12:41:43.160Z
4010401005007,ＮＴＴＰＣコミュニケーションズ株式会社,13:東京都,650人,300-999人,東京,300-999人 / 東京,1,http://www.nttpc.co.jp/,200,allowed,,https://www.nttpc.co.jp/company/recruit/,https://www.nttpc.co.jp/company/recruit/,homepageAnchor,採用情報,ownDomain,high,200,allowed,採用情報｜【公式】NTTPC,true,4,0,false,false,,,0,,false,2026-10-05T12:41:46.320Z
4010401011500,株式会社ザ・チューブ,13:東京都,160人,100-299人,東京,100-299人 / 東京,1,http://www.the-tube.co.jp/,200,unavailable,,,,,,,,,,,,0,0,,false,,,0,,false,
4010401013232,株式会社システムフロア,13:東京都,50人,30-99人,東京,30-99人 / 東京,1,http://www.systemfloor.co.jp/,200,allowed,,https://www.systemfloor.co.jp/recruit,https://www.systemfloor.co.jp/recruit/,homepageAnchor,採用情報,ownDomain,high,200,allowed,採用情報 | 株式会社システムフロア,true,7,0,false,false,,,1,,false,2026-10-05T12:41:50.144Z
4010401014057,株式会社ジャステック,13:東京都,1432人,1000人以上,東京,1000人以上 / 東京,1,http://www.jastec.co.jp/,200,unavailable,,http://www.jastec.co.jp/recruit.html,http://www.jastec.co.jp/recruit.html,homepageAnchor,採用情報を見る,ownDomain,high,200,unavailable,採用情報 | ジャステック,true,1,0,false,false,,,0,,false,2026-10-05T12:41:43.786Z
4010401024691,株式会社ピーエスシー,13:東京都,700人,300-999人,東京,300-999人 / 東京,1,http://www.psc-inc.co.jp/,200,unavailable,,https://www.psc-inc.co.jp/recruit/,https://www.psc-inc.co.jp/recruit/,homepageAnchor,RECRUIT,ownDomain,high,200,unavailable,RECRUIT ｜ 株式会社ピーエスシー,true,6,0,false,false,,,0,,false,2026-10-05T12:41:48.625Z
4010401032249,ＮＴＴドコモソリューションズ株式会社,13:東京都,7089人,1000人以上,東京,1000人以上 / 東京,1,http://www.nttcom.co.jp/,200,unavailable,,https://www.nttcom.co.jp/employ/recruit,https://www.nttcom.co.jp/employ/recruit/,homepageAnchor,新卒採用,ownDomain,high,200,unavailable,NTTドコモソリューションズ採用情報（旧：NTTコムウェア）,true,7,0,false,false,,,2,,false,2026-10-05T12:41:54.978Z
4010401039979,ＬＩＮＥヤフー株式会社,13:東京都,11136人,1000人以上,東京,1000人以上 / 東京,1,https://www.lycorp.co.jp/ja/sustainability/,200,unavailable,,https://www.lycorp.co.jp/ja/recruit/,https://www.lycorp.co.jp/ja/recruit/,homepageAnchor,採用,ownDomain,high,200,unavailable,採用情報｜LINEヤフー株式会社,true,26,0,false,true,https://www.lycorp.co.jp/,200,0,,false,2026-10-05T12:41:49.324Z
4010401041588,日本ビジネスシステムズ株式会社,13:東京都,2502人,1000人以上,東京,1000人以上 / 東京,1,http://www.jbs.co.jp/,200,allowed,,https://recruit.jbs.co.jp/,https://recruit.jbs.co.jp/,homepageAnchor,新卒・キャリア採用,ownDomain,high,200,unavailable,採用サイト | JBS 日本ビジネスシステムズ株式会社,true,2,0,false,false,,,0,,false,2026-10-05T12:41:52.784Z
4010401045903,ドコモ・テクノロジ株式会社,13:東京都,663人,300-999人,東京,300-999人 / 東京,1,https://www.docomo-tech.co.jp/,200,allowed,,https://www.docomo-tech.co.jp/recruit/,https://www.docomo-tech.co.jp/recruit/,homepageAnchor,--> 採用情報,ownDomain,high,200,allowed,新卒採用サイト｜ドコモ・テクノロジ株式会社,true,2,0,false,false,,,0,,false,2026-10-05T12:41:48.307Z
4010401049813,株式会社ＤＧフィナンシャルテクノロジー,13:東京都,249人,100-299人,東京,100-299人 / 東京,1,https://www.dgft.jp/company/,200,allowed,,https://recruit.garage.co.jp/,,homepageLinkOffDomain,採用情報 採用情報,otherDomain,low,,,,,1,1,,false,,,0,,false,
4010401052932,司システム株式会社,13:東京都,135人,100-299人,東京,100-299人 / 東京,1,https://www.tsukasasys.co.jp/,200,unavailable,,https://www.tsukasasys.co.jp/recruit.html,https://www.tsukasasys.co.jp/recruit.html,homepageAnchor,採用情報 recruit,ownDomain,high,200,unavailable,採用情報-求める人物像｜司システム株式会社,true,3,0,false,false,,,0,,false,2026-10-05T12:41:51.433Z
4010401054152,株式会社デリバリーコンサルティング,13:東京都,204人,100-299人,東京,100-299人 / 東京,1,https://www.deliv.co.jp/,200,allowed,,https://www.deliv.co.jp/recruit/?hsLang=ja-jp,https://www.deliv.co.jp/recruit,homepageAnchor,Recruit 採用情報,ownDomain,high,200,allowed,採用情報 | 株式会社デリバリーコンサルティング,true,5,0,false,false,,,2,,false,2026-10-05T12:41:54.872Z
4010401058467,テクマトリックス株式会社,13:東京都,650人,300-999人,東京,300-999人 / 東京,1,http://www.techmatrix.co.jp,200,unavailable,,http://recruit.techmatrix.co.jp/,https://recruit.techmatrix.co.jp/,homepageAnchor,採用情報,ownDomain,low,200,allowed,テクマトリックス株式会社,false,2,0,false,false,,,1,,false,2026-10-05T12:42:03.665Z
4010401059151,京セラ丸善システムインテグレーション株式会社,13:東京都,321人,300-999人,東京,300-999人 / 東京,1,http://www.kmsi.co.jp/,,unavailable,TypeError:EAI_AGAIN,,,,,,,,,,,0,0,,false,,,0,,false,
4010401059705,株式会社バリューソフトウエア,13:東京都,73人,30-99人,東京,30-99人 / 東京,1,https://www.valuenet.co.jp/,200,unavailable,,https://www.valuenet.co.jp/recruit/,https://www.valuenet.co.jp/recruit/,homepageAnchor,採用情報,ownDomain,high,200,unavailable,株式会社バリューソフトウエア採用情報,true,2,0,false,false,,,0,,false,2026-10-05T12:41:54.468Z
4010401060159,株式会社日経ビーピー,13:東京都,781人,300-999人,東京,300-999人 / 東京,1,http://corporate.nikkeibp.co.jp/,200,allowed,,https://www.nikkeibp.co.jp/saiyo/,https://www.nikkeibp.co.jp/saiyo/,homepageAnchor,採用案内,ownDomain,high,200,allowed,その先を示す｜日経BP採用情報,true,1,0,false,false,,,0,,false,2026-10-05T12:41:56.136Z
4010401065760,株式会社ＮＸワンビシアーカイブズ,13:東京都,1860人,1000人以上,東京,1000人以上 / 東京,1,http://www.wanbishi.co.jp/index.html,200,allowed,,,,,,,,,,,,0,1,,false,,,0,,false,
4010401070273,クウジット株式会社,13:東京都,10人,10-29人,東京,10-29人 / 東京,1,https://www.koozyt.com/,200,allowed,,,,,,,,,,,,0,0,,false,,,0,,false,
4010401072609,株式会社ネスト,13:東京都,20人,10-29人,東京,10-29人 / 東京,1,http://nest-o.co.jp,200,allowed,,,,,,,,,,,,0,0,,false,,,0,,false,
4010401078085,日本オラクル株式会社,13:東京都,2131人,1000人以上,東京,1000人以上 / 東京,1,https://www.oracle.com/jp/careers/diversity-inclusion/policy/,403,unavailable,http_403,,,,,,,,,,,0,0,,true,https://www.oracle.com/,403,0,,false,
4010401079331,株式会社ｆ－ｍｅ,13:東京都,6人,5-9人,東京,5-9人 / 東京,1,https://f-me.co.jp/,200,allowed,,,,,,,,,,,,0,0,,false,,,0,,false,
4010401086988,株式会社レトロミーム,13:東京都,10人,10-29人,東京,10-29人 / 東京,1,https://retromeme.jp/,,unavailable,TypeError:ENOTFOUND,,,,,,,,,,,0,0,,false,,,0,,false,
4010401089594,ＷｉｚＢｉｚ株式会社,13:東京都,12人,10-29人,東京,10-29人 / 東京,1,https://wizbiz.co.jp/,200,allowed,,https://wizbiz.co.jp/recruit,https://wizbiz.co.jp/recruit/,homepageAnchor,採用情報,ownDomain,high,200,allowed,採用情報 | WizBiz株式会社 | すべての企業経営を応援する,true,1,0,false,false,,,1,,false,2026-10-05T12:42:02.196Z
4010401090073,株式会社ネクストアイ,13:東京都,11人,10-29人,東京,10-29人 / 東京,1,https://www.next-eye.jp/,200,unavailable,,,,,,,,,,,,0,0,,false,,,0,,false,
4010401092904,株式会社イー・コミュニケーションズ,13:東京都,30人,30-99人,東京,30-99人 / 東京,1,https://www.e-coms.co.jp/,200,allowed,,https://www.e-coms.co.jp/about/recruit,https://www.e-coms.co.jp/about/recruit,homepageAnchor,採用情報,ownDomain,high,200,allowed,採用情報 | 株式会社イー・コミュニケーションズ,true,1,0,false,false,,,0,,false,2026-10-05T12:42:01.632Z
4010401093365,株式会社ＷＯＯＲＯＭ．,13:東京都,30人,30-99人,東京,30-99人 / 東京,1,http://www.woorom.com/,200,unavailable,,https://www.woorom.com/site/recruit/,https://www.woorom.com/site/recruit/,homepageAnchor,RECRUIT,ownDomain,high,200,unavailable,採用情報｜株式会社ウーロン,true,1,0,false,false,,,0,,false,2026-10-05T12:42:05.319Z
4010401096178,株式会社サンバード,13:東京都,15人,10-29人,東京,10-29人 / 東京,1,https://sun-bird.jp,200,allowed,,https://sunbird.co.jp/careers2027,https://sunbird.co.jp/careers2027,robotsSitemap,,otherDomain,medium,200,allowed,2027年卒 新卒採用情報｜株式会社サンバード｜ゲームイラスト・2Dアニメーション・3DCG制作,true,9,3,false,false,,,0,,false,2026-10-05T12:42:11.005Z
4010401097671,Ｃｏｎｎｅｈｉｔｏ株式会社,13:東京都,84人,30-99人,東京,30-99人 / 東京,1,https://connehito.com/about/,200,allowed,,https://www.connehito.com/recruit,https://www.connehito.com/recruit,homepageAnchor,採用情報,ownDomain,high,200,allowed,採用情報,true,1,0,false,false,,,0,,false,2026-10-05T12:42:08.844Z
4010401099544,株式会社エルテス,03:岩手県,152人,100-299人,その他,100-299人 / その他,1,https://eltes.co.jp/,200,allowed,,https://eltes.co.jp/recruit,https://eltes.co.jp/recruit,homepageAnchor,採用情報,ownDomain,high,200,allowed,採用情報｜株式会社エルテス,true,6,0,false,false,,,0,,false,2026-10-05T12:42:04.883Z
4010401103149,株式会社ＮＪＳ,13:東京都,4人,1-4人,東京,1-4人 / 東京,1,https://n-j-s.co.jp/,200,allowed,,https://n-j-s.co.jp/recruit/,https://n-j-s.co.jp/recruit/,homepageAnchor,☆☆採用情報☆☆,ownDomain,high,200,allowed,採用情報、応募方法 | 株式会社NJS｜結果主義のWEB広告代理店／デジタルマーケティングカンパニー,true,2,0,false,false,,,0,,false,2026-10-05T12:42:06.454Z
4010401110062,株式会社マミーゴー,13:東京都,3人,1-4人,東京,1-4人 / 東京,1,http://mammy-go.jp/,403,unavailable,http_403,,,,,,,,,,,0,0,,false,,,0,,false,
4010401117082,株式会社３ＤＡＹ,13:東京都,8人,5-9人,東京,5-9人 / 東京,1,https://3day.pet/,200,allowed,,,,,,,,,,,,0,0,,true,https://3day.pet/,200,0,,false,
4010401117090,ＡＩ　ＣＲＯＳＳ株式会社,13:東京都,54人,30-99人,東京,30-99人 / 東京,1,https://aicross.co.jp/employment/hr-policy/,200,allowed,,https://aicross.co.jp/employment/,https://aicross.co.jp/employment/,homepageAnchor,JOIN US 採用情報,ownDomain,high,200,allowed,"JOIN US | AI CROSS株式会社 – Smart Work, Smart Life",true,3,0,false,false,,,0,,false,2026-10-05T12:42:10.332Z
4010401119921,株式会社Ａｌｉｃｅ,13:東京都,24人,10-29人,東京,10-29人 / 東京,1,https://www.aliceinc.co.jp/,200,allowed,,https://www.aliceinc.co.jp/recruit,https://www.aliceinc.co.jp/recruit,homepageAnchor,Recruit,ownDomain,high,200,allowed,Recruit | Alice,true,1,0,false,false,,,0,,false,2026-10-05T12:42:08.715Z
4010401120747,ＮＨＮ　ＰｌａｙＡｒｔ株式会社,13:東京都,240人,100-299人,東京,100-299人 / 東京,1,https://www.nhn-playart.com/index.nhn,200,unavailable,,https://www.nhn-playart.com/recruit/,https://www.nhn-playart.com/recruit/,homepageAnchor,採用情報,ownDomain,high,200,unavailable,NHN PlayArt Corp. | 採用情報 | ゲーム会社,true,4,0,false,false,,,0,,false,2026-10-05T12:42:15.697Z
4010401123163,シーズファイブ株式会社,13:東京都,2人,1-4人,東京,1-4人 / 東京,1,http://www.csfive.com/,200,unavailable,,https://recruit.csfive.com/,https://recruit.csfive.com/,homepageAnchor,採用情報 Recruit,ownDomain,high,200,allowed,シーズファイブ株式会社 Recruit - シーズファイブ株式会社のリクルートサイトです。世にないサービスをつくろう。ゆくゆくは私たちの想いを叶えるべく、自社サービス開発や一括受託や最上流のITコンサル、先端技術系のプロジェクトなど、エンジニアにすべての選択肢を与えられるように動いています。,true,1,0,false,false,,,0,,false,2026-10-05T12:42:22.059Z
4010401124624,株式会社ＫＩＲＩＮＺ,13:東京都,99人,30-99人,東京,30-99人 / 東京,1,https://kirinz.tokyo/,200,allowed,,https://kirinz.tokyo/recruit/,https://kirinz.tokyo/recruit/,homepageAnchor,採用,ownDomain,high,200,allowed,採用 | 株式会社KIRINZ-ライバー事務所-,true,2,0,false,false,,,0,,false,2026-10-05T12:42:12.318Z
4010401128187,シルタス株式会社,13:東京都,4人,1-4人,東京,1-4人 / 東京,1,https://corp.sirutasu.com/news/about/,404,allowed,http_404,https://corp.sirutasu.com/recruit-2,https://corp.sirutasu.com/recruit-2,robotsSitemap,,ownDomain,medium,200,allowed,シルタス株式会社 | RECRUIT,true,3,3,false,true,https://corp.sirutasu.com/,200,0,,false,2026-10-05T12:42:19.928Z
4010401129425,ＮｅｘｔＤｒｉｖｅ株式会社,13:東京都,22人,10-29人,東京,10-29人 / 東京,1,https://www.nextdrive.io/ja/,200,allowed,,,,,,,,,,,,0,3,,true,https://www.nextdrive.io/,200,0,,false,
4010401145752,ｎａｔ株式会社,13:東京都,18人,10-29人,東京,10-29人 / 東京,1,https://www.natincs.com/,200,allowed,,https://www.natincs.com/category/careers/,https://www.natincs.com/category/careers/,homepageAnchor,CAREERS,ownDomain,low,200,allowed,OPEN POSITIONS | nat Inc.,false,1,0,false,false,,,0,https://natinc.notion.site/nat-d812b0cd7be345d3875dea2aaf7471df,true,2026-10-05T12:42:14.024Z
4010401149621,ポスタス株式会社,13:東京都,244人,100-299人,東京,100-299人 / 東京,1,https://www.postas.co.jp/,200,allowed,,https://recruit.postas.co.jp/,https://recruit.postas.co.jp/,homepageAnchor,採用情報,ownDomain,high,200,allowed,ポスタス株式会社 採用サイト,true,1,0,false,false,,,0,,false,2026-10-05T12:42:14.558Z
4010401174652,株式会社マーキュリー,13:東京都,25人,10-29人,東京,10-29人 / 東京,1,https://mercvry.jp/about/,200,allowed,,https://en-gage.net/mercvry_saiyo/,https://en-gage.net/mercvry_saiyo/,homepageLinkToOfficialAts,Recruit,atsHosted,high,200,allowed,株式会社マーキュリーの採用・求人情報-engage,true,1,0,false,false,,,0,,false,2026-10-05T12:42:14.441Z
4010405008740,一般社団法人共同通信社,13:東京都,1468人,1000人以上,東京,1000人以上 / 東京,1,https://www.kyodonews.jp/,200,allowed,,https://www.kyodonews.jp/saiyou/,https://www.kyodonews.jp/saiyou/,homepageAnchor,採用情報,ownDomain,high,200,allowed,共同通信社採用サイト,true,2,0,false,false,,,0,,false,2026-10-05T12:42:15.432Z
4010501002498,株式会社エム・ソフト,13:東京都,308人,300-999人,東京,300-999人 / 東京,1,http://www.msoft.co.jp,200,unavailable,,https://www.msoft.co.jp/recruit/,https://www.msoft.co.jp/recruit/,homepageAnchor,採用トップ,ownDomain,high,200,unavailable,採用情報|株式会社エム・ソフト,true,16,0,false,false,,,0,,false,2026-10-05T12:42:21.985Z
4010501004362,アイレック技建株式会社,13:東京都,150人,100-299人,東京,100-299人 / 東京,1,https://www.airec.co.jp/,200,unavailable,,https://www.airec.co.jp/recruit/index.html,https://www.airec.co.jp/recruit/index.html,homepageAnchor,採用情報,ownDomain,high,200,unavailable,アイレック技建 RECRUITING SITE,true,1,0,false,false,,,0,,false,2026-10-05T12:42:17.568Z
4010501024410,株式会社ディーワークス,13:東京都,7人,5-9人,東京,5-9人 / 東京,1,https://www.d-wks.jp,200,allowed,,https://www.d-wks.jp/job/index.html,https://www.d-wks.jp/job/index.html,homepageAnchor,採用関係書類,ownDomain,high,200,allowed,採用関係書類｜株式会社 ディーワークス,true,1,0,false,false,,,0,,false,2026-10-05T12:42:17.772Z
4010501025879,株式会社サンシーア,13:東京都,49人,30-99人,東京,30-99人 / 東京,1,https://sunseer.co.jp/fringe_benefits/,200,allowed,,https://sunseer.co.jp/lp/recruit/,https://sunseer.co.jp/lp/recruit/,homepageAnchor,採用情報,ownDomain,high,200,allowed,株式会社サンシーア 新卒採用サイト,true,7,0,false,false,,,0,,false,2026-10-05T12:42:19.312Z
4010501031340,Ｔｅｃｈ　Ｆｕｎ株式会社,13:東京都,85人,30-99人,東京,30-99人 / 東京,1,https://www.techfun.co.jp/,200,allowed,,https://www.techfun.co.jp/services/recruit,https://www.techfun.co.jp/services/recruit,homepageAnchor,採用情報,ownDomain,high,200,allowed,トップページ | Tech Fun採用サイト,true,1,0,false,false,,,0,,false,2026-10-05T12:42:24.098Z
4010501037726,株式会社コードベリー,13:東京都,13人,10-29人,東京,10-29人 / 東京,1,https://codeberry.co.jp/,200,unavailable,,https://codeberry.co.jp/careers/,https://codeberry.co.jp/careers/,homepageAnchor,https://codeberry.co.jp/careers/,ownDomain,high,200,unavailable,株式会社コードベリー エンジニア正社員採用ページ,true,3,0,false,false,,,0,,false,2026-10-05T12:42:20.724Z
4010501037775,株式会社イーサン,13:東京都,9人,5-9人,東京,5-9人 / 東京,1,http://www.ethan.co.jp/,200,unavailable,,,,,,,,,,,,0,2,,false,,,0,,false,
4010501037791,アプリワークス株式会社,13:東京都,10人,10-29人,東京,10-29人 / 東京,1,http://www.appworks.co.jp,200,unavailable,,https://www.appworks.co.jp/recruit.html,https://www.appworks.co.jp/recruit.html,homepageAnchor,採用情報 recruit,ownDomain,high,200,unavailable,採用情報｜アプリワークス株式会社,true,1,0,false,false,,,0,,false,2026-10-05T12:42:27.031Z
4010501040556,株式会社Ｈｕｕｕｕ,20:長野県,3人,1-4人,その他,1-4人 / その他,1,https://huuuu.jp/,200,allowed,,,,,,,,,,,,0,3,,false,,,0,,false,
4010601019582,株式会社ぺいじず,13:東京都,5人,5-9人,東京,5-9人 / 東京,1,https://pages.co.jp,200,allowed,,https://pages.co.jp/company/recruit/,https://pages.co.jp/company/recruit/,homepageAnchor,採用情報,ownDomain,high,200,allowed,採用情報 - 株式会社ぺいじず,true,2,0,true,false,,,0,,false,2026-10-05T12:42:24.083Z
4010601021794,株式会社ＮＴＴデータＣＣＳ,13:東京都,778人,300-999人,東京,300-999人 / 東京,1,http://www.nttdata-ccs.co.jp/,200,unavailable,,https://www.nttdata-ccs.co.jp/recruit/index.html,https://www.nttdata-ccs.co.jp/recruit/index.html,homepageAnchor,採用情報,ownDomain,high,200,unavailable,株式会社NTTデータCCS 採用サイト,true,4,0,false,false,,,0,,false,2026-10-05T12:42:29.710Z
4010601027461,ウチダエスコ株式会社,13:東京都,600人,300-999人,東京,300-999人 / 東京,1,https://www.esco.co.jp/actionplan/,200,allowed,,https://www.esco.co.jp/recruit/,https://www.esco.co.jp/recruit/,homepageAnchor,採用情報,ownDomain,high,200,allowed,ウチダエスコ株式会社RECRUITING SITE,true,2,0,false,false,,,0,,false,2026-10-05T12:42:25.705Z
4010601028617,株式会社ＮＴＴデータＳＢＣ,27:大阪府,400人,300-999人,主要都市圏,300-999人 / 主要都市圏,1,https://www.nttdata-sbc.co.jp/,200,unavailable,,https://www.nttdata-sbc.co.jp/recruit,https://www.nttdata-sbc.co.jp/recruit/,homepageAnchor,Recruit NTTデータSBCでは、新卒採用、 キャリア採用、 障がい者採用を行っています。 際立つ技術とスピード感、 フットワークを武器に 社会への価値貢献を目指す当社では、 さまざまな領域でともにチャレンジしていく 人材を募集しています。 READ MORE,ownDomain,high,200,unavailable,採用情報 | 株式会社NTTデータSBC,true,1,0,false,false,,,1,,false,2026-10-05T12:42:28.813Z
4010601029458,株式会社ＮＴＴデータ・インフォメーションテクノロジー,13:東京都,432人,300-999人,東京,300-999人 / 東京,1,https://www.nttdata-it.com/,200,allowed,,https://recruit.nttdata-it.com/,https://recruit.nttdata-it.com/,homepageAnchor,新卒採用サイト,ownDomain,high,200,allowed,TOP｜採用サイト｜株式会社NTTデータ インフォメーションテクノロジー,true,3,0,false,false,,,0,,false,2026-10-05T12:42:27.533Z
4010601033105,ＪＦＥシステムズ株式会社,13:東京都,1600人,1000人以上,東京,1000人以上 / 東京,1,https://www.jfe-systems.com/sustainability/society/employees.html,200,allowed,,https://www.jfe-systems.com/recruit/index.html,https://www.jfe-systems.com/recruit/index.html,homepageAnchor,採用情報,ownDomain,high,200,allowed,採用情報 | JFEシステムズ株式会社,true,1,0,false,false,,,0,,false,2026-10-05T12:42:28.528Z
4010601043384,ＰＣＩソリューションズ株式会社,13:東京都,1001人,1000人以上,東京,1000人以上 / 東京,1,http://www.pci-sol.com,200,allowed,,https://www.pci-sol.com/recruit,https://www.pci-sol.com/recruit/,homepageAnchor,新卒採用,ownDomain,high,200,allowed,ＰＣＩソリューションズ 新卒採用サイト,true,3,0,false,false,,,1,,false,2026-10-05T12:42:33.759Z
4010601048193,Ｐｅａｃｈ株式会社,13:東京都,6人,5-9人,東京,5-9人 / 東京,1,https://extrapeach.jp/,200,allowed,,https://extrapeach.jp/recruit/,https://extrapeach.jp/recruit/,homepageAnchor,採用情報,ownDomain,high,200,allowed,採用情報｜Peach株式会社,true,1,0,false,false,,,0,,false,2026-10-05T12:42:29.736Z
4010601058770,株式会社チッパー,13:東京都,3人,1-4人,東京,1-4人 / 東京,1,https://chipper.work/,200,allowed,,https://chipper.work/saiyou-01/,https://chipper.work/saiyou-01/,robotsSitemap,,ownDomain,medium,200,allowed,"採用サイト構築システム | Chipper,Inc",true,1,3,false,false,,,0,,false,2026-10-05T12:42:35.033Z
4010602029886,クロテッコ有限会社,13:東京都,10人,10-29人,東京,10-29人 / 東京,1,https://www.kurotekko.co.jp/,200,allowed,,,,,,,,,,,,0,3,,false,,,0,,false,
4010603007148,Ｇｏｏｄ　Ｔｈｉｎｇｓ合同会社,13:東京都,3人,1-4人,東京,1-4人 / 東京,1,https://good-things.jp/,200,allowed,,https://good-things.jp/recruit/,https://good-things.jp/recruit/,homepageAnchor,Recruit,ownDomain,high,200,allowed,"Recruit | Good Things, Inc. - Web development,web production company",true,1,0,false,false,,,0,,false,2026-10-05T12:42:32.178Z
4010701000269,株式会社アイ・エス・ビー,13:東京都,1025人,1000人以上,東京,1000人以上 / 東京,1,https://www.isb.co.jp/,200,unavailable,,https://www.isb.co.jp/jinji_saiyou/index.html,https://www.isb.co.jp/jinji_saiyou/index.html,homepageAnchor,新卒採用サイト,ownDomain,high,200,unavailable,ISB採用サイト,true,4,0,false,false,,,0,,false,2026-10-05T12:42:32.163Z
4010701000905,いすゞシステムサービス株式会社,14:神奈川県,196人,100-299人,主要都市圏,100-299人 / 主要都市圏,1,http://www.iss.co.jp/,200,unavailable,,https://www.iss.co.jp/recruit/,https://www.iss.co.jp/recruit/,homepageAnchor,採用情報,ownDomain,high,200,unavailable,採用情報 | いすゞシステムサービス株式会社,true,3,0,false,false,,,0,,false,2026-10-05T12:42:37.729Z
4010701001143,株式会社ウィズダム,13:東京都,38人,30-99人,東京,30-99人 / 東京,1,https://www.wisdom.co.jp/,200,allowed,,https://www.wisdom.co.jp/recruit/,https://recruit.wisdom-dev.jp/,robotsSitemap,,otherDomain,medium,200,allowed,株式会社ウィズダム｜採用サイト,true,6,3,false,false,,,1,https://recruit.wisdom-dev.jp/,true,2026-10-05T12:42:40.978Z
4010701002678,株式会社キューブシステム,13:東京都,709人,300-999人,東京,300-999人 / 東京,1,http://www.cubesystem.co.jp/,200,allowed,,https://www.cubesystem.co.jp/recruit/,https://www.cubesystem.co.jp/recruit/,homepageAnchor,採用情報 RECRUIT,ownDomain,high,200,allowed,トップページ - (株）キューブシステム 採用情報,true,19,0,false,false,,,0,,false,2026-10-05T12:42:40.484Z
4010701002802,株式会社クリエイトエンジニアリング,13:東京都,39人,30-99人,東京,30-99人 / 東京,1,http://www.cre-eng.co.jp/,200,unavailable,,http://www.cre-eng.co.jp/recruit.html,http://www.cre-eng.co.jp/recruit.html,homepageAnchor,採用情報,ownDomain,high,200,unavailable,採用情報｜株式会社クリエイトエンジニアリング｜多様で幅広い産業分野のユーザーに最適なシステムサービスを提供し、トータルなシステムの提案・コンサルディングを提供します,true,1,0,false,false,,,0,,false,2026-10-05T12:42:35.313Z
4010701007850,日本フィールド・エンジニアリング株式会社,13:東京都,408人,300-999人,東京,300-999人 / 東京,1,https://www.nfe.co.jp/,200,unavailable,,https://www.nfe.co.jp/recruit,https://www.nfe.co.jp/recruit/,homepageAnchor,採用情報,ownDomain,high,200,unavailable,日本フィールド・エンジニアリング株式会社｜NFE,true,4,0,false,false,,,1,,false,2026-10-05T12:42:37.324Z
4010701017008,アクトインディ株式会社,13:東京都,80人,30-99人,東京,30-99人 / 東京,1,https://actindi.net/,200,allowed,,https://actindi.net/recruit,https://actindi.net/recruit/,homepageAnchor,採用情報,ownDomain,high,200,allowed,採用情報 - アクトインディ株式会社,true,1,0,false,false,,,1,,false,2026-10-05T12:42:39.092Z
4010701025456,株式会社ＢＴＭ,13:東京都,216人,100-299人,東京,100-299人 / 東京,1,https://www.b-tm.co.jp/,200,allowed,,https://www.b-tm.co.jp/recruit/,https://www.b-tm.co.jp/recruit/,homepageAnchor,採用情報,ownDomain,high,200,allowed,採用情報「リモートでDXを推進し元気な日本を作る」｜株式会社BTM,true,1,0,false,false,,,0,,false,2026-10-05T12:42:38.286Z
4010701026082,株式会社日本総合研究所,13:東京都,4859人,1000人以上,東京,1000人以上 / 東京,1,http://www.jri.co.jp/,200,unavailable,,https://www.jri.co.jp/recruit/,https://www.jri.co.jp/recruit/,homepageAnchor,採用情報,ownDomain,high,200,unavailable,採用情報｜日本総研,true,6,0,false,false,,,0,,false,2026-10-05T12:42:44.610Z
4010801014648,株式会社Ｐｒｏ－ＳＰＩＲＥ,13:東京都,130人,100-299人,東京,100-299人 / 東京,1,https://www.pro-spire.co.jp/action-plan,200,allowed,,https://www.pro-spire.co.jp/recruit,https://www.pro-spire.co.jp/recruit,homepageAnchor,採用情報,ownDomain,high,200,allowed,採用情報 | 株式会社Pro-SPIRE,true,2,0,false,false,,,0,,false,2026-10-05T12:42:38.881Z
4010901003823,株式会社コア,13:東京都,1145人,1000人以上,東京,1000人以上 / 東京,1,https://www.core.co.jp/company/womenactivity,200,allowed,,https://www.core.co.jp/recruitment,https://www.core.co.jp/recruitment,homepageAnchor,採用情報トップ,ownDomain,high,200,allowed,採用情報 | 株式会社コア,true,18,0,false,false,,,0,,false,2026-10-05T12:42:40.481Z
4010901030545,株式会社Ｓｏｉｃｈｉｒｏ,13:東京都,17人,10-29人,東京,10-29人 / 東京,1,https://soichiro.co.jp/company/plan-of-action/,200,allowed,,https://soichiro.co.jp/career/,https://soichiro.co.jp/career/,homepageAnchor,採用情報,ownDomain,high,200,allowed,採用情報 ｜ 東京墨田区のホームページ制作・運用の株式会社Soichiro,true,9,0,false,false,,,0,,false,2026-10-05T12:42:41.234Z
4010901037565,株式会社ＨＯＮＵ,13:東京都,3人,1-4人,東京,1-4人 / 東京,1,https://honu.tokyo,200,allowed,,,,,,,,,,,,0,0,,false,,,0,,false,
4010901050626,株式会社Ｆｉｖｅ,13:東京都,7人,5-9人,東京,5-9人 / 東京,1,https://five-inc.co.jp/,200,unavailable,,https://en-gage.net/five-inc_career/work_17453506/,https://en-gage.net/five-inc_career/work_17453506/,homepageLinkToOfficialAts,Recruit,atsHosted,high,200,allowed,アカウントプランナー【業界経験者採用！裁量大/広告業界でのキャリア形成】&ensp;株式会社Five（17453506）-engage,true,1,0,true,false,,,0,,false,2026-10-05T12:42:41.185Z
4011001018258,農中情報システム株式会社,13:東京都,806人,300-999人,東京,300-999人 / 東京,1,https://www.nochu-info.co.jp/company/profile/,200,unavailable,,https://www.nochu-info.co.jp/recruitment,https://www.nochu-info.co.jp/recruitment/,homepageAnchor,採用情報,ownDomain,high,200,unavailable,採用情報 | 農中情報システム株式会社,true,6,0,false,false,,,1,,false,2026-10-05T12:42:44.002Z
4011001030808,株式会社ユカアンドアルファ,13:東京都,40人,30-99人,東京,30-99人 / 東京,1,https://yuka-alpha.com/,200,allowed,,https://yuka-alpha.com/recruit/,https://yuka-alpha.com/recruit,homepageAnchor,採用情報,ownDomain,high,200,allowed,採用情報・募集要項 – （株）ユカアンドアルファ,true,2,0,false,false,,,1,,false,2026-10-05T12:42:44.915Z
4011001032721,株式会社ディー・エヌ・エー,13:東京都,1530人,1000人以上,東京,1000人以上 / 東京,1,https://dldp.dena.com/,,unavailable,TypeError:ENOTFOUND,,,,,,,,,,,0,0,,false,,,0,,false,
4011001045145,株式会社ユウトハンズ,13:東京都,12人,10-29人,東京,10-29人 / 東京,1,https://www.youtohands.jp/,200,unavailable,,,,,,,,,,,,0,0,,false,,,0,,false,
4011001045698,株式会社アイエンター,13:東京都,300人,300-999人,東京,300-999人 / 東京,1,https://www.i-enter.co.jp/,200,allowed,,https://recruit.i-enter.co.jp/,https://recruit.i-enter.co.jp/,homepageAnchor,採用情報,ownDomain,high,200,allowed,アイエンター採用サイト,true,1,0,false,false,,,0,,false,2026-10-05T12:42:46.037Z
4011001046358,株式会社ネオマーケティング,13:東京都,150人,100-299人,東京,100-299人 / 東京,1,https://neo-m.jp/,200,allowed,,https://corp.neo-m.jp/service/original/category-entry-point/,https://corp.neo-m.jp/service/original/category-entry-point/,homepageAnchor,カテゴリーエントリーポイントリサーチ,ownDomain,high,200,allowed,カテゴリーエントリーポイントリサーチのご相談ならネオマーケティング｜サービス概要,true,5,0,false,false,,,0,,false,2026-10-05T12:42:46.517Z
4011001050649,株式会社プロジェクトゼロ,13:東京都,4人,1-4人,東京,1-4人 / 東京,1,http://www.projectzero.jp/,200,unavailable,,,,,,,,,,,,0,0,,false,,,0,,false,
4011001055409,株式会社フォーデジット,13:東京都,139人,100-299人,東京,100-299人 / 東京,1,https://www.4digit.com/,200,allowed,,https://www.4digit.com/career/,https://www.4digit.com/career/,homepageAnchor,Career,ownDomain,high,200,allowed,Career｜FOURDIGIT Inc. | 株式会社フォーデジット,true,1,0,false,false,,,0,,false,2026-10-05T12:42:45.352Z
4011001059319,株式会社ジャックアンドビーンズ,13:東京都,38人,30-99人,東京,30-99人 / 東京,1,http://www.j-mamenoki.co.jp/,200,allowed,,,,,,,,,,,,0,4,,false,,,0,,false,
4011001063527,オープンワーク株式会社,13:東京都,21人,10-29人,東京,10-29人 / 東京,1,http://www.vorkers.com/,200,unavailable,,https://career.openwork.jp/?s=com_footer_pc_out_vb2,,homepageLinkToJobPlatform,新サービス、OpenWorkキャリア,jobPlatform,low,,,,,25,0,,false,,,0,,false,
4011001065993,株式会社ＫＩＤ,13:東京都,5人,5-9人,東京,5-9人 / 東京,1,https://www.kid.co.jp,200,allowed,,https://www.kid.co.jp/recruit,https://www.kid.co.jp/recruit/,homepageAnchor,Recruit,ownDomain,high,200,allowed,KID - CREATIVE PRODUCTION FILM,true,1,0,false,false,,,1,,false,2026-10-05T12:42:49.983Z
4011001067486,株式会社ダブルクロップ,13:東京都,79人,30-99人,東京,30-99人 / 東京,1,https://www.double-crop.jp/,,unavailable,TimeoutError,,,,,,,,,,,0,0,,false,,,0,,false,
4011001070267,株式会社メタバーズ,26:京都府,5人,5-9人,主要都市圏,5-9人 / 主要都市圏,1,https://metabirds.com/,200,allowed,,https://metabirds.com/recruit,https://metabirds.com/recruit,homepageAnchor,採用情報,ownDomain,high,200,allowed,"採用情報 - 株式会社メタバーズ | METABIRDS Co., Ltd.",true,2,0,false,false,,,0,,false,2026-10-05T12:42:51.871Z
4011001070556,株式会社ＭＡＧＥＳ．,13:東京都,189人,100-299人,東京,100-299人 / 東京,1,http://mages.co.jp/,200,allowed,,http://mages.co.jp/recruit/,https://mages.co.jp/recruit,homepageAnchor,採用情報,ownDomain,high,200,allowed,採用情報 | MAGES. Inc.,true,5,0,false,false,,,1,,false,2026-10-05T12:42:53.290Z
4011001072890,株式会社みらいワークス,13:東京都,152人,100-299人,東京,100-299人 / 東京,1,http://mirai-works.co.jp/,200,unavailable,,https://mirai-works.co.jp/recruit/,https://mirai-works.co.jp/recruit/,homepageAnchor,採用情報,ownDomain,high,200,unavailable,採用情報 | みらいワークス,true,3,0,false,false,,,0,,false,2026-10-05T12:42:54.462Z
4011001090389,株式会社ｍａｇｉｃｎｕｍｂｅｒ,13:東京都,24人,10-29人,東京,10-29人 / 東京,1,http://magicnumber.co.jp/,200,allowed,,https://magicnumber.co.jp/recruit/,https://magicnumber.co.jp/recruit/,homepageAnchor,RECRUIT,ownDomain,high,200,allowed,採用情報 | 株式会社magicnumber（マジックナンバー）- 化粧品・ヘアケア企画・営業,true,1,0,true,false,,,0,,false,2026-10-05T12:42:55.209Z
4011001094365,株式会社ＺＵＵ,13:東京都,120人,100-299人,東京,100-299人 / 東京,1,https://zuu.co.jp,200,allowed,,https://zuu.co.jp/recruit/,https://zuu.co.jp/recruit/,homepageAnchor,RECRUIT,ownDomain,high,200,allowed,採用,true,2,0,false,false,,,0,,false,2026-10-05T12:42:54.642Z
4011001097376,株式会社ＲＯＸＸ,13:東京都,335人,300-999人,東京,300-999人 / 東京,1,https://roxx.co.jp/,200,unavailable,,https://careers.roxx.co.jp/,https://careers.roxx.co.jp/,homepageAnchor,採用情報,ownDomain,high,200,allowed,株式会社ROXX 採用サイト,true,4,0,false,false,,,0,,false,2026-10-05T12:42:55.241Z
4011001098457,株式会社ウィルオブ・パートナー,13:東京都,14人,10-29人,東京,10-29人 / 東京,1,https://jp.refcome.com/,200,allowed,,https://jp.refcome.com/cases/7FY3FzVc0CsVqhftbucU2J,https://jp.refcome.com/cases/7FY3FzVc0CsVqhftbucU2J,homepageAnchor,株式会社エーピーコミュニケーションズ 全社一斉では動かない。管理職から始めて約400名へ広げた、エーピーコミュニケーションズのリファラル採用,ownDomain,high,200,allowed,全社一斉では動かない。管理職から始めて約400名へ広げた、エーピーコミュニケーションズのリファラル採用｜Refcome（リフカム）,true,14,0,false,false,,,0,,false,2026-10-05T12:42:55.317Z
4011001121557,株式会社ＧＯＯＤ　ＶＩＢＥＳ　ＯＮＬＹ,13:東京都,5人,5-9人,東京,5-9人 / 東京,1,https://goodvibesonly.jp/,,unavailable,TypeError:UND_ERR_CONNECT_TIMEOUT,,,,,,,,,,,0,0,,false,,,0,,false,
4011001123958,株式会社ＭＵＮＩＣＡ,13:東京都,5人,5-9人,東京,5-9人 / 東京,1,https://corp.rite.co.jp/,200,allowed,,,,,,,,,,,,0,3,,false,,,0,,false,
4011001127372,株式会社ワンモーメント,13:東京都,10人,10-29人,東京,10-29人 / 東京,1,https://1mmt.jp/,200,unavailable,,,,,,,,,,,,0,0,,false,,,0,,false,
4011001128890,Ｐｅｓｔａｌｏｚｚｉ　Ｔｅｃｈｎｏｌｏｇｙ株式会社,13:東京都,45人,30-99人,東京,30-99人 / 東京,1,https://pestalozzi-tech.com/,200,allowed,,,,,,,,,,,,0,2,,false,,,0,,false,
4011001132232,株式会社ｗｅｓｉｏｎａｒｙＴＥＡＭ,13:東京都,1人,1-4人,東京,1-4人 / 東京,1,https://wesionary.team/,200,allowed,,https://wesionary.team/career,https://wesionary.team/career,homepageAnchor,採用情報をみる 採用情報をみる,ownDomain,high,200,allowed,採用情報|エンジニア・デザイナー・PM募集 | wesionaryTEAM,true,1,0,false,false,,,0,,false,2026-10-05T12:42:58.687Z
4011001136984,株式会社ｖａｒ,13:東京都,9人,5-9人,東京,5-9人 / 東京,1,https://var.co.jp,200,allowed,,,,,,,,,,,,0,3,,false,,,0,,false,
4011001151505,株式会社Ｔａｎｚａｎｉｔｅ,13:東京都,1人,1-4人,東京,1-4人 / 東京,1,https://tanzanite.co.jp/,200,allowed,,https://tanzanite.co.jp/recruit/,https://tanzanite.co.jp/recruit/,homepageAnchor,RECRUIT,ownDomain,high,200,allowed,RECRUIT | 株式会社Tanzanite（タンザナイト）,true,1,0,false,false,,,0,,false,2026-10-05T12:42:59.988Z
4011001159936,株式会社オークス,13:東京都,1人,1-4人,東京,1-4人 / 東京,1,https://ooaks.co.jp/,200,allowed,,https://ooaks.co.jp/recruit/,https://ooaks.co.jp/recruit/,homepageAnchor,採用情報 Recruit,ownDomain,high,200,allowed,【業務委託・フルリモート】WEB戦略コンサルタント募集 | 株式会社オークス,true,1,0,true,false,,,0,https://ooaks.co.jp/recruit,true,2026-10-05T12:43:00.177Z
4011001166503,株式会社ＪＱＩＴ,13:東京都,125人,100-299人,東京,100-299人 / 東京,1,https://jqit.co.jp/,200,allowed,,https://recruitment.jqit.co.jp/,https://recruitment.jqit.co.jp/,homepageAnchor,採用 ↗ Recruit,ownDomain,high,200,allowed,JQIT 採用サイト | 挑戦と革新で、未来を切り拓く,true,2,0,false,false,,,0,,false,2026-10-05T12:43:07.251Z
4011101004182,株式会社博報堂ＳＹＮＶＯＩＣＥ,13:東京都,22人,10-29人,東京,10-29人 / 東京,1,https://www.optsp.co.jp,,unavailable,TypeError:ENOTFOUND,,,,,,,,,,,0,0,,false,,,0,,false,
4011101010148,システム技研株式会社,13:東京都,125人,100-299人,東京,100-299人 / 東京,1,https://www.s-giken.com/index.html,200,allowed,,https://www.s-giken.com/recruit/,https://www.s-giken.com/recruit/,homepageAnchor,Recruit | 採用情報,ownDomain,high,200,allowed,採用情報 | システム技研株式会社,true,10,0,false,false,,,0,,false,2026-10-05T12:43:05.274Z
4011101011096,Ｚｅｎｋｅｎ株式会社,13:東京都,448人,300-999人,東京,300-999人 / 東京,1,https://www.zenken.co.jp/,200,allowed,,https://recruit.zenken.co.jp/,https://recruit.zenken.co.jp/,homepageAnchor,新卒採用/キャリア採用 総合,ownDomain,high,200,unavailable,Zenken 新卒・中途採用求人TOP,true,4,0,false,false,,,0,https://recruit.zenken.co.jp/,true,2026-10-05T12:43:04.479Z
4011101014999,株式会社東京システム技研,13:東京都,180人,100-299人,東京,100-299人 / 東京,1,https://www.tsl.co.jp/,200,allowed,,https://www.tsl.co.jp/recruit-top/,https://www.tsl.co.jp/recruit-top/,homepageAnchor,採用情報,ownDomain,high,200,allowed,採用トップ,true,3,0,false,false,,,0,,false,2026-10-05T12:43:06.037Z
4011101016888,インフォテック株式会社,13:東京都,548人,300-999人,東京,300-999人 / 東京,1,https://www.iftc.co.jp/,200,allowed,,https://recruit.iftc.co.jp/,https://recruit.iftc.co.jp/,homepageAnchor,新卒採用,ownDomain,high,200,allowed,採用サイト｜インフォテック株式会社,true,4,0,false,false,,,0,,false,2026-10-05T12:43:06.339Z
4011101020849,株式会社アズワン,13:東京都,25人,10-29人,東京,10-29人 / 東京,1,http://az1.co.jp/,200,allowed,,,,,,,,,,,,0,1,,false,,,0,,false,
4011101024791,株式会社テクノトップ,13:東京都,112人,100-299人,東京,100-299人 / 東京,1,https://www.ttop.co.jp/,200,unavailable,,https://www.ttop.co.jp/recruit.html,https://www.ttop.co.jp/recruit.html,homepageAnchor,採用情報,ownDomain,high,200,unavailable,採用情報 | 株式会社テクノトップ,true,4,0,false,false,,,0,,false,2026-10-05T12:43:07.696Z
4011101028603,アイアンドエルソフトウェア株式会社,13:東京都,169人,100-299人,東京,100-299人 / 東京,1,https://www.iandl.co.jp/,200,unavailable,,https://www.iandl.co.jp/recruit/,https://www.iandl.co.jp/recruit/,homepageAnchor,採用情報,ownDomain,high,200,unavailable,アイアンドエルソフトウェア 採用サイト,true,2,0,false,false,,,0,,false,2026-10-05T12:43:08.394Z
4011101031796,株式会社インターエデュ・ドットコム,13:東京都,50人,30-99人,東京,30-99人 / 東京,1,https://corporate.inter-edu.com/,200,allowed,,https://corporate.inter-edu.com/recruit/,https://corporate.inter-edu.com/recruit/,homepageAnchor,採用情報,ownDomain,high,200,allowed,募集職種 - 株式会社インターエデュ・ドットコム,true,3,0,false,false,,,0,,false,2026-10-05T12:43:09.482Z
4011101036416,株式会社システム創造開発,13:東京都,70人,30-99人,東京,30-99人 / 東京,1,https://www.scd.co.jp/,200,allowed,,https://www.scd.co.jp/recruit/,https://www.scd.co.jp/recruit,homepageAnchor,採用情報,ownDomain,high,200,allowed,採用情報 | 株式会社システム創造開発,true,5,0,false,false,,,1,,false,2026-10-05T12:43:11.508Z
4011101039600,株式会社スタッフ・アンド・ブレーン,13:東京都,58人,30-99人,東京,30-99人 / 東京,1,https://sb-tokyo.jp/,200,allowed,,https://sb-tokyo.jp/recruit/,https://sb-tokyo.jp/recruit/,homepageAnchor,採用情報,ownDomain,high,200,allowed,採用情報 | 株式会社スタッフ・アンド・ブレーン,true,1,0,false,false,,,0,https://sb-tokyo.jp/recruit/,true,2026-10-05T12:43:13.055Z
4011101040211,株式会社ヘッドウォータース,13:東京都,98人,30-99人,東京,30-99人 / 東京,1,http://www.headwaters.co.jp/,200,allowed,,https://recruit.headwaters.co.jp/,https://recruit.headwaters.co.jp/,homepageAnchor,採用特設サイト,ownDomain,high,200,allowed,株式会社ヘッドウォータース 採用サイト,true,5,0,false,false,,,0,,false,2026-10-05T12:43:15.661Z
4011101040327,株式会社クリエイティブホープ,13:東京都,34人,30-99人,東京,30-99人 / 東京,1,https://www.creativehope.co.jp/,200,allowed,,https://www.creativehope.co.jp/recruit/,https://www.creativehope.co.jp/recruit/,homepageAnchor,採用情報,ownDomain,high,200,allowed,採用情報 | 未来を創るコンサルティング＆テクノロジーカンパニー。クリエイティブホープ,true,2,0,false,false,,,0,,false,2026-10-05T12:43:13.967Z
4011101051761,株式会社ＩＤＣフロンティア,13:東京都,210人,100-299人,東京,100-299人 / 東京,1,https://www.idcf.jp/,200,allowed,,https://www.idcf.jp/recruit/?bid=gnav_recruit,https://www.idcf.jp/recruit/?bid=gnav_recruit,homepageAnchor,採用情報,ownDomain,high,200,allowed,採用情報 | ソブリンクラウドならIDCフロンティア,true,14,0,false,false,,,0,,false,2026-10-05T12:43:12.828Z
4011101060754,株式会社コンパスジャパン,13:東京都,103人,100-299人,東京,100-299人 / 東京,1,http://www.compass-japan.com/,200,allowed,,http://www.compass-japan.com/recruit/,http://www.compass-japan.com/recruit/,homepageAnchor,新卒・中途 採用,ownDomain,high,200,allowed,採用情報｜株式会社コンパスジャパン,true,1,0,false,false,,,0,http://www.compass-japan.com/contact.html,true,2026-10-05T12:43:14.395Z
4011101072114,株式会社ＩＴＡＫＯ,13:東京都,6人,5-9人,東京,5-9人 / 東京,1,http://www.itakoh.co.jp/,200,unavailable,,,,,,,,,,,,0,0,,false,,,0,,false,
4011101073054,株式会社ＯｎｅＡＩ,40:福岡県,30人,30-99人,主要都市圏,30-99人 / 主要都市圏,1,https://hitobito.co.jp/,,unavailable,TypeError:ENOTFOUND,,,,,,,,,,,0,0,,false,,,0,,false,
4011101079200,株式会社ＰＩＧＮＵＳ,13:東京都,64人,30-99人,東京,30-99人 / 東京,1,https://www.pignus.co.jp/,200,allowed,,https://www.pignus.co.jp/career/,https://www.pignus.co.jp/career/,homepageAnchor,RECRUITMENT,ownDomain,high,200,allowed,RECRUITMENT | 株式会社PIGNUS | ピグナス,true,3,0,false,false,,,0,,false,2026-10-05T12:43:17.777Z
4011101095635,株式会社トキカタ,13:東京都,2人,1-4人,東京,1-4人 / 東京,1,https://tokikata.com/,200,allowed,,,,,,,,,,,,0,0,,false,,,0,,false,
4011101100840,株式会社Ｍｏｌｌｙ,13:東京都,3人,1-4人,東京,1-4人 / 東京,1,https://molly.co.jp/,200,allowed,,,,,,,,,,,,0,2,,false,,,0,,false,
4011103009304,ＩＮＰＡ株式会社,13:東京都,3人,1-4人,東京,1-4人 / 東京,1,https://inpa.jp/,200,unavailable,,https://en-gage.net/inpa_saiyo,https://en-gage.net/inpa_saiyo/,homepageLinkToOfficialAts,engageで求人を見る,atsHosted,high,200,allowed,INPA株式会社の採用・求人情報-engage,true,2,0,false,false,,,1,,false,2026-10-05T12:43:19.085Z
4011202011301,有限会社カナバングラフィックス,13:東京都,21人,10-29人,東京,10-29人 / 東京,1,http://www.kanaban.com/,200,allowed,,https://www.kanaban.com/recruit/,https://www.kanaban.com/recruit/,homepageAnchor,RECRUIT,ownDomain,high,200,allowed,採用情報 | カナバングラフィックス,true,2,0,false,false,,,0,,false,2026-10-05T12:43:22.133Z
4011501015960,株式会社ディテイルクラウドクリエイティブ,13:東京都,10人,10-29人,東京,10-29人 / 東京,1,https://detail-cc.com/download/maternity_leave.pdf,200,allowed,non_html_content,https://recruit.detail-cc.com/,https://recruit.detail-cc.com/,homepageAnchor,株式会社ディテイルクラウドクリエイティブの採用情報ページはこちらから,ownDomain,high,200,unavailable,株式会社ディテイルクラウドクリエイティブ 採用情報,true,2,0,true,true,https://detail-cc.com/,200,0,,false,2026-10-05T12:43:22.340Z
4011501017800,株式会社サムライ・ソフト,13:東京都,17人,10-29人,東京,10-29人 / 東京,1,http://www.samurai-soft.com/,200,unavailable,,,,,,,,,,,,0,0,,false,,,0,,false,
4011601015547,Ｍｏｇｉｃ株式会社,13:東京都,19人,10-29人,東京,10-29人 / 東京,1,http://www.mogic.jp/,200,unavailable,,http://www.mogic.jp/recruit/,http://www.mogic.jp/recruit/,homepageAnchor,採用情報,ownDomain,high,200,unavailable,Mogic株式会社,true,2,0,false,false,,,0,,false,2026-10-05T12:43:21.173Z
4011701010183,株式会社京葉電子工業,13:東京都,28人,10-29人,東京,10-29人 / 東京,1,http://www.keiyo.biz/,301,allowed,TypeError:UNABLE_TO_VERIFY_LEAF_SIGNATURE,,,,,,,,,,,0,0,,false,,,0,,false,
4011701017708,ランテック株式会社,13:東京都,112人,100-299人,東京,100-299人 / 東京,1,https://run-tech.co.jp/,200,allowed,,https://recruit.run-tech.co.jp/,https://recruit.run-tech.co.jp/,homepageAnchor,採用情報,ownDomain,high,200,allowed,採用特設サイト - ランテック株式会社,true,2,0,false,false,,,0,,false,2026-10-05T12:43:24.503Z
4011801032648,株式会社ＳＵＩ,13:東京都,2人,1-4人,東京,1-4人 / 東京,1,https://sui.co.jp/,200,allowed,,https://sui.co.jp/recruit/,https://sui.co.jp/recruit/,homepageAnchor,CAREER,ownDomain,high,200,allowed,採用・パートナー | 株式会社SUI,true,1,0,false,false,,,0,,false,2026-10-05T12:43:25.811Z
4011801035923,株式会社ベターソリューション,13:東京都,6人,5-9人,東京,5-9人 / 東京,1,http://bettersolution.jp/,200,allowed,,http://bettersolution.jp/2222/,http://bettersolution.jp/2222/,homepageAnchor,採用情報,ownDomain,high,200,allowed,採用情報-株式会社ベターソリューション|システム開発|アウトソーシングサービス|請負開発サービス|スマートフォン向け開発-株式会社ベターソリューション,true,3,0,false,false,,,0,,false,2026-10-05T12:43:25.636Z
4012401002041,株式会社カイ,13:東京都,13人,10-29人,東京,10-29人 / 東京,1,http://www.chi.co.jp,200,allowed,,https://www.chi.co.jp/recruit,https://www.chi.co.jp/recruit,homepageAnchor,採用情報,ownDomain,high,200,allowed,採用情報 | 株式会社カイ,true,1,0,false,false,,,0,,false,2026-10-05T12:43:30.430Z
4012401005044,三井住友トラストＴＡソリューション株式会社,13:東京都,490人,300-999人,東京,300-999人 / 東京,1,https://www.smttas.jp/recruitment/environment.html,404,unavailable,http_404,https://www.smttas.jp/recruitment/index.html,https://www.smttas.jp/recruitment/index.html,homepageAnchor,採用情報,ownDomain,high,200,unavailable,採用情報｜三井住友トラストTAソリューション株式会社,true,1,0,false,true,https://www.smttas.jp/,200,0,,false,2026-10-05T12:43:28.873Z
4012401021041,株式会社デジタルトレンズ,13:東京都,9人,5-9人,東京,5-9人 / 東京,1,https://dgtrends.com,200,allowed,,https://dgtrends.com/recruit/,https://dgtrends.com/recruit/,homepageAnchor,採用情報,ownDomain,high,200,allowed,採用情報 | 株式会社デジタルトレンズ,true,3,0,false,false,,,0,,false,2026-10-05T12:43:29.974Z
4012401022072,株式会社シンプリズム,13:東京都,110人,100-299人,東京,100-299人 / 東京,1,https://www.simplism.co.jp/,200,allowed,,https://www.simplism.co.jp/recruit/,https://www.simplism.co.jp/recruit/,homepageAnchor,RECRUIT,ownDomain,high,200,allowed,採用情報｜【公式】シンプリズム,true,7,0,false,false,,,0,,false,2026-10-05T12:43:30.501Z
4012401034670,株式会社サマシー,13:東京都,36人,30-99人,東京,30-99人 / 東京,1,https://www.summer@summersea.jp,,allowed,TypeError,,,,,,,,,,,0,2,,false,,,0,,false,
4012701009298,ブリヂストンソフトウェア株式会社,13:東京都,304人,300-999人,東京,300-999人 / 東京,1,https://www.bsw.co.jp/,200,unavailable,,https://www.bsw.co.jp/recruit/,https://www.bsw.co.jp/recruit/,homepageAnchor,採用情報,ownDomain,high,200,unavailable,未来への道は私たちから始まる | ブリヂストンソフトウェア株式会社 | Recruit Site | 採用サイト,true,2,0,false,false,,,0,,false,2026-10-05T12:43:29.744Z
4013103000647,合同会社ｂａｓｉｃｍａｔｈ,26:京都府,2人,1-4人,主要都市圏,1-4人 / 主要都市圏,1,https://basicmath.jp,200,allowed,,,,,,,,,,,,0,0,,true,https://basicmath.jp/,200,0,,false,
4013201018698,株式会社ビットエー,13:東京都,204人,100-299人,東京,100-299人 / 東京,1,https://bita.jp/,200,allowed,,https://recruit.bita.jp/,https://recruit.bita.jp/,homepageAnchor,Recruit,ownDomain,high,200,allowed,ビットエー採用情報,true,1,0,false,false,,,0,,false,2026-10-05T12:43:32.823Z
4013301007758,株式会社テクノカルチャー,13:東京都,92人,30-99人,東京,30-99人 / 東京,1,https://www.t-next.com/,200,allowed,,https://recruit.t-next.com/,https://recruit.t-next.com/,homepageAnchor,>>採用サイト,ownDomain,high,200,allowed,トップページ - 株式会社テクノカルチャー 採用情報,true,1,0,false,false,,,0,https://recruit.t-next.com/,true,2026-10-05T12:43:33.377Z
4013301009283,日本電算株式会社,13:東京都,96人,30-99人,東京,30-99人 / 東京,1,https://www.nd-inc.co.jp/action_plans.html,200,unavailable,,https://www.nd-inc.co.jp/saiyojyoho_shin.html,https://www.nd-inc.co.jp/saiyojyoho_shin.html,homepageAnchor,新卒採用情報,ownDomain,high,200,unavailable,日本電算株式会社,true,4,0,false,false,,,0,,false,2026-10-05T12:43:32.915Z
4013301025157,日本情報システム株式会社,13:東京都,60人,30-99人,東京,30-99人 / 東京,1,http://www.nisweb.co.jp/main/index.html,404,unavailable,http_404,,,,,,,,,,,0,0,,true,https://www.nisweb.co.jp/,200,0,https://job.mynavi.jp/26/pc/search/corp71669/outline.html,true,
4013301026816,株式会社ＺＥＡＬＯＴ,13:東京都,17人,10-29人,東京,10-29人 / 東京,1,https://zealot.co.jp,200,unavailable,,https://zealot.co.jp/recruit,https://zealot.co.jp/recruit/,homepageAnchor,採用情報,ownDomain,high,200,unavailable,ZEALOT Inc. | 採用情報,true,1,0,true,false,,,1,,false,2026-10-05T12:43:35.143Z
4013301040296,株式会社ＴＯＣＲＥＡＴＥＩＴ,13:東京都,1人,1-4人,東京,1-4人 / 東京,1,https://tocreateit.co.jp/,200,allowed,,,,,,,,,,,,0,4,,false,,,0,,false,
4013301041880,トレードログ株式会社,13:東京都,4人,1-4人,東京,1-4人 / 東京,1,https://trade-log.io/,200,allowed,,,,,,,,,,,,0,2,,false,,,0,,false,
4013303001817,合同会社エス・シー・エヌ,13:東京都,11人,10-29人,東京,10-29人 / 東京,1,http://www.scn-llc.jp/,200,unavailable,,https://scn-llc.jp/recruitment/,https://scn-llc.jp/recruitment/,homepageAnchor,採用情報,ownDomain,high,200,allowed,採用情報 – 合同会社 エス・シー・エヌ,true,1,0,false,false,,,0,,false,2026-10-05T12:43:46.021Z
4020001007518,株式会社日立ＩＣＴビジネスサービス,14:神奈川県,2277人,1000人以上,主要都市圏,1000人以上 / 主要都市圏,1,https://www.hitachi-bs.co.jp/,200,unavailable,,https://www.hitachi-bs.co.jp/recruit/index.html,https://www.hitachi-bs.co.jp/recruit/index.html,homepageAnchor,採用情報,ownDomain,high,200,unavailable,採用情報：株式会社 日立ICTビジネスサービス,true,1,0,false,false,,,0,,false,2026-10-05T12:43:36.555Z
4020001024331,株式会社ファルコン,14:神奈川県,71人,30-99人,主要都市圏,30-99人 / 主要都市圏,1,http://www.kk-falcon.co.jp/,200,unavailable,,http://www.kk-falcon.co.jp/recruit/,http://www.kk-falcon.co.jp/recruit/,homepageAnchor,採用情報,ownDomain,high,200,unavailable,採用情報 | 株式会社ファルコン,true,1,0,false,false,,,0,,false,2026-10-05T12:43:38.113Z
4020001061110,株式会社コーエーテクモホールディングス,14:神奈川県,2489人,1000人以上,主要都市圏,1000人以上 / 主要都市圏,1,http://www.koeitecmo.co.jp/,200,unavailable,,https://www.koeitecmo.co.jp/recruit/,https://www.koeitecmo.co.jp/recruit/,homepageAnchor,採用情報,ownDomain,high,200,unavailable,採用情報 | コーエーテクモ ホールディングス,true,2,0,false,false,,,0,,false,2026-10-05T12:43:43.497Z
4020001073436,ソフトウエアクリエイション株式会社,13:東京都,108人,100-299人,東京,100-299人 / 東京,1,http://www.scc-inc.co.jp,,unavailable,TypeError:ENOTFOUND,,,,,,,,,,,0,0,,false,,,0,,false,
4020001075127,株式会社ワン,14:神奈川県,11人,10-29人,主要都市圏,10-29人 / 主要都市圏,1,http://www.j-one.ne.jp/,,unavailable,TypeError:UND_ERR_CONNECT_TIMEOUT,,,,,,,,,,,0,0,,false,,,0,,false,
4020001088161,株式会社ＰｒｏＶｉｓｉｏｎ,14:神奈川県,947人,300-999人,主要都市圏,300-999人 / 主要都市圏,1,https://www.pro-vision.jp/,200,allowed,,https://recruit.pro-vision.jp/,https://recruit.pro-vision.jp/,homepageAnchor,採用情報,ownDomain,high,200,allowed,株式会社ProVision 採用サイト｜IT・QAエンジニアの求人情報,true,1,0,false,false,,,0,,false,2026-10-05T12:43:42.246Z
4020001120064,株式会社Ｃｏｎｔｒａｉｌ,14:神奈川県,19人,10-29人,主要都市圏,10-29人 / 主要都市圏,1,https://contrail-sys.co.jp/,200,allowed,,https://contrail-sys.co.jp/news/airwork%ef%bc%88%e3%82%a8%e3%82%a2%e3%83%af%e3%83%bc%e3%82%af%ef%bc%89%e3%81%ab%e6%8e%a1%e7%94%a8%e6%83%85%e5%a0%b1%e3%82%92%e6%8e%b2%e8%bc%89%e3%81%84%e3%81%9f%e3%81%97%e3%81%be%e3%81%97%e3%81%9f/,https://contrail-sys.co.jp/news/airwork%ef%bc%88%e3%82%a8%e3%82%a2%e3%83%af%e3%83%bc%e3%82%af%ef%bc%89%e3%81%ab%e6%8e%a1%e7%94%a8%e6%83%85%e5%a0%b1%e3%82%92%e6%8e%b2%e8%bc%89%e3%81%84%e3%81%9f%e3%81%97%e3%81%be%e3%81%97%e3%81%9f/,homepageAnchor,NEWS 2022.04.20 Airwork（エアワーク）に採用情報を掲載いたしました,ownDomain,high,200,allowed,Airwork（エアワーク）に採用情報を掲載いたしました ‣ 株式会社Contrail,true,2,0,false,false,,,0,,false,2026-10-05T12:43:43.822Z
4020001123455,株式会社テリロジーサービスウェア,13:東京都,53人,30-99人,東京,30-99人 / 東京,1,https://terilogy-sw.com/,200,allowed,,https://terilogy-sw.com/recruit,https://terilogy-sw.com/recruit/,homepageAnchor,採用情報,ownDomain,high,200,allowed,採用情報 | 株式会社テリロジーサービスウェア,true,5,0,false,false,,,1,,false,2026-10-05T12:43:45.648Z
4020001124684,株式会社わんわんわん,40:福岡県,2人,1-4人,主要都市圏,1-4人 / 主要都市圏,1,https://wanwanwan.co.jp/,200,allowed,,,,,,,,,,,,0,1,,false,,,0,,false,
4020001144609,株式会社Ｍｅｄｉａ　Ｗｉｔｈ,13:東京都,1人,1-4人,東京,1-4人 / 東京,1,https://mediawith.co.jp/,200,allowed,,https://mediawith.co.jp/recruit/,https://mediawith.co.jp/recruit/,homepageAnchor,採用情報,ownDomain,high,200,allowed,採用情報 | 株式会社メディアウィズ,true,2,0,false,false,,,0,,false,2026-10-05T12:43:43.496Z
4021001004769,アデリープランニング株式会社,47:沖縄県,4人,1-4人,その他,1-4人 / その他,1,https://www.e-adeliae.com/news/2025/121899/,200,allowed,,,,,,,,,,,,0,3,,true,https://www.e-adeliae.com/,200,0,,false,
4021001038593,株式会社アシスコ,14:神奈川県,13人,10-29人,主要都市圏,10-29人 / 主要都市圏,1,http://www.asysco.co.jp,200,allowed,,https://www.asysco.co.jp/recruit/,https://www.asysco.co.jp/recruit/,homepageAnchor,採用情報,ownDomain,high,200,allowed,採用情報 | Asysco,true,3,0,false,false,,,0,,false,2026-10-05T12:43:54.581Z
4021001048378,株式会社ＨｏｍｅＧｒｏｗｉｎ,14:神奈川県,58人,30-99人,主要都市圏,30-99人 / 主要都市圏,1,http://homegrowin.jp/,200,allowed,,https://homegrowin.jp/entry/,https://homegrowin.jp/entry/,homepageAnchor,採用エントリー,ownDomain,high,200,allowed,Entry | 株式会社HomeGrowin（ホームグローウィン）,true,1,0,false,false,,,0,,false,2026-10-05T12:43:51.457Z
4021001054979,株式会社アイディオット,13:東京都,28人,10-29人,東京,10-29人 / 東京,1,https://aidiot.jp/,200,allowed,,https://aidiot.jp/recruit/,https://aidiot.jp/recruit/,homepageAnchor,採用情報トップ,ownDomain,high,200,allowed,RECRUIT | 株式会社アイディオット - aidiot -,true,5,0,false,false,,,0,,false,2026-10-05T12:43:47.469Z
4030001060202,株式会社グローバルソフトウェア,11:埼玉県,111人,100-299人,主要都市圏,100-299人 / 主要都市圏,1,http://www.globals.jp/,200,unavailable,,https://job.rikunabi.com/2019/company/r156700059/,,homepageLinkToJobPlatform,リクナビ2019にて、新卒採用活動を開始しました,jobPlatform,low,,,,,2,0,,false,,,0,,false,
4030001149904,株式会社ホンシツシコウ,11:埼玉県,6人,5-9人,主要都市圏,5-9人 / 主要都市圏,1,https://essential-thinking.jp,200,allowed,,,,,,,,,,,,0,3,,false,,,0,,false,
4030002016797,Ａｔｅｌｉｅｒ　Ｂｉｔｓ株式会社,11:埼玉県,6人,5-9人,主要都市圏,5-9人 / 主要都市圏,1,http://www.atelier-bits.co.jp/index.html,200,unavailable,,,,,,,,,,,,0,0,,false,,,0,,false,
4040001029527,株式会社サクラ情報システム,13:東京都,22人,10-29人,東京,10-29人 / 東京,1,http://www.e-cis.co.jp/,200,unavailable,,http://www.e-cis.co.jp/recruit.html,http://www.e-cis.co.jp/recruit.html,homepageAnchor,採用情報,ownDomain,high,200,unavailable,採用情報 | 株式会社サクラ情報システム,true,1,0,false,false,,,0,,false,2026-10-05T12:43:49.137Z
4040001040715,株式会社ＦＹＦ,12:千葉県,53人,30-99人,主要都市圏,30-99人 / 主要都市圏,1,https://www.fyf-h.com/,200,allowed,,https://fyf-h.com/category/recruit-news/,https://fyf-h.com/category/recruit-news/,homepageAnchor,採用のお知らせ,ownDomain,high,200,allowed,採用のお知らせ | 株式会社FYF,true,10,0,false,false,,,0,https://www.fyf-h.com/recruit.html,true,2026-10-05T12:43:55.698Z
4040001070407,株式会社エス・イー・シー・ハイテック,13:東京都,319人,300-999人,東京,300-999人 / 東京,1,https://sech.co.jp/sustainability/diversity/,200,allowed,,https://sech.co.jp/recruit/,https://sech.co.jp/recruit/,homepageAnchor,採用情報,ownDomain,high,200,allowed,株式会社エス・イー・シーハイテック 採用サイト,true,1,0,false,false,,,0,,false,2026-10-05T12:43:52.576Z
4040001080406,株式会社一元情報,13:東京都,85人,30-99人,東京,30-99人 / 東京,1,https://www.bss-j.co.jp/index.html,,unavailable,TypeError:ERR_TLS_CERT_ALTNAME_INVALID,,,,,,,,,,,0,0,,true,https://www.bss-j.co.jp/,,0,,false,
4040001085066,Ｋ＆Ｋソリューション株式会社,13:東京都,54人,30-99人,東京,30-99人 / 東京,1,https://kksol.co.jp/message/philosophy/,200,allowed,,https://kksol.co.jp/recruit/,https://kksol.co.jp/recruit/,homepageAnchor,採用情報,ownDomain,high,200,allowed,採用情報 - K&Kソリューション株式会社,true,6,0,false,false,,,0,,false,2026-10-05T12:43:55.307Z
4040001087062,株式会社ＲＥＴＩＣＥ,08:茨城県,18人,10-29人,その他,10-29人 / その他,1,http://retice.biz,200,allowed,,,,,,,,,,,,0,4,,false,,,0,,false,
4040001109535,株式会社ＧＲＩＰＳ,12:千葉県,6人,5-9人,主要都市圏,5-9人 / 主要都市圏,1,https://www.grips.co.jp/,200,unavailable,,https://www.grips.co.jp/recruit,https://www.grips.co.jp/recruit,homepageAnchor,採用情報,ownDomain,high,200,unavailable,採用情報 | 株式会社GRIPS,true,1,0,false,false,,,0,,false,2026-10-05T12:43:56.569Z
4040001128196,株式会社ＺＥＮ,12:千葉県,2人,1-4人,主要都市圏,1-4人 / 主要都市圏,1,https://zen-lab.jp/,200,allowed,,https://zen-lab.jp/recruit,https://zen-lab.jp/recruit,homepageAnchor,採用情報,ownDomain,high,200,allowed,株式会社ZEN | 善く、創る。新しい価値を社会へ。,true,3,0,false,false,,,0,,false,2026-10-05T12:44:00.374Z
4040003005484,合同会社ミルディア,13:東京都,20人,10-29人,東京,10-29人 / 東京,1,https://www.milldea.com/,200,allowed,,https://www.milldea.com/recruit/,https://www.milldea.com/recruit/,homepageAnchor,RECRUIT,ownDomain,high,200,allowed,"Recruit ｜ Milldea, LLC.",true,1,0,false,false,,,0,,false,2026-10-05T12:43:59.838Z
4050001036885,Ｓｍａｒｔ　Ｓｏｌｕｔｉｏｎｓ株式会社,08:茨城県,10人,10-29人,その他,10-29人 / その他,1,https://smt-sol.jp/,200,unavailable,,https://smt-sol.jp/recruit/,https://smt-sol.jp/recruit/,homepageAnchor,recruit,ownDomain,high,200,unavailable,Recruit,true,1,0,false,false,,,0,https://smt-sol.jp/recruit/,true,2026-10-05T12:43:58.822Z
4060001000221,株式会社アイ・シー・エス,09:栃木県,14人,10-29人,その他,10-29人 / その他,1,https://www.icsjpn.co.jp/,200,unavailable,,https://www.icsjpn.co.jp/recruit.html,https://www.icsjpn.co.jp/recruit.html,homepageAnchor,採用情報,ownDomain,high,200,unavailable,"採用情報│株式会社アイ・シー・エス AS/400,Salesforce,Kintoneの開発ならお任せください",true,2,0,false,false,,,0,,false,2026-10-05T12:43:59.578Z
4060002033922,有限会社トレンディハウス,09:栃木県,4人,1-4人,その他,1-4人 / その他,1,http://www.trendyhouse.co.jp,200,unavailable,,https://www.trendyhouse.co.jp/recruit/,https://www.trendyhouse.co.jp/recruit/,homepageAnchor,採用情報 Recruit,ownDomain,high,200,unavailable,採用情報 | 有限会社トレンディハウス公式企業サイト,true,3,0,false,false,,,0,,false,2026-10-05T12:44:05.395Z
4080001002827,株式会社静岡第一テレビ,22:静岡県,117人,100-299人,その他,100-299人 / その他,1,http://www.tv-sdt.co.jp/,200,unavailable,,https://www.tv-sdt.co.jp/company/,https://www.tv-sdt.co.jp/company/,homepageAnchor,RECRUIT,ownDomain,high,200,unavailable,Daiichi-TVについて | Daiichi-TV,true,1,0,false,false,,,0,,false,2026-10-05T12:44:06.493Z
4080001008361,静銀ＩＴソリューション株式会社,22:静岡県,245人,100-299人,その他,100-299人 / その他,1,https://www.shizuoka-cs.co.jp,200,unavailable,,https://www.shizuoka-cs.co.jp/employment/,https://www.shizuoka-cs.co.jp/employment/,homepageAnchor,RECRUITMENT,ownDomain,high,200,unavailable,採用情報 | 静銀ITソリューション株式会社,true,2,0,false,false,,,0,,false,2026-10-05T12:44:01.942Z
4080001017602,株式会社いいね,22:静岡県,32人,30-99人,その他,30-99人 / その他,1,http://iine.jpn.com/,200,allowed,,http://iine.jpn.com/recruit/,https://iine-saiyo.com/,homepageAnchor,採用情報,otherDomain,high,200,allowed,株式会社いいね採用サイト,true,13,0,false,false,,,2,,false,2026-10-05T12:44:10.168Z
4080002018632,株式会社ＡＣＯ,22:静岡県,13人,10-29人,その他,10-29人 / その他,1,http://a-c-o.com/,200,allowed,,https://www.a-c-o.com/recruit/,https://www.a-c-o.com/recruit/,homepageAnchor,採用情報,ownDomain,high,200,allowed,採用情報 | 株式会社ACO,true,4,0,false,false,,,0,,false,2026-10-05T12:44:07.763Z
4080101003849,富士通ミッションクリティカルソフトウェア株式会社,22:静岡県,189人,100-299人,その他,100-299人 / その他,1,http://jp.fujitsu.com/group/mcs/,429,unavailable,http_429_host_stopped,,,,,,,,,,,0,0,,true,https://global.fujitsu/,,0,,false,
4080101015670,ＴＯＳＥＩ株式会社,22:静岡県,5人,5-9人,その他,5-9人 / その他,1,http://www.tosei-japan.com,200,unavailable,,http://www.tosei-japan.com/contact.html,,homepageAnchorNegativePath,お問い合わせ・採用について,ownDomain,low,,,,,1,0,,false,,,0,,false,
4110001000777,株式会社エフエムラジオ新潟,15:新潟県,38人,30-99人,その他,30-99人 / その他,1,https://www.fmniigata.com/,200,allowed,,https://www.fmniigata.com/program/533/present/59987,https://www.fmniigata.com/program/533/present/59987,homepageAnchor,【松本莉緒のSlow Life NIIGATA】皆さんからのメッセージを募集しています。 抽選で松本莉緒の直筆サイン入りポスターなどプレゼント！,ownDomain,high,200,allowed,【松本莉緒のSlow Life NIIGATA】皆さんからのメッセージを募集しています。 抽選で松本莉緒の直筆サイン入りポスターなどプレゼント！｜ FM-NIIGATA (エフエムラジオ新潟),true,1,0,false,false,,,0,,false,2026-10-05T12:44:08.150Z
4110001022219,株式会社エヌ・テー・シー,15:新潟県,106人,100-299人,その他,100-299人 / その他,1,https://www.kk-ntc.co.jp/,200,unavailable,,https://www.kk-ntc.co.jp/recruit/,https://www.kk-ntc.co.jp/recruit/,homepageAnchor,採用サイト,ownDomain,high,200,unavailable,採用サイト | 株式会社NTC | SystemBox会計・システム開発・基幹システム（ERP）は株式会社NTCにお任せください ｜ 新潟県長岡市,true,1,0,false,false,,,0,,false,2026-10-05T12:44:08.700Z
4120001014405,株式会社ＮＴＴフィールドテクノ,27:大阪府,9278人,1000人以上,主要都市圏,1000人以上 / 主要都市圏,1,https://www.ntt-ft.jp/company/csr/action.html#women,200,unavailable,,https://www.ntt-ft.jp/recruit/index.html,https://www.ntt-ft.jp/recruit/,homepageAnchor,採用情報,ownDomain,high,200,unavailable,採用情報 | NTTフィールドテクノ（NTT西日本グループ）,true,1,0,false,false,,,1,,false,2026-10-05T12:44:11.371Z
4120001054120,株式会社ＮＴＴデータ関西,27:大阪府,1321人,1000人以上,主要都市圏,1000人以上 / 主要都市圏,1,http://www.nttdata-kansai.co.jp/,200,unavailable,,https://www.nttdata-kansai.co.jp/recruit/,https://www.nttdata-kansai.co.jp/recruit/,homepageAnchor,RECRUIT SITE,ownDomain,high,200,unavailable,ＮＴＴデータ関西｜RECRUIT SITE,true,3,0,false,false,,,0,,false,2026-10-05T12:44:13.965Z
4120001054137,株式会社ＳＲＤ,26:京都府,146人,100-299人,主要都市圏,100-299人 / 主要都市圏,1,http://www.srd.co.jp/,200,unavailable,,https://www.srd.co.jp/saiyo/index.html,https://www.srd.co.jp/saiyo/index.html,homepageAnchor,採用情報,ownDomain,high,200,unavailable,採用情報 ｜ 株式会社SRD【任天堂グループ】,true,12,0,false,false,,,0,,false,2026-10-05T12:44:17.454Z
4120001067097,中央コンピューター株式会社,27:大阪府,576人,300-999人,主要都市圏,300-999人 / 主要都市圏,1,http://www.chuo-computer.co.jp/,200,allowed,,https://www.chuo-computer.co.jp/recruit/,https://www.chuo-computer.co.jp/recruit/,homepageAnchor,採用情報,ownDomain,high,200,allowed,HOME - 貴社ビジネスのIT共創者、中央コンピューター株式会社貴社ビジネスのIT共創者、中央コンピューター株式会社 | 客様ビジネスに寄り添い、共創の関係を築く中央コンピューター株式会社が募集する各採用情報についてご案内します。,true,8,0,false,false,,,0,,false,2026-10-05T12:44:15.535Z
4120001068814,株式会社ノベラック,27:大阪府,14人,10-29人,主要都市圏,10-29人 / 主要都市圏,1,http://www.noveluck.co.jp/index.html,,unavailable,TypeError:UND_ERR_CONNECT_TIMEOUT,,,,,,,,,,,0,0,,true,http://www.noveluck.co.jp/,,0,,false,
4120001069639,平成ファームワークス株式会社,27:大阪府,63人,30-99人,主要都市圏,30-99人 / 主要都市圏,1,http://www.hfws.co.jp/,200,unavailable,,https://www.hfws.co.jp/recruit.html,https://www.hfws.co.jp/recruit.html,homepageAnchor,採用情報,ownDomain,high,200,unavailable,採用情報：平成ファームワークス,true,4,0,false,false,,,0,,false,2026-10-05T12:44:18.096Z
4120001070448,株式会社ヴィンクス,13:東京都,1470人,1000人以上,東京,1000人以上 / 東京,1,http://www.vinx.co.jp,200,unavailable,,https://www.vinx.co.jp/saiyo/,https://www.vinx.co.jp/saiyo/,homepageAnchor,採用情報,ownDomain,high,200,unavailable,採用情報 | 株式会社ヴィンクス| 流通小売業向けシステム,true,3,0,false,false,,,0,,false,2026-10-05T12:44:19.293Z
4120001083747,株式会社ＤＡＣＳ,27:大阪府,343人,300-999人,主要都市圏,300-999人 / 主要都市圏,1,https://www.dacs.co.jp,200,allowed,,https://www.dacs.co.jp/recruit/,https://www.dacs.co.jp/recruit/,homepageAnchor,採用情報,ownDomain,high,200,allowed,採用情報 | 株式会社DACS,true,4,0,false,false,,,0,,false,2026-10-05T12:44:16.649Z
4120001103331,株式会社ソフトウェア・サービス,27:大阪府,1755人,1000人以上,主要都市圏,1000人以上 / 主要都市圏,1,https://www.softs.co.jp,200,allowed,,https://recruit.softs.co.jp/,https://recruit.softs.co.jp/,homepageAnchor,Recruit 採用情報,ownDomain,high,200,allowed,採用情報 | 電子カルテ、医療情報システムの開発・販売 - (株)ソフトウェア・サービス,true,3,0,false,false,,,0,,false,2026-10-05T12:44:17.311Z
4120001115673,株式会社Ｂｅｅ,27:大阪府,51人,30-99人,主要都市圏,30-99人 / 主要都市圏,1,http://www.bee-u.com/,200,unavailable,,https://bee-u.com/recruit.html,https://bee-u.com/recruit.html,homepageAnchor,募集要項,ownDomain,high,200,unavailable,採用,true,2,0,false,false,,,0,https://job.mynavi.jp/27/pc/search/corp105911/outline.html,true,2026-10-05T12:44:23.359Z
4120001117554,株式会社エスピーネット,27:大阪府,57人,30-99人,主要都市圏,30-99人 / 主要都市圏,1,http://www.spnet.jp/,200,allowed,,https://www.spnet.jp/recruit/,https://www.spnet.jp/recruit/,homepageAnchor,RECRUIT,ownDomain,high,200,allowed,採用情報 - 株式会社エスピーネット,true,3,0,false,false,,,0,,false,2026-10-05T12:44:24.726Z
4120001163920,キャル株式会社,27:大阪府,2973人,1000人以上,主要都市圏,1000人以上 / 主要都市圏,1,https://www.wantedly.com/companies/company_9662504,200,allowed,,https://www.wantedly.com/projects/2573283,,homepageLinkToJobPlatform,採用アシスタント 採用の仕事に挑戦してみませんか？未来の面接官を目指せる採用アシスタント 話したい人を指名できる,jobPlatform,low,,,,,3,1,,true,https://www.wantedly.com/,200,0,,false,
4120001170099,株式会社ＭＲＳ,27:大阪府,97人,30-99人,主要都市圏,30-99人 / 主要都市圏,1,http://mrs-inc.jp/,200,allowed,,https://mrs-inc.jp//company/recruitment/,https://mrs-inc.jp//company/recruitment/,homepageAnchor,採用情報,ownDomain,low,404,allowed,,,1,0,,false,,,0,,false,2026-10-05T12:44:23.553Z
4120001221232,株式会社ウェイバック,27:大阪府,3人,1-4人,主要都市圏,1-4人 / 主要都市圏,1,https://wayback.co.jp/,,unavailable,TypeError:ENOTFOUND,,,,,,,,,,,0,0,,false,,,0,,false,
4120003028907,ザＳＥＯ合同会社,27:大阪府,1人,1-4人,主要都市圏,1-4人 / 主要都市圏,1,https://the-seo.co.jp/,200,allowed,,https://the-seo.co.jp/recruit/,https://the-seo.co.jp/recruit/,robotsSitemap,,ownDomain,medium,200,allowed,採用情報 | 【土日祝日対応】大阪のSEO対策ならザSEO合同会社,true,1,3,false,false,,,0,https://the-seo.co.jp/recruit/,true,2026-10-05T12:44:26.634Z
4130001004198,株式会社京都放送,26:京都府,163人,100-299人,主要都市圏,100-299人 / 主要都市圏,1,http://www.kbs-kyoto.co.jp/,200,unavailable,,https://www.kbs-kyoto.co.jp/corp/recruit/,https://www.kbs-kyoto.co.jp/corp/recruit/,homepageAnchor,採用情報,ownDomain,high,200,unavailable,KBS京都 採用情報｜KBS京都,true,4,0,false,false,,,0,,false,2026-10-05T12:44:27.064Z
4130001017794,ソフトコム株式会社,26:京都府,30人,30-99人,主要都市圏,30-99人 / 主要都市圏,1,https://www.soft-com.co.jp/,200,allowed,,https://www.soft-com.co.jp/news/1363/,,homepageAnchorNegativePath,【参加者募集】 9/16(水) 『みんなで考えるコミュニケーションデザイン』トークイベント ゲスト 京都市立京都奏和高等学校 井上先生,ownDomain,low,,,,,1,3,,false,,,0,,false,
4130001055935,ものレボ株式会社,26:京都府,8人,5-9人,主要都市圏,5-9人 / 主要都市圏,1,https://corp.monorevo.jp/,200,unavailable,,,,,,,,,,,,0,0,,false,,,0,,false,
4130001057130,株式会社ＳＣＲＥＥＮアドバンストシステムソリューションズ,26:京都府,56人,30-99人,主要都市圏,30-99人 / 主要都市圏,1,http://www.screen.co.jp/,200,allowed,,https://www.screen.co.jp/recruit_info,https://www.screen.co.jp/recruit_info,homepageAnchor,採用情報,ownDomain,high,200,allowed,採用情報 | 株式会社SCREENホールディングス,true,4,0,false,false,,,0,,false,2026-10-05T12:44:31.193Z
4130001079703,株式会社ヘルスケアイノベーションテクノロジー,26:京都府,10人,10-29人,主要都市圏,10-29人 / 主要都市圏,1,https://hc-i.tech/,200,allowed,,,,,,,,,,,,0,1,,false,,,0,,false,
4130003003669,株式会社ＨＡＣＡＲＵＳ,26:京都府,40人,30-99人,主要都市圏,30-99人 / 主要都市圏,1,https://hacarus.com/ja/,403,unavailable,http_403,,,,,,,,,,,0,0,,true,https://hacarus.com/,403,0,,false,
4140001006524,株式会社エマーテック,28:兵庫県,36人,30-99人,主要都市圏,30-99人 / 主要都市圏,1,https://www.emertech.co.jp/,200,allowed,,https://www.emertech.co.jp/recruit/,https://www.emertech.co.jp/recruit/,homepageAnchor,採用情報 RECRUIT,ownDomain,high,200,allowed,新卒採用サイト｜株式会社エマーテック,true,1,0,false,false,,,0,,false,2026-10-05T12:44:28.933Z
4140001024798,株式会社職人さんドットコム,14:神奈川県,4人,1-4人,主要都市圏,1-4人 / 主要都市圏,1,https://www.shokunin-san.com/,403,unavailable,http_403,,,,,,,,,,,0,0,,false,,,0,,false,
4140001029302,株式会社クルーグ,28:兵庫県,20人,10-29人,主要都市圏,10-29人 / 主要都市圏,1,https://www.qloog.com/ja/,404,unavailable,http_404,,,,,,,,,,,0,0,,true,https://www.qloog.com/,403,0,,false,
4150001022561,ＭＢＴリンク株式会社,13:東京都,2人,1-4人,東京,1-4人 / 東京,1,https://www.mbtlink.com/,200,allowed,,,,,,,,,,,,0,3,,false,,,0,,false,
4160001000590,キステム株式会社,25:滋賀県,235人,100-299人,その他,100-299人 / その他,1,http://www.kistem.co.jp,200,allowed,,https://www.kistem.co.jp/contents_detail.php?co=new&frmId=743,https://www.kistem.co.jp/contents_detail.php?co=new&frmId=743,homepageAnchor,令和9年度新卒採用者 GATE-GROUP合同内定式を開催いたしました。,ownDomain,high,200,allowed,令和9年度新卒採用者 GATE-GROUP合同内定式 | キステム株式会社(滋賀),true,1,0,false,false,,,0,,false,2026-10-05T12:44:35.989Z
4160001019383,株式会社ｔｉｗａｋｉ,25:滋賀県,18人,10-29人,その他,10-29人 / その他,1,https://www.tiwaki.com/company,200,allowed,,https://www.tiwaki.com/recruit,https://www.tiwaki.com/recruit,homepageAnchor,RECRUIT,ownDomain,high,200,allowed,"RECRUIT | tiwaki Co.,Ltd.",true,1,0,false,false,,,0,,false,2026-10-05T12:44:31.666Z
4180001006999,株式会社ドコモＣＳ東海,23:愛知県,1024人,1000人以上,主要都市圏,1000人以上 / 主要都市圏,1,http://www.docomo-cs-tokai.co.jp/,200,unavailable,,https://www.docomo-cs-tokai.co.jp/middlecareer_data.html,https://www.docomo-cs-tokai.co.jp/middlecareer_data.html,homepageAnchor,労働施策総合推進法に基づく中途採用比率の公表ページ,ownDomain,high,200,unavailable,労働施策総合推進法に基づく中途採用比率の公表｜株式会社ドコモCS東海,true,3,0,false,false,,,0,,false,2026-10-05T12:44:36.788Z
4180001013046,名電通株式会社,23:愛知県,48人,30-99人,主要都市圏,30-99人 / 主要都市圏,1,https://www.meidentsu.co.jp/,200,allowed,,https://en-gage.net/meidentsu/?banner=1,https://en-gage.net/meidentsu/?banner=1,homepageLinkToOfficialAts,求人情報,atsHosted,high,200,allowed,名電通株式会社の採用・求人情報-engage,true,2,0,false,false,,,0,,false,2026-10-05T12:44:31.946Z
4180001017641,株式会社トヨタシステムズ,23:愛知県,3422人,1000人以上,主要都市圏,1000人以上 / 主要都市圏,1,https://www.toyotasystems.com/,200,allowed,,https://www.toyotasystems.com/recruit/,https://www.toyotasystems.com/recruit/,homepageAnchor,採用情報,ownDomain,high,200,allowed,トヨタシステムズ（TS）｜採用サイト,true,1,0,false,false,,,0,,false,2026-10-05T12:44:34.908Z
4180001034083,株式会社イエス,23:愛知県,36人,30-99人,主要都市圏,30-99人 / 主要都市圏,1,http://www.ies.jp/iesweb/,200,unavailable,,https://www.ies.jp/iesweb/guide/,https://www.ies.jp/iesweb/guide/,homepageAnchor,採用情報,ownDomain,high,200,unavailable,募集要項 | 人とシステムをやさしくリンクする,true,2,0,false,false,,,0,,false,2026-10-05T12:44:40.528Z
4180001036757,株式会社システムクラフト,23:愛知県,33人,30-99人,主要都市圏,30-99人 / 主要都市圏,1,http://www.sys-craft.co.jp/,200,allowed,,https://www.sys-craft.co.jp/recruit,https://www.sys-craft.co.jp/recruit,homepageAnchor,採用情報,ownDomain,high,200,allowed,システムクラフトで働きたい方募集中,true,1,0,false,false,,,0,,false,2026-10-05T12:44:39.805Z
4180001037961,株式会社中日新聞社,23:愛知県,2427人,1000人以上,主要都市圏,1000人以上 / 主要都市圏,1,http://www.chunichi.co.jp,200,allowed,,https://www.chunichi.co.jp/info/saiyou/,https://www.chunichi.co.jp/info/saiyou,homepageAnchor,採用情報,ownDomain,high,200,allowed,採用情報：中日新聞Web,true,4,0,false,false,,,1,,false,2026-10-05T12:44:42.306Z
4180001038423,株式会社テクノアスカ,23:愛知県,146人,100-299人,主要都市圏,100-299人 / 主要都市圏,1,https://www.t-ask.co.jp/,200,unavailable,,https://www.t-ask.co.jp/recruit.html,https://www.t-ask.co.jp/recruit.html,homepageAnchor,採用情報,ownDomain,high,200,unavailable,株式会社テクノアスカ,true,7,0,false,false,,,0,https://www.t-ask.co.jp/recruit.html,true,2026-10-05T12:44:38.181Z
4180001038539,株式会社ＮＴＴデータ東海,23:愛知県,589人,300-999人,主要都市圏,300-999人 / 主要都市圏,1,https://www.nttdata-tokai.co.jp/,200,unavailable,,https://www.nttdata-tokai.co.jp/recruit/,https://www.nttdata-tokai.co.jp/recruit/,homepageAnchor,採用情報,ownDomain,high,200,unavailable,採用情報 | 株式会社NTTデータ東海,true,4,0,false,false,,,0,,false,2026-10-05T12:44:38.642Z
4180001047184,株式会社トヨタマップマスター,23:愛知県,179人,100-299人,主要都市圏,100-299人 / 主要都市圏,1,http://www.mapmaster.co.jp/index.html,200,allowed,,http://www.mapmaster.co.jp/recruit/,http://www.mapmaster.co.jp/recruit/,homepageAnchor,採用情報TOP,ownDomain,high,200,allowed,採用情報 | 株式会社トヨタマップマスター:TOYOTA MAPMASTER INCORPORATED（TMI ）,true,9,0,false,false,,,0,,false,2026-10-05T12:44:42.134Z
4180001056549,株式会社サイトスコープ,23:愛知県,18人,10-29人,主要都市圏,10-29人 / 主要都市圏,1,https://sitescope.co.jp/,200,allowed,,https://sitescope.co.jp/recruit,https://sitescope.co.jp/recruit/,homepageAnchor,RECRUIT,ownDomain,high,200,allowed,RECRUIT｜株式会社サイトスコープ,true,6,0,false,false,,,1,,false,2026-10-05T12:44:42.411Z
4180001057530,株式会社クロス・ヒット,23:愛知県,25人,10-29人,主要都市圏,10-29人 / 主要都市圏,1,http://www.houtoku-it.co.jp/,,unavailable,TypeError:ENOTFOUND,,,,,,,,,,,0,0,,false,,,0,,false,
4180001076943,株式会社セルズ,23:愛知県,62人,30-99人,主要都市圏,30-99人 / 主要都市圏,1,https://www.cells.co.jp/,200,unavailable,,https://www.cells.co.jp/topics/20260713-hr,https://www.cells.co.jp/topics/20260713-hr,homepageAnchor,顧問先の採用力を高めたい,ownDomain,high,200,unavailable,採用活動で「働きやすさ」をどう伝えるか？求職者に安心感を届ける、労務管理の見える化 - 株式会社セルズ,true,8,0,false,false,,,0,,false,2026-10-05T12:44:42.557Z
4180001094838,菱友技研株式会社,23:愛知県,93人,30-99人,主要都市圏,30-99人 / 主要都市圏,1,https://ryoyu-giken.co.jp/,200,allowed,,https://ryoyu-giken.co.jp/recruit/,https://ryoyu-giken.co.jp/recruit/,homepageAnchor,採用情報 Recruit,ownDomain,high,200,allowed,採用情報 - 菱友技研株式会社,true,9,0,false,false,,,0,,false,2026-10-05T12:44:43.858Z
4180001101569,株式会社ｌｉｆｅ　ｉｓ,23:愛知県,17人,10-29人,主要都市圏,10-29人 / 主要都市圏,1,http://lifeis-web.co.jp/,200,allowed,,http://lifeis-web.co.jp/recruit/,http://lifeis-web.co.jp/recruit/,robotsSitemap,,ownDomain,medium,200,allowed,Recruit | 株式会社Life is,true,3,3,false,false,,,0,,false,2026-10-05T12:44:49.016Z
4180001102914,株式会社インテックス,23:愛知県,27人,10-29人,主要都市圏,10-29人 / 主要都市圏,1,https://intecs.ne.jp/,200,allowed,,https://intecs.ne.jp/recruit,https://intecs.ne.jp/recruit,homepageAnchor,採用情報,ownDomain,high,200,allowed,株式会社インテックス - 採用情報,true,1,0,false,false,,,0,,false,2026-10-05T12:44:44.966Z
4180001124702,株式会社シナスタジア,13:東京都,11人,10-29人,東京,10-29人 / 東京,1,https://synesthesias.jp/news/74/,404,allowed,http_404,https://synesthesias.jp/recruit,https://synesthesias.jp/recruit,robotsSitemap,,ownDomain,medium,200,allowed,採用ページ｜シナスタジア,true,6,3,false,true,https://synesthesias.jp/,200,0,,false,2026-10-05T12:44:52.609Z
4180001124925,株式会社ロコビット,23:愛知県,29人,10-29人,主要都市圏,10-29人 / 主要都市圏,1,https://www.locobit.co.jp/,200,allowed,,https://www.locobit.co.jp/recruit/,https://www.locobit.co.jp/recruit/,homepageAnchor,採用情報,ownDomain,high,200,allowed,採用情報 | 株式会社ロコビット｜LOCOBIT Inc.（ゲームプロダクション）,true,8,0,false,false,,,0,,false,2026-10-05T12:44:45.882Z
4180001138891,ｉ‐ＳＨＯＴ株式会社,13:東京都,13人,10-29人,東京,10-29人 / 東京,1,https://medifund.jp/,200,allowed,,,,,,,,,,,,0,4,,false,,,0,https://medifund.jp/jobs/,true,
4190001000893,株式会社百五デジタルソリューションズ,24:三重県,112人,100-299人,その他,100-299人 / その他,1,https://www.105ds.co.jp/,200,allowed,,https://www.105ds.co.jp/recruit/,https://www.105ds.co.jp/recruit/,homepageAnchor,採用情報,ownDomain,high,200,allowed,採用情報 | 株式会社 百五デジタルソリューションズ,true,3,0,false,false,,,0,,false,2026-10-05T12:44:47.835Z
4200001003507,株式会社テクノシステム,21:岐阜県,35人,30-99人,その他,30-99人 / その他,1,https://www.technosys.co.jp/,200,allowed,,https://www.technosys.co.jp/recruit,https://www.technosys.co.jp/recruit/,homepageAnchor,採用情報,ownDomain,high,200,allowed,各務原市の技術者が働きやすいテクノシステムからの求人,true,2,0,false,false,,,1,,false,2026-10-05T12:44:49.962Z
4200001039138,アークグロー株式会社,21:岐阜県,5人,5-9人,その他,5-9人 / その他,1,https://www.arcgrow.jp/initiatives-to-reform-work-styles-and-support-work-life-balance/,200,allowed,,,,,,,,,,,,0,2,,true,https://www.arcgrow.jp/,200,0,,false,
4200001041390,株式会社ＤＡＯＷＯＲＫＳ,21:岐阜県,2人,1-4人,その他,1-4人 / その他,1,https://daoworks.co.jp/,200,unavailable,,,,,,,,,,,,0,0,,false,,,0,,false,
4210001003043,株式会社福井新聞社,18:福井県,283人,100-299人,その他,100-299人 / その他,1,http://www.fukuishimbun.co.jp/,200,allowed,,https://recruit.fukuishimbun.co.jp/,https://recruit.fukuishimbun.co.jp/,homepageAnchor,採用情報,ownDomain,high,200,allowed,採用サイト - 福井新聞社 - 刺激とやりがいを約束します。,true,6,0,false,false,,,0,,false,2026-10-05T12:45:00.768Z
4210001004017,三谷コンピュータ株式会社,18:福井県,143人,100-299人,その他,100-299人 / その他,1,https://www.mtn.co.jp,200,allowed,,https://www.mtn.co.jp/04-recruit/index.html,https://www.mtn.co.jp/04-recruit/index.html,homepageAnchor,採用情報,ownDomain,high,200,allowed,採用情報｜三谷コンピュータ株式会社 採用情報,true,2,0,false,false,,,0,,false,2026-10-05T12:44:52.501Z
4210001013827,株式会社アートテクノロジー,18:福井県,391人,300-999人,その他,300-999人 / その他,1,http://www.art-tec.co.jp/,200,unavailable,,http://www.art-tec.co.jp/recruit/,http://www.art-tec.co.jp/recruit/,homepageAnchor,採用情報,ownDomain,high,200,unavailable,採用情報｜アートテクノロジー,true,5,0,false,false,,,0,,false,2026-10-05T12:45:00.885Z
4230001000030,株式会社アイドママーケティングコミュニケーション,16:富山県,239人,100-299人,その他,100-299人 / その他,1,https://www.e-aidma.co.jp/,200,allowed,,,,,,,,,,,,0,0,,false,,,0,,false,
4230001002844,北電情報システムサービス株式会社,16:富山県,366人,300-999人,その他,300-999人 / その他,1,https://www.hiss.co.jp/,200,allowed,,https://recruit.hiss.co.jp/?hsLang=ja-jp,https://recruit.hiss.co.jp/,homepageAnchor,採用情報,ownDomain,high,200,allowed,HISS採用サイト,true,3,0,false,false,,,1,,false,2026-10-05T12:44:57.665Z
4230001007785,ＡＷＳ株式会社,16:富山県,100人,100-299人,その他,100-299人 / その他,1,https://awsnet.co.jp/,200,allowed,,https://awsnet.co.jp/recruit/,https://awsnet.co.jp/recruit/,homepageAnchor,RECRUIT,ownDomain,high,200,allowed,採用情報 - AWS株式会社,true,7,0,false,false,,,0,https://awsnet.co.jp/recruit/,true,2026-10-05T12:44:58.303Z
4230001014154,キュアコード株式会社,16:富山県,12人,10-29人,その他,10-29人 / その他,1,https://curecode.jp/,200,allowed,,https://curecode.jp/recruit/,https://curecode.jp/recruit/,homepageAnchor,採用情報,ownDomain,high,200,allowed,採用情報 | キュアコード株式会社,true,2,0,false,false,,,0,,false,2026-10-05T12:44:56.545Z
4240001007628,株式会社ドコモＣＳ中国,34:広島県,797人,300-999人,その他,300-999人 / その他,1,https://www.docomo-cs-chugoku.co.jp/,200,unavailable,,https://www.docomo-cs-chugoku.co.jp/recruit/index.html,https://www.docomo-cs-chugoku.co.jp/recruit/index.html,homepageAnchor,新卒採用,ownDomain,high,200,unavailable,株式会社ドコモCS中国,true,1,0,false,false,,,0,,false,2026-10-05T12:44:56.331Z
4240001009384,株式会社広島情報シンフォニー,34:広島県,176人,100-299人,その他,100-299人 / その他,1,http://www.symphony.co.jp/,200,unavailable,,http://www.symphony.co.jp/recruit/,http://www.symphony.co.jp/recruit/,homepageAnchor,採用情報,ownDomain,high,200,unavailable,株式会社広島情報シンフォニー 採用サイト,true,6,0,false,false,,,0,,false,2026-10-05T12:44:56.968Z
4240001014384,デジタルソリューション株式会社,34:広島県,62人,30-99人,その他,30-99人 / その他,1,https://www.digital-sol.co.jp/,200,unavailable,body_read_failed:TypeError:HPE_INVALID_CHUNK_SIZE,,,,,,,,,,,0,0,,false,,,0,,false,
4240001016059,株式会社ネビジョン,34:広島県,5人,5-9人,その他,5-9人 / その他,1,https://nevision.co.jp,,unavailable,TypeError:UNABLE_TO_VERIFY_LEAF_SIGNATURE,,,,,,,,,,,0,0,,false,,,0,,false,
4260001004739,株式会社トスコ,33:岡山県,584人,300-999人,その他,300-999人 / その他,1,https://www.tosco.co.jp,200,allowed,,https://www.tosco.co.jp/recruit/,https://www.tosco.co.jp/recruit/,homepageAnchor,採用情報,ownDomain,high,200,allowed,採用情報 | 株式会社トスコ,true,1,0,false,false,,,0,,false,2026-10-05T12:45:00.601Z
4260001005935,株式会社プライム,33:岡山県,42人,30-99人,その他,30-99人 / その他,1,https://www.prime.co.jp/,200,allowed,,https://prime.co.jp/recruit/,https://prime.co.jp/recruit/,homepageAnchor,採用情報,ownDomain,high,200,allowed,プライム採用,true,1,0,false,false,,,0,,false,2026-10-05T12:45:11.252Z
4260001027946,株式会社ベネッセインフォシェル,33:岡山県,405人,300-999人,その他,300-999人 / その他,1,http://www.benesse-infoshell.co.jp/index.html,403,unavailable,http_403,,,,,,,,,,,0,0,,true,http://www.benesse-infoshell.co.jp/,403,0,,false,
4290001012466,株式会社データプラス,41:佐賀県,200人,100-299人,その他,100-299人 / その他,1,http://www.data-p.co.jp/,200,unavailable,,https://www.data-p.co.jp/works/data_entry/,https://www.data-p.co.jp/works/data_entry/,homepageAnchor,データエントリー アンケートや名簿など素早く、確実にデータ化。もちろんプライバシーマークも取得しております。,ownDomain,high,200,unavailable,データエントリー | DATAPLUS [株式会社データプラス],true,1,0,false,false,,,0,,false,2026-10-05T12:45:07.074Z
4290001016954,株式会社未来工房亞主,40:福岡県,13人,10-29人,主要都市圏,10-29人 / 主要都市圏,1,https://mirai-asu.co.jp/,200,allowed,,https://mirai-asu.co.jp/recruit/,https://mirai-asu.co.jp/recruit/,homepageAnchor,採用情報,ownDomain,high,200,allowed,採用情報 – 株式会社未来工房亞主,true,1,0,false,false,,,0,,false,2026-10-05T12:45:03.630Z
4290001017713,株式会社ディジテック,40:福岡県,58人,30-99人,主要都市圏,30-99人 / 主要都市圏,1,http://www.digitech.co.jp/,200,allowed,,https://www.digitech.co.jp/recruit,https://www.digitech.co.jp/recruit/newgrads,homepageAnchor,採用案内,ownDomain,high,200,allowed,新卒採用 | 採用案内 | 株式会社ディジテック,true,4,0,false,false,,,1,,false,2026-10-05T12:45:10.388Z
4290001019783,芙蓉開発株式会社,40:福岡県,12人,10-29人,主要都市圏,10-29人 / 主要都市圏,1,https://www.fuyo-group.com/,,unavailable,TypeError:UNABLE_TO_VERIFY_LEAF_SIGNATURE,,,,,,,,,,,0,0,,false,,,0,,false,
4290001023455,株式会社Ｆｕｓｉｃ,40:福岡県,146人,100-299人,主要都市圏,100-299人 / 主要都市圏,1,https://fusic.co.jp/,200,allowed,,https://fusic.co.jp/recruit,https://fusic.co.jp/recruit,homepageAnchor,RECRUIT 採用サイト,ownDomain,low,200,allowed,株式会社Fusic（フュージック）｜ リクルートサイト,false,2,0,false,false,,,0,,false,2026-10-05T12:45:04.612Z
4290001023926,ＴＩＳ西日本株式会社,40:福岡県,206人,100-299人,主要都市圏,100-299人 / 主要都市圏,1,https://www.tis-w.co.jp/,200,allowed,,http://tis-w.co.jp/recruit,http://tis-w.co.jp/recruit/,homepageAnchor,採用情報,ownDomain,high,200,allowed,TOP - TIS西日本採用サイト,true,2,0,false,false,,,1,,false,2026-10-05T12:45:15.295Z
4290001024783,ＮＥＸＴシステムズ株式会社,40:福岡県,4人,1-4人,主要都市圏,1-4人 / 主要都市圏,1,http://www.next-jp.net/,200,allowed,,https://www.next-jp.net/recruit/,https://www.next-jp.net/recruit/,homepageAnchor,採用情報,ownDomain,high,200,allowed,採用情報 - NEXTシステムズ,true,1,0,false,false,,,0,,false,2026-10-05T12:45:12.463Z
4290001025055,株式会社イー・フォレスト,40:福岡県,4人,1-4人,主要都市圏,1-4人 / 主要都市圏,1,https://www.e-forest.co.jp/,200,allowed,,,,,,,,,,,,0,0,,false,,,0,,false,
4290001046209,株式会社アプリップリ,40:福岡県,15人,10-29人,主要都市圏,10-29人 / 主要都市圏,1,https://applippli.co.jp,200,allowed,,https://myanmar.applippli.co.jp/,https://myanmar.applippli.co.jp/,homepageAnchor,アプリップリミャンマー採用サイト,ownDomain,high,200,allowed,applippli Myanmar Recruitment | Cloud migration of business software and application development,true,3,0,false,false,,,0,,false,2026-10-05T12:45:08.632Z
4290001057420,株式会社アドコムソフト,40:福岡県,28人,10-29人,主要都市圏,10-29人 / 主要都市圏,1,https://adcomsoft.jp,200,allowed,,https://adcomsoft.jp/recruiting/,https://adcomsoft.jp/recruiting/,homepageAnchor,採用情報,ownDomain,high,200,allowed,株式会社アドコムソフト &raquo; 採用情報,true,4,0,false,false,,,0,,false,2026-10-05T12:45:12.011Z
4290001068707,株式会社ウェブサポート,40:福岡県,21人,10-29人,主要都市圏,10-29人 / 主要都市圏,1,http://websupport.co.jp/,200,allowed,,https://www.green-japan.com/company/5893,,homepageLinkToJobPlatform,転職・求人サイト GREEN,jobPlatform,low,,,,,1,3,,false,,,0,,false,
4290001074952,株式会社シーエイティ,40:福岡県,4人,1-4人,主要都市圏,1-4人 / 主要都市圏,1,https://cat-jpn.com/,200,allowed,,,,,,,,,,,,0,3,,false,,,0,,false,
4290801001998,株式会社ナダスワークス,40:福岡県,23人,10-29人,主要都市圏,10-29人 / 主要都市圏,1,https://www.nadusworks.jp/,200,unavailable,,https://recruit.nadusworks.jp/,https://recruit.nadusworks.jp/,homepageAnchor,RECRUIT,ownDomain,high,200,allowed,株式会社ナダスワークス 採用サイト,true,1,0,false,false,,,0,,false,2026-10-05T12:45:12.081Z
4290801006246,九州システムコンサルティング株式会社,40:福岡県,19人,10-29人,主要都市圏,10-29人 / 主要都市圏,1,http://www.k-s-c.co.jp/,200,unavailable,,https://k-s-c.co.jp/recruit,https://k-s-c.co.jp/recruit,homepageAnchor,採用情報,ownDomain,high,200,allowed,採用情報 | 【KSC】九州システムコンサルティング株式会社,true,3,0,false,false,,,0,,false,2026-10-05T12:45:24.254Z
4290801028835,株式会社八州設計,40:福岡県,7人,5-9人,主要都市圏,5-9人 / 主要都市圏,1,https://yashima-d.com,200,allowed,,https://yashima-d.com/%e6%8e%a1%e7%94%a8%e6%83%85%e5%a0%b1/,https://yashima-d.com/%e6%8e%a1%e7%94%a8%e6%83%85%e5%a0%b1/,homepageAnchor,採用情報,ownDomain,high,200,allowed,採用情報 - 株式会社 八州設計,true,1,0,false,false,,,0,,false,2026-10-05T12:45:14.495Z
4300001010781,株式会社スチームシップ,41:佐賀県,230人,100-299人,その他,100-299人 / その他,1,https://steamship.co.jp/,200,allowed,,https://steamship.co.jp/recruit/,https://steamship.co.jp/recruit/,homepageAnchor,RECRUIT,ownDomain,high,200,allowed,RECRUIT | 株式会社スチームシップ（Steamship）,true,1,0,false,false,,,0,,false,2026-10-05T12:45:15.702Z
4320001000673,株式会社オーイーシー,44:大分県,503人,300-999人,その他,300-999人 / その他,1,http://www.oec.co.jp/,200,allowed,,https://recruit.oec.co.jp/,https://recruit.oec.co.jp/,homepageAnchor,新卒採用,ownDomain,high,200,allowed,新卒採用｜株式会社オーイーシー,true,2,0,false,false,,,0,,false,2026-10-05T12:45:21.536Z
4340001004664,株式会社ワンネット,46:鹿児島県,4人,1-4人,その他,1-4人 / その他,1,http://onenet.jp,200,unavailable,,,,,,,,,,,,0,0,,false,,,0,,false,
4340001006009,株式会社ＷＩＳＨシステムコンサルティング,46:鹿児島県,100人,100-299人,その他,100-299人 / その他,1,http://wish-sc.co.jp/,200,allowed,,https://wish-sc.co.jp/employee/,https://wish-sc.co.jp/employee/,homepageAnchor,採用情報,ownDomain,high,200,allowed,WISHシステムコンサルティングで働きませんか？ | 株式会社WISHシステムコンサルティング,true,5,0,false,false,,,0,,false,2026-10-05T12:45:22.293Z
4340001007386,南九州ケーブルテレビネット株式会社,46:鹿児島県,38人,30-99人,その他,30-99人 / その他,1,https://www.mct.jp/actionplan/,200,allowed,,,,,,,,,,,,0,2,,true,https://www.mct.jp/,200,0,,false,
4350001010612,センコービジネスサポート株式会社,45:宮崎県,424人,300-999人,その他,300-999人 / その他,1,http://www.sbs.senko.jp/,200,allowed,,https://www.sbs.senko.jp/recruit/,https://www.sbs.senko.jp/recruit/,homepageAnchor,採用情報,ownDomain,high,200,allowed,採用情報｜センコービジネスサポート株式会社,true,4,0,false,false,,,0,,false,2026-10-05T12:45:23.628Z
4360001000249,株式会社ゼンリンインターマップ,47:沖縄県,154人,100-299人,その他,100-299人 / その他,1,http://www.intermap.co.jp/,200,unavailable,body_read_failed:TypeError:HPE_INVALID_CHUNK_SIZE,,,,,,,,,,,0,0,,false,,,0,,false,
4360001005628,株式会社イー・コード,47:沖縄県,107人,100-299人,その他,100-299人 / その他,1,http://e-code.jp/,200,allowed,,https://e-code.jp/jobinfo/,https://e-code.jp/jobinfo/,homepageAnchor,採用情報 Recruit,ownDomain,high,200,allowed,採用情報 | e-code,true,1,0,false,false,,,0,,false,2026-10-05T12:45:27.503Z
4360001011881,株式会社プロペディア,13:東京都,1人,1-4人,東京,1-4人 / 東京,1,https://propedia.co.jp/,200,allowed,,https://propedia.co.jp/saiyoujyouhou/,https://propedia.co.jp/saiyoujyouhou/,homepageAnchor,Recruitment 採用情報,ownDomain,high,200,allowed,採用情報,true,1,0,false,false,,,0,,false,2026-10-05T12:45:23.715Z
4360001011989,株式会社ウィンリッヂ,13:東京都,18人,10-29人,東京,10-29人 / 東京,1,https://www.winridge.co.jp/,,unavailable,TypeError:ENOTFOUND,,,,,,,,,,,0,0,,false,,,0,,false,
4360001017474,株式会社オムニバスワンダーラボ,47:沖縄県,7人,5-9人,その他,5-9人 / その他,1,https://omwonlab.com/,200,allowed,,,,,,,,,,,,0,2,,false,,,0,,false,
4370001012061,株式会社ＡＳＡ,04:宮城県,70人,30-99人,その他,30-99人 / その他,1,https://www.asadigital.net/jp/,200,unavailable,,https://asadigital.co.jp/jp/works/035/,https://asadigital.co.jp/jp/works/035/,homepageAnchor,SMN 採用サイト,otherDomain,high,200,unavailable,SMN 採用サイト | WORKS | ASA DIGITAL / 株式会社ASA | 仙台 東京 L.A. Web制作・映像制作・QA,true,2,0,false,false,,,0,,false,2026-10-05T12:45:29.948Z
4370001016302,楽天ソシオビジネス株式会社,13:東京都,317人,300-999人,東京,300-999人 / 東京,1,https://corp.rakuten.co.jp/socio/,200,allowed,,https://corp.rakuten.co.jp/socio/recruit/,https://corp.rakuten.co.jp/socio/recruit/,homepageAnchor,採用情報,ownDomain,high,200,allowed,採用情報｜楽天ソシオビジネス株式会社,true,4,0,false,false,,,0,,false,2026-10-05T12:45:25.593Z
4370001053015,サイバーコム株式会社,04:宮城県,1305人,1000人以上,その他,1000人以上 / その他,1,https://www.cy-com.co.jp/,200,allowed,,https://www.cy-com.co.jp/employ/,https://www.cy-com.co.jp/employ/,homepageAnchor,採用情報,ownDomain,high,200,allowed,サイバーコム株式会社｜採用サイト（新卒・キャリア）,true,1,0,false,false,,,0,,false,2026-10-05T12:45:27.246Z
4380001013711,株式会社ＦＳＫ,07:福島県,148人,100-299人,その他,100-299人 / その他,1,https://www.fsk-brain.co.jp/,200,allowed,,https://www.fsk-brain.co.jp/recruit/,https://www.fsk-brain.co.jp/recruit/,homepageAnchor,採用情報,ownDomain,high,200,allowed,採用情報 | 株式会社FSK,true,6,0,false,false,,,0,,false,2026-10-05T12:45:27.137Z
4390001002688,株式会社サム・コミュニケーションズ,06:山形県,8人,5-9人,その他,5-9人 / その他,1,https://sam-com.co.jp/,200,allowed,,,,,,,,,,,,0,3,,false,,,0,,false,
4390001014543,株式会社エバーシード,01:北海道,4人,1-4人,主要都市圏,1-4人 / 主要都市圏,1,https://everceed-marketing.com/,200,allowed,,https://everceed-marketing.com/recruit/,https://everceed-marketing.com/recruit/,homepageAnchor,Recruit,ownDomain,high,200,allowed,Recruit | 株式会社エバーシード,true,1,0,false,false,,,0,,false,2026-10-05T12:45:27.649Z
4420001000102,株式会社エービッツ,02:青森県,88人,30-99人,その他,30-99人 / その他,1,https://www.a-bits.co.jp,200,allowed,,https://www.a-bits.co.jp/recruitment/,https://www.a-bits.co.jp/recruitment/,homepageAnchor,採用情報 Recruitment,ownDomain,high,200,allowed,株式会社エービッツ | 採用情報,true,9,0,false,false,,,0,https://job.mynavi.jp/27/pc/search/corp220683/outline.html,true,2026-10-05T12:45:30.553Z
4430001001859,株式会社ウイン・コンサル,01:北海道,102人,100-299人,主要都市圏,100-299人 / 主要都市圏,1,https://w3.winc.co.jp/,200,allowed,,https://w3.winc.co.jp/recruit/,https://w3.winc.co.jp/recruit/,homepageAnchor,採用情報,ownDomain,high,200,allowed,採用情報 » 株式会社ウイン・コンサル,true,1,0,false,false,,,0,,false,2026-10-05T12:45:30.407Z
4430001012996,株式会社ネイビーズ・クリエイション,01:北海道,11人,10-29人,主要都市圏,10-29人 / 主要都市圏,1,http://navys.co.jp/,200,unavailable,,https://www.navys.co.jp/recruitment,https://www.navys.co.jp/recruitment/,homepageAnchor,求人情報,ownDomain,high,200,allowed,NAVY'S CREATION 採用情報,true,1,0,false,false,,,1,,false,2026-10-05T12:45:41.381Z
4430001022681,北洋システム開発株式会社,01:北海道,87人,30-99人,主要都市圏,30-99人 / 主要都市圏,1,https://www.hsd-hh.co.jp/news/pdf/20260702094750.pdf,200,unavailable,non_html_content,https://www.hsd-hh.co.jp/recruit/index.html,https://www.hsd-hh.co.jp/recruit/index.html,homepageAnchor,採用情報,ownDomain,high,200,unavailable,採用サイト | 北洋システム開発株式会社,true,1,0,false,true,https://www.hsd-hh.co.jp/,200,0,,false,2026-10-05T12:45:31.879Z
4430001030783,株式会社メディアサイエンス,01:北海道,28人,10-29人,主要都市圏,10-29人 / 主要都市圏,1,https://media-sci.co.jp/,200,allowed,,https://media-sci.co.jp/recruit/,https://media-sci.co.jp/recruit/,homepageAnchor,採用情報,ownDomain,high,200,allowed,採用情報 – 株式会社メディアサイエンス,true,4,0,false,false,,,0,https://media-sci.co.jp/recruit/,true,2026-10-05T12:45:32.379Z
4430001059170,株式会社インプル,01:北海道,165人,100-299人,主要都市圏,100-299人 / 主要都市圏,1,https://www.impl.co.jp/,200,allowed,,http://recruit.impl.co.jp/,https://recruit.impl.co.jp/,homepageAnchor,Recruit,ownDomain,high,200,allowed,TOP – 採用サイト | 株式会社インプル,true,1,0,false,false,,,1,https://recruit.impl.co.jp/,true,2026-10-05T12:45:35.766Z
4430001063585,株式会社シーエスアイ,01:北海道,207人,100-299人,主要都市圏,100-299人 / 主要都市圏,1,https://www.csiinc.co.jp/,200,allowed,,https://www.csiinc.co.jp/recruit/,https://www.csiinc.co.jp/recruit/,homepageAnchor,採用情報,ownDomain,high,200,allowed,新卒採用情報 | 株式会社シーエスアイ採用サイト2026,true,1,0,false,false,,,0,,false,2026-10-05T12:45:33.554Z
4430001075259,株式会社イレブンソフト,01:北海道,19人,10-29人,主要都市圏,10-29人 / 主要都市圏,1,http://11-soft.com,200,allowed,,https://11-soft.com/recruit/,https://11-soft.com/recruit/,homepageAnchor,採用情報,ownDomain,high,200,allowed,採用情報 | 株式会社イレブンソフト,true,2,0,false,false,,,0,,false,2026-10-05T12:45:39.095Z
4440001004547,株式会社ミュートネット,01:北海道,9人,5-9人,主要都市圏,5-9人 / 主要都市圏,1,https://www.mutenet.co.jp/,200,allowed,,https://www.mutenet.co.jp/recruit/,https://www.mutenet.co.jp/recruit/,homepageAnchor,採用情報,ownDomain,high,200,allowed,RECRUIT INFORMATION 採用情報 – ミュートネット（函館・七飯）,true,2,0,false,false,,,0,https://www.mutenet.co.jp/recruit/,true,2026-10-05T12:45:36.709Z
4450001002913,株式会社北海道録画センター,01:北海道,11人,10-29人,主要都市圏,10-29人 / 主要都市圏,1,http://www.eolas.co.jp/rokuga,200,allowed,,https://www.eolas.co.jp/rokuga/about-us/careers/,https://www.eolas.co.jp/rokuga/about-us/careers/,homepageAnchor,採用情報,ownDomain,high,200,allowed,採用情報 – 株式会社北海道録画センター,true,1,0,false,false,,,0,,false,2026-10-05T12:45:41.281Z
4460101006607,株式会社Ｆａｎｔ,01:北海道,1人,1-4人,主要都市圏,1-4人 / 主要都市圏,1,https://fant.jp/,200,allowed,,,,,,,,,,,,0,0,,false,,,0,,false,
4470001000428,株式会社穴吹カレッジサービス,37:香川県,179人,100-299人,その他,100-299人 / その他,1,http://www.anabuki.gr.jp/,200,unavailable,,,,,,,,,,,,0,0,,false,,,0,,false,
4490001001003,株式会社高知システムズ,39:高知県,91人,30-99人,その他,30-99人 / その他,1,http://www.ksco.co.jp/,200,allowed,,https://www.ksco.co.jp/recruit/,https://www.ksco.co.jp/recruit/,homepageAnchor,採用情報,ownDomain,high,200,allowed,採用情報 ｜ 高知システムズ｜システム開発・ネットワーク・情報セキュリティ,true,10,0,false,false,,,0,,false,2026-10-05T12:45:42.665Z
4500001000481,株式会社あいテレビ,38:愛媛県,87人,30-99人,その他,30-99人 / その他,1,https://www.itv6.jp/,200,allowed,,https://www.itv6.jp/recruit/,https://www.itv6.jp/recruit/,homepageAnchor,採用情報,ownDomain,high,200,allowed,採用情報 | あいテレビは6チャンネル,true,6,0,false,false,,,0,,false,2026-10-05T12:45:38.824Z
4500001000671,株式会社愛媛朝日テレビ,38:愛媛県,95人,30-99人,その他,30-99人 / その他,1,https://eat.jp/,200,allowed,,https://eat.jp/sponsor/,https://eat.jp/sponsor/,homepageAnchor,文字広告募集のお知らせ,ownDomain,high,200,allowed,愛媛朝日テレビへの広告掲載のご案内 | eat愛媛朝日テレビ,true,2,0,false,false,,,0,,false,2026-10-05T12:45:37.437Z
4500001004870,株式会社コモテック,38:愛媛県,11人,10-29人,その他,10-29人 / その他,1,https://www.comotec.ne.jp/index.shtml,200,allowed,,https://www.comotec.ne.jp/recruit/,https://www.comotec.ne.jp/recruit/,homepageAnchor,採用情報,ownDomain,high,200,allowed,採用情報｜愛媛 松山 ホームページ制作｜株式会社コモテック,true,1,0,false,true,https://www.comotec.ne.jp/,200,0,,false,2026-10-05T12:45:41.759Z
4500001005472,株式会社ベルソ,38:愛媛県,40人,30-99人,その他,30-99人 / その他,1,http://www.verso.jp/,200,allowed,,https://www.verso.jp/recruit,https://www.verso.jp/recruit/,homepageAnchor,採用情報,ownDomain,high,200,allowed,採用情報 &laquo; 株式会社ベルソ,true,5,0,false,false,,,1,,false,2026-10-05T12:45:46.415Z
4500001005605,セーバー株式会社,38:愛媛県,24人,10-29人,その他,10-29人 / その他,1,https://www.saver.jp/,200,unavailable,,https://saver-recruit.com/index.html,,homepageLinkOffDomain,採用情報,otherDomain,low,,,,,1,0,,false,,,0,,false,
5010001005331,株式会社東邦システムサイエンス,13:東京都,676人,300-999人,東京,300-999人 / 東京,1,http://www.tss.co.jp,200,allowed,,https://www.tss.co.jp/portals/0/recruit/,https://www.tss.co.jp/portals/0/recruit/,homepageAnchor,採用情報 | （株）東邦システムサイエンス,ownDomain,high,200,allowed,東邦システムサイエンス｜採用情報,true,2,0,false,false,,,0,,false,2026-10-05T12:45:46.817Z
5010001006767,富士通Ｊａｐａｎ株式会社,14:神奈川県,6700人,1000人以上,主要都市圏,1000人以上 / 主要都市圏,1,https://global.fujitsu/ja-JP/subsidiaries/fjj,,,host_stopped_after_429,,,,,,,,,,,0,0,,true,https://global.fujitsu/,,0,,false,
5010001008615,株式会社日新コンピュータシステム,13:東京都,125人,100-299人,東京,100-299人 / 東京,1,https://www.nisin.co.jp/,200,unavailable,,https://www.nisin.co.jp/recruit/recruit.html,https://www.nisin.co.jp/recruit/recruit.html,homepageAnchor,採用情報,ownDomain,high,200,unavailable,日新コンピュータシステム 採用情報,true,8,0,false,false,,,0,,false,2026-10-05T12:45:42.266Z
5010001009662,株式会社ＡＣＣＥＳＳ,13:東京都,331人,300-999人,東京,300-999人 / 東京,1,https://www.access-company.com/esg/social/,200,allowed,,https://www.access-company.com/recruit/,https://www.access-company.com/recruit/,homepageAnchor,採用,ownDomain,high,200,allowed,採用 | 株式会社ACCESS,true,1,0,false,false,,,0,,false,2026-10-05T12:45:42.884Z
5010001022070,株式会社宝島社,13:東京都,295人,100-299人,東京,100-299人 / 東京,1,http://tkj.jp/,200,allowed,,https://tkj.jp/company/recruit/,https://tkj.jp/company/recruit/,homepageAnchor,採用情報,ownDomain,high,200,allowed,宝島社 採用情報,true,1,0,false,false,,,0,,false,2026-10-05T12:45:49.116Z
5010001030775,株式会社メディアクリエイト,13:東京都,12人,10-29人,東京,10-29人 / 東京,1,http://www.m-create.com/,200,unavailable,,https://www.m-create.com/recruit.html,https://www.m-create.com/recruit.html,homepageAnchor,採用情報,ownDomain,high,200,unavailable,株式会社メディアクリエイト,true,1,0,false,false,,,0,,false,2026-10-05T12:45:49.198Z
5010001034090,株式会社東京技術計算コンサルタント,13:東京都,87人,30-99人,東京,30-99人 / 東京,1,https://www.ttc-net.co.jp/%e4%bc%9a%e7%a4%be%e7%94%9f%e6%b4%bb,200,allowed,,https://www.ttc-net.co.jp/recruit-1,https://www.ttc-net.co.jp/recruit-1,homepageAnchor,新卒採用,ownDomain,high,200,allowed,新卒採用 | 株式会社東京技術計算コンサルタント,true,2,0,false,false,,,0,,false,2026-10-05T12:45:48.767Z
5010001034537,Ｃ‐ＨＲＣ株式会社,13:東京都,69人,30-99人,東京,30-99人 / 東京,1,https://c-hrc.jp/,200,allowed,,https://c-hrc.jp/careers-information/,https://c-hrc.jp/careers-information/,homepageAnchor,採用情報,ownDomain,high,200,allowed,採用情報 – Ｃ－ＨＲＣ株式会社,true,1,0,false,false,,,0,,false,2026-10-05T12:45:46.069Z
5010001035015,株式会社朝日学生新聞社,13:東京都,93人,30-99人,東京,30-99人 / 東京,1,http://asagaku.com/,200,unavailable,,,,,,,,,,,,0,0,,false,,,0,,false,
5010001043934,恒和情報技研株式会社,13:東京都,112人,100-299人,東京,100-299人 / 東京,1,http://www.kjg.co.jp,200,allowed,,https://www.kjg.co.jp/recruitinfo/,https://www.kjg.co.jp/recruitinfo/,homepageAnchor,採用情報,ownDomain,high,200,allowed,採用情報| 恒和情報技研株式会社,true,5,0,false,false,,,0,,false,2026-10-05T12:45:57.720Z
5010001061804,日本インフォメーション株式会社,13:東京都,115人,100-299人,東京,100-299人 / 東京,1,https://www.n-info.co.jp/,200,allowed,,https://www.n-info.co.jp/recruit/,https://www.n-info.co.jp/recruit/,homepageAnchor,採用情報,ownDomain,high,200,allowed,アンケート調査・マーケティングリサーチなら日本インフォメーション,true,5,0,false,false,,,0,,false,2026-10-05T12:45:51.769Z
5010001062182,ジェイエスフィット株式会社,13:東京都,328人,300-999人,東京,300-999人 / 東京,1,https://www.jsfit.co.jp/,200,allowed,,https://www.jsfit.co.jp/recruit/,https://www.jsfit.co.jp/recruit/,homepageAnchor,採用情報,ownDomain,high,200,allowed,ジェイエスフィット株式会社 採用サイト,true,3,0,false,false,,,0,,false,2026-10-05T12:45:49.669Z
5010001062587,株式会社日本リサーチセンター,13:東京都,120人,100-299人,東京,100-299人 / 東京,1,https://www.nrc.co.jp/,200,allowed,,https://www.nrc.co.jp/recruit/,https://www.nrc.co.jp/recruit/index.html,homepageAnchor,採用情報,ownDomain,high,200,allowed,採用情報 | 市場調査・日本リサーチセンター(NRC),true,13,0,false,false,,,1,,false,2026-10-05T12:45:53.097Z
5010001063230,株式会社ビルドシステム,09:栃木県,3人,1-4人,その他,1-4人 / その他,1,http://www.buildsystems.jp,200,unavailable,,http://www.buildsystems.jp/Recruit.html,http://www.buildsystems.jp/Recruit.html,homepageAnchor,RECRUIT,ownDomain,high,200,unavailable,株式会社ビルドシステム Recruit,true,1,0,false,false,,,0,,false,2026-10-05T12:45:51.894Z
5010001064682,株式会社ワンゴジュウゴ,13:東京都,197人,100-299人,東京,100-299人 / 東京,1,https://www.wan55.co.jp/,200,allowed,,https://www.wan55.co.jp/recruit/index.html,https://www.wan55.co.jp/recruit/,homepageAnchor,RECRUIT,ownDomain,high,200,allowed,採用情報 | Web制作開発・ホームページWeb制作開発会社 ワンゴジュウゴ（東京・千代田区）,true,8,0,false,false,,,1,,false,2026-10-05T12:45:57.354Z
5010001070136,フューチャー・エクシィード株式会社,13:東京都,45人,30-99人,東京,30-99人 / 東京,1,https://www.fexd.co.jp/,,unavailable,TypeError:ENOTFOUND,,,,,,,,,,,0,0,,false,,,0,,false,
5010001072207,サイボウズ株式会社,13:東京都,1096人,1000人以上,東京,1000人以上 / 東京,1,https://cybozu.co.jp/company/work-style/,200,unavailable,,https://cybozu.co.jp/recruit/workplace/,https://cybozu.co.jp/recruit/workplace/,homepageAnchor,採用サイト,ownDomain,high,200,unavailable,職場を知る | 採用情報 | サイボウズ株式会社,true,2,0,false,false,,,0,,false,2026-10-05T12:45:53.949Z
5010001075531,リスクモンスター株式会社,13:東京都,105人,100-299人,東京,100-299人 / 東京,1,https://www.riskmonster.co.jp/,200,allowed,,https://riskmonster-recruit.com/,,homepageLinkOffDomain,採用情報,otherDomain,low,,,,,1,3,,false,,,0,,false,
5010001078022,フコク情報システム株式会社,13:東京都,360人,300-999人,東京,300-999人 / 東京,1,https://www.fukoku-is.co.jp/,200,unavailable,,https://www.fukoku-is.co.jp/rec/career/,https://www.fukoku-is.co.jp/rec/career/,homepageAnchor,キャリア採用,ownDomain,high,200,unavailable,キャリア採用情報｜採用情報｜フコク情報システム株式会社,true,3,0,false,false,,,0,,false,2026-10-05T12:45:54.904Z
5010001081067,株式会社アークシステム,13:東京都,209人,100-299人,東京,100-299人 / 東京,1,https://www.arksystems.co.jp/,200,allowed,,https://www.arksystems.co.jp/recruit/,https://www.arksystems.co.jp/recruit/,homepageAnchor,採用情報,ownDomain,high,200,allowed,採用情報 – 株式会社アークシステム,true,8,0,false,false,,,0,,false,2026-10-05T12:45:55.081Z
5010001081125,株式会社ゾネシステムズ,13:東京都,250人,100-299人,東京,100-299人 / 東京,1,http://www.zonesystems.co.jp/,200,allowed,,,,,,,,,,,,0,2,,false,,,0,,false,
5010001083476,株式会社ビッグバン,13:東京都,30人,30-99人,東京,30-99人 / 東京,1,http://www.bigvan.co.jp/,200,allowed,,https://www.bigvan.co.jp/recruit/index.html,https://www.bigvan.co.jp/recruit/index.html,homepageAnchor,採用情報,ownDomain,high,200,allowed,採用情報 | 株式会社ビッグバン,true,1,0,false,false,,,0,,false,2026-10-05T12:46:00.806Z
5010001087865,ＮＴＴインテグレーション株式会社,13:東京都,1027人,1000人以上,東京,1000人以上 / 東京,1,https://www.niandc.co.jp/,200,unavailable,,https://www.niandc.co.jp/recruitment/,https://www.niandc.co.jp/recruitment/,homepageAnchor,採用情報,ownDomain,high,200,unavailable,採用情報｜NTTインテグレーション株式会社,true,13,0,false,false,,,0,,false,2026-10-05T12:45:57.117Z
5010001089192,株式会社サイビーンズ,13:東京都,75人,30-99人,東京,30-99人 / 東京,1,http://www.cybeans.co.jp/,200,allowed,,,,,,,,,,,,0,1,,false,,,0,,false,
5010001089614,Ｑｕｅｓｔ－Ｃｏｍ株式会社,13:東京都,60人,30-99人,東京,30-99人 / 東京,1,https://www.quest-com.co.jp,200,unavailable,,https://www.quest-com.co.jp/recruit,https://www.quest-com.co.jp/recruit/,homepageAnchor,採用情報,ownDomain,high,200,unavailable,採用情報 | Quest-Com,true,1,0,false,false,,,1,,false,2026-10-05T12:45:59.780Z
5010001090118,株式会社モルフォ,13:東京都,102人,100-299人,東京,100-299人 / 東京,1,https://www.morphoinc.com/,200,allowed,,https://www.morphoinc.com/careers/,https://www.morphoinc.com/careers,homepageAnchor,Careers,ownDomain,high,200,allowed,Careers | 株式会社モルフォ,true,5,0,false,false,,,1,,false,2026-10-05T12:46:03.852Z
5010001097063,株式会社ディ・エフ・エフ,13:東京都,16人,10-29人,東京,10-29人 / 東京,1,http://www.dffinc.jp/index.html,400,allowed,http_400,https://www.dffinc.jp/recruit,https://www.dffinc.jp/recruit,homepageAnchor,採用情報,ownDomain,high,200,allowed,採用情報 | 株式会社ディ・エフ・エフ | 企業のESGを革新する、ESG経営コンサルティング会社です。,true,1,0,false,true,https://www.dffinc.jp/,200,0,,false,2026-10-05T12:46:06.996Z
5010001100314,メディア株式会社,13:東京都,250人,100-299人,東京,100-299人 / 東京,1,https://saiyo.mediagroup.co.jp/benefits/,200,allowed,,https://saiyo.mediagroup.co.jp/,https://saiyo.mediagroup.co.jp/,homepageAnchor,RECRUITING,ownDomain,high,200,allowed,採用 | メディアグループホールディングス株式会社,true,19,0,false,false,,,0,,false,2026-10-05T12:46:01.558Z
5010001105833,株式会社クロスアクティブ,13:東京都,100人,100-299人,東京,100-299人 / 東京,1,https://www.xactive.co.jp/dpage/,200,allowed,,,,,,,,,,,,0,0,,true,https://www.xactive.co.jp/,200,0,,false,
5010001113943,株式会社ラックテクノロジーズ,13:東京都,270人,100-299人,東京,100-299人 / 東京,1,https://www.lac-technologies.co.jp/,200,allowed,,https://www.lac-technologies.co.jp/recruit/,https://www.lac-technologies.co.jp/recruit/,homepageAnchor,採用情報,ownDomain,high,200,allowed,採用情報｜株式会社ラックテクノロジーサービス,true,2,0,false,false,,,0,,false,2026-10-05T12:46:06.103Z
5010001114388,株式会社リオ,13:東京都,30人,30-99人,東京,30-99人 / 東京,1,https://riocompany.jp/,200,allowed,,https://riocompany.jp/recruit.html,https://riocompany.jp/recruit.html,homepageUrlPattern,VISION,ownDomain,medium,200,allowed,求人情報,true,1,0,false,false,,,0,,false,2026-10-05T12:46:04.456Z
5010001118554,ＣＴＣシステムマネジメント株式会社,13:東京都,2075人,1000人以上,東京,1000人以上 / 東京,1,http://www.ctcs.co.jp/,200,unavailable,,https://web-community.jp/ctcs_recruit/,,homepageLinkOffDomain,採用情報,otherDomain,low,,,,,1,0,,false,,,0,,false,
5010001121335,Ｓｏｌａ株式会社,13:東京都,207人,100-299人,東京,100-299人 / 東京,1,https://www.sola-air.com/,200,allowed,,https://recruit.sola-air.com/,https://recruit.sola-air.com/,homepageAnchor,採用情報,ownDomain,high,200,allowed,採用サイト トップページ,true,1,0,false,false,,,0,,false,2026-10-05T12:46:04.298Z
5010001125410,株式会社テラスカイ,13:東京都,685人,300-999人,東京,300-999人 / 東京,1,https://www.terrasky.co.jp/company/sustainability/,200,allowed,,https://www.terrasky.co.jp/recruit/,https://www.terrasky.co.jp/recruit/,homepageAnchor,採用情報,ownDomain,high,200,allowed,採用サイト | 株式会社テラスカイ,true,1,0,false,false,,,0,,false,2026-10-05T12:46:04.741Z
5010001130666,株式会社モノス,13:東京都,52人,30-99人,東京,30-99人 / 東京,1,http://www.kmonos-design.com/index.html,404,allowed,http_404,,,,,,,,,,,0,2,,true,http://kmonos-design.com/,200,0,,false,
5010001133116,インパクトＭ株式会社,13:東京都,12人,10-29人,東京,10-29人 / 東京,1,https://www.impactm.co.jp/,200,allowed,,https://www.impactm.co.jp/recruit,https://www.impactm.co.jp/recruit/,homepageAnchor,RECRUIT,ownDomain,high,200,allowed,RECRUIT – マーケティングのプロフェッショナル集団 – インパクトM,true,1,0,false,false,,,1,,false,2026-10-05T12:46:08.835Z
5010001134122,株式会社金融エンジニアリング・グループ,13:東京都,72人,30-99人,東京,30-99人 / 東京,1,https://www.feg.co.jp/,200,allowed,,https://www.feg.co.jp/recruit/,https://www.feg.co.jp/recruit/,homepageAnchor,採用情報トップ,ownDomain,high,200,allowed,採用情報トップ - 金融エンジニアリング・グループ,true,9,0,false,false,,,0,,false,2026-10-05T12:46:08.278Z
5010001134287,株式会社東京商工リサーチ,13:東京都,2067人,1000人以上,東京,1000人以上 / 東京,1,https://www.tsr-net.co.jp/,200,allowed,,https://www.tsr-net.co.jp/company/newrecruit/,https://www.tsr-net.co.jp/company/newrecruit/,homepageAnchor,採用情報,ownDomain,high,200,allowed,東京商工リサーチ 採用情報サイト,true,3,0,false,false,,,0,,false,2026-10-05T12:46:07.597Z
5010001136291,株式会社Ｎｅｔｙ,13:東京都,30人,30-99人,東京,30-99人 / 東京,1,http://nety-it.com/,200,allowed,,https://nety-it.com/recruit/,https://nety-it.com/recruit/,homepageAnchor,採用情報 Recruite,ownDomain,high,200,allowed,採用情報 | 株式会社Nety,true,4,0,false,false,,,0,,false,2026-10-05T12:46:14.421Z
5010001139138,アンテポスト株式会社,12:千葉県,60人,30-99人,主要都市圏,30-99人 / 主要都市圏,1,https://antepost.co.jp/,200,allowed,,https://antepost.co.jp/recruit/,https://antepost.co.jp/recruit/,homepageAnchor,採用情報,ownDomain,high,200,allowed,採用情報 - アンテポスト株式会社,true,3,0,false,false,,,0,,false,2026-10-05T12:46:12.423Z
5010001141218,株式会社ラディアント・ソリューションズ,13:東京都,77人,30-99人,東京,30-99人 / 東京,1,https://www.radiant-sol.co.jp/,200,allowed,,https://radiant-sol.co.jp/recruit/,https://radiant-sol.co.jp/recruit/,homepageAnchor,キャリア採用,ownDomain,high,200,allowed,キャリア採用 – 株式会社ラディアント・ソリューションズ,true,3,0,false,false,,,0,,false,2026-10-05T12:46:15.392Z
5010001142075,株式会社ジェニュインコーポレーション,13:東京都,9人,5-9人,東京,5-9人 / 東京,1,https://www.genuine-corporation.com/,200,unavailable,,https://www.genuine-corporation.com/recruit,https://www.genuine-corporation.com/recruit/,homepageAnchor,RECRUIT,ownDomain,high,200,unavailable,リクルート｜Genuine Corporation,true,2,0,false,false,,,1,,false,2026-10-05T12:46:12.317Z
5010001142546,株式会社ＡＳＳＥＴ　ＣＯＭＭＵＮＩＣＡＴＩＯＮＳ,13:東京都,27人,10-29人,東京,10-29人 / 東京,1,https://assetcom.jp/,200,allowed,,https://jobs.assetcom.jp/,https://jobs.assetcom.jp/,homepageAnchor,Careers,ownDomain,high,200,unavailable,採用サイト - Asset Communications,true,2,0,false,false,,,0,,false,2026-10-05T12:46:11.693Z
5010001148221,東京インタープレイ株式会社,13:東京都,8人,5-9人,東京,5-9人 / 東京,1,http://www.tokyo-ip.co.jp/,200,unavailable,,https://recruit.jobcan.jp/sidebooks/,https://recruit.jobcan.jp/sidebooks/,homepageLinkToOfficialAts,詳細はこちら,atsHosted,medium,200,allowed,採用情報 | 東京インタープレイ株式会社,true,3,0,false,false,,,0,,false,2026-10-05T12:46:17.054Z
5010001148403,株式会社アジアンリザレクション,13:東京都,102人,100-299人,東京,100-299人 / 東京,1,https://www.asianresurrection.co.jp/,,unavailable,TypeError:ENOTFOUND,,,,,,,,,,,0,0,,false,,,0,,false,
5010001150573,ＡｓｉａｎＳｔｒｅａｍ株式会社,13:東京都,69人,30-99人,東京,30-99人 / 東京,1,https://asianstream.co.jp/recruit/climate.html,200,allowed,,https://asianstream.co.jp/recruit_form/,https://asianstream.co.jp/recruit_form/,homepageAnchor,採用募集 Recruit,ownDomain,high,200,allowed,採用応募フォーム | AsianStream株式会社,true,5,0,false,false,,,0,,false,2026-10-05T12:46:17.871Z
5010001152157,ＪＩＣＯＯ株式会社,13:東京都,22人,10-29人,東京,10-29人 / 東京,1,http://jicoo.jp/,200,allowed,,https://jicoo.jp/careers,https://jicoo.jp/careers/,homepageAnchor,新卒採用,ownDomain,high,200,allowed,新卒採用 - jicoo株式会社,true,2,0,false,false,,,1,,false,2026-10-05T12:46:21.836Z
5010001154434,ヒューマンリレーションネクスト株式会社,13:東京都,132人,100-299人,東京,100-299人 / 東京,1,https://www.hr-next.co.jp/policy/wlb/,200,allowed,,https://recruit.hr-next.co.jp/,https://recruit.hr-next.co.jp/,homepageAnchor,採用情報,ownDomain,high,200,allowed,ヒューマンリレーションネクスト株式会社【採用サイト】,true,3,0,false,false,,,0,,false,2026-10-05T12:46:17.842Z
5010001155614,株式会社ヒュークラボ,13:東京都,14人,10-29人,東京,10-29人 / 東京,1,http://www.huclab.com/,200,allowed,,https://www.huclab.com/recruit2.html,https://www.huclab.com/recruit2.html,homepageAnchor,採用(経験者),ownDomain,high,200,allowed,採用情報｜ヒュークラボ,true,2,0,false,false,,,0,,false,2026-10-05T12:46:20.470Z
5010001166909,株式会社オプト,13:東京都,897人,300-999人,東京,300-999人 / 東京,1,https://www.opt.ne.jp/,200,allowed,,https://www.opt.ne.jp/recruit,https://www.opt.ne.jp/recruit,homepageAnchor,採用,ownDomain,high,200,allowed,採用 - 株式会社オプト,true,7,0,false,false,,,0,,false,2026-10-05T12:46:17.661Z
5010001174738,アルティマーク株式会社,13:東京都,30人,30-99人,東京,30-99人 / 東京,1,https://ultimark.co.jp/,200,unavailable,,,,,,,,,,,,0,0,,false,,,0,,false,
5010001212596,株式会社ｔｈｉｆｏｒｍ,13:東京都,1人,1-4人,東京,1-4人 / 東京,1,https://intern-lab.net/,,unavailable,TypeError:ENOTFOUND,,,,,,,,,,,0,0,,false,,,0,,false,
5010001232751,株式会社ＡＣＰ,13:東京都,3人,1-4人,東京,1-4人 / 東京,1,https://www.acpc.co.jp,200,allowed,,,,,,,,,,,,0,0,,false,,,0,,false,
5010001241629,ＢｌｅｎｄＡＩ株式会社,13:東京都,1人,1-4人,東京,1-4人 / 東京,1,https://blendai.jp/,200,unavailable,,https://blendai.jp/news/20240917,,homepageAnchorNegativePath,スポンサー募集のご案内,ownDomain,low,,,,,1,0,,false,,,0,,false,
5010001254639,株式会社ＰｒｉｍａｒｙＴｏｕｃｈ,13:東京都,1人,1-4人,東京,1-4人 / 東京,1,https://www.primarytouch.co.jp/,200,allowed,,https://www.primarytouch.co.jp/recruit,https://www.primarytouch.co.jp/recruit,homepageAnchor,RECRUIT,ownDomain,high,200,allowed,RECRUIT 採用情報 | 株式会社PrimaryTouch,true,1,0,false,false,,,0,,false,2026-10-05T12:46:23.420Z
5010001255612,株式会社コナミアーケードゲームス,13:東京都,520人,300-999人,東京,300-999人 / 東京,1,https://www.konami.com/arcadegames/corporate/ja/,200,allowed,,https://www.konami.com/jobs/ja/,https://www.konami.com/jobs/ja/,homepageAnchor,採用情報,ownDomain,high,200,allowed,コナミグループ採用情報 | コナミグループ株式会社,true,2,0,false,true,https://www.konami.com/,200,0,,false,2026-10-05T12:46:24.079Z
5010002045062,株式会社ＳＣＲＵＭ,13:東京都,26人,10-29人,東京,10-29人 / 東京,1,https://www.scrum-inc.net/,200,allowed,,https://www.scrum-inc.net/recruit/,https://www.scrum-inc.net/recruit/,homepageAnchor,採用情報,ownDomain,high,200,allowed,採用情報｜株式会社SCRUM｜東京都のシステム構築・監視・エンジニア派遣,true,1,0,false,false,,,0,https://www.scrum-inc.net/recruit/,true,2026-10-05T12:46:21.790Z
5010003028867,合同会社エリサ,13:東京都,1人,1-4人,東京,1-4人 / 東京,1,https://media.elisa.biz/300-2/,200,allowed,,,,,,,,,,,,0,3,,true,https://media.elisa.biz/,200,0,,false,
5010005016746,一般財団法人工業所有権電子情報化センター,13:東京都,109人,100-299人,東京,100-299人 / 東京,1,https://www.papc.or.jp/,200,allowed,,https://www.papc.or.jp/dataentry/,https://www.papc.or.jp/dataentry/,homepageAnchor,データエントリーをお考えの方へ,ownDomain,high,200,allowed,データエントリーをお考えの方へ | PAPC 一般財団法人 工業所有権電子情報化センター,true,5,0,false,false,,,0,,false,2026-10-05T12:46:24.307Z
5010101015528,株式会社クリックフォーユー,13:東京都,7人,5-9人,東京,5-9人 / 東京,1,https://www.click4u.jp/,200,allowed,,,,,,,,,,,,0,0,,false,,,0,,false,
5010401000691,株式会社アイテック,13:東京都,94人,30-99人,東京,30-99人 / 東京,1,https://itecgr-portal.sakura.ne.jp/forums/topic/%e4%b8%a1%e7%ab%8b%e6%94%af%e6%8f%b4%e3%83%91%e3%83%b3%e3%83%952025/,200,allowed,,,,,,,,,,,,0,0,,true,https://itecgr-portal.sakura.ne.jp/,200,0,,false,
5010401004908,株式会社エヌ・エス・ティー,13:東京都,134人,100-299人,東京,100-299人 / 東京,1,http://www.nst-tvpro.co.jp/,,unavailable,TypeError:ENOTFOUND,,,,,,,,,,,0,0,,false,,,0,,false,
5010401019385,東都システム開発株式会社,13:東京都,128人,100-299人,東京,100-299人 / 東京,1,http://www.tohtosystem.co.jp,200,unavailable,,https://www.tohtosystem.co.jp/newgraduates.html,https://www.tohtosystem.co.jp/newgraduates.html,homepageAnchor,新卒採用,ownDomain,high,200,unavailable,東都システム開発株式会社,true,2,0,false,false,,,0,,false,2026-10-05T12:46:29.705Z
5010401028741,三菱ＵＦＪトラストシステム株式会社,13:東京都,930人,300-999人,東京,300-999人 / 東京,1,https://www.musk.co.jp/recruit/culture/culture.html,200,unavailable,,https://www.musk.co.jp/career/index.html,https://www.musk.co.jp/career/index.html,homepageAnchor,キャリア採用,ownDomain,high,200,unavailable,キャリア採用 | 三菱ＵＦＪトラストシステム,true,14,0,false,false,,,0,,false,2026-10-05T12:46:25.213Z
5010401032495,株式会社オープンドア,13:東京都,195人,100-299人,東京,100-299人 / 東京,1,http://www.opendoor.co.jp/,200,unavailable,,https://www.opendoor.co.jp/recruit/index.html,https://www.opendoor.co.jp/recruit/index.html,homepageAnchor,採用情報,ownDomain,high,200,unavailable,採用情報｜株式会社オープンドア,true,5,0,false,false,,,0,,false,2026-10-05T12:46:32.745Z
5010401036125,株式会社デジタル・アンド・デザイン・ピクチャーズ,13:東京都,12人,10-29人,東京,10-29人 / 東京,1,https://www.d-dpictures.co.jp/,200,allowed,,,,,,,,,,,,0,1,,false,,,0,,false,
5010401038988,オリコン株式会社,13:東京都,30人,30-99人,東京,30-99人 / 東京,1,http://www.oricon.jp/,200,unavailable,,https://www.oricon.jp/recruitment/,https://www.oricon.jp/recruitment/,homepageAnchor,採用情報,ownDomain,high,200,unavailable,リクルート | オリコン株式会社,true,3,0,false,false,,,0,,false,2026-10-05T12:46:32.290Z
5010401046388,ユニバース情報システム株式会社,13:東京都,200人,100-299人,東京,100-299人 / 東京,1,https://uisnet.co.jp/,200,unavailable,,https://uisnet.co.jp/recruit,https://uisnet.co.jp/recruit/,homepageAnchor,採用情報,ownDomain,high,200,unavailable,採用情報｜ユニバース情報システム株式会社,true,9,0,false,false,,,1,https://job.rikunabi.com/2025/company/r236700004/,true,2026-10-05T12:46:29.865Z
5010401047403,アイエックス・ナレッジ株式会社,13:東京都,1428人,1000人以上,東京,1000人以上 / 東京,1,http://www.ikic.co.jp/,200,allowed,,https://www.ikic.co.jp/recruit.html,https://www.ikic.co.jp/recruit.html,homepageAnchor,採用情報,ownDomain,high,200,allowed,採用情報 | アイエックス・ナレッジ株式会社(IKI),true,2,0,false,false,,,0,,false,2026-10-05T12:46:36.133Z
5010401056882,ＮＴＴテクノクロス株式会社,13:東京都,2101人,1000人以上,東京,1000人以上 / 東京,1,https://www.ntt-tx.co.jp/corporate/diversity/,200,allowed,,https://www.ntt-tx.co.jp/ri/recruit/,https://www.ntt-tx.co.jp/ri/recruit/,homepageAnchor,新卒採用,ownDomain,high,200,allowed,新卒採用情報 | NTTテクノクロス,true,2,0,false,false,,,0,,false,2026-10-05T12:46:31.089Z
5010401059670,ａ２ｎｅｔｗｏｒｋ株式会社,13:東京都,15人,10-29人,東京,10-29人 / 東京,1,http://www.a2network.jp/,200,unavailable,,https://www.a2network.jp/recruit/,https://www.a2network.jp/recruit/,homepageAnchor,採用情報,ownDomain,high,200,unavailable,採用情報｜a2network株式会社,true,1,0,false,false,,,0,,false,2026-10-05T12:46:37.704Z
5010401061949,株式会社ブルーネットジャパン,13:東京都,20人,10-29人,東京,10-29人 / 東京,1,https://bluenet-jpn.com/,200,unavailable,,,,,,,,,,,,0,0,,false,,,0,,false,
5010401067707,株式会社システム・コンサルタンツ,13:東京都,34人,30-99人,東京,30-99人 / 東京,1,http://www.syscon.co.jp/,200,unavailable,,https://www.syscon.co.jp/recruit/,https://www.syscon.co.jp/recruit/,homepageAnchor,採用情報,ownDomain,high,200,unavailable,新卒採用､中途採用､アプリケーション開発､株式会社システム・コンサルタンツ､採用情報サイト,true,3,0,false,false,,,0,,false,2026-10-05T12:46:38.683Z
5010401068234,株式会社カザン,13:東京都,40人,30-99人,東京,30-99人 / 東京,1,http://kazan.co.jp,200,allowed,,https://kazan.co.jp/recruit2/,https://kazan.co.jp/recruit2/,homepageAnchor,採用情報,ownDomain,high,200,allowed,採用情報 | 株式会社カザン,true,1,0,false,false,,,0,,false,2026-10-05T12:46:40.072Z
5010401074819,株式会社泉放送制作,13:東京都,112人,100-299人,東京,100-299人 / 東京,1,http://www.izumitvp.co.jp/,200,allowed,,,,,,,,,,,,0,0,,false,,,0,,false,
5010401081220,株式会社エキサイター,13:東京都,17人,10-29人,東京,10-29人 / 東京,1,https://exciter.jp/,200,allowed,,https://clients.itszai.jp/4d5467334d7a673d/job/23525,,homepageLinkOffDomain,RECRUIT,otherDomain,low,,,,,1,1,,false,,,0,,false,
5010401081856,エンパワーヘルスケア株式会社,13:東京都,115人,100-299人,東京,100-299人 / 東京,1,https://www.empower-hc.com/,200,allowed,,https://www.empower-hc.com/recruit/,https://www.empower-hc.com/recruit/,homepageAnchor,採用情報,ownDomain,high,200,allowed,エンパワーヘルスケア 採用サイト｜ITで医療を進化させる仲間を募集,true,3,0,false,false,,,0,,false,2026-10-05T12:46:37.113Z
5010401087234,株式会社アムス,13:東京都,64人,30-99人,東京,30-99人 / 東京,1,https://ams-j.co.jp/company/,200,allowed,,https://www.ams-j.co.jp/recruit/,https://www.ams-j.co.jp/recruit/,homepageAnchor,採用情報,ownDomain,high,200,allowed,採用情報 | 株式会社アムス,true,2,0,false,false,,,0,,false,2026-10-05T12:46:41.812Z
5010401089800,株式会社フレイムハーツ,13:東京都,126人,100-299人,東京,100-299人 / 東京,1,https://www.flamehearts.co.jp/,200,allowed,,https://www.flamehearts.co.jp/recruit/,https://www.flamehearts.co.jp/recruit/,homepageAnchor,採用情報,ownDomain,high,200,allowed,株式会社フレイムハーツ 採用サイト｜株式会社フレイムハーツ 採用サイト,true,1,0,false,false,,,0,,false,2026-10-05T12:46:36.575Z
5010401093810,株式会社アクシス,13:東京都,26人,10-29人,東京,10-29人 / 東京,1,https://axi.co.jp/,200,allowed,,https://axi.co.jp/r_careerpath.html,https://axi.co.jp/r_careerpath.html,homepageAnchor,CAREER PATH キャリアパス,ownDomain,high,200,allowed,AXIS - キャリアパス,true,4,0,false,false,,,0,,false,2026-10-05T12:46:38.818Z
5010401095633,株式会社コンテンツセブン,13:東京都,31人,30-99人,東京,30-99人 / 東京,1,http://www.contents7.co.jp/,200,allowed,,https://www.contents7.co.jp/recruit/culture/,https://www.contents7.co.jp/recruit/culture/,homepageUrlPattern,View more,ownDomain,medium,200,allowed,社風紹介_採用｜株式会社コンテンツセブン,true,1,0,false,false,,,0,,false,2026-10-05T12:46:42.621Z
5010401096937,ＳＥＮＳＹ株式会社,13:東京都,30人,30-99人,東京,30-99人 / 東京,1,https://www.sensy.ai/,,unavailable,TypeError:ERR_TLS_CERT_ALTNAME_INVALID,,,,,,,,,,,0,0,,false,,,0,,false,
5010401110458,株式会社ローカルワークス,13:東京都,10人,10-29人,東京,10-29人 / 東京,1,https://localworks.co.jp/,200,unavailable,,https://localworks.co.jp/recruit/index.html,https://localworks.co.jp/recruit/index.html,homepageAnchor,RECRUIT,ownDomain,high,200,unavailable,RECRUIT - 株式会社ローカルワークス,true,1,0,false,false,,,0,,false,2026-10-05T12:46:40.860Z
5010401114376,株式会社ｒｏｏｔ　ｉｐ,13:東京都,7人,5-9人,東京,5-9人 / 東京,1,https://rootip.co.jp/,200,allowed,,https://rootip.co.jp/recruit,https://rootip.co.jp/recruit,homepageAnchor,採用情報,ownDomain,high,200,allowed,採用情報｜日本の知財を支え、自分の未来も育てる | 知財管理システム root ip,true,4,0,false,false,,,0,,false,2026-10-05T12:46:41.071Z
5010401128558,シンプレクス・ホールディングス株式会社,13:東京都,300人,300-999人,東京,300-999人 / 東京,1,https://www.simplex.holdings/sustainability/,200,allowed,,https://recruit.simplex.holdings/,https://recruit.simplex.holdings/,homepageAnchor,採用情報,ownDomain,high,200,allowed,シンプレクスグループ採用情報,true,2,0,false,false,,,0,,false,2026-10-05T12:46:42.002Z
5010401143796,株式会社ａ　ｇｅｎｅｒａｌ　ｓｔｕｄｉｏ,13:東京都,16人,10-29人,東京,10-29人 / 東京,1,https://ageneralstudio.com/,200,allowed,,,,,,,,,,,,0,0,,false,,,0,,false,
5010401161492,アートネット株式会社,13:東京都,7人,5-9人,東京,5-9人 / 東京,1,https://www.art-net.co.jp/recruit/,200,allowed,,https://www.art-net.co.jp/recruit/,https://www.art-net.co.jp/recruit/,homepageAnchor,採用情報,ownDomain,high,200,allowed,採用情報 - アートネット｜AI・クラウド・オフショア開発のDXソリューション,true,1,0,false,false,,,0,,false,2026-10-05T12:46:44.529Z
5010401169081,株式会社ｆｅａｔ,13:東京都,196人,100-299人,東京,100-299人 / 東京,1,http://www.feat-inc.com/,200,allowed,,https://www.feat-inc.com/recruit/,https://www.feat-inc.com/recruit/,homepageAnchor,採用情報,ownDomain,high,200,allowed,株式会社feat採用｜エンジニアの幸せとキャリアを実現,true,1,0,false,false,,,0,,false,2026-10-05T12:46:47.263Z
5010403021777,エルビーシー合同会社,14:神奈川県,1人,1-4人,主要都市圏,1-4人 / 主要都市圏,1,https://lbcjapan.pro/,200,allowed,,,,,,,,,,,,0,3,,false,,,0,,false,
5010501022198,ジェネロ株式会社,13:東京都,9人,5-9人,東京,5-9人 / 東京,1,https://genero.jp,200,allowed,,,,,,,,,,,,0,1,,false,,,0,,false,
5010501026406,株式会社ツナググループ・テクノロジーズ,13:東京都,14人,10-29人,東京,10-29人 / 東京,1,https://www.geek.co.jp,,unavailable,TypeError:ERR_TLS_CERT_ALTNAME_INVALID,,,,,,,,,,,0,0,,false,,,0,,false,
5010501027544,株式会社ウィルド,13:東京都,10人,10-29人,東京,10-29人 / 東京,1,http://wyrd.co.jp/,200,allowed,,https://wyrd.co.jp/career,https://wyrd.co.jp/career,homepageAnchor,採用情報 Career,ownDomain,high,200,allowed,採用情報,true,1,0,false,false,,,0,,false,2026-10-05T12:46:49.468Z
5010501036512,Ｒｅｐｒｏ株式会社,13:東京都,148人,100-299人,東京,100-299人 / 東京,1,https://repro.io/,200,allowed,,,,,,,,,,,,0,0,,false,,,0,,false,
5010601030522,株式会社オートバックスデジタルイニシアチブ,13:東京都,129人,100-299人,東京,100-299人 / 東京,1,https://abdi.co.jp/,200,allowed,,https://abdi.co.jp/recruit,https://abdi.co.jp/recruit,robotsSitemap,,ownDomain,medium,200,allowed,株式会社オートバックスデジタルイニシアチブ-採用サイト,true,10,3,false,false,,,0,,false,2026-10-05T12:46:51.067Z
5010601032155,株式会社ライトストーン,13:東京都,21人,10-29人,東京,10-29人 / 東京,1,https://www.lightstone.co.jp/,200,allowed,,,,,,,,,,,,0,0,,false,,,0,,false,
5010601039365,明治安田システム・テクノロジー株式会社,13:東京都,1468人,1000人以上,東京,1000人以上 / 東京,1,https://www.i-note.jp/mytecno/newgrad/environment/wellbeing.html,200,unavailable,,https://www.i-note.jp/mytecno/newgrad/recruit/index.html,https://www.i-note.jp/mytecno/newgrad/recruit/index.html,homepageAnchor,採用情報はこちら,ownDomain,high,200,unavailable,求める人財像,true,2,0,false,false,,,0,,false,2026-10-05T12:46:48.488Z
5010601041718,株式会社プラネッタ,13:東京都,6人,5-9人,東京,5-9人 / 東京,1,http://pla-neta.co.jp/,200,allowed,,http://pla-neta.co.jp/recruit,http://pla-neta.co.jp/recruit/,homepageAnchor,RECRUIT,ownDomain,high,200,allowed,RECRUIT - PLANETA｜プラネッタ,true,1,0,false,false,,,1,,false,2026-10-05T12:46:50.733Z
5010601041825,株式会社リンクトブレイン,13:東京都,130人,100-299人,東京,100-299人 / 東京,1,https://linkedbrain.jp/,200,allowed,,https://linkedbrain.jp/recruit/,https://linkedbrain.jp/recruit/,homepageAnchor,採用情報,ownDomain,high,200,allowed,採用 ゲーム開発・運営、ゲーム業界専門人材エージェント,true,9,0,false,false,,,0,,false,2026-10-05T12:46:50.057Z
5010601049348,株式会社モアネクスト,13:東京都,9人,5-9人,東京,5-9人 / 東京,1,http://www.morenext.co.jp,403,unavailable,http_403,,,,,,,,,,,0,0,,false,,,0,,false,
5010601049827,デザミス株式会社,13:東京都,66人,30-99人,東京,30-99人 / 東京,1,https://www.desamis.co.jp/,200,allowed,,https://www.desamis.co.jp/recruit,https://www.desamis.co.jp/recruit,robotsSitemap,,ownDomain,medium,200,allowed,採用情報 | デザミス株式会社,true,4,3,false,false,,,0,,false,2026-10-05T12:46:55.477Z
5010601058019,ＢＩＰＲＯＧＹ株式会社,13:東京都,4359人,1000人以上,東京,1000人以上 / 東京,1,https://biprogy.disclosure.site/ja/themes/107,200,allowed,,https://www.biprogy.com/recruit,,homepageLinkOffDomain,採用情報トップ,otherDomain,low,,,,,4,0,,true,https://biprogy.disclosure.site/,200,0,,false,
5010601063365,株式会社コスモポリタン・クリエイティブ・ラボ,13:東京都,60人,30-99人,東京,30-99人 / 東京,1,https://www.cclab.co.jp/company,200,allowed,,https://www.cclab.co.jp/recruit,https://www.cclab.co.jp/recruit,homepageAnchor,RECRUIT,ownDomain,high,200,allowed,RECRUIT | CCLab,true,4,0,false,false,,,0,,false,2026-10-05T12:46:51.894Z
5010603007592,合同会社悟空国際商事,13:東京都,5人,5-9人,東京,5-9人 / 東京,1,http://www.0081.store/,200,unavailable,,,,,,,,,,,,0,0,,false,,,0,,false,
5010701001010,インフォテックス株式会社,13:東京都,150人,100-299人,東京,100-299人 / 東京,1,https://www.infotex.co.jp,200,allowed,,https://recruit.infotex.co.jp/,https://recruit.infotex.co.jp/,homepageAnchor,採用サイト,ownDomain,high,200,allowed,採用サイト | インフォテックス株式会社,true,1,0,false,false,,,0,,false,2026-10-05T12:46:53.659Z
5010701002818,株式会社クロスキャット,13:東京都,622人,300-999人,東京,300-999人 / 東京,1,http://www.xcat.co.jp/,200,allowed,,https://www.xcat.co.jp/ja/recruit.html,https://www.xcat.co.jp/ja/recruit.html,homepageUrlPattern,リクルート,ownDomain,low,200,allowed,リクルート | 株式会社クロスキャット,false,1,0,false,false,,,0,,false,2026-10-05T12:47:00.933Z
5010701003510,コムシステクノ株式会社,13:東京都,160人,100-299人,東京,100-299人 / 東京,1,https://www.comsystechno.co.jp/,,unavailable,TypeError:UNABLE_TO_VERIFY_LEAF_SIGNATURE,,,,,,,,,,,0,0,,false,,,0,,false,
5010701015555,アライドテレシス株式会社,13:東京都,891人,300-999人,東京,300-999人 / 東京,1,https://www.at-global.com/diversity/,200,allowed,,https://www.allied-telesis.co.jp/recruit/,,homepageLinkOffDomain,採用情報,otherDomain,low,,,,,1,0,,true,https://www.at-global.com/,200,0,,false,
5010701015761,株式会社ユキシステムデザイン,13:東京都,35人,30-99人,東京,30-99人 / 東京,1,http://www.ysd-yuki.com,200,unavailable,,https://www.ysd-yuki.com/recruit.html,https://www.ysd-yuki.com/recruit.html,homepageAnchor,採用情報,ownDomain,high,200,unavailable,採用情報｜株式会社ユキシステムデザイン,true,1,0,false,false,,,0,,false,2026-10-05T12:46:59.045Z
5010701020150,株式会社リンクアット・ジャパン,13:東京都,112人,100-299人,東京,100-299人 / 東京,1,https://www.la-j.com/,200,allowed,,https://recruit.la-j.com/,https://recruit.la-j.com/,homepageAnchor,RECRUIT 採用情報,ownDomain,high,200,allowed,LAJ RECRUIT SITE – リンクアット・ジャパンの採用サイトです。,true,1,0,false,false,,,0,,false,2026-10-05T12:46:56.528Z
5010701020217,ＪＰシステム開発株式会社,13:東京都,91人,30-99人,東京,30-99人 / 東京,1,https://www.jp-sd.jp/index.html,200,unavailable,,https://www.jp-sd.jp/recruit/recruit_works.html,https://www.jp-sd.jp/recruit/recruit_works.html,homepageAnchor,採用情報 RECRUIT,ownDomain,high,200,unavailable,新卒採用ページ｜ＪＰシステム開発株式会社,true,2,0,false,false,,,0,,false,2026-10-05T12:46:56.983Z
5010701024705,株式会社ゆめも,13:東京都,25人,10-29人,東京,10-29人 / 東京,1,http://www.yumemo.co.jp/,,unavailable,TypeError:ENOTFOUND,,,,,,,,,,,0,0,,false,,,0,,false,
5010701049289,株式会社ＴＯＫＹＯ　ＴＡＢＬＥ,13:東京都,1人,1-4人,東京,1-4人 / 東京,1,https://www.tokyotable.co.jp,200,unavailable,,https://www.tokyotable.co.jp/recruitment3,https://www.tokyotable.co.jp/recruitment3,homepageAnchor,2026.09.08 募集 月給制短時間パートタイムエンジニアの募集,ownDomain,high,200,unavailable,株式会社TOKYO TABLE - Recruitment3,true,3,0,false,false,,,0,,false,2026-10-05T12:46:58.483Z
5010802006412,有限会社三美商工,13:東京都,4人,1-4人,東京,1-4人 / 東京,1,https://morotdice.asia/company/,200,allowed,,,,,,,,,,,,0,4,,true,https://morotdice.asia/,200,0,,false,
5010901008937,日本アルゴリズム株式会社,13:東京都,195人,100-299人,東京,100-299人 / 東京,1,https://www.nalgo.co.jp/company/plan/,200,allowed,,https://www.nalgo.co.jp/recruit/,https://recruit.nalgo.co.jp/,homepageAnchor,採用情報,ownDomain,high,200,allowed,TOP - 日本アルゴリズム株式会社 採用サイト,true,1,0,false,false,,,1,http://recruit.nalgo.co.jp/,true,2026-10-05T12:47:01.755Z
5010901011882,ムトーアイテックス株式会社,13:東京都,223人,100-299人,東京,100-299人 / 東京,1,https://www.mutoh-itex.jp,200,unavailable,,https://www.mutoh-itex.jp/recruit/fresh/entry.html,https://www.mutoh-itex.jp/recruit/fresh/entry.html,homepageAnchor,採用情報,ownDomain,high,200,unavailable,新卒採用エントリー：新卒採用：ムトーアイテックス株式会社,true,8,0,false,false,,,0,,false,2026-10-05T12:47:01.263Z
5010901046846,株式会社Ａｌｔ,13:東京都,2人,1-4人,東京,1-4人 / 東京,1,https://alt-ow.com/,200,allowed,,,,,,,,,,,,0,2,,false,,,0,,false,
5011001003977,株式会社ＮＨＫグローバルメディアサービス,13:東京都,446人,300-999人,東京,300-999人 / 東京,1,https://www.nhk-g.co.jp/recruit/culture-wlb/,200,allowed,,https://www.nhk-g.co.jp/recruit/,https://www.nhk-g.co.jp/recruit/,homepageAnchor,採用情報,ownDomain,high,200,allowed,採用情報 | 株式会社NHKグローバルメディアサービス,true,6,0,false,false,,,0,,false,2026-10-05T12:47:02.758Z
5011001009099,株式会社サンシステム,13:東京都,33人,30-99人,東京,30-99人 / 東京,1,http://www.sunsystem.com/,200,unavailable,,https://www.sunsystem.com/?page_id=33,https://www.sunsystem.com/?page_id=33,homepageAnchor,採用,ownDomain,high,200,unavailable,採用 | サンシステム,true,1,0,false,false,,,0,,false,2026-10-05T12:47:07.964Z
5011001014966,株式会社デジタルガレージ,13:東京都,660人,300-999人,東京,300-999人 / 東京,1,http://www.garage.co.jp/ja/,200,allowed,,https://recruit.garage.co.jp/,https://recruit.garage.co.jp/,homepageAnchor,新卒 / キャリア採用 新卒 / キャリア採用,ownDomain,high,200,allowed,採用情報｜デジタルガレージ,true,2,0,false,false,,,0,,false,2026-10-05T12:47:08.737Z
5011001027927,株式会社国際協力データサービス,13:東京都,27人,10-29人,東京,10-29人 / 東京,1,https://www.icds.co.jp/,200,allowed,,https://www.icds.co.jp/recruit/index.html,https://www.icds.co.jp/recruit/index.html,homepageAnchor,採用情報,ownDomain,high,200,allowed,採用情報 | 国際協力データサービス,true,6,0,false,false,,,0,https://job.mynavi.jp/27/pc/search/corp276399/outline.html,true,2026-10-05T12:47:04.030Z
5011001031004,株式会社エス・エス・エス,13:東京都,27人,10-29人,東京,10-29人 / 東京,1,http://www.3si.co.jp/,,unavailable,TypeError:UND_ERR_CONNECT_TIMEOUT,,,,,,,,,,,0,0,,false,,,0,,false,
5011001033066,株式会社テイチクエンタテインメント,13:東京都,108人,100-299人,東京,100-299人 / 東京,1,http://www.teichiku.co.jp/,200,allowed,,https://www.teichiku.co.jp/recruit/freshers/2027/,https://www.teichiku.co.jp/recruit/freshers/2027/,homepageAnchor,2027年度新卒採用 / 応募締切：2026年5月31日（日）！,ownDomain,high,200,allowed,TEICHIKU ENTERTAINMENT（テイチクエンタテインメント）採用サイト,true,2,0,false,false,,,0,,false,2026-10-05T12:47:09.511Z
5011001036944,アクセラテクノロジ株式会社,13:東京都,24人,10-29人,東京,10-29人 / 東京,1,https://www.accelatech.com,200,allowed,,https://www.accelatech.com/recruit,https://www.accelatech.com/recruit,homepageAnchor,採用情報,ownDomain,high,200,allowed,採用情報 – アクセラテクノロジ株式会社,true,1,0,false,false,,,0,,false,2026-10-05T12:47:06.460Z
5011001042496,ＧＭＯペパボ株式会社,13:東京都,362人,300-999人,東京,300-999人 / 東京,1,https://pepabo.com/,200,unavailable,,https://recruit.pepabo.com/,https://recruit.pepabo.com/,homepageAnchor,採用情報,ownDomain,high,200,allowed,GMOペパボ株式会社 採用情報,true,1,0,false,false,,,0,,false,2026-10-05T12:47:06.206Z
5011001045012,株式会社クーシー,13:東京都,41人,30-99人,東京,30-99人 / 東京,1,https://coosy.co.jp/,200,allowed,,https://coosy.co.jp/recruit/,https://coosy.co.jp/recruit/,homepageAnchor,Recruit,ownDomain,high,200,allowed,クーシーの採用情報｜東京のWeb制作会社｜株式会社クーシー,true,17,0,false,false,,,0,https://coosy.co.jp/recruit/,true,2026-10-05T12:47:07.170Z
5011001047784,株式会社ネットサポート,13:東京都,227人,100-299人,東京,100-299人 / 東京,1,https://www.n-support.jp,200,allowed,,https://www.n-support.jp/recruit/,https://www.n-support.jp/recruit/,homepageAnchor,RECRUIT 採用情報,ownDomain,high,200,allowed,採用情報トップ｜ネットサポート,true,1,0,false,false,,,0,,false,2026-10-05T12:47:07.615Z
5011001049459,インフラジスティックス・ジャパン株式会社,13:東京都,15人,10-29人,東京,10-29人 / 東京,1,https://jp.infragistics.com/,200,allowed,,https://jp.infragistics.com/about-us/careers,https://jp.infragistics.com/about-us/careers,homepageAnchor,採用情報,ownDomain,high,200,allowed,採用情報｜インフラジスティックス・ジャパン株式会社,true,2,0,false,false,,,0,,false,2026-10-05T12:47:10.476Z
5011001056843,株式会社ビジネスアプリケーションシステムズ,13:東京都,10人,10-29人,東京,10-29人 / 東京,1,http://www.basystems.co.jp,200,unavailable,,http://www.basystems.co.jp/recruit.html,http://www.basystems.co.jp/recruit.html,homepageAnchor,採用情報,ownDomain,high,200,unavailable,株式会社ビジネスアプリケーションシステムズ ｜募集要項｜,true,1,0,false,false,,,0,,false,2026-10-05T12:47:09.917Z
5011001058146,株式会社スクウェア・エニックス,13:東京都,3247人,1000人以上,東京,1000人以上 / 東京,1,http://www.square-enix.com/jp/,200,unavailable,,https://www.jp.square-enix.com/recruit/,https://www.jp.square-enix.com/recruit/,homepageAnchor,採用情報,ownDomain,high,200,unavailable,SQUARE ENIX -RECRUITING-,true,1,0,false,false,,,0,,false,2026-10-05T12:47:21.138Z
5011001061661,株式会社ティーガイア,13:東京都,4609人,1000人以上,東京,1000人以上 / 東京,1,http://www.t-gaia.co.jp/,200,unavailable,,https://www.t-gaia.co.jp/corp/recruit/,https://www.t-gaia.co.jp/corp/recruit/,homepageAnchor,採用情報,ownDomain,high,200,unavailable,採用情報｜株式会社ティーガイア（T-GAIA）,true,2,0,false,false,,,0,,false,2026-10-05T12:47:15.344Z
5011001063328,ＩｎｆｉｎｉＣｏｒｅ株式会社,13:東京都,60人,30-99人,東京,30-99人 / 東京,1,https://www.infinity-c.co.jp,,unavailable,TypeError:ENOTFOUND,,,,,,,,,,,0,0,,false,,,0,,false,
5011001068839,株式会社ｗｅｖｎａｌ,13:東京都,108人,100-299人,東京,100-299人 / 東京,1,https://wevnal.co.jp/,429,unavailable,http_429_host_stopped,,,,,,,,,,,0,0,,false,,,0,,false,
5011001069481,株式会社インフォ・クリエイツ,13:東京都,23人,10-29人,東京,10-29人 / 東京,1,https://www.infocreate.co.jp/,200,allowed,,,,,,,,,,,,0,2,,false,,,0,,false,
5011001072386,アクセルユニバース株式会社,13:東京都,9人,5-9人,東京,5-9人 / 東京,1,http://acceluniverse.com/,200,unavailable,,https://www.acceluniverse.com/recruit/,https://www.acceluniverse.com/recruit/,homepageAnchor,新卒採用,ownDomain,high,200,unavailable,新卒採用 | アクセルユニバース株式会社,true,2,0,false,false,,,0,,false,2026-10-05T12:47:19.586Z
5011001073161,株式会社システムピース,13:東京都,32人,30-99人,東京,30-99人 / 東京,1,http://www.syspiece.jp/,200,allowed,,,,,,,,,,,,0,1,,false,,,0,,false,
5011001090314,株式会社ＪＴＯＷＥＲ,13:東京都,143人,100-299人,東京,100-299人 / 東京,1,https://www.jtower.co.jp/,200,allowed,,https://www.jtower.co.jp/recruit,https://www.jtower.co.jp/recruit,homepageAnchor,採用情報,ownDomain,high,200,allowed,採用情報 | 株式会社JTOWER,true,7,0,false,false,,,0,,false,2026-10-05T12:47:15.194Z
5011001091576,株式会社ＡＢＥＪＡ,13:東京都,133人,100-299人,東京,100-299人 / 東京,1,https://abejainc.com/ja,200,allowed,,https://careers.abejainc.com/,https://careers.abejainc.com/,homepageAnchor,Recruit,ownDomain,high,200,allowed,ABEJA 採用情報,true,1,0,false,false,,,0,,false,2026-10-05T12:47:18.741Z
5011001091881,株式会社ソフトクリエイト,13:東京都,303人,300-999人,東京,300-999人 / 東京,1,http://www.softcreate.co.jp/sc/,200,allowed,,https://www.softcreate.co.jp/career,https://www.softcreate.co.jp/career,homepageAnchor,採用情報,ownDomain,high,200,allowed,キャリア採用サイト | 株式会社ソフトクリエイト,true,6,0,false,false,,,0,,false,2026-10-05T12:47:22.379Z
5011001091907,株式会社ＳＡＫＵＲＵＧ,13:東京都,64人,30-99人,東京,30-99人 / 東京,1,https://sakurug.co.jp/,200,allowed,,https://recruit.sakurug.co.jp/,https://recruit.sakurug.co.jp/,homepageAnchor,採用情報,ownDomain,high,200,allowed,採用情報 | SAKURUG（サクラグ）,true,8,0,false,false,,,0,,false,2026-10-05T12:47:23.900Z
5011001092582,ＧＭＯコマース株式会社,13:東京都,120人,100-299人,東京,100-299人 / 東京,1,https://www.gmo-c.jp/,200,allowed,,https://recruitment.gmoc.jp/,,homepageLinkOffDomain,採用情報,otherDomain,low,,,,,1,3,,false,,,0,,false,
5011001093779,きびだんご株式会社,13:東京都,16人,10-29人,東京,10-29人 / 東京,1,https://kibidango.com/,200,allowed,,https://soon.kibidango.com/recruit,https://soon.kibidango.com/recruit,homepageAnchor,採用情報,ownDomain,high,200,allowed,きびだんご株式会社 採用サイト,true,3,0,false,false,,,0,https://www.wantedly.com/companies/kibidango,true,2026-10-05T12:47:30.826Z
5011001095619,ＭＭＤＬａｂｏ株式会社,13:東京都,24人,10-29人,東京,10-29人 / 東京,1,https://www.mmdlabo.co.jp/,200,unavailable,,https://www.mmdlabo.co.jp/recruit/,https://www.mmdlabo.co.jp/recruit/,homepageAnchor,採用情報,ownDomain,high,200,unavailable,採用情報 | MMDLabo株式会社,true,1,0,false,false,,,0,,false,2026-10-05T12:47:22.195Z
5011001100964,株式会社Ｓｐｉｎｃｏａｓｔｅｒ,13:東京都,25人,10-29人,東京,10-29人 / 東京,1,https://spincoaster.co.jp,200,unavailable,,https://spincoaster.co.jp/recruit,https://spincoaster.co.jp/recruit,homepageAnchor,RECRUIT,ownDomain,high,200,unavailable,株式会社Spincoaster | 音楽を通じて人生を豊かに,true,1,0,false,false,,,0,,false,2026-10-05T12:47:23.317Z
5011001101384,ＤＡＴＵＭ　ＳＴＵＤＩＯ株式会社,13:東京都,244人,100-299人,東京,100-299人 / 東京,1,https://datumstudio.jp/,200,allowed,,https://recruit.datumstudio.jp/,https://recruit.datumstudio.jp/,homepageAnchor,新卒採用,ownDomain,high,200,allowed,DATUM STUDIO株式会社｜新卒採用サイト,true,2,0,false,false,,,0,,false,2026-10-05T12:47:24.541Z
5011001103678,株式会社スリーシェイク,13:東京都,105人,100-299人,東京,100-299人 / 東京,1,https://3-shake.com/,200,allowed,,https://jobs-3-shake.com/,,homepageLinkOffDomain,Recruit,otherDomain,low,,,,,1,1,,false,,,0,,false,
5011001107134,株式会社Ｌｉｂｌｏｃｋ,13:東京都,30人,30-99人,東京,30-99人 / 東京,1,http://www.liblock.co.jp/,200,allowed,,http://www.liblock.co.jp/recruit/,http://www.liblock.co.jp/recruit/,homepageAnchor,RECRUIT,ownDomain,high,200,allowed,RECRUIT || 株式会社Liblock,true,1,0,false,false,,,0,,false,2026-10-05T12:47:26.200Z
5011001127108,株式会社Ｏｌｉｖｅ,13:東京都,26人,10-29人,東京,10-29人 / 東京,1,https://olive.style/,200,allowed,,https://olive.style/recruit,https://olive.style/recruit/,homepageAnchor,RECRUIT,ownDomain,high,200,allowed,採用情報 | 株式会社Olive（オリーブ）コーポレートサイト,true,2,0,false,false,,,1,https://cheercareer.jp/companies/4648/offers,true,2026-10-05T12:47:27.862Z
5011001134731,株式会社水鈴社,13:東京都,3人,1-4人,東京,1-4人 / 東京,1,https://www.suirinsha.co.jp/,200,unavailable,,,,,,,,,,,,0,0,,false,,,0,,false,
5011001146058,株式会社Ｊｏｂ　Ｔｅｃｈｎｏｌｏｇｙ,13:東京都,30人,30-99人,東京,30-99人 / 東京,1,https://job-technology.com/,200,unavailable,,https://job-technology.com/recruit.html,https://job-technology.com/recruit.html,homepageAnchor,募集要項,ownDomain,high,200,unavailable,,true,2,0,false,false,,,0,,false,2026-10-05T12:47:27.062Z
5011001168589,株式会社Ｂｅｃａｌｍ,13:東京都,41人,30-99人,東京,30-99人 / 東京,1,https://becalm.co.jp/,200,allowed,,https://becalm.co.jp/recruit/,https://becalm.co.jp/recruit/,homepageAnchor,採用サイト,ownDomain,high,200,allowed,採用情報｜株式会社Becalm,true,4,0,false,false,,,0,https://becalm.co.jp/recruit/,true,2026-10-05T12:47:27.897Z
5011003004718,アップ合同会社,13:東京都,7人,5-9人,東京,5-9人 / 東京,1,http://www.uptokyo.co.jp/,,unavailable,TypeError:ENOTFOUND,,,,,,,,,,,0,0,,false,,,0,,false,
5011003013487,ＵＴＡＴＡ合同会社,13:東京都,4人,1-4人,東京,1-4人 / 東京,1,https://utata.co.jp/,200,allowed,,https://utata.co.jp/recruit/,https://utata.co.jp/recruit/,homepageAnchor,採用情報,ownDomain,high,200,allowed,採用情報｜UTATA合同会社,true,2,0,false,false,,,0,,false,2026-10-05T12:47:29.409Z
5011003023214,合同会社Ｈｏｓｈｉｋａｒｕ,13:東京都,1人,1-4人,東京,1-4人 / 東京,1,https://hoshikaru.com,200,allowed,,,,,,,,,,,,0,1,,false,,,0,,false,
5011101010403,株式会社ＮＴＴデータ数理システム,13:東京都,140人,100-299人,東京,100-299人 / 東京,1,https://www.msi.co.jp/,200,allowed,,https://www.msi.co.jp/recruit/,https://www.msi.co.jp/recruit/index.html,homepageAnchor,採用情報,ownDomain,high,200,allowed,採用情報｜ 株式会社NTTデータ数理システム,true,1,0,false,false,,,1,,false,2026-10-05T12:47:32.508Z
5011101014503,ＮＤＩソリューションズ株式会社,13:東京都,390人,300-999人,東京,300-999人 / 東京,1,https://www.ndisol.jp/,200,allowed,,https://www.ndisol.jp/aboutus/recruit.html,https://www.ndisol.jp/aboutus/recruit.html,homepageAnchor,採用情報,ownDomain,high,200,allowed,NDIソリューションズ株式会社: 採用情報,true,2,0,false,false,,,0,,false,2026-10-05T12:47:31.018Z
5011101016383,日本総合システム株式会社,13:東京都,254人,100-299人,東京,100-299人 / 東京,1,https://www.nssys.co.jp/,200,unavailable,,https://www.nssys.co.jp/recruit.html,https://www.nssys.co.jp/recruit.html,homepageAnchor,採用情報,ownDomain,high,200,unavailable,採用情報 日本総合システムでは共に成長できる人材を求めています,true,3,0,false,false,,,0,,false,2026-10-05T12:47:33.000Z
5011101025038,株式会社フォーサムアクティブ,13:東京都,112人,100-299人,東京,100-299人 / 東京,1,https://www.active-grp.co.jp/,200,allowed,,https://www.active-grp.co.jp/entry,https://www.active-grp.co.jp/entry/,homepageAnchor,エントリーフォーム,ownDomain,high,200,allowed,採用エントリーフォーム,true,4,0,false,false,,,1,,false,2026-10-05T12:47:34.644Z
5011101028148,ニューテレス・テクノ株式会社,13:東京都,58人,30-99人,東京,30-99人 / 東京,1,https://ssl.newteles-techno.co.jp,200,unavailable,,https://en-gage.net/newteles-techno_saiyo/,https://en-gage.net/newteles-techno_saiyo/,homepageLinkToOfficialAts,engage,atsHosted,medium,200,allowed,ニューテレス・テクノ株式会社の採用・求人情報-engage,true,1,0,false,false,,,0,,false,2026-10-05T12:47:32.229Z
5011101032777,アウリガ・コンサルティング株式会社,13:東京都,29人,10-29人,東京,10-29人 / 東京,1,http://www.auriga.co.jp/,200,unavailable,,https://www.auriga.co.jp/app/recruit,https://www.auriga.co.jp/app/recruit/,homepageAnchor,Recruit 採用情報,ownDomain,high,200,unavailable,アウリガ・コンサルティング株式会社,true,5,0,false,false,,,1,,false,2026-10-05T12:47:43.780Z
5011101037603,クラスメソッド株式会社,13:東京都,562人,300-999人,東京,300-999人 / 東京,1,https://classmethod.jp/company/overview/,200,allowed,,https://careers.classmethod.jp/,https://careers.classmethod.jp/,homepageAnchor,採用,ownDomain,high,200,allowed,クラスメソッド採用サイト,true,2,0,false,false,,,0,,false,2026-10-05T12:47:35.291Z
5011101039319,アイビーウエーブ株式会社,13:東京都,15人,10-29人,東京,10-29人 / 東京,1,https://ivywave.com/,200,allowed,,https://ivywave.com/recruit/,https://ivywave.com/recruit/,homepageAnchor,採用情報,ownDomain,high,200,allowed,採用情報 - アイビーウエーブ株式会社,true,1,0,false,false,,,0,,false,2026-10-05T12:47:36.785Z
5011101039376,株式会社ビー・エス・アール,13:東京都,76人,30-99人,東京,30-99人 / 東京,1,https://www.bsr-inc.jp/,200,unavailable,,https://www.bsr-inc.jp/recruit/,https://www.bsr-inc.jp/recruit/,homepageAnchor,採用情報,ownDomain,high,200,unavailable,採用情報 | 株式会社ビー・エス・アール,true,2,0,false,false,,,0,https://www.bsr-inc.jp/recruit/,true,2026-10-05T12:47:35.623Z
5011101042099,兼松グランクス株式会社,13:東京都,61人,30-99人,東京,30-99人 / 東京,1,https://www.granks.co.jp/,200,allowed,,https://www.granks.co.jp/recruit,https://www.granks.co.jp/recruit,homepageAnchor,採用情報 Recruit,ownDomain,high,200,allowed,採用情報 | 兼松グランクス株式会社,true,1,0,false,false,,,0,,false,2026-10-05T12:47:36.760Z
5011101043477,株式会社メディア・ゲート・ジャパン,13:東京都,13人,10-29人,東京,10-29人 / 東京,1,http://mediagate-japan.com/,200,allowed,,,,,,,,,,,,0,1,,false,,,0,,false,
5011101045366,デジタルトランスコミュニケーションズ株式会社,13:東京都,41人,30-99人,東京,30-99人 / 東京,1,https://www.dtcom.jp,200,allowed,,https://engage.dtcom.jp/,https://engage.dtcom.jp/,homepageAnchor,RECRUIT,ownDomain,high,200,unavailable,採用サイト丨デジタルトランスコミュニケーションズ株式会社,true,3,0,false,false,,,0,,false,2026-10-05T12:47:38.780Z
5011101048609,アンリミ株式会社,13:東京都,101人,100-299人,東京,100-299人 / 東京,1,https://unlimi.co.jp/,200,allowed,,https://unlimi.co.jp/recruit,https://unlimi.co.jp/recruit,homepageAnchor,採用情報,ownDomain,high,200,allowed,【新入社員インタビュー】完全未経験で新卒入社企業から転職したIさん - アンリミ株式会社,true,2,0,false,false,,,0,,false,2026-10-05T12:47:39.389Z
5011101051026,株式会社テトラ・コミュニケーションズ,13:東京都,59人,30-99人,東京,30-99人 / 東京,1,http://www.tetracom.co.jp/,200,allowed,,https://www.tetracom.co.jp/recruit,https://www.tetracom.co.jp/recruit/,homepageAnchor,Recruit,ownDomain,high,200,allowed,採用情報 - 株式会社テトラ・コミュニケーションズ,true,8,0,false,false,,,1,,false,2026-10-05T12:47:44.531Z
5011101053609,インフォメーションサービスフォース株式会社,13:東京都,321人,300-999人,東京,300-999人 / 東京,1,https://www.isforce.jp/,200,unavailable,,https://www.isforce.jp/recruit/,https://www.isforce.jp/recruit/,homepageAnchor,Recruit,ownDomain,high,200,unavailable,採用情報 | インフォメーションサービスフォース株式会社,true,1,0,false,false,,,0,,false,2026-10-05T12:47:39.955Z
5011101055134,株式会社エー・ジー・ジェイ,13:東京都,18人,10-29人,東京,10-29人 / 東京,1,https://ag-j.co.jp/,200,unavailable,,,,,,,,,,,,0,0,,false,,,0,,false,
5011101059201,株式会社アクセルマーケティング,13:東京都,30人,30-99人,東京,30-99人 / 東京,1,https://nowcash.c-accel.co.jp/,200,unavailable,,,,,,,,,,,,0,0,,true,https://aichi-pump.jp/,200,0,,false,
5011101060984,株式会社サイバーテック,13:東京都,50人,30-99人,東京,30-99人 / 東京,1,http://www.cybertech.co.jp/,200,allowed,,https://www.cybertech.co.jp/recruit/,https://www.cybertech.co.jp/recruit/,homepageAnchor,求人サイトはこちら,ownDomain,high,200,allowed,サイバーテック求人情報,true,4,0,false,false,,,0,https://www.cybertech.co.jp/recruit/,true,2026-10-05T12:47:46.589Z
5011101063277,株式会社ウェリカ,13:東京都,16人,10-29人,東京,10-29人 / 東京,1,http://www.wellica.co.jp/,200,unavailable,,,,,,,,,,,,0,0,,false,,,0,,false,
5011101064787,株式会社ＰＫＳＨＡ　Ｔｅｃｈｎｏｌｏｇｙ,13:東京都,408人,300-999人,東京,300-999人 / 東京,1,https://www.pkshatech.com/,200,unavailable,,https://www.pkshatech.com/recruitment/,https://www.pkshatech.com/recruitment/,homepageAnchor,RECRUITMENT,ownDomain,high,200,unavailable,Recruitment | PKSHA Technology Inc.,true,6,0,false,false,,,0,,false,2026-10-05T12:47:44.276Z
5011101073342,株式会社ＫＡＴＡＣＨＩ,13:東京都,3人,1-4人,東京,1-4人 / 東京,1,http://www.katachi.tokyo/,200,allowed,,https://www.katachi.tokyo/recruit,https://www.katachi.tokyo/recruit/,homepageAnchor,RECRUIT,ownDomain,high,200,allowed,RECRUIT | KATACHI,true,1,0,false,false,,,1,,false,2026-10-05T12:48:04.116Z
5011101078630,株式会社ｐａｌａｎ,13:東京都,24人,10-29人,東京,10-29人 / 東京,1,https://palan.co.jp/,200,allowed,,https://palan.co.jp/recruitphilosophy,https://palan.co.jp/recruitphilosophy,robotsSitemap,,ownDomain,medium,200,allowed,採用理念 - 株式会社palan | ARで世界をより便利に豊かに,true,2,3,false,false,,,0,,false,2026-10-05T12:47:52.912Z
5011101094537,株式会社ライフクリエイト,13:東京都,15人,10-29人,東京,10-29人 / 東京,1,https://life-cr.co.jp/,200,allowed,,https://lifecreate-recruit.com/,,homepageLinkOffDomain,採用情報 RECRUIT,otherDomain,low,,,,,2,2,,false,,,0,,false,
5011201000816,エヌシーアイ総合システム株式会社,13:東京都,242人,100-299人,東京,100-299人 / 東京,1,http://www.nci.co.jp/,200,allowed,,https://www.nci.co.jp/recruit/,https://www.nci.co.jp/recruit/,homepageAnchor,採用情報,ownDomain,high,200,allowed,エヌシーアイ総合システム採用サイト,true,1,0,false,false,,,0,,false,2026-10-05T12:47:51.308Z
5011201013272,株式会社アクシス,13:東京都,16人,10-29人,東京,10-29人 / 東京,1,https://www.axisjp.co.jp/action-plan,200,allowed,,https://www.axisjp.co.jp/about-us/recruit,https://www.axisjp.co.jp/about-us/recruit,homepageAnchor,採用情報,ownDomain,high,200,allowed,採用情報 | 株式会社アクシス | 戦略的IT基盤の構築で成功へ導く,true,1,0,false,false,,,0,,false,2026-10-05T12:47:51.353Z
5011201013586,株式会社イード,13:東京都,135人,100-299人,東京,100-299人 / 東京,1,https://www.iid.co.jp/company/,200,allowed,,https://www.iid.co.jp/recruit/,https://www.iid.co.jp/recruit/,homepageAnchor,採用情報,ownDomain,high,200,allowed,採用情報 | 株式会社イード,true,1,0,false,false,,,0,,false,2026-10-05T12:47:48.545Z
5011201017918,株式会社テトテ,13:東京都,8人,5-9人,東京,5-9人 / 東京,1,https://www.favori-cloud.com/,200,allowed,,,,,,,,,,,,0,0,,false,,,0,,false,
5011201025474,株式会社７ｃ,40:福岡県,1人,1-4人,主要都市圏,1-4人 / 主要都市圏,1,https://7color.design,200,allowed,,,,,,,,,,,,0,3,,false,,,0,,false,
5011301025688,株式会社プレグロ,13:東京都,10人,10-29人,東京,10-29人 / 東京,1,https://pregro.jp/,200,allowed,,,,,,,,,,,,0,4,,false,,,0,,false,
5011401014814,株式会社Ｚｏｏｏｐｓ　Ｊａｐａｎ,13:東京都,51人,30-99人,東京,30-99人 / 東京,1,https://www.zooops-japan.co.jp/,200,allowed,,https://recruit.zooops-japan.co.jp/,https://recruit.zooops-japan.co.jp/,homepageAnchor,採用特設ページ,ownDomain,high,200,allowed,Zooops Japan採用特設サイト,true,3,0,false,false,,,0,,false,2026-10-05T12:47:53.734Z
5011401016050,株式会社サムライリンクス,21:岐阜県,1人,1-4人,その他,1-4人 / その他,1,http://samurai-linx.com,,unavailable,TypeError:ENOTFOUND,,,,,,,,,,,0,0,,false,,,0,,false,
5011401023006,株式会社レアウェル,13:東京都,1人,1-4人,東京,1-4人 / 東京,1,https://rarewell.co.jp/,200,unavailable,,https://rarewell.co.jp/recruitment,https://rarewell.co.jp/recruitment,homepageAnchor,採用,ownDomain,high,200,unavailable,株式会社レアウェル,true,1,0,false,false,,,0,,false,2026-10-05T12:47:54.758Z
5011501010135,株式会社アイブリッツ,13:東京都,6人,5-9人,東京,5-9人 / 東京,1,http://www.iblitz.co.jp/,200,allowed,,,,,,,,,,,,0,1,,false,,,0,,false,
5011501017502,株式会社ソフタス,13:東京都,291人,100-299人,東京,100-299人 / 東京,1,http://www.softas.co.jp/,200,allowed,,https://recruit.softas.co.jp/,https://recruit.softas.co.jp/,homepageAnchor,採用サイト,ownDomain,high,200,allowed,ソフタスリクルート,true,4,0,false,false,,,0,,false,2026-10-05T12:48:01.183Z
5011501019457,株式会社ｙｅｐ,13:東京都,27人,10-29人,東京,10-29人 / 東京,1,https://www.ye-p.co.jp/,200,allowed,,https://www.ye-p.co.jp/recruit/,https://www.ye-p.co.jp/recruit/,homepageAnchor,採用情報,ownDomain,high,200,allowed,採用情報：エンジニア・デザイナー募集・未経験歓迎 - 株式会社yep,true,3,0,false,false,,,0,,false,2026-10-05T12:47:56.658Z
5011501023203,株式会社ＤＰパートナーズ,13:東京都,2人,1-4人,東京,1-4人 / 東京,1,https://dp-partners.co.jp/about/,200,allowed,,https://dp-partners.co.jp/recruit/,https://dp-partners.co.jp/recruit/,homepageAnchor,採用情報,ownDomain,high,200,allowed,採用情報 | 株式会社DPパートナーズ,true,1,0,false,false,,,0,,false,2026-10-05T12:47:56.595Z
5011601019159,イノビジョン株式会社,13:東京都,8人,5-9人,東京,5-9人 / 東京,1,http://www.innovision.co.jp/,200,unavailable,,,,,,,,,,,,0,0,,false,,,0,,false,
5011601022880,株式会社リチェイン,13:東京都,8人,5-9人,東京,5-9人 / 東京,1,https://www.rechain.co.jp,200,allowed,,https://www.rechain.co.jp/job/,https://www.rechain.co.jp/job/,homepageAnchor,募集職種,ownDomain,high,200,allowed,,true,8,0,false,false,,,0,,false,2026-10-05T12:48:00.056Z
5011801032928,ジャパンクレール株式会社,13:東京都,1人,1-4人,東京,1-4人 / 東京,1,http://japan-claire.com/,,unavailable,TypeError:ENOTFOUND,,,,,,,,,,,0,0,,false,,,0,,false,
5011801035245,株式会社ドットエッジ,13:東京都,5人,5-9人,東京,5-9人 / 東京,1,https://dotedge.co.jp/,200,allowed,,https://dotedge.co.jp/recruit/,https://dotedge.co.jp/recruit/,homepageAnchor,採用情報,ownDomain,high,200,allowed,採用情報 - Edge Inc.,true,1,0,false,false,,,0,,false,2026-10-05T12:47:59.893Z
5012401013731,株式会社プロックス,13:東京都,5人,5-9人,東京,5-9人 / 東京,1,https://www.proxsoft.co.jp,200,unavailable,,https://www.proxsoft.co.jp/%E3%83%88%E3%83%83%E3%83%97%E3%83%9A%E3%83%BC%E3%82%B8/%E6%8E%A1%E7%94%A8%E6%83%85%E5%A0%B1,https://www.proxsoft.co.jp/%E3%83%88%E3%83%83%E3%83%97%E3%83%9A%E3%83%BC%E3%82%B8/%E6%8E%A1%E7%94%A8%E6%83%85%E5%A0%B1,homepageAnchor,採用情報,ownDomain,high,200,unavailable,株式会社プロックス - 採用情報,true,1,0,false,false,,,0,,false,2026-10-05T12:48:00.557Z
5012401025677,アーティサン株式会社,13:東京都,30人,30-99人,東京,30-99人 / 東京,1,https://www.artisan.jp.net/,200,allowed,,https://www.artisan.jp.net/recruit/,https://www.artisan.jp.net/recruit/,homepageAnchor,採用情報 top,ownDomain,high,200,allowed,採用情報｜フルリモート可のエンジニア求人｜アーティサン株式会社,true,2,0,false,false,,,0,,false,2026-10-05T12:48:00.297Z
5012401033952,ｅＳＴＡＣＫ株式会社,13:東京都,13人,10-29人,東京,10-29人 / 東京,1,https://www.estack.co.jp/,200,allowed,,https://www.estack.co.jp/recruit,https://www.estack.co.jp/recruit,robotsSitemap,,ownDomain,medium,200,allowed,採用情報 | eSTACK(イースタック)株式会社,true,3,3,false,false,,,0,,false,2026-10-05T12:48:07.285Z
5012401040412,株式会社ｅｎｉｇｍａ,13:東京都,8人,5-9人,東京,5-9人 / 東京,1,https://eni-gma.com/,200,allowed,,https://eni-gma.com/recruitment/,https://eni-gma.com/recruitment/,homepageAnchor,RECRUITMENT,ownDomain,high,200,allowed,RECRUITMENT | enigma,true,1,0,false,false,,,0,,false,2026-10-05T12:48:03.592Z
5012702013389,株式会社イングリウッド,13:東京都,356人,300-999人,東京,300-999人 / 東京,1,https://inglewood.co.jp,200,unavailable,,https://recruit.inglewood.co.jp/,https://recruit.inglewood.co.jp/,homepageAnchor,RECRUIT,ownDomain,high,200,unavailable,株式会社イングリウッド リクルートサイト,true,3,0,false,false,,,0,,false,2026-10-05T12:48:04.264Z
5012703002432,合同会社北村由衣,19:山梨県,1人,1-4人,その他,1-4人 / その他,1,https://yui-kitamura.co.jp/,200,allowed,,https://b.hatena.ne.jp/entry/,,homepageLinkOffDomain,このエントリーをはてなブックマークに追加,otherDomain,low,,,,,1,2,,false,,,0,,false,
5013201007717,株式会社東京ドアーズ,13:東京都,4人,1-4人,東京,1-4人 / 東京,1,http://www.tokyodoors.co.jp/,200,unavailable,,,,,,,,,,,,0,0,,false,,,0,,false,
5013201014440,ＪＡＳＰＡＳ株式会社,13:東京都,12人,10-29人,東京,10-29人 / 東京,1,https://www.jaspas.jp/,200,allowed,,,,,,,,,,,,0,3,,false,,,0,,false,
5013301014266,株式会社日本ブレーン,13:東京都,150人,100-299人,東京,100-299人 / 東京,1,https://www.jbc.co.jp,200,allowed,,https://www.jbc.co.jp/recruit,https://www.jbc.co.jp/recruit/,homepageAnchor,RECRUIT 採用情報,ownDomain,high,200,allowed,採用情報｜株式会社日本ブレーンのキャリア·新卒·中途採用,true,3,0,false,false,,,1,,false,2026-10-05T12:48:07.303Z
5013301017946,株式会社アドバンスト・メディア,13:東京都,281人,100-299人,東京,100-299人 / 東京,1,https://www.advanced-media.co.jp/,200,allowed,,https://www.advanced-media.co.jp/recruit/,https://www.advanced-media.co.jp/recruit/,homepageAnchor,採用情報,ownDomain,high,200,allowed,採用情報 | 音声認識のアドバンスト・メディア,true,7,0,false,false,,,0,,false,2026-10-05T12:48:07.106Z
5013301030271,株式会社イージス,13:東京都,37人,30-99人,東京,30-99人 / 東京,1,https://aegis.cx/,200,unavailable,,https://aegis.cx/recruit.html,https://aegis.cx/recruit.html,homepageAnchor,採用情報,ownDomain,high,200,unavailable,採用情報｜株式会社イージス,true,1,0,true,false,,,0,,false,2026-10-05T12:48:07.298Z
5013301030387,株式会社ウェブブランディング,13:東京都,2人,1-4人,東京,1-4人 / 東京,1,https://webbranding.pro/,200,allowed,,https://webbranding.pro/recruit/,https://webbranding.pro/recruit/,homepageAnchor,採用情報,ownDomain,high,200,allowed,採用情報 – 株式会社ウェブブランディング,true,1,0,false,false,,,0,,false,2026-10-05T12:48:08.134Z
5013301031963,日本企業支援センター株式会社,13:東京都,20人,10-29人,東京,10-29人 / 東京,1,https://www.j-shien.co.jp/,200,unavailable,,https://www.j-shien.co.jp/recruit.html,https://www.j-shien.co.jp/recruit.html,homepageAnchor,採用情報,ownDomain,high,200,unavailable,採用情報 | 日本企業支援センター株式会社,true,1,0,false,false,,,0,,false,2026-10-05T12:48:08.184Z
5013301044775,株式会社アンノーン,13:東京都,2人,1-4人,東京,1-4人 / 東京,1,https://unoun.co.jp/,200,allowed,,https://unoun.co.jp/recruit/,https://unoun.co.jp/recruit/,homepageAnchor,RECRUIT,ownDomain,high,200,allowed,採用情報 | unoun,true,1,0,false,false,,,0,,false,2026-10-05T12:48:10.973Z
5013303004785,ＤｅｅｐＢｒａｉｎ合同会社,22:静岡県,3人,1-4人,その他,1-4人 / その他,1,http://deepbrain.jp/,502,unavailable,http_502,,,,,,,,,,,0,0,,false,,,0,,false,
5020001027267,株式会社ＳＯＬＵＭＩＮＡ,14:神奈川県,150人,100-299人,主要都市圏,100-299人 / 主要都市圏,1,http://solumina.co.jp,200,allowed,,https://solumina.co.jp/recruit/,https://solumina.co.jp/recruit/,homepageAnchor,Recruit,ownDomain,high,200,allowed,株式会社SOLUMINA｜採用サイト,true,2,0,false,false,,,0,,false,2026-10-05T12:48:15.770Z
5020001028075,日本データスキル株式会社,14:神奈川県,519人,300-999人,主要都市圏,300-999人 / 主要都市圏,1,http://www.nds.co.jp,200,allowed,,https://www.nds.co.jp/recruit/,https://www.nds.co.jp/recruit/,homepageAnchor,採用情報,ownDomain,high,200,allowed,採用情報 | 日本データスキル株式会社,true,4,0,false,false,,,0,,false,2026-10-05T12:48:15.822Z
5020001028100,株式会社日本コンピュータコンサルタント,14:神奈川県,287人,100-299人,主要都市圏,100-299人 / 主要都市圏,1,http://www.n-c-c.co.jp/,,unavailable,TypeError:UND_ERR_CONNECT_TIMEOUT,,,,,,,,,,,0,0,,false,,,0,,false,
5020001033331,株式会社星進エンジニアリング,14:神奈川県,8人,5-9人,主要都市圏,5-9人 / 主要都市圏,1,https://www.seishin-eng.co.jp/,200,unavailable,,,,,,,,,,,,0,0,,false,,,0,,false,
5020001036722,パナソニックＩＴＳ株式会社,14:神奈川県,686人,300-999人,主要都市圏,300-999人 / 主要都市圏,1,https://www.panasonic.com/jp/company/pits.html,403,unavailable,http_403,,,,,,,,,,,0,0,,true,https://www.panasonic.com/,403,0,,false,
5020001038132,株式会社アローシステムズ,14:神奈川県,27人,10-29人,主要都市圏,10-29人 / 主要都市圏,1,https://www.arrow-systems.co.jp/,,unavailable,TypeError:ERR_TLS_CERT_ALTNAME_INVALID,,,,,,,,,,,0,0,,false,,,0,,false,
5020001040360,株式会社アローズ・システムズ,14:神奈川県,150人,100-299人,主要都市圏,100-299人 / 主要都市圏,1,https://www.arrows-systems.co.jp/,200,unavailable,,https://www.arrows-systems.co.jp/recruit/index.html,https://www.arrows-systems.co.jp/recruit/index.html,homepageAnchor,採用情報,ownDomain,high,200,unavailable,採用情報｜株式会社アローズ・システムズ,true,6,0,false,false,,,0,,false,2026-10-05T12:48:11.885Z
5020001045582,株式会社ＩＴＳコア,14:神奈川県,31人,30-99人,主要都市圏,30-99人 / 主要都市圏,1,http://www.its-core.jp/,200,allowed,,,,,,,,,,,,0,1,,false,,,0,,false,
5020001059046,株式会社ＥｌｅｃｔｒｉｃＡｒｃｈｉｔｅｃｔ,14:神奈川県,80人,30-99人,主要都市圏,30-99人 / 主要都市圏,1,http://eaz.co.jp/index.html,404,allowed,http_404,https://eaz.co.jp/recruit/,https://eaz.co.jp/recruit/,homepageAnchor,採用情報,ownDomain,high,200,allowed,採用情報 | 株式会社ElectricArchitect,true,2,0,false,true,http://eaz.co.jp/,200,0,,false,2026-10-05T12:48:22.311Z
5020001070903,光伸エンジニアリング株式会社,14:神奈川県,18人,10-29人,主要都市圏,10-29人 / 主要都市圏,1,http://kohshin-eng.net/,200,unavailable,,,,,,,,,,,,0,0,,false,,,0,,false,
5020001074177,株式会社ソフテム,14:神奈川県,150人,100-299人,主要都市圏,100-299人 / 主要都市圏,1,https://www.softem.co.jp/,200,allowed,,https://www.softem.co.jp/recruit/,https://www.softem.co.jp/recruit/,homepageAnchor,新卒採用情報,ownDomain,high,200,allowed,株式会社ソフテム新卒採用,true,2,0,false,false,,,0,,false,2026-10-05T12:48:15.133Z
5020001089092,みんなのマーケット株式会社,13:東京都,127人,100-299人,東京,100-299人 / 東京,1,https://www.minma.jp/,200,allowed,,https://minma.jp/recruit,https://minma.jp/recruit,homepageAnchor,みんなのマーケット株式会社の採用情報,ownDomain,high,200,allowed,みんなのマーケット株式会社の採用情報,true,1,0,false,false,,,0,,false,2026-10-05T12:48:19.798Z
5020001130418,株式会社ゼネラルＢＲＥＸＡテクノロジー,14:神奈川県,229人,100-299人,主要都市圏,100-299人 / 主要都市圏,1,https://www.fujitsu-general.com/jp/fgot/corporate/index.html,200,unavailable,,,,,,,,,,,,0,0,,true,https://www.generalww.com/,200,0,,false,
5020003020162,合同会社Ｌａｎｉ,14:神奈川県,4人,1-4人,主要都市圏,1-4人 / 主要都市圏,1,https://lani.co.jp/,200,allowed,,,,,,,,,,,,0,4,,false,,,0,https://lani.co.jp/recruit,true,
5021001054747,コムテック株式会社,14:神奈川県,1648人,1000人以上,主要都市圏,1000人以上 / 主要都市圏,1,https://www.ct-net.co.jp/company/childcare/,200,allowed,,https://www.ct-net.co.jp/employment/,https://www.ct-net.co.jp/employment/,homepageAnchor,採用情報,ownDomain,high,200,allowed,採用情報 | コムテック株式会社,true,4,0,false,false,,,0,,false,2026-10-05T12:48:20.657Z
5021001058244,株式会社コミットグロース,13:東京都,4人,1-4人,東京,1-4人 / 東京,1,https://commitgrowth.co.jp/,200,allowed,,https://commitgrowth.co.jp/recruit,https://commitgrowth.co.jp/recruite/,homepageAnchor,採用情報,ownDomain,high,200,allowed,採用情報｜株式会社コミットグロース,true,5,0,false,false,,,1,,false,2026-10-05T12:48:28.252Z
5030001004959,Ｔ＆Ｄ情報システム株式会社,11:埼玉県,101人,100-299人,主要都市圏,100-299人 / 主要都市圏,1,https://www.td-system.co.jp/,200,unavailable,,https://www.td-system.co.jp/recruit/,https://www.td-system.co.jp/recruit/,homepageAnchor,採用情報,ownDomain,high,200,unavailable,採用情報 | T&D情報システム株式会社,true,2,0,false,false,,,0,,false,2026-10-05T12:48:19.095Z
5030001006393,日新火災情報システム株式会社,11:埼玉県,203人,100-299人,主要都市圏,100-299人 / 主要都市圏,1,https://www.nisshin-info.co.jp/,200,unavailable,,https://www.nisshin-info.co.jp/recruit/,https://www.nisshin-info.co.jp/recruit/,homepageAnchor,Recruit 採用情報,ownDomain,high,200,unavailable,採用情報 - 日新火災情報システム株式会社 [NISK],true,11,0,false,false,,,0,,false,2026-10-05T12:48:21.115Z
5030001026284,狭山ケーブルテレビ株式会社,11:埼玉県,40人,30-99人,主要都市圏,30-99人 / 主要都市圏,1,http://www.s-cat.ne.jp/,200,allowed,,https://www.s-cat.ne.jp/recruit/,https://www.s-cat.ne.jp/recruit/,homepageAnchor,採用情報,ownDomain,high,200,allowed,採用情報 | 狭山ケーブルテレビ,true,1,0,true,false,,,0,,false,2026-10-05T12:48:31.215Z
5030001060894,ラジエンスウエア株式会社,11:埼玉県,21人,10-29人,主要都市圏,10-29人 / 主要都市圏,1,http://www.radianceware.co.jp/,200,allowed,,https://www.radianceware.co.jp/blog/news/good-job2022/,https://www.radianceware.co.jp/blog/news/good-job2022/,homepageAnchor,2023.02.10 【2022年12月】Good Job パーティー 2022開催しました,ownDomain,high,200,allowed,【2022年12月】Good Job パーティー 2022開催しました – Radianceware,true,2,0,false,false,,,0,,false,2026-10-05T12:48:26.100Z
5030001095057,エレビスタ株式会社,13:東京都,41人,30-99人,東京,30-99人 / 東京,1,https://erevista.co.jp/,200,allowed,,https://erevista.co.jp/recruit,https://erevista.co.jp/recruit/,homepageAnchor,Recruit,ownDomain,high,200,allowed,エレビスタ株式会社 RECRUIT,true,3,0,false,false,,,1,,false,2026-10-05T12:48:27.937Z
5030002112819,株式会社アチピレーションテクノロジー,11:埼玉県,52人,30-99人,主要都市圏,30-99人 / 主要都市圏,1,http://www.ak-system.co.jp/,200,unavailable,,https://acp-tech.jp/recruit,https://acp-tech.jp/recruit/,homepageAnchor,採用情報,otherDomain,high,200,allowed,採用情報 | 株式会社アチピレーションテクノロジー,true,3,0,false,false,,,1,,false,2026-10-05T12:48:32.373Z
5040001007746,株式会社融和システム,12:千葉県,37人,30-99人,主要都市圏,30-99人 / 主要都市圏,1,https://www.yuwasystem.co.jp/,200,allowed,,https://www.yuwasystem.co.jp/recruit_top/,https://www.yuwasystem.co.jp/recruit_top/,homepageAnchor,採用情報,ownDomain,high,200,allowed,採用情報 - 株式会社融和システム,true,3,0,false,false,,,0,https://job.rikunabi.com/2025/company/r449791085/,true,2026-10-05T12:48:27.511Z
5040001015427,株式会社エイ・コーポレーション,12:千葉県,33人,30-99人,主要都市圏,30-99人 / 主要都市圏,1,https://www.eic.co.jp/,200,allowed,,https://www.eic.co.jp/recruit/,https://www.eic.co.jp/recruit/,homepageAnchor,採用情報,ownDomain,high,200,allowed,株式会社エイ・コーポレーション ｜ 採用情報,true,3,0,false,false,,,0,,false,2026-10-05T12:48:26.979Z
5040001024832,株式会社ネクステージ,12:千葉県,31人,30-99人,主要都市圏,30-99人 / 主要都市圏,1,https://www.nextage.co.jp/,200,unavailable,,https://www.nextage.co.jp/recruit/requirements,https://www.nextage.co.jp/recruit/requirements/,homepageAnchor,募集要項,ownDomain,high,200,unavailable,募集要項 ｜ 株式会社ネクステージ,true,6,0,false,false,,,1,https://www.nextage.co.jp/recruit/,true,2026-10-05T12:48:30.810Z
5040001046876,株式会社ジィ・シィ企画,12:千葉県,131人,100-299人,主要都市圏,100-299人 / 主要都市圏,1,https://www.gck.co.jp/,200,allowed,,https://www.gck.co.jp/company/recruitment/,https://www.gck.co.jp/recruitment/,homepageAnchor,RECRUIT 採用情報,ownDomain,high,200,allowed,採用情報 | GC | 株式会社ジィ・シィ企画,true,1,0,false,false,,,1,,false,2026-10-05T12:48:31.940Z
5040001086195,ＭＳＤ株式会社,13:東京都,12人,10-29人,東京,10-29人 / 東京,1,http://msd.tokyo,200,allowed,,https://en-gage.net/msd_recruit/,https://en-gage.net/msd_recruit/,homepageLinkToOfficialAts,RECRUIT,atsHosted,high,200,allowed,MSD株式会社の採用・求人情報-engage,true,2,0,false,false,,,0,,false,2026-10-05T12:48:34.091Z
5050001002358,株式会社ユードム,08:茨城県,429人,300-999人,その他,300-999人 / その他,1,https://www.udom.co.jp/,200,allowed,,https://www.udom.co.jp/recruit/index.html,https://www.udom.co.jp/recruit/index.html,homepageAnchor,採用情報,ownDomain,high,200,allowed,採用情報｜株式会社ユードム,true,5,0,false,false,,,0,,false,2026-10-05T12:48:31.074Z
5050001028279,株式会社ニチコム,08:茨城県,80人,30-99人,その他,30-99人 / その他,1,https://www.nichi-com.co.jp/,200,unavailable,,https://www.nichi-com.co.jp/recruit/index.html,https://www.nichi-com.co.jp/recruit/,homepageAnchor,採用情報,ownDomain,high,200,unavailable,採用情報｜株式会社ニチコム,true,7,0,false,false,,,2,,false,2026-10-05T12:48:37.544Z
5050001036843,常陽新聞株式会社,08:茨城県,20人,10-29人,その他,10-29人 / その他,1,http://joyonews.jp,200,unavailable,,,,,,,,,,,,0,0,,false,,,0,,false,
5060001026273,ならでわ株式会社,09:栃木県,8人,5-9人,その他,5-9人 / その他,1,https://naradewa.co.jp/,200,allowed,,https://naradewa.co.jp/recruit,https://naradewa.co.jp/recruit/,homepageAnchor,Recruit,ownDomain,high,200,allowed,RECRUIT - Naradewa Inc. - ならでわ株式会社,true,2,0,false,false,,,1,,false,2026-10-05T12:48:36.365Z
5070001003602,株式会社アイエムエス,10:群馬県,35人,30-99人,その他,30-99人 / その他,1,http://www.imsnet.co.jp/,200,allowed,,https://www.imsnet.co.jp/recruit,https://www.imsnet.co.jp/recruit/,homepageAnchor,採用情報,ownDomain,high,200,allowed,採用情報｜群馬県前橋市の株式会社アイエムエス,true,7,0,false,false,,,1,,false,2026-10-05T12:48:39.245Z
5070001003684,株式会社リサージュ,10:群馬県,12人,10-29人,その他,10-29人 / その他,1,http://www.lissaj.com,200,unavailable,,http://www.lissaj.com/recruit_rookie.html,http://www.lissaj.com/recruit_rookie.html,homepageAnchor,新卒採用募集要項,ownDomain,high,200,unavailable,株式会社リサージュ [新卒者 募集要項],true,2,0,false,false,,,0,,false,2026-10-05T12:48:35.069Z
5070001008865,株式会社テクノクリエイション,13:東京都,147人,100-299人,東京,100-299人 / 東京,1,http://www.technocreation.co.jp,200,allowed,,https://www.technocreation.co.jp/recruit_tc,https://www.technocreation.co.jp/recruit_tc,robotsSitemap,,ownDomain,medium,200,allowed,株式会社テクノクリエイション採用サイト,true,2,3,false,false,,,0,,false,2026-10-05T12:48:45.307Z
5080001000672,株式会社ＳＢＳ情報システム,22:静岡県,277人,100-299人,その他,100-299人 / その他,1,http://www.sbs-infosys.co.jp,200,unavailable,,https://www.sbs-infosys.co.jp/recruit/index.html,https://www.sbs-infosys.co.jp/recruit/index.html,homepageAnchor,採用情報,ownDomain,high,200,unavailable,採用情報 | SBS情報システム,true,2,0,false,false,,,0,,false,2026-10-05T12:48:41.210Z
5080101001901,明電システムソリューション株式会社,22:静岡県,346人,300-999人,その他,300-999人 / その他,1,https://www.meidensha.co.jp/mss/,200,allowed,,https://www.meidensha.co.jp/mss/recruit/,https://www.meidensha.co.jp/mss/recruit/,homepageAnchor,採用情報,ownDomain,high,200,allowed,明電システムソリューション株式会社,true,1,0,false,false,,,0,,false,2026-10-05T12:48:38.816Z
5080101019877,株式会社フォレスタ,22:静岡県,4人,1-4人,その他,1-4人 / その他,1,https://telwarp.co.jp/corporate/,200,allowed,,https://telwarp.co.jp/recruit/,https://telwarp.co.jp/recruit/,homepageAnchor,採用情報,ownDomain,high,200,allowed,採用情報 | テレワープ,true,1,0,false,false,,,0,,false,2026-10-05T12:48:38.563Z
5090001005687,株式会社アイティードゥ,19:山梨県,16人,10-29人,その他,10-29人 / その他,1,http://itdo.jp/,200,unavailable,,https://c.itdo.jp/%e6%8e%a1%e7%94%a8%e6%83%85%e5%a0%b1/,https://c.itdo.jp/%e6%8e%a1%e7%94%a8%e6%83%85%e5%a0%b1/,homepageAnchor,採用情報,ownDomain,high,200,allowed,採用情報 | 株式会社アイティードゥ,true,3,0,false,false,,,0,,false,2026-10-05T12:48:51.346Z
5100001000447,株式会社ＮＴＴデータ信越,20:長野県,126人,100-299人,その他,100-299人 / その他,1,https://www.nttdata-shinetsu.co.jp/,200,unavailable,,https://www.nttdata-shinetsu.co.jp/recruit/,https://www.nttdata-shinetsu.co.jp/recruit/,homepageAnchor,採用情報,ownDomain,high,200,unavailable,採用情報｜株式会社NTTデータ信越,true,2,0,false,false,,,0,,false,2026-10-05T12:48:40.683Z
5100001005339,使えるねっと株式会社,20:長野県,24人,10-29人,その他,10-29人 / その他,1,https://www.tsukaeru.net,200,allowed,,https://www.tsukaeru.net/recruit/,https://www.tsukaeru.net/recruit/,homepageAnchor,採用情報,ownDomain,high,200,allowed,使えるねっと RECRUIT,true,1,0,false,false,,,0,,false,2026-10-05T12:48:43.423Z
5100001009604,エプソンアヴァシス株式会社,20:長野県,440人,300-999人,その他,300-999人 / その他,1,http://avasys.jp,200,unavailable,,https://avasys.jp/recruit/,https://avasys.jp/recruit/,homepageAnchor,RECRUIT,ownDomain,high,200,unavailable,EPSON AVASYS RECRUIT SITE｜RECRUIT TOP｜エプソンアヴァシスリクルート,true,15,0,false,false,,,0,,false,2026-10-05T12:48:46.758Z
5100001012979,キッセイコムテック株式会社,20:長野県,430人,300-999人,その他,300-999人 / その他,1,http://www.kicnet.co.jp/,200,allowed,,https://www.kicnet.co.jp/kcrecruit/,https://www.kicnet.co.jp/kcrecruit/,homepageAnchor,採用情報,ownDomain,high,200,allowed,採用情報 - キッセイコムテック株式会社,true,3,0,false,false,,,0,,false,2026-10-05T12:48:49.489Z
5100001016591,株式会社オフィスＰ’ｄｊ,20:長野県,20人,10-29人,その他,10-29人 / その他,1,https://www.officepdj.co.jp/,200,allowed,,https://www.officepdj.co.jp/recruit,https://www.officepdj.co.jp/recruit/,homepageAnchor,採用情報,ownDomain,high,200,allowed,採用情報 | 株式会社オフィスP'dj,true,1,0,false,false,,,1,,false,2026-10-05T12:48:46.477Z
5100001018761,株式会社デジタル・スパイス,20:長野県,110人,100-299人,その他,100-299人 / その他,1,https://www.digital-spice.co.jp,200,unavailable,,https://www.digital-spice.co.jp/recruit/recruit_carrier.html,https://www.digital-spice.co.jp/recruit/recruit_carrier.html,homepageAnchor,採用情報,ownDomain,high,200,unavailable,中途採用 | 株式会社デジタル・スパイス,true,8,0,false,false,,,0,,false,2026-10-05T12:48:44.364Z
5110001000181,株式会社ＩＴスクエア,15:新潟県,24人,10-29人,その他,10-29人 / その他,1,http://www.itsquare.co.jp,200,unavailable,,https://www.itsquare.co.jp/recruit/,https://www.itsquare.co.jp/recruit/,homepageAnchor,採用情報,ownDomain,high,200,unavailable,採用案内｜株式会社ＩＴスクエア,true,1,0,false,false,,,0,,false,2026-10-05T12:48:49.441Z
5110001001857,株式会社けんと放送,15:新潟県,14人,10-29人,その他,10-29人 / その他,1,http://kento-inc.com/,200,allowed,,,,,,,,,,,,0,4,,false,,,0,,false,
5110001006740,アイティーサポート株式会社,15:新潟県,20人,10-29人,その他,10-29人 / その他,1,https://itsupport-inc.com/,200,allowed,,https://itsupport-inc.com/recruit/,https://itsupport-inc.com/recruit/,homepageAnchor,採用 情報,ownDomain,high,200,allowed,採用情報 | アイティーサポート株式会社,true,1,0,false,false,,,0,,false,2026-10-05T12:48:47.639Z
5110001037059,株式会社ＴｒｙＴｒｅｅ,15:新潟県,100人,100-299人,その他,100-299人 / その他,1,https://trytree.co.jp/,200,allowed,,https://trytree.co.jp/recruit/,https://trytree.co.jp/recruit/,homepageAnchor,採用情報,ownDomain,high,200,allowed,採用情報 | 株式会社TryTree,true,1,0,false,false,,,0,,false,2026-10-05T12:48:48.538Z
5120001030401,株式会社オービーシステム,27:大阪府,535人,300-999人,主要都市圏,300-999人 / 主要都市圏,1,http://www.obs.co.jp/,200,unavailable,,https://www.obs.co.jp/recruit/,https://www.obs.co.jp/recruit/,homepageAnchor,採用情報 TOP,ownDomain,high,200,unavailable,採用情報｜株式会社オービーシステム,true,5,0,false,false,,,0,,false,2026-10-05T12:48:54.180Z
5120001041704,株式会社エクス,27:大阪府,118人,100-299人,主要都市圏,100-299人 / 主要都市圏,1,https://www.xeex.co.jp/,200,allowed,,https://www.xeex.co.jp/recruit2,https://www.xeex.co.jp/recruit2,homepageAnchor,採用情報,ownDomain,high,200,allowed,採用情報｜会社情報 - 株式会社エクス,true,2,0,false,false,,,0,,false,2026-10-05T12:48:52.083Z
5120001048484,レイシスソフトウエアーサービス株式会社,27:大阪府,104人,100-299人,主要都市圏,100-299人 / 主要都市圏,1,https://rasis-soft.co.jp,,unavailable,TypeError:UNABLE_TO_VERIFY_LEAF_SIGNATURE,,,,,,,,,,,0,0,,false,,,0,,false,
5120001054177,株式会社テイク－ワン,27:大阪府,100人,100-299人,主要都市圏,100-299人 / 主要都市圏,1,https://www.tk-1.co.jp/,200,allowed,,https://www.tk-1.co.jp/recruit/,https://www.tk-1.co.jp/recruit/,homepageAnchor,採用情報,ownDomain,high,200,allowed,採用情報｜株式会社テイク－ワン／TAKE-1 コンピュータシステムの設計構築運用,true,8,0,false,false,,,0,,false,2026-10-05T12:48:51.683Z
5120001064003,株式会社コールツプロダクション,27:大阪府,104人,100-299人,主要都市圏,100-299人 / 主要都市圏,1,http://www.quartz-pro.co.jp/,200,allowed,,https://www.quartz-pro.co.jp/recruit/,https://www.quartz-pro.co.jp/recruit/,homepageUrlPattern,View More,ownDomain,medium,200,allowed,コールツプロダクション,true,1,0,false,false,,,0,,false,2026-10-05T12:48:57.417Z
5120001071247,株式会社メディアテック,27:大阪府,145人,100-299人,主要都市圏,100-299人 / 主要都市圏,1,https://www.mediatech.jp,200,allowed,,https://www.mediatech.jp/recruit,https://www.mediatech.jp/recruit,homepageAnchor,募集要項・エントリー,ownDomain,high,200,allowed,募集要項・エントリー | 株式会社メディアテック,true,5,0,false,false,,,0,,false,2026-10-05T12:48:53.921Z
5120001073169,アイスター株式会社,27:大阪府,341人,300-999人,主要都市圏,300-999人 / 主要都市圏,1,http://www.i-star.co.jp/,200,unavailable,,https://www.i-star.co.jp/recruit,https://www.i-star.co.jp/recruit/,homepageAnchor,採用情報,ownDomain,high,200,unavailable,採用情報 | アイスター株式会社,true,10,0,false,false,,,1,,false,2026-10-05T12:49:00.482Z
5120001082995,株式会社ブルーム,27:大阪府,23人,10-29人,主要都市圏,10-29人 / 主要都市圏,1,https://www.bloomco.net/,200,allowed,,https://www.bloomco.net/recruit.html,https://www.bloomco.net/recruit.html,homepageAnchor,Recruit,ownDomain,high,200,allowed,"株式会社ブルーム - Bloom Co.,Ltd.",true,2,0,false,false,,,0,,false,2026-10-05T12:48:54.730Z
5120001092375,ログイン株式会社,27:大阪府,32人,30-99人,主要都市圏,30-99人 / 主要都市圏,1,http://www.login-co.co.jp,,unavailable,TypeError:ENOTFOUND,,,,,,,,,,,0,0,,false,,,0,,false,
5120001103719,株式会社ブロードエンタープライズ,13:東京都,157人,100-299人,東京,100-299人 / 東京,1,https://broad-e.co.jp/,200,allowed,,https://broad-e.co.jp/recruittop/,https://broad-e.co.jp/recruittop/,homepageAnchor,採用情報,ownDomain,high,200,allowed,採用情報 ｜ 株式会社ブロードエンタープライズ,true,1,0,false,false,,,0,,false,2026-10-05T12:48:55.204Z
5120001112793,株式会社ＥＭソリューション,27:大阪府,57人,30-99人,主要都市圏,30-99人 / 主要都市圏,1,https://www.em-sol.co.jp/,200,allowed,,https://www.em-sol.co.jp/recruit/,https://www.em-sol.co.jp/recruit/,homepageAnchor,採用情報,ownDomain,high,200,allowed,採用情報 | 株式会社EMソリューション,true,1,0,false,false,,,0,,false,2026-10-05T12:48:58.613Z
5120001127742,株式会社クリエイターズカフェ,27:大阪府,9人,5-9人,主要都市圏,5-9人 / 主要都市圏,1,http://www.crecafe.co.jp,200,allowed,,https://www.crecafe.co.jp/recruit_new/,https://www.crecafe.co.jp/,homepageAnchor,recruitment,ownDomain,low,200,allowed,クリエイターズカフェ|Web制作&広告会社@大阪,false,2,0,false,false,,,1,,false,2026-10-05T12:49:03.613Z
5120001128253,エムオーテックス株式会社,27:大阪府,460人,300-999人,主要都市圏,300-999人 / 主要都市圏,1,http://www.motex.co.jp/,200,allowed,,https://www.motex.co.jp/recruit,https://www.motex.co.jp/recruit/,homepageAnchor,採用情報,ownDomain,high,200,allowed,TOP｜採用情報｜エムオーテックス (MOTEX),true,1,0,false,false,,,2,,false,2026-10-05T12:49:05.726Z
5120001146742,株式会社リアルナ,27:大阪府,25人,10-29人,主要都市圏,10-29人 / 主要都市圏,1,https://www.realna.co.jp,200,allowed,,,,,,,,,,,,0,3,,false,,,0,,false,
5120001154935,株式会社ニコシス,27:大阪府,36人,30-99人,主要都市圏,30-99人 / 主要都市圏,1,https://nicosys.co.jp/jp/,200,allowed,,https://nicosys.co.jp/jp/career,https://nicosys.co.jp/jp/career/,homepageAnchor,Career,ownDomain,high,200,allowed,採用情報 | Nicosys Co. Ltd.,true,1,0,false,false,,,1,,false,2026-10-05T12:48:59.974Z
5120001171303,株式会社グーフ,13:東京都,25人,10-29人,東京,10-29人 / 東京,1,https://goof.buzz,200,allowed,,,,,,,,,,,,0,1,,false,,,0,,false,
5120001172086,ブレーメン株式会社,28:兵庫県,10人,10-29人,主要都市圏,10-29人 / 主要都市圏,1,http://bre-men.jp/,200,allowed,,https://bre-men.jp/entry-pay/,https://bre-men.jp/entry-pay/,homepageAnchor,応募課金型求人広告 entry pay,ownDomain,low,200,allowed,問いの力で、選ばれる価値を設計するWEB制作会社｜ブレーメン株式会社,false,3,0,false,false,,,0,,false,2026-10-05T12:49:05.609Z
5120001180840,株式会社イズイズ,27:大阪府,10人,10-29人,主要都市圏,10-29人 / 主要都市圏,1,http://www.wins-lb.org/,200,allowed,,https://isis1999.com/media/kiji.php?n=101,https://isis1999.com/media/kiji.php?n=101,homepageAnchor,会社・先輩社員のリアルを深堀り！ 古河ケミカルズ株式会社様｜高校生向け採用サイト,otherDomain,high,200,allowed,古河ケミカルズ株式会社様｜高校生向け採用サイト | 大阪のホームページ制作会社｜株式会社イズイズ,true,2,0,false,false,,,0,,false,2026-10-05T12:49:08.158Z
5120001187704,株式会社オルタナワークス,27:大阪府,2人,1-4人,主要都市圏,1-4人 / 主要都市圏,1,https://www.alterna-works.jp/,200,allowed,,,,,,,,,,,,0,3,,false,,,0,,false,
5120001189015,トランス・オーシャン・ジャパン株式会社,27:大阪府,81人,30-99人,主要都市圏,30-99人 / 主要都市圏,1,https://www.toj.jpn.com/,200,unavailable,,,,,,,,,,,,0,0,,false,,,0,,false,
5120001190113,株式会社トイント,26:京都府,3人,1-4人,主要都市圏,1-4人 / 主要都市圏,1,https://www.toint.co.jp/,200,allowed,,https://www.toint.co.jp/recruit/,https://www.toint.co.jp/recruit/,homepageAnchor,採用情報,ownDomain,high,200,allowed,採用情報 – 株式会社トイント,true,1,0,false,false,,,0,,false,2026-10-05T12:49:05.432Z
5120001193685,株式会社メイクスビュー,27:大阪府,38人,30-99人,主要都市圏,30-99人 / 主要都市圏,1,https://www.makes-view.co.jp/,200,allowed,,https://makes-view.co.jp/recruit,https://makes-view.co.jp/recruit/,homepageAnchor,RECRUIT,ownDomain,high,200,allowed,株式会社メイクスビュー公式採用サイト,true,2,0,false,false,,,1,https://www.makes-view.co.jp/recruitment/,true,2026-10-05T12:49:12.188Z
5120001194964,ＨＯＵＳＥ　ＲＥＶＯ株式会社,13:東京都,5人,5-9人,東京,5-9人 / 東京,1,https://www.house-revo.com/company/,200,unavailable,,https://www.house-revo.com/recruit/,https://www.house-revo.com/recruit/,homepageAnchor,RECRUIT,ownDomain,high,200,unavailable,採用情報 | HOUSE REVO(ハウスレボ) 株式会社,true,1,0,false,false,,,0,,false,2026-10-05T12:49:06.797Z
5120001200862,株式会社コムイット,13:東京都,3人,1-4人,東京,1-4人 / 東京,1,https://www.c-i-t.jp,200,allowed,,https://www.c-i-t.jp/recruit/,https://www.c-i-t.jp/recruit,homepageAnchor,RECRUIT,ownDomain,high,200,allowed,RECRUIT | 株式会社コムイット / WEBコンサルティング・HP制作,true,1,0,false,false,,,1,,false,2026-10-05T12:49:10.513Z
5120001208261,株式会社Ｉｎｄｉｅ－ｕｓ　Ｇａｍｅｓ,27:大阪府,21人,10-29人,主要都市圏,10-29人 / 主要都市圏,1,https://indie-us-games.co.jp,200,allowed,,https://recruit.indie-us-games.co.jp/,https://recruit.indie-us-games.co.jp/,homepageAnchor,RECRUIT,ownDomain,high,200,allowed,Indie-us Games 採用サイト -,true,1,0,false,false,,,0,,false,2026-10-05T12:49:09.269Z
5120001209243,株式会社Ｍｉｃｏ,27:大阪府,226人,100-299人,主要都市圏,100-299人 / 主要都市圏,1,https://mico-inc.com/,200,allowed,,https://careers.mico-inc.com/?_gl=1*1t9hvdd*_gcl_au*MzE0MjQ4MTkyLjE3ODE1ODE3MDQ.,https://careers.mico-inc.com/?_gl=1*1t9hvdd*_gcl_au*MzE0MjQ4MTkyLjE3ODE1ODE3MDQ.,homepageAnchor,Recruit,ownDomain,high,200,allowed,採用情報｜株式会社Mico（ミコ）,true,2,0,false,false,,,0,,false,2026-10-05T12:49:10.516Z
5120001214689,株式会社ＡＩＭＹ,13:東京都,10人,10-29人,東京,10-29人 / 東京,1,https://aimy-group.com/,200,allowed,,https://aimy-group.com/recruit,https://aimy-group.com/recruit,robotsSitemap,,ownDomain,low,200,allowed,株式会社AIMY,false,1,3,false,false,,,0,,false,2026-10-05T12:49:15.419Z
5120001229522,株式会社テックパートナーズ,27:大阪府,2人,1-4人,主要都市圏,1-4人 / 主要都市圏,1,https://tecpartners.jp/,200,unavailable,,https://tecpartners.jp/recruit.html,https://tecpartners.jp/recruit.html,homepageAnchor,採用情報,ownDomain,high,200,unavailable,採用情報 | テックパートナーズカレッジ,true,1,0,false,false,,,0,,false,2026-10-05T12:49:10.043Z
5120001230042,株式会社ＲｅＡｃｔ,27:大阪府,11人,10-29人,主要都市圏,10-29人 / 主要都市圏,1,https://react-system.co.jp/,200,allowed,,https://react-system.co.jp/recruit/,https://react-system.co.jp/recruit/,homepageAnchor,採用情報,ownDomain,high,200,allowed,採用情報 - 株式会社ReAct | 大阪梅田・天満にてシステムコンサル、プログラミングスクール運営をしています,true,1,0,false,false,,,0,,false,2026-10-05T12:49:11.342Z
5120001240685,株式会社オサラキカク,27:大阪府,2人,1-4人,主要都市圏,1-4人 / 主要都市圏,1,https://www.osarakikaku.co.jp/jewelry/,200,allowed,,https://www.osarakikaku.co.jp/recruit,https://www.osarakikaku.co.jp/recruit/,homepageAnchor,採用情報,ownDomain,high,200,allowed,採用情報 - 株式会社オサラキカク,true,1,0,false,true,https://www.osarakikaku.co.jp/,200,1,,false,2026-10-05T12:49:15.000Z
5120001247342,株式会社Ｒｅａｃｈ　ｏｕｔ,27:大阪府,31人,30-99人,主要都市圏,30-99人 / 主要都市圏,1,https://reach-out.co.jp/,200,allowed,,https://reach-out.co.jp/recruit/,https://reach-out.co.jp/recruit/,homepageAnchor,採用,ownDomain,high,200,allowed,採用 - Reach-out,true,1,0,false,false,,,0,,false,2026-10-05T12:49:12.983Z
5120101001319,株式会社エッグ,13:東京都,14人,10-29人,東京,10-29人 / 東京,1,http://egg-net.co.jp/,,unavailable,TypeError:UND_ERR_CONNECT_TIMEOUT,,,,,,,,,,,0,0,,false,,,0,,false,
5120901008546,株式会社メクゼス,27:大阪府,165人,100-299人,主要都市圏,100-299人 / 主要都市圏,1,https://www.mexess.co.jp/,200,allowed,,https://www.mexess.co.jp/recruit/,https://www.mexess.co.jp/recruit/,homepageAnchor,RECRUIT RECRUIT,ownDomain,high,200,allowed,採用情報 - 株式会社メクゼス,true,4,0,false,false,,,0,,false,2026-10-05T12:49:13.735Z
5120901008884,ワイケイエス株式会社,27:大阪府,33人,30-99人,主要都市圏,30-99人 / 主要都市圏,1,https://ykseng.co.jp/,,unavailable,TypeError:UND_ERR_CONNECT_TIMEOUT,,,,,,,,,,,0,0,,false,,,0,,false,
5130001028196,株式会社おいかぜ,26:京都府,16人,10-29人,主要都市圏,10-29人 / 主要都市圏,1,http://www.oikaze.jp/,200,allowed,,https://www.oikaze.jp/recruit,https://www.oikaze.jp/recruit,homepageAnchor,採用情報,ownDomain,high,200,allowed,採用情報 | 株式会社おいかぜ,true,1,0,false,false,,,0,,false,2026-10-05T12:49:19.439Z
5130001029070,株式会社アドインテ,26:京都府,190人,100-299人,主要都市圏,100-299人 / 主要都市圏,1,https://adinte.co.jp/,200,allowed,,https://recruit.adinte.co.jp/,https://recruit.adinte.co.jp/,homepageAnchor,採用情報,ownDomain,high,200,allowed,アドインテ採用情報,true,1,0,false,false,,,0,,false,2026-10-05T12:49:17.590Z
5130001038914,株式会社ラプラス・システム,26:京都府,224人,100-299人,主要都市圏,100-299人 / 主要都市圏,1,http://www.lapsys.co.jp/,200,allowed,,https://www.lapsys.co.jp/recruit,https://www.lapsys.co.jp/recruit/,homepageAnchor,採用情報,ownDomain,high,200,allowed,ラプラス・システム 採用情報,true,11,0,false,false,,,1,,false,2026-10-05T12:49:22.378Z
5130001060240,エニシア株式会社,26:京都府,21人,10-29人,主要都市圏,10-29人 / 主要都市圏,1,https://enishia-inc.co.jp/company/,200,allowed,,,,,,,,,,,,0,3,,true,https://enishia-inc.co.jp/,200,0,,false,
5140001008692,株式会社ＳＲＩシステムズ,28:兵庫県,227人,100-299人,主要都市圏,100-299人 / 主要都市圏,1,http://www.srisys.co.jp/,200,allowed,,http://www.srisys.co.jp/recruit/,http://www.srisys.co.jp/recruit/,homepageAnchor,採用情報,ownDomain,high,200,allowed,採用情報 | (株) SRIシステムズ,true,8,0,false,false,,,0,,false,2026-10-05T12:49:18.233Z
5140001023097,株式会社ポータルズ,27:大阪府,21人,10-29人,主要都市圏,10-29人 / 主要都市圏,1,https://www.portals.co.jp/,200,allowed,,https://www.portals.co.jp/recruit_2023/,https://www.portals.co.jp/recruit_2023/,homepageAnchor,採用情報,ownDomain,high,200,allowed,採用情報 | 整体院・整骨院の集客に強いホームページ制作会社｜ポータルズ,true,1,0,false,false,,,0,,false,2026-10-05T12:49:20.043Z
5140001074792,株式会社ギフトパッド,27:大阪府,142人,100-299人,主要都市圏,100-299人 / 主要都市圏,1,https://corp.giftpad.co.jp/,200,allowed,,https://hrmos.co/pages/gp2011,https://hrmos.co/pages/gp2011,homepageLinkToOfficialAts,採用情報,atsHosted,high,200,unavailable,株式会社ギフトパッド 採用情報,true,1,0,false,false,,,0,,false,2026-10-05T12:49:19.369Z
5140001087712,株式会社ディー・フォレスト,27:大阪府,5人,5-9人,主要都市圏,5-9人 / 主要都市圏,1,https://d-forest-corp.com,200,unavailable,,,,,,,,,,,,0,0,,false,,,0,,false,
5140002024202,株式会社ネオゾーン,28:兵庫県,6人,5-9人,主要都市圏,5-9人 / 主要都市圏,1,http://www.neozone.co.jp/,200,unavailable,,,,,,,,,,,,0,3,,false,,,0,,false,
5160001000276,株式会社エフエム滋賀,25:滋賀県,18人,10-29人,その他,10-29人 / その他,1,http://www.e-radio.co.jp/,200,allowed,,https://www.e-radio.co.jp/recruit/,https://www.e-radio.co.jp/recruit/,homepageAnchor,採用情報,ownDomain,high,200,allowed,e-radio LAKESIDE FM77.0 | 社員採用について |,true,7,0,false,false,,,0,,false,2026-10-05T12:49:27.690Z
5180001004192,株式会社シー・イー・エス,23:愛知県,12人,10-29人,主要都市圏,10-29人 / 主要都市圏,1,https://c-e-s.co.jp,200,allowed,,https://www.c-e-s.co.jp/service/recruit.html,https://www.c-e-s.co.jp/service/recruit.html,homepageAnchor,採用サイト制作,ownDomain,high,200,allowed,採用（リクルート）サイト | 名古屋でホームページ（HP）制作やWEBサイト制作なら株式会社シー・イー・エス,true,5,0,false,false,,,0,,false,2026-10-05T12:49:27.841Z
5180001021618,エムシーシステム株式会社,23:愛知県,20人,10-29人,主要都市圏,10-29人 / 主要都市圏,1,http://www.mcsystem.co.jp/,200,unavailable,,http://www.mcsystem.co.jp/contents/bosyu/main.html,http://www.mcsystem.co.jp/contents/bosyu/main.html,homepageAnchor,社員募集,ownDomain,high,200,unavailable,採用情報,true,1,0,false,false,,,0,http://www.mcsystem.co.jp/,true,2026-10-05T12:49:23.141Z
5180001023333,株式会社オーエイ推進センター,23:愛知県,43人,30-99人,主要都市圏,30-99人 / 主要都市圏,1,http://www.oa-center.co.jp,200,allowed,,https://oa-center.co.jp/recruit/,https://oa-center.co.jp/recruit/,homepageAnchor,採用案内,ownDomain,high,200,allowed,株式会社OA推進センター 採用サイト｜DX HEROES募集！,true,2,0,false,false,,,0,,false,2026-10-05T12:49:32.982Z
5180001031740,豊田通商システムズ株式会社,23:愛知県,500人,300-999人,主要都市圏,300-999人 / 主要都市圏,1,https://www.ttsystems.com/jp,200,allowed,,https://www.ttsystems.com/recruitment/,https://www.ttsystems.com/recruitment/,homepageAnchor,RECRUIT,ownDomain,high,200,allowed,豊田通商システムズ株式会社 採用サイト,true,1,0,false,false,,,0,,false,2026-10-05T12:49:27.509Z
5180001032012,日本システム開発株式会社,23:愛知県,514人,300-999人,主要都市圏,300-999人 / 主要都市圏,1,https://www.nskint.co.jp/,200,allowed,,https://www.nskint.co.jp/recruit_top/,https://www.nskint.co.jp/recruit_top/,homepageAnchor,採用情報 堅実経営を進めつつ、ベンチャー思考で新しい技術にチャレンジしています。 あなたもその一員に加わり、能力を発揮しませんか。 多種多様なプロジェクトが、あなたの情熱を待っています。 Click Here,ownDomain,high,200,allowed,採用情報 - 日本システム開発株式会社(NSK),true,6,0,false,false,,,0,https://www.nskint.co.jp/recruitment/,true,2026-10-05T12:49:31.907Z
5180001034966,岡谷システム株式会社,23:愛知県,188人,100-299人,主要都市圏,100-299人 / 主要都市圏,1,http://www.okaya-system.co.jp/,200,allowed,,https://www.okaya-system.co.jp/recruitment/,https://www.okaya-system.co.jp/recruitment/,homepageAnchor,採用情報,ownDomain,high,200,allowed,採用情報 | 岡谷システム株式会社,true,1,0,false,false,,,0,,false,2026-10-05T12:49:37.442Z
5180001035650,株式会社ゲイン,23:愛知県,39人,30-99人,主要都市圏,30-99人 / 主要都市圏,1,https://www.gain.co.jp/,200,unavailable,,https://gain.co.jp/recruit/,https://gain.co.jp/recruit/,homepageAnchor,Recruit,ownDomain,high,200,unavailable,採用情報｜株式会社ゲイン｜名古屋・東京で「まち」を楽しくする仲間募集,true,12,0,false,false,,,0,,false,2026-10-05T12:49:35.489Z
5180001035980,株式会社中電シーティーアイ,23:愛知県,1111人,1000人以上,主要都市圏,1000人以上 / 主要都市圏,1,https://www.cti.co.jp/initiative/jisedai/,200,allowed,,https://www.cti.co.jp/recruit/,https://www.cti.co.jp/recruit/,homepageAnchor,採用情報を詳しく知る,ownDomain,high,200,allowed,採用情報｜株式会社中電シーティーアイ,true,5,0,false,true,https://www.cti.co.jp/,200,0,,false,2026-10-05T12:49:34.269Z
5180001039651,勤次郎株式会社,13:東京都,315人,300-999人,東京,300-999人 / 東京,1,https://www.kinjiro-e.com/kinjiro-sustainability/,200,allowed,,https://jobee.kinjiro-e.com/,https://jobee.kinjiro-e.com/,homepageAnchor,JOBEE,ownDomain,high,200,allowed,JOBEE（ジョビー） ｜ クラウド勤怠管理システム,true,3,0,false,false,,,0,,false,2026-10-05T12:49:35.445Z
5180001046805,株式会社名古屋リビング新聞社,23:愛知県,26人,10-29人,主要都市圏,10-29人 / 主要都市圏,1,http://rh-group.web.co.jp/NL.html,200,unavailable,,https://rh-group.web.co.jp/recruitment.html,https://rh-group.web.co.jp/recruitment.html,homepageAnchor,グループ各社採用情報,ownDomain,high,200,unavailable,株式会社 流行発信ホールディングス,true,1,0,false,false,,,0,,false,2026-10-05T12:49:40.684Z
5180001049428,アイサンテクノロジー株式会社,23:愛知県,152人,100-299人,主要都市圏,100-299人 / 主要都市圏,1,https://aisan-corp.com/ir/management/human-management/,200,allowed,,https://at-recruit.jp/,,homepageLinkOffDomain,採用情報,otherDomain,low,,,,,2,3,,true,https://www.aisantec.co.jp/,200,0,,false,
5180001070607,シーズウェブ株式会社,23:愛知県,20人,10-29人,主要都市圏,10-29人 / 主要都市圏,1,https://www.seasweb.com/diversity,200,allowed,,https://www.seasweb.com/recruit,https://www.seasweb.com/recruit,homepageAnchor,求人情報,ownDomain,high,200,allowed,求人情報 | コンピュータシステム企画・開発・販売のシーズウェブ株式会社,true,2,0,false,false,,,0,,false,2026-10-05T12:49:39.376Z
5180001072611,株式会社セントラル・デイリー,23:愛知県,84人,30-99人,主要都市圏,30-99人 / 主要都市圏,1,https://www.dac-group.co.jp/,200,allowed,,https://www.dac-group.co.jp/recruit,https://www.dac-group.co.jp/recruit/,homepageAnchor,採用情報,ownDomain,high,200,allowed,採用情報｜DACグループ,true,1,0,false,false,,,1,,false,2026-10-05T12:49:41.392Z
5180001124882,株式会社サニー情報システム,23:愛知県,19人,10-29人,主要都市圏,10-29人 / 主要都市圏,1,https://www.snny.co.jp/,200,allowed,,https://www.snny.co.jp/recruit/,https://www.snny.co.jp/recruit/,homepageAnchor,採用情報,ownDomain,high,200,allowed,採用情報 | 名古屋のITソリューションパートナー｜システム開発・販売・IT支援,true,2,0,false,false,,,0,,false,2026-10-05T12:49:43.341Z
5180001155283,アノマリーマーケティング株式会社,23:愛知県,5人,5-9人,主要都市圏,5-9人 / 主要都市圏,1,https://anomaly-marketing.co.jp/,200,allowed,,https://anomaly-marketing.co.jp/interview/entry-ito/,https://anomaly-marketing.co.jp/interview/entry-ito/,homepageUrlPattern,インタビュー フリーランス→広告代理店へ。第1号運用者が感じた高基準な環境とは,ownDomain,medium,200,allowed,フリーランス→広告代理店へ。第1号運用者が感じた高基準な環境とは - アノマリーマーケティング | Web広告運用代行,true,1,0,false,false,,,0,,false,2026-10-05T12:49:41.938Z
5180003009644,株式会社オンザロード,23:愛知県,21人,10-29人,主要都市圏,10-29人 / 主要都市圏,1,https://www.otr-jp.com,200,allowed,,https://www.otr-jp.com/recruit/,https://www.otr-jp.com/recruit/,homepageAnchor,採用情報,ownDomain,high,200,allowed,採用情報 - 株式会社オンザロード,true,1,0,false,false,,,0,,false,2026-10-05T12:49:51.257Z
5180301021177,株式会社ルーコ,23:愛知県,6人,5-9人,主要都市圏,5-9人 / 主要都市圏,1,https://rou-co.com/overtimework0/flex.html,200,unavailable,,https://rou-co.com/recruit-info/,https://rou-co.com/recruit-info/,homepageAnchor,採用,ownDomain,high,200,unavailable,採用情報 | 集客・販促・ブランディング支援・制作会社（豊田市・全国）,true,2,0,false,false,,,0,,false,2026-10-05T12:49:44.220Z
5190001022061,株式会社サザンダイア,23:愛知県,14人,10-29人,主要都市圏,10-29人 / 主要都市圏,1,https://southerndia.co.jp/,200,allowed,,https://southerndia.co.jp/recruit/,https://southerndia.co.jp/recruit/,homepageAnchor,採用情報 RECRUIT,ownDomain,high,200,allowed,WEBデザイナー / WEBプログラマー | 株式会社サザンダイア,true,1,0,false,false,,,0,,false,2026-10-05T12:49:44.854Z
5190001027696,スパイラルローキャス株式会社,23:愛知県,63人,30-99人,主要都市圏,30-99人 / 主要都市圏,1,http://www.visor.co.jp/,200,unavailable,,https://spiral-locas.co.jp/recruit,https://spiral-locas.co.jp/recruit,robotsSitemap,,otherDomain,medium,200,allowed,採用情報 | スパイラルローキャス株式会社,true,3,3,false,false,,,0,,false,2026-10-05T12:49:56.476Z
5190001029692,株式会社ＡＷＡ,23:愛知県,1人,1-4人,主要都市圏,1-4人 / 主要都市圏,1,https://www.a-w-a.co.jp/,200,allowed,,https://a-w-a.co.jp/recruitment/,https://a-w-a.co.jp/recruitment/,homepageAnchor,採用情報,ownDomain,high,200,allowed,採用情報 | 株式会社AWA,true,1,0,true,false,,,0,,false,2026-10-05T12:49:50.568Z
5200001003514,株式会社電算システム,21:岐阜県,779人,300-999人,その他,300-999人 / その他,1,https://www.densan-s.co.jp/,200,unavailable,,https://www.densan-s.co.jp/recruit/,https://www.densan-s.co.jp/recruit/,homepageAnchor,採用情報,ownDomain,high,200,unavailable,採用情報｜電算システム,true,3,0,false,false,,,0,,false,2026-10-05T12:49:46.965Z
5200001016326,株式会社ライトスピードソリューションズ,21:岐阜県,9人,5-9人,その他,5-9人 / その他,1,https://www.lightspeed.co.jp/,200,unavailable,,https://www.lightspeed.co.jp/recruit,https://www.lightspeed.co.jp/recruit/,homepageAnchor,RECRUIT,ownDomain,high,200,unavailable,採用情報｜株式会社ライトスピードソリューションズ,true,5,0,false,false,,,1,,false,2026-10-05T12:49:48.920Z
5200001029253,リップルネット株式会社,21:岐阜県,6人,5-9人,その他,5-9人 / その他,1,http://www.rip-ple.com/,200,allowed,,https://www.rip-ple.com/654/,https://www.rip-ple.com/654/,homepageAnchor,求人用サイト ［求人特設サイト］山本石油株式会社様,ownDomain,high,200,allowed,［求人特設サイト］山本石油株式会社様,true,3,0,false,false,,,0,,false,2026-10-05T12:49:52.644Z
5210001011755,こしの都ネットワーク株式会社,18:福井県,37人,30-99人,その他,30-99人 / その他,1,https://www.t-catv.co.jp,,unavailable,TypeError:ENOTFOUND,,,,,,,,,,,0,0,,false,,,0,,false,
5210001016390,株式会社江守情報,18:福井県,147人,100-299人,その他,100-299人 / その他,1,https://www.i-emori.co.jp/,200,unavailable,,https://www.i-emori.co.jp/recruit/,https://www.i-emori.co.jp/recruit/,homepageAnchor,RECRUIT,ownDomain,high,200,unavailable,採用情報｜株式会社江守情報,true,3,0,false,false,,,0,,false,2026-10-05T12:49:48.251Z
5210001017281,株式会社ＴＯＮＯＳＡＭＡ,18:福井県,14人,10-29人,その他,10-29人 / その他,1,https://tono-sama.net/,200,allowed,,https://tono-sama.net/recruitment-support/,https://tono-sama.net/recruitment-support/,homepageAnchor,採用支援,ownDomain,high,200,allowed,福井で採用支援ならWeb制作・コンサルティングの株式会社TONOSAMA,true,7,0,false,false,,,0,,false,2026-10-05T12:49:54.525Z
5220002003180,株式会社ジョイテル,17:石川県,34人,30-99人,その他,30-99人 / その他,1,http://www.joy-tel.co.jp/index.html,404,unavailable,http_404,https://joy-tel.co.jp/recruit/,https://joy-tel.co.jp/recruit/,homepageAnchor,採用情報,ownDomain,high,200,allowed,採用情報｜株式会社ジョイテル -JOYTEL-,true,4,0,false,true,https://joy-tel.co.jp/,200,0,,false,2026-10-05T12:50:08.612Z
5230001015977,ステムソフト株式会社,16:富山県,25人,10-29人,その他,10-29人 / その他,1,https://stemsoft.jp/,200,allowed,,https://stemsoft.jp/recruit.html,https://stemsoft.jp/recruit.html,homepageAnchor,採用情報 採用情報,ownDomain,high,200,allowed,採用情報 | ステムソフト株式会社,true,1,0,false,false,,,0,,false,2026-10-05T12:49:53.021Z
5240001030554,株式会社コアシステムズ,34:広島県,25人,10-29人,その他,10-29人 / その他,1,http://www.coasystems.net/,200,allowed,,https://www.coasystems.net/recruit/,https://www.coasystems.net/recruit/,homepageAnchor,採用情報,ownDomain,high,200,allowed,採用情報（正社員／アルバイト） - 株式会社コアシステムズ,true,5,0,false,false,,,0,,false,2026-10-05T12:49:57.361Z
5250001000234,株式会社サンデー山口,35:山口県,8人,5-9人,その他,5-9人 / その他,1,http://www.sunday-yamaguchi.co.jp/,200,allowed,,https://corp.sunday-yamaguchi.co.jp/recruit/index.php,https://corp.sunday-yamaguchi.co.jp/recruit/index.php,homepageAnchor,採用案内へ,ownDomain,high,200,unavailable,山口の地域情報紙・サンデー山口,true,5,0,false,false,,,0,,false,2026-10-05T12:49:58.495Z
5260001001256,岡山放送株式会社,33:岡山県,132人,100-299人,その他,100-299人 / その他,1,http://www.ohk.co.jp,200,unavailable,,https://recruit.ohk.co.jp/,https://recruit.ohk.co.jp/,homepageAnchor,採用情報,ownDomain,high,200,unavailable,OHK岡山放送リクルートサイト,true,6,0,false,false,,,0,,false,2026-10-05T12:50:01.289Z
5260001009274,ウェブクリエイティブ株式会社,33:岡山県,10人,10-29人,その他,10-29人 / その他,1,https://web3.co.jp/,200,allowed,,https://web3.co.jp/recruit/,https://web3.co.jp/recruit/,robotsSitemap,,ownDomain,low,404,allowed,,,7,1,,false,,,0,,false,2026-10-05T12:49:57.356Z
5260001021015,株式会社アサンテ,33:岡山県,5人,5-9人,その他,5-9人 / その他,1,http://www.asantesana.jp,200,allowed,,,,,,,,,,,,0,1,,false,,,0,,false,
5280001001056,和幸情報システム株式会社,32:島根県,60人,30-99人,その他,30-99人 / その他,1,https://www.wisys.co.jp/,200,unavailable,,https://recruit.wisys.co.jp/,https://recruit.wisys.co.jp/,homepageAnchor,RECRUIT 採用サイト,ownDomain,high,200,unavailable,和幸情報システム株式会社｜採用専用サイト,true,1,0,false,false,,,0,,false,2026-10-05T12:49:58.340Z
5290001007168,株式会社九州日立システムズ,40:福岡県,567人,300-999人,主要都市圏,300-999人 / 主要都市圏,1,http://www.kyushu-hitachi-systems.co.jp/,200,unavailable,,https://www.kyushu-hitachi-systems.co.jp/careers/index.html,https://www.kyushu-hitachi-systems.co.jp/careers/index.html,homepageAnchor,採用,ownDomain,low,200,unavailable,,false,1,0,false,false,,,0,,false,2026-10-05T12:50:04.265Z
5290001009866,株式会社ＨＴＳライズ,40:福岡県,81人,30-99人,主要都市圏,30-99人 / 主要都市圏,1,https://www.htsrise.com,200,unavailable,,https://www.kkhts.com/recruit/,,homepageLinkOffDomain,採用情報,otherDomain,low,,,,,1,0,,false,,,0,,false,
5290001010106,フォーサイトシステム株式会社,40:福岡県,471人,300-999人,主要都市圏,300-999人 / 主要都市圏,1,https://www.foresight.co.jp/,200,unavailable,,https://foresight.co.jp/pages/53/,https://foresight.co.jp/pages/53/,homepageAnchor,採用情報,ownDomain,high,200,unavailable,採用情報｜フォーサイトシステム株式会社,true,2,0,false,false,,,0,,false,2026-10-05T12:50:07.153Z
5290001013199,株式会社コンピューターサイエンス,40:福岡県,8人,5-9人,主要都市圏,5-9人 / 主要都市圏,1,http://www.netcs.co.jp,200,unavailable,,https://www.netcs.co.jp/recruit,https://www.netcs.co.jp/recruit/,homepageAnchor,採用情報,ownDomain,high,200,unavailable,採用情報 | 株式会社 コンピューターサイエンス,true,4,0,false,false,,,1,,false,2026-10-05T12:50:07.932Z
5290001014049,西部ガス情報システム株式会社,40:福岡県,213人,100-299人,主要都市圏,100-299人 / 主要都市圏,1,https://www.sgis.co.jp/,200,unavailable,,https://recruit.sgis.co.jp/,https://recruit.sgis.co.jp/,homepageAnchor,採用情報,ownDomain,high,200,unavailable,西部ガス情報システム株式会社 採用サイト,true,1,0,false,false,,,0,,false,2026-10-05T12:50:03.257Z
5290001026969,株式会社ダイヤグラムシステム,40:福岡県,19人,10-29人,主要都市圏,10-29人 / 主要都市圏,1,https://diagram.co.jp/,200,unavailable,,https://diagram.co.jp/recruit/,https://diagram.co.jp/recruit/,homepageAnchor,採用情報はこちら,ownDomain,high,200,unavailable,RECRUITMENT / 株式会社ダイヤグラムシステム,true,1,0,false,false,,,0,,false,2026-10-05T12:50:02.173Z
5290001029988,フロイデ株式会社,40:福岡県,75人,30-99人,主要都市圏,30-99人 / 主要都市圏,1,https://froide.co.jp/,200,allowed,,https://froide.co.jp/recruit,https://froide.co.jp/recruit,robotsSitemap,,ownDomain,medium,200,allowed,採用情報 | フロイデ株式会社 | Freude,true,3,2,false,false,,,0,,false,2026-10-05T12:50:08.009Z
5290001046091,株式会社イーサポート,40:福岡県,60人,30-99人,主要都市圏,30-99人 / 主要都市圏,1,https://www.e-sapo.co.jp/,200,allowed,,https://www.e-sapo.co.jp/recruit,https://www.e-sapo.co.jp/recruit/,homepageAnchor,RECRUIT,ownDomain,high,200,allowed,採用情報 –,true,3,0,false,false,,,1,,false,2026-10-05T12:50:07.659Z
5290801002046,株式会社ゼンリン,40:福岡県,2441人,1000人以上,主要都市圏,1000人以上 / 主要都市圏,1,http://www.zenrin.co.jp/,200,unavailable,,https://www.zenrin.co.jp/company/saiyo/index.html,https://www.zenrin.co.jp/company/saiyo/index.html,homepageAnchor,採用情報,ownDomain,high,200,unavailable,採用情報 | 株式会社ゼンリン,true,1,0,false,false,,,0,,false,2026-10-05T12:50:10.472Z
5290801003746,株式会社ＹＥ　ＤＩＧＩＴＡＬ　Ｋｙｕｓｈｕ,40:福岡県,155人,100-299人,主要都市圏,100-299人 / 主要都市圏,1,http://www.openkit.com,200,unavailable,,https://www.openkit.com/recruit/,https://www.openkit.com/recruit/,homepageAnchor,採用情報,ownDomain,high,200,unavailable,採用情報｜株式会社YEデジタル Kyushu,true,5,0,false,false,,,0,,false,2026-10-05T12:50:10.972Z
5290801004133,株式会社ガーマンドシステム,40:福岡県,24人,10-29人,主要都市圏,10-29人 / 主要都市圏,1,https://garmand.co.jp,200,allowed,,https://garmand.co.jp/careers/,https://garmand.co.jp/careers/messages/,homepageAnchor,採用情報,ownDomain,high,200,allowed,メッセージ | 【システム開発・Web制作】ガ―マンドシステム｜北九州市,true,9,0,false,false,,,2,,false,2026-10-05T12:50:12.996Z
5330001001488,株式会社ＫＩＳ,43:熊本県,308人,300-999人,その他,300-999人 / その他,1,https://www.kis.co.jp/company_next/,200,allowed,,https://www.kis.co.jp/recruit/,https://www.kis.co.jp/recruit/,homepageUrlPattern,リクルートサイト,ownDomain,medium,200,allowed,KISリクルートサイト｜熊本のIT企業で、人と繋がり成長しよう,true,1,0,false,false,,,0,https://www.kis.co.jp/recruit/,true,2026-10-05T12:50:12.105Z
5340001005471,株式会社エス・テー・ラボ,46:鹿児島県,30人,30-99人,その他,30-99人 / その他,1,http://stlabj.co.jp/,,unavailable,TypeError:ENOTFOUND,,,,,,,,,,,0,0,,false,,,0,,false,
5350001002716,スパークジャパン株式会社,45:宮崎県,80人,30-99人,その他,30-99人 / その他,1,http://www.sparkjapan.co.jp/,200,allowed,,https://www.sparkjapan.co.jp/recruit,https://www.sparkjapan.co.jp/recruit/,homepageAnchor,採用情報 RECRUIT,ownDomain,high,200,allowed,RECRUIT | スパークジャパン株式会社 | 業務改善から始める、実効性のあるDXを実現,true,3,0,false,false,,,1,,false,2026-10-05T12:50:17.067Z
5360001000413,沖縄セルラー電話株式会社,47:沖縄県,323人,300-999人,その他,300-999人 / その他,1,https://okinawa-cellular.jp/,200,allowed,,https://okinawa-cellular.jp/recruit/,https://corp.okinawa-cellular.jp/recruit/,robotsSitemap,,ownDomain,medium,200,allowed,採用情報 | 沖縄セルラー電話株式会社,true,1,2,false,false,,,1,,false,2026-10-05T12:50:15.914Z
5360001004983,琉球Ｓｏｆｔｗａｒｅ株式会社,47:沖縄県,20人,10-29人,その他,10-29人 / その他,1,https://www.ryukyusoftware.co.jp/,200,unavailable,,https://www.ryukyusoftware.co.jp/recruit/,https://www.ryukyusoftware.co.jp/recruit/,homepageAnchor,RECRUIT,ownDomain,high,200,unavailable,琉球Software株式会社｜採用サイト,true,3,0,false,false,,,0,https://job.mynavi.jp/23/pc/search/corp77736/outline.html,true,2026-10-05T12:50:11.738Z
5360001009470,株式会社リュウズシステム,47:沖縄県,38人,30-99人,その他,30-99人 / その他,1,http://ryussystem.co.jp/,200,allowed,,https://ryussystem.co.jp/recruit/,https://ryussystem.co.jp/recruit/,robotsSitemap,,ownDomain,medium,200,allowed,採用情報 | 株式会社リュウズシステム,true,2,3,false,false,,,0,https://ryussystem.co.jp/#___page-recruit,true,2026-10-05T12:50:24.843Z
5360001017713,株式会社いえらぶ琉球,47:沖縄県,56人,30-99人,その他,30-99人 / その他,1,http://www.ielove-ryukyu.co.jp/,200,unavailable,,https://recruit.ielove-ryukyu.co.jp/,https://recruit.ielove-ryukyu.co.jp/,homepageAnchor,Recruit Recruit,ownDomain,high,200,allowed,沖縄のIT企業で働く｜株式会社いえらぶ琉球 採用サイト,true,1,0,false,false,,,0,,false,2026-10-05T12:50:14.535Z
5360001019668,ちゅらっぷす株式会社,47:沖縄県,38人,30-99人,その他,30-99人 / その他,1,https://churapps.co.jp/,200,unavailable,,,,,,,,,,,,0,0,,false,,,0,,false,
5360001024511,株式会社エアクル,47:沖縄県,28人,10-29人,その他,10-29人 / その他,1,https://alpacalab.jp/,,unavailable,TypeError:CERT_HAS_EXPIRED,,,,,,,,,,,0,0,,false,,,0,,false,
5370001008075,株式会社コンピュータシステム研究所,04:宮城県,523人,300-999人,その他,300-999人 / その他,1,https://www.cstnet.co.jp,200,allowed,,https://www.cstnet.co.jp/recruit/index.html,https://www.cstnet.co.jp/recruit/index.html,homepageAnchor,採用情報,ownDomain,high,200,allowed,採用情報｜株式会社 コンピュータシステム研究所,true,1,0,false,false,,,0,,false,2026-10-05T12:50:15.210Z
5370001011434,株式会社トインクス,04:宮城県,798人,300-999人,その他,300-999人 / その他,1,https://www.toinx.co.jp/,403,unavailable,http_403,,,,,,,,,,,0,0,,false,,,0,,false,
5380001034153,株式会社ニボシ,07:福島県,12人,10-29人,その他,10-29人 / その他,1,https://www.niboshi.co.jp,200,allowed,,https://niboshi.co.jp/%e6%8e%a1%e7%94%a8%e6%83%85%e5%a0%b1/,https://niboshi.co.jp/%e6%8e%a1%e7%94%a8%e6%83%85%e5%a0%b1/,homepageAnchor,採用情報,ownDomain,high,200,allowed,RECRUITMENT 採用情報 – 株式会社ニボシ,true,2,0,false,false,,,0,,false,2026-10-05T12:50:21.284Z
5390001001417,株式会社東北バンキングシステムズ,06:山形県,39人,30-99人,その他,30-99人 / その他,1,http://www.tb-system.co.jp/,200,unavailable,,https://www.tb-system.co.jp/recruit.html,https://www.tb-system.co.jp/recruit.html,homepageAnchor,採用情報,ownDomain,high,200,unavailable,RECRUIT｜株式会社 東北バンキングシステムズ,true,2,0,false,false,,,0,,false,2026-10-05T12:50:23.179Z
5390001002621,株式会社ハイテックシステム,06:山形県,21人,10-29人,その他,10-29人 / その他,1,https://www.hightech.co.jp,200,unavailable,,https://www.hightech.co.jp/recruit/index.html,https://www.hightech.co.jp/recruit/,homepageAnchor,採用情報,ownDomain,high,200,unavailable,株式会社ハイテックシステム リクルートサイト | HighTechSystem,true,1,0,false,false,,,1,,false,2026-10-05T12:50:19.973Z
5390001013511,Ａ－Ｓｙｓｔｅｍｓ株式会社,06:山形県,17人,10-29人,その他,10-29人 / その他,1,https://www.a-systems.jp/,200,unavailable,,https://www.a-systems.jp/recruit/,https://www.a-systems.jp/recruit/,homepageAnchor,採用情報,ownDomain,high,200,unavailable,採用情報 | A-Systems株式会社｜山形県山形市,true,2,0,false,false,,,0,https://www.a-systems.jp/recruit/recruit-sitemap.html,true,2026-10-05T12:50:18.490Z
5400001000020,株式会社アイシーエス,03:岩手県,550人,300-999人,その他,300-999人 / その他,1,https://www.ics.co.jp/,200,allowed,,https://www.ics.co.jp/recruit,https://www.ics.co.jp/recruit,homepageAnchor,採用情報,ownDomain,high,200,allowed,採用サイトトップ | 株式会社アイシーエス,true,1,0,false,false,,,0,,false,2026-10-05T12:50:19.811Z
5400001000029,株式会社アイビーシー・ソフトアルファ,03:岩手県,96人,30-99人,その他,30-99人 / その他,1,https://www.ibcsoft.ne.jp/,200,allowed,,https://www.ibcsoft.ne.jp/recruit/,https://www.ibcsoft.ne.jp/recruit/,homepageAnchor,盛岡市でシステム開発を行う正社員の採用・求人情報,ownDomain,high,200,allowed,採用情報 | 株式会社IBCソフトアルファ,true,6,0,false,false,,,0,,false,2026-10-05T12:50:19.884Z
5430001025535,株式会社ナスカコンピュータ,01:北海道,57人,30-99人,主要都市圏,30-99人 / 主要都市圏,1,https://www.nazcacomputer.com/,200,allowed,,https://www.nazcacomputer.com/recruit/,https://www.nazcacomputer.com/recruit/,homepageAnchor,採用情報,ownDomain,high,200,allowed,採用情報 | 株式会社ナスカコンピュータ,true,7,0,false,false,,,0,https://www.nazcacomputer.com/recruit/,true,2026-10-05T12:50:20.690Z
5430001030741,株式会社アンフィニ,01:北海道,32人,30-99人,主要都市圏,30-99人 / 主要都市圏,1,http://www.infini-crew.co.jp,200,unavailable,,http://www.infini-crew.co.jp/employmentInformation.html,http://www.infini-crew.co.jp/employmentInformation.html,homepageUrlPattern,,ownDomain,medium,200,unavailable,採用情報,true,1,0,false,false,,,0,,false,2026-10-05T12:50:21.608Z
5430001040807,株式会社ソルブブレイン,01:北海道,11人,10-29人,主要都市圏,10-29人 / 主要都市圏,1,https://solve-brain.com/,200,allowed,,https://solve-brain.com/recruitment/,https://solve-brain.com/recruitment/,homepageAnchor,採用情報,ownDomain,high,200,allowed,採用情報 – 株式会社ソルブブレイン,true,3,0,false,false,,,0,,false,2026-10-05T12:50:23.675Z
5430001041409,アールズ株式会社,01:北海道,10人,10-29人,主要都市圏,10-29人 / 主要都市圏,1,http://rrr-z.jp/about/,200,allowed,,https://rrr-z.jp/recruit/,https://rrr-z.jp/recruit/,homepageAnchor,採用情報,ownDomain,high,200,allowed,採用情報 - アールズ株式会社,true,4,0,false,false,,,0,,false,2026-10-05T12:50:25.796Z
5430001064723,株式会社アレクト,01:北海道,45人,30-99人,主要都市圏,30-99人 / 主要都市圏,1,https://www.arect.co.jp/,200,allowed,,https://www.arect.co.jp/recruit/,https://www.arect.co.jp/recruit/,homepageAnchor,Recruit,ownDomain,high,200,allowed,"Recruit – ARECT, INC",true,1,0,false,false,,,0,,false,2026-10-05T12:50:25.904Z
5430001073807,株式会社シンカリンク,01:北海道,2人,1-4人,主要都市圏,1-4人 / 主要都市圏,1,https://sinka.link,200,unavailable,,,,,,,,,,,,0,0,,false,,,0,,false,
5430001075786,株式会社電通デジタルアンカー,13:東京都,345人,300-999人,東京,300-999人 / 東京,1,https://www.dentsu-danchor.co.jp/,200,allowed,,https://www.dentsu-danchor.co.jp/recruit/,https://www.dentsu-danchor.co.jp/recruit/,homepageAnchor,採用情報,ownDomain,high,200,allowed,採用情報 - Dentsu Digital Anchor Inc.,true,10,0,false,false,,,0,,false,2026-10-05T12:50:25.394Z
5430001082452,株式会社池内システムインテグレーション,01:北海道,4人,1-4人,主要都市圏,1-4人 / 主要都市圏,1,https://isi.ikeuchigroup.com/,200,allowed,,https://www.ikeuchigroup.com/careers/,https://www.ikeuchigroup.com/careers/,homepageAnchor,採用情報,ownDomain,high,200,allowed,採用情報 | IKEUCHI GROUP/池内グループ,true,1,0,false,false,,,0,,false,2026-10-05T12:50:25.827Z
5430002036449,株式会社エスイーギルド,01:北海道,17人,10-29人,主要都市圏,10-29人 / 主要都市圏,1,http://seguild.com/,200,allowed,,http://seguild.com/recruit/,http://seguild.com/recruit/,homepageAnchor,採用情報サイトを独立させました,ownDomain,high,200,allowed,株式会社エスイーギルド採用情報サイト,true,4,0,false,false,,,0,,false,2026-10-05T12:50:25.913Z
5430003016763,合同会社リベリオン,01:北海道,1人,1-4人,主要都市圏,1-4人 / 主要都市圏,1,https://www.rebellion-inc.jp/,200,allowed,,,,,,,,,,,,0,1,,false,,,0,,false,
5440005001399,ハコレコドットコム株式会社,01:北海道,8人,5-9人,主要都市圏,5-9人 / 主要都市圏,1,https://www.hakoreco.com/,200,allowed,,https://www.hakoreco.com/recruit-info,https://www.hakoreco.com/recruit-info/,homepageAnchor,募集要項,ownDomain,high,200,allowed,採用情報 - 募集要項｜ハコレコドットコム株式会社,true,3,0,false,false,,,1,,false,2026-10-05T12:50:28.691Z
5450001005832,エイエステック株式会社,01:北海道,6人,5-9人,主要都市圏,5-9人 / 主要都市圏,1,http://as-tecs.co.jp/,200,unavailable,,,,,,,,,,,,0,0,,false,,,0,,false,
5462501000147,中央コンピューターサービス株式会社,01:北海道,98人,30-99人,主要都市圏,30-99人 / 主要都市圏,1,https://www.ccs1981.jp/,200,allowed,,https://www.ccs1981.jp/recruit/,https://www.ccs1981.jp/recruit/,homepageAnchor,採用情報,ownDomain,high,200,allowed,採用サイトTOP | 中央コンピューターサービス（CCS）,true,5,0,false,false,,,0,,false,2026-10-05T12:50:28.801Z
5480002015984,有限会社データプロ,36:徳島県,21人,10-29人,その他,10-29人 / その他,1,http://dp778.co.jp/,200,allowed,,https://dp778.co.jp/recruit/,https://dp778.co.jp/recruit/,homepageAnchor,Recruit,ownDomain,high,200,allowed,採用サイト｜有限会社データプロ,true,2,0,false,false,,,0,,false,2026-10-05T12:50:34.083Z
5500001000984,株式会社ＮＴＴデータ四国,38:愛媛県,259人,100-299人,その他,100-299人 / その他,1,http://www.nttdata-shikoku.co.jp/company/,200,allowed,,https://www.nttdata-shikoku.co.jp/recruit/,https://www.nttdata-shikoku.co.jp/recruit/,homepageAnchor,採用情報,ownDomain,high,200,allowed,採用情報｜NTTデータ四国,true,1,0,false,false,,,0,,false,2026-10-05T12:50:33.517Z
5500001005843,株式会社アイサイト,38:愛媛県,66人,30-99人,その他,30-99人 / その他,1,https://www.i-site.co.jp/,200,allowed,,https://www.i-site.co.jp/recruit/,https://www.i-site.co.jp/recruit/,homepageAnchor,採用情報,ownDomain,high,200,allowed,採用情報 | 株式会社 アイサイト I-SITE,true,2,0,false,false,,,0,,false,2026-10-05T12:50:29.547Z
6010001005504,株式会社同友館,13:東京都,8人,5-9人,東京,5-9人 / 東京,1,http://www.doyukan.co.jp/,200,allowed,,,,,,,,,,,,0,0,,false,,,0,,false,
6010001009637,株式会社アーク情報システム,13:東京都,135人,100-299人,東京,100-299人 / 東京,1,https://www.ark-info-sys.co.jp/,200,allowed,,https://www.recruit.ark-info-sys.co.jp/,https://www.recruit.ark-info-sys.co.jp/,homepageAnchor,新卒採用,ownDomain,high,200,allowed,ソフトウェアエンジニア | アーク情報システム 採用ページ | 日本,true,4,0,false,false,,,0,,false,2026-10-05T12:50:29.908Z
6010001010322,株式会社アルカディアソフト開発,13:東京都,43人,30-99人,東京,30-99人 / 東京,1,https://www.arcadia-soft.co.jp/,200,allowed,,https://www.arcadia-soft.co.jp/career,https://www.arcadia-soft.co.jp/career/,homepageAnchor,募集要項（キャリア）,ownDomain,high,200,allowed,募集要項（キャリア） | 貿易管理システム｜アルカディアソフト開発,true,6,0,false,false,,,1,,false,2026-10-05T12:50:32.390Z
6010001010826,株式会社岩波書店,13:東京都,148人,100-299人,東京,100-299人 / 東京,1,https://www.iwanami.co.jp/,200,allowed,,https://www.iwanami.co.jp/company/cc1209.html,https://www.iwanami.co.jp/company/cc1209.html,homepageAnchor,採用情報,ownDomain,high,200,allowed,採用情報 - 岩波書店,true,1,0,false,false,,,0,,false,2026-10-05T12:50:31.835Z
6010001011147,株式会社インターネットイニシアティブ,13:東京都,3018人,1000人以上,東京,1000人以上 / 東京,1,https://www.iij.ad.jp/,200,unavailable,,https://www.iij.ad.jp/recruit/,https://www.iij.ad.jp/recruit/,homepageAnchor,Recruit IIJと、インターネット・ITの未来を 共に切り拓いていく仲間を募集しています。 IIJの採用情報を見る,ownDomain,high,200,unavailable,採用サイト｜インターネットイニシアティブ(IIJ),true,3,0,false,false,,,0,,false,2026-10-05T12:50:32.023Z
6010001028348,フラクタルシステムズ株式会社,13:東京都,85人,30-99人,東京,30-99人 / 東京,1,https://www.fractal.co.jp/corporate-initiatives/,200,allowed,,https://www.fractal.co.jp/service_category/mid-career-recruitment/,https://www.fractal.co.jp/service_category/mid-career-recruitment/,homepageAnchor,中途採用,ownDomain,high,200,allowed,中途採用 – フラクタルシステムズ株式会社,true,3,0,false,false,,,0,,false,2026-10-05T12:50:33.019Z
6010001030403,株式会社三菱総合研究所,13:東京都,1255人,1000人以上,東京,1000人以上 / 東京,1,https://www.mri.co.jp/sustainability/social/balance.html,404,unavailable,http_404,,,,,,,,,,,0,0,,true,https://www.mri.co.jp/,404,0,,false,
6010001034809,松竹株式会社,13:東京都,906人,300-999人,東京,300-999人 / 東京,1,http://www.shochiku.co.jp/,200,allowed,,https://www.shochiku.co.jp/company/recruit/,https://www.shochiku.co.jp/company/recruit/,homepageAnchor,採用情報,ownDomain,high,200,allowed,採用情報,true,8,0,false,false,,,0,,false,2026-10-05T12:50:39.511Z
6010001034866,東映株式会社,13:東京都,461人,300-999人,東京,300-999人 / 東京,1,http://www.toei.co.jp/,200,allowed,,https://www.toei.co.jp/recruit/,https://www.toei.co.jp/recruit/,homepageAnchor,MID CAREER 中途採用,ownDomain,high,200,allowed,採用情報 | 東映株式会社,true,4,0,false,false,,,0,,false,2026-10-05T12:50:39.668Z
6010001045145,サン情報サービス株式会社,13:東京都,116人,100-299人,東京,100-299人 / 東京,1,http://www.sisco.co.jp/,200,allowed,,https://sisco.co.jp/recruit/,https://sisco.co.jp/recruit/,homepageAnchor,採用情報,ownDomain,high,200,allowed,採用情報 | サン情報サービス株式会社,true,8,0,false,false,,,0,,false,2026-10-05T12:50:50.310Z
6010001060433,リコーＩＴソリューションズ株式会社,14:神奈川県,1032人,1000人以上,主要都市圏,1000人以上 / 主要都市圏,1,http://www.jrits.co.jp/,200,unavailable,,https://www.jrits.co.jp/recruit/,https://www.jrits.co.jp/recruit/,homepageAnchor,採用情報,ownDomain,high,200,unavailable,採用情報 | リコーITソリューションズ株式会社,true,8,0,false,false,,,0,,false,2026-10-05T12:50:40.258Z
6010001065903,ストックウェザー株式会社,13:東京都,48人,30-99人,東京,30-99人 / 東京,1,https://finance.stockweather.co.jp/,200,unavailable,,,,,,,,,,,,0,0,,false,,,0,,false,
6010001066950,オープンリソース株式会社,13:東京都,194人,100-299人,東京,100-299人 / 東京,1,http://www.orc-net.com/,200,unavailable,,https://recruit.gooddays.jp/,https://recruit.gooddays.jp/,homepageAnchor,Recruit 採用情報,otherDomain,high,200,unavailable,新卒・中途採用サイト｜gooddaysホールディングス株式会社,true,1,0,false,false,,,0,,false,2026-10-05T12:50:42.725Z
6010001072478,ポリゴンマジック株式会社,13:東京都,125人,100-299人,東京,100-299人 / 東京,1,http://www.polygonmagic.com/,200,allowed,,https://polygon-saiyo.com/,,homepageLinkOffDomain,採用情報,otherDomain,low,,,,,2,0,,false,,,0,,false,
6010001076116,新日本システック株式会社,13:東京都,164人,100-299人,東京,100-299人 / 東京,1,https://www.snsystec.co.jp/,200,allowed,,https://www.snsystec.co.jp/recruit/,https://www.snsystec.co.jp/recruit/,homepageAnchor,採用情報,ownDomain,high,200,allowed,採用情報 | 新日本システック,true,4,0,false,false,,,0,https://www.snsystec.co.jp/recruit/,true,2026-10-05T12:50:38.807Z
6010001081280,株式会社ネクソン,13:東京都,248人,100-299人,東京,100-299人 / 東京,1,http://www.nexon.co.jp,200,allowed,,https://recruit.nexon.co.jp/,https://recruit.nexon.co.jp/,homepageAnchor,Careers,ownDomain,high,200,allowed,株式会社ネクソン 採用サイト,true,1,0,false,false,,,0,,false,2026-10-05T12:50:38.176Z
6010001082956,株式会社ユニメディア,13:東京都,82人,30-99人,東京,30-99人 / 東京,1,https://unimedia.co.jp/,200,allowed,,,,,,,,,,,,0,3,,false,,,0,,false,
6010001083962,株式会社交通タイムス社,13:東京都,44人,30-99人,東京,30-99人 / 東京,1,https://www.kotsu-times.jp/,200,allowed,,https://www.kotsu-times.jp/recruit_h/,https://www.kotsu-times.jp/recruit_h/,homepageAnchor,採用情報(東京) !new!,ownDomain,low,404,allowed,,,2,0,,false,,,0,,false,2026-10-05T12:50:42.182Z
6010001087146,リアルシス株式会社,13:東京都,85人,30-99人,東京,30-99人 / 東京,1,https://www.realsys.co.jp/,,unavailable,TypeError:DEPTH_ZERO_SELF_SIGNED_CERT,,,,,,,,,,,0,0,,false,,,0,,false,
6010001092955,メディアコンソーシアム株式会社,13:東京都,19人,10-29人,東京,10-29人 / 東京,1,http://www.mediaconsortium.co.jp/index.html,,unavailable,TypeError:ENOTFOUND,,,,,,,,,,,0,0,,true,http://www.mediaconsortium.co.jp/,,0,,false,
6010001093945,グローディア株式会社,13:東京都,54人,30-99人,東京,30-99人 / 東京,1,https://glodia.jp/recruit_main/work-environment/employee-benefits/,200,allowed,,https://glodia.jp/recruit_main/,https://glodia.jp/recruit_main/,homepageAnchor,採用情報,ownDomain,high,200,allowed,採用情報 – グローディア株式会社,true,4,0,false,false,,,0,,false,2026-10-05T12:50:45.238Z
6010001097517,株式会社ネクストジェン,13:東京都,139人,100-299人,東京,100-299人 / 東京,1,http://www.nextgen.co.jp,200,allowed,,https://recruit.nextgen.co.jp/,https://recruit.nextgen.co.jp/,homepageAnchor,採用情報,ownDomain,high,200,allowed,採用サイト| 株式会社ネクストジェン,true,2,0,false,false,,,0,,false,2026-10-05T12:50:49.028Z
6010001100734,ＪＩＰテクノサイエンス株式会社,13:東京都,275人,100-299人,東京,100-299人 / 東京,1,http://www.jip-ts.co.jp/index.html,200,unavailable,,https://www.jip-ts.co.jp/recruit/,https://www.jip-ts.co.jp/recruit/,homepageAnchor,採用情報,ownDomain,high,200,unavailable,JIPテクノサイエンス 採用情報,true,2,0,false,false,,,0,,false,2026-10-05T12:50:50.489Z
6010001102581,シスココンサルティング株式会社,13:東京都,60人,30-99人,東京,30-99人 / 東京,1,https://www.sisco-consulting.co.jp/,200,unavailable,,https://www.sisco-consulting.co.jp/recruit/,https://www.sisco-consulting.co.jp/recruit/,homepageAnchor,採用情報,ownDomain,high,200,unavailable,採用情報｜シスコ コンサルティング株式会社 - シスコ コンサルティング株式会社はビジネスを前進させるソリューションと満足をご提供いたします。,true,5,0,false,false,,,0,https://www.sisco-consulting.co.jp/recruit,true,2026-10-05T12:50:47.121Z
6010001105345,株式会社Ｂｌｕｅｓｈｉｐ,13:東京都,82人,30-99人,東京,30-99人 / 東京,1,https://www.blueship.co.jp/,200,allowed,,https://www.blueship.co.jp/career/,https://www.blueship.co.jp/career,homepageAnchor,採用情報,ownDomain,high,200,allowed,採用情報 | 株式会社 Blueship,true,1,0,false,false,,,1,,false,2026-10-05T12:50:48.758Z
6010001106038,株式会社パワーソリューションズ,13:東京都,319人,300-999人,東京,300-999人 / 東京,1,https://powersolutions.co.jp/,200,allowed,,https://powersolutions.co.jp/recruit/,https://powersolutions.co.jp/recruit/,homepageAnchor,採用情報,ownDomain,high,200,allowed,採用情報｜パワーソリューションズ,true,2,0,false,false,,,0,,false,2026-10-05T12:50:48.547Z
6010001120410,株式会社サイバーディフェンス研究所,13:東京都,67人,30-99人,東京,30-99人 / 東京,1,https://www.cyberdefense.jp/,200,allowed,,https://www.cyberdefense.jp/career.html,https://www.cyberdefense.jp/career,homepageAnchor,採用情報,ownDomain,high,200,allowed,採用情報｜サイバーディフェンス研究所,true,21,0,false,false,,,1,https://www.cyberdefense.jp/career.html,true,2026-10-05T12:50:50.093Z
6010001121012,ナショナルソフトウェア株式会社,13:東京都,328人,300-999人,東京,300-999人 / 東京,1,https://www.nationalsoftware.co.jp/,200,allowed,,https://www.nationalsoftware.co.jp/recruit,https://www.nationalsoftware.co.jp/recruit/,homepageAnchor,RECRUIT 採用情報 文系でも理系でも、 新卒でも第二新卒でも。,ownDomain,high,200,allowed,ナショナルソフトウェア採用サイト,true,3,0,false,false,,,1,,false,2026-10-05T12:50:53.337Z
6010001121342,株式会社チアーズ,14:神奈川県,3人,1-4人,主要都市圏,1-4人 / 主要都市圏,1,https://33cheers.jp/,200,allowed,,,,,,,,,,,,0,3,,false,,,0,,false,
6010001125005,インタセクト・コミュニケーションズ株式会社,13:東京都,137人,100-299人,東京,100-299人 / 東京,1,https://www.intasect.com/,200,allowed,,https://www.intasect.com/recruit.html,https://www.intasect.com/recruit.html,homepageAnchor,採用情報,ownDomain,high,200,allowed,採用情報 | インタセクト・コミュニケーションズ株式会社,true,12,0,false,false,,,0,,false,2026-10-05T12:50:51.684Z
6010001127835,ディー・アール・テクノロジー株式会社,13:東京都,56人,30-99人,東京,30-99人 / 東京,1,https://www.drtech.jp/,200,allowed,,https://www.drtech.jp/recruit/,https://www.drtech.jp/recruit/,homepageAnchor,採用情報,ownDomain,high,200,allowed,採用情報 – ディー・アール・テクノロジー株式会社,true,1,0,false,false,,,0,,false,2026-10-05T12:50:52.320Z
6010001127884,株式会社ユビレジ,13:東京都,78人,30-99人,東京,30-99人 / 東京,1,https://corp.ubiregi.jp/acceptance/,200,allowed,,https://herp.careers/v1/ubiregi,https://herp.careers/v1/ubiregi,homepageLinkToOfficialAts,募集内容一覧へ,atsHosted,high,200,allowed,株式会社ユビレジ の全ての求人一覧,true,2,0,false,false,,,0,,false,2026-10-05T12:50:52.875Z
6010001128313,株式会社ＡＳＳ,13:東京都,3人,1-4人,東京,1-4人 / 東京,1,http://as-systems.jp,200,unavailable,,https://as-systems.jp/career/employment.html,https://as-systems.jp/career/employment.html,homepageUrlPattern,正社員・契約社員,ownDomain,medium,200,unavailable,採用情報 - 株式会社ASS,true,2,0,false,false,,,0,,false,2026-10-05T12:50:57.836Z
6010001135680,ＮＥＣネッツエスアイ株式会社,13:東京都,5741人,1000人以上,東京,1000人以上 / 東京,1,http://www.nesic.co.jp,200,unavailable,,https://www.nesic.co.jp/recruit/,https://www.nesic.co.jp/recruit/index.html,homepageAnchor,採用情報,ownDomain,high,200,unavailable,採用情報 | NECネッツエスアイ,true,8,0,false,false,,,1,,false,2026-10-05T12:51:01.174Z
6010001136927,株式会社ファインゲート,13:東京都,28人,10-29人,東京,10-29人 / 東京,1,http://www.finegate.co.jp/,200,allowed,,https://recruit.finegate.co.jp/?utm_source=corporate&utm_medium=header&utm_campaign=recruit_main,https://recruit.finegate.co.jp/?utm_source=corporate&utm_medium=header&utm_campaign=recruit_main,homepageAnchor,採用情報,ownDomain,high,200,allowed,採用情報 | 株式会社ファインゲート - 技術を磨く。人生も楽しむ。,true,5,0,true,false,,,0,,false,2026-10-05T12:50:58.465Z
6010001138865,株式会社アッシュビー,13:東京都,24人,10-29人,東京,10-29人 / 東京,1,http://ashbey.jp,200,allowed,,https://ashbey.jp/recruit,https://ashbey.jp/recruit,homepageAnchor,採用情報,ownDomain,high,200,allowed,採用情報 | 株式会社アッシュビー,true,2,0,false,false,,,0,,false,2026-10-05T12:51:00.229Z
6010001139161,グローバルイノベーションコンサルティング株式会社,13:東京都,240人,100-299人,東京,100-299人 / 東京,1,https://gicjp.com/,200,allowed,,https://gicjp.com/recruit,https://gicjp.com/recruit,homepageAnchor,採用情報,ownDomain,high,200,allowed,GICグローバル採用 – IT業界を中心に多職種を募集 - GIC,true,5,0,false,false,,,0,,false,2026-10-05T12:50:58.608Z
6010001139434,ビリングシステム株式会社,13:東京都,107人,100-299人,東京,100-299人 / 東京,1,https://www.billingsystem.co.jp/,200,allowed,,https://www.billingsystem.co.jp/recruit/,https://www.billingsystem.co.jp/recruit/,homepageAnchor,採用情報,ownDomain,high,200,allowed,採用情報 | ビリングシステム株式会社,true,1,0,false,false,,,0,,false,2026-10-05T12:50:56.573Z
6010001141613,チェックフィールド株式会社,13:東京都,14人,10-29人,東京,10-29人 / 東京,1,http://www.checkfield.co.jp/,200,allowed,,https://www.checkfield.co.jp/recruit,https://www.checkfield.co.jp/recruit,homepageAnchor,採用案内,ownDomain,high,200,allowed,採用案内 | チェックフィールド株式会社,true,1,0,false,false,,,0,,false,2026-10-05T12:51:00.228Z
6010001143378,株式会社アルク,13:東京都,257人,100-299人,東京,100-299人 / 東京,1,http://www.alc.co.jp/,200,allowed,,https://recruit.jobcan.jp/alc-recruit/list/all/all,https://recruit.jobcan.jp/alc-recruit/list/all/all,homepageLinkToOfficialAts,採用情報,atsHosted,high,200,allowed,求人一覧 | 株式会社アルク,true,2,0,false,false,,,0,,false,2026-10-05T12:51:01.714Z
6010001165686,株式会社ヒューマンテクノシステム,13:東京都,89人,30-99人,東京,30-99人 / 東京,1,https://www.human-techno-system.co.jp/,200,unavailable,,https://www.human-techno-system.co.jp/?page_id=27,https://www.human-techno-system.co.jp/?page_id=27,homepageAnchor,採用情報,ownDomain,high,200,unavailable,採用情報 | ヒューマンテクノシステム,true,4,0,false,false,,,0,,false,2026-10-05T12:51:00.039Z
6010001166635,株式会社ビーオーエス,13:東京都,23人,10-29人,東京,10-29人 / 東京,1,https://www.bos-web.com/,200,allowed,,https://www.bos-web.com/recruit/,https://www.bos-web.com/recruit/,homepageAnchor,採用情報 Recruit,ownDomain,high,200,allowed,採用情報 | 株式会社ビーオーエス,true,1,0,false,false,,,0,,false,2026-10-05T12:51:04.612Z
6010001178804,ＲＥＳＴＡＲ株式会社,13:東京都,45人,30-99人,東京,30-99人 / 東京,1,https://www.restar-inc.com/,200,allowed,,https://www.restar-inc.com/careers/,https://www.restar-inc.com/careers/,homepageAnchor,Careers,ownDomain,high,200,allowed,Careers | RESTAR Inc.（リスター）,true,3,0,false,false,,,0,,false,2026-10-05T12:51:02.008Z
6010001179653,Ｂｌｅａｆ株式会社,13:東京都,38人,30-99人,東京,30-99人 / 東京,1,https://bleaf.co.jp/,200,allowed,,https://bleaf.co.jp/recruit.html,https://bleaf.co.jp/recruit.html,homepageAnchor,RECRUIT 採用,ownDomain,high,200,allowed,ECコンサルタント採用・未経験OK｜Bleaf株式会社,true,1,0,false,false,,,0,,false,2026-10-05T12:51:01.758Z
6010001181808,ＵｉＰａｔｈ株式会社,13:東京都,250人,100-299人,東京,100-299人 / 東京,1,https://www.uipath.com/ja,200,allowed,,https://www.uipath.com/ja/company/careers,https://www.uipath.com/ja/careers,homepageAnchor,採用情報,ownDomain,high,200,allowed,採用情報 | UiPath,true,3,0,false,false,,,1,,false,2026-10-05T12:51:06.631Z
6010001188530,株式会社ＮＡＸ,13:東京都,1人,1-4人,東京,1-4人 / 東京,1,http://www.naxcorp.co.jp/,200,unavailable,,,,,,,,,,,,0,0,,false,,,0,,false,
6010001201417,株式会社アクシズ,13:東京都,13人,10-29人,東京,10-29人 / 東京,1,https://www.axesinc.jp/,200,allowed,,https://www.axesinc.jp/recruit/,https://www.axesinc.jp/recruit/,homepageAnchor,採用情報,ownDomain,high,200,allowed,採用情報 | 株式会社アクシズ,true,2,0,false,false,,,0,,false,2026-10-05T12:51:03.452Z
6010001201458,日本トライスタイル株式会社,27:大阪府,23人,10-29人,主要都市圏,10-29人 / 主要都市圏,1,https://jpn-ts.co.jp/,200,allowed,,https://recruit.jpn-ts.co.jp/,https://recruit.jpn-ts.co.jp/,homepageAnchor,採用情報,ownDomain,low,200,allowed,日本トライスタイル株式会社 リクルートサイト,false,1,0,false,false,,,0,,false,2026-10-05T12:51:04.667Z
6010001202415,株式会社イーズライフテクノロジー,13:東京都,1人,1-4人,東京,1-4人 / 東京,1,https://www.easelifetec.co.jp/,200,unavailable,,https://www.easelifetec.co.jp/recruit.html,https://www.easelifetec.co.jp/recruit.html,homepageAnchor,採用情報,ownDomain,high,200,unavailable,採用-イーズライフテクノロジー,true,1,0,false,false,,,0,,false,2026-10-05T12:51:04.922Z
6010001242824,株式会社Ｌｉｖｅｔｏｏｎ,13:東京都,7人,5-9人,東京,5-9人 / 東京,1,https://livetoon.net/,200,allowed,,https://livetoon.net/recruit/,https://livetoon.net/recruit/,homepageAnchor,Recruit,ownDomain,high,200,allowed,Recruit｜株式会社Livetoon,true,1,0,false,false,,,0,,false,2026-10-05T12:51:05.019Z
6010001246296,株式会社ｉｆ,13:東京都,3人,1-4人,東京,1-4人 / 東京,1,https://itfrontier.co.jp/,200,allowed,,https://itfrontier.co.jp/recruit/,https://itfrontier.co.jp/recruit/,homepageAnchor,採用情報,ownDomain,high,200,allowed,採用情報｜if inc.,true,1,0,false,false,,,0,https://itfrontier.co.jp/recruit/,true,2026-10-05T12:51:09.929Z
6010001247187,株式会社ＳＴＥＬＡＱ,13:東京都,204人,100-299人,東京,100-299人 / 東京,1,https://stelaq.co.jp,200,allowed,,https://stelaq.co.jp/recruit/,https://stelaq.co.jp/recruit/,homepageAnchor,新卒採用,ownDomain,high,200,allowed,株式会社STELAQ 新卒採用サイト,true,2,0,false,false,,,0,,false,2026-10-05T12:51:08.430Z
6010005018675,一般財団法人建設物価調査会,13:東京都,297人,100-299人,東京,100-299人 / 東京,1,https://www.kensetu-bukka.or.jp/about/actionplan/,200,allowed,,https://www.kensetu-bukka.or.jp/recruit/,https://www.kensetu-bukka.or.jp/recruit/,homepageAnchor,採用情報,ownDomain,high,200,allowed,建設物価調査会,true,7,0,false,false,,,0,,false,2026-10-05T12:51:08.055Z
6010101000966,株式会社教育ソフトウェア,13:東京都,69人,30-99人,東京,30-99人 / 東京,1,https://www.kyoikusw.co.jp/,200,allowed,,https://www.kyoikusw.co.jp/company-recruit,https://www.kyoikusw.co.jp/company-recruit/,homepageAnchor,採用情報,ownDomain,high,200,allowed,採用情報 - 株式会社教育ソフトウェア,true,2,0,false,false,,,1,,false,2026-10-05T12:51:09.811Z
6010101002657,株式会社トーセーシステムズ,13:東京都,190人,100-299人,東京,100-299人 / 東京,1,https://toseisystems.accretech.com/,200,unavailable,,https://toseisystems.accretech.com/recruit/,https://toseisystems.accretech.com/recruit/,homepageAnchor,採用情報,ownDomain,high,200,unavailable,採用情報 | 株式会社トーセーシステムズ,true,11,0,false,false,,,0,,false,2026-10-05T12:51:08.279Z
6010401003504,株式会社ウェザーニューズ,12:千葉県,978人,300-999人,主要都市圏,300-999人 / 主要都市圏,1,https://jp.weathernews.com/,200,unavailable,,https://jp.weathernews.com/recruit/,https://jp.weathernews.com/recruit/,homepageAnchor,採用情報,ownDomain,high,200,unavailable,採用情報TOP | Weathernews Inc.,true,6,0,false,false,,,0,,false,2026-10-05T12:51:08.274Z
6010401015920,株式会社インボイス,13:東京都,250人,100-299人,東京,100-299人 / 東京,1,http://www.invoice.ne.jp/,200,allowed,,https://www.invoice.ne.jp/recruit/,https://www.invoice.ne.jp/recruit/,homepageAnchor,採用情報,ownDomain,high,200,allowed,採用情報 | 株式会社インボイス,true,1,0,false,false,,,0,,false,2026-10-05T12:51:15.333Z
6010401022917,日本電気通信システム株式会社,13:東京都,2480人,1000人以上,東京,1000人以上 / 東京,1,http://www.ncos.co.jp/index.html,403,unavailable,http_403,,,,,,,,,,,0,0,,true,http://www.ncos.co.jp/,403,0,,false,
6010401024698,ＰＳＰ株式会社,13:東京都,481人,300-999人,東京,300-999人 / 東京,1,https://recruit.psp.co.jp/newgraduate/company/about/#number,200,allowed,,https://recruit.psp.co.jp/newgraduate/entry/,https://recruit.psp.co.jp/newgraduate/entry/,homepageAnchor,ENTRY,ownDomain,high,200,allowed,エントリー | 新卒採用情報 | PSP株式会社,true,11,0,false,false,,,0,,false,2026-10-05T12:51:12.332Z
6010401052047,株式会社アイエスエフネット,13:東京都,2450人,1000人以上,東京,1000人以上 / 東京,1,https://www.isfnet.co.jp/,200,unavailable,,https://www.isfnet.co.jp/recruitinfo.html,https://www.isfnet.co.jp/recruitinfo.html,homepageAnchor,採用情報 アイエスエフネットの新卒採用・キャリア採用についてはこちらからご確認ください。キャリアアップ支援制度、働く環境、働く社員の声などをご紹介しています。ぜひアイエスエフネットで実現したいITエンジニアとしてのキャリアをイメージしてください。,ownDomain,high,200,unavailable,採用情報 |アイエスエフネットグループ,true,1,0,false,false,,,0,,false,2026-10-05T12:51:17.497Z
6010401058119,株式会社キーウォーカー,13:東京都,87人,30-99人,東京,30-99人 / 東京,1,https://recruit.keywalker.co.jp/#data,200,allowed,,https://recruit.keywalker.co.jp/,https://recruit.keywalker.co.jp/,robotsSitemap,,ownDomain,medium,200,allowed,採用情報 – 株式会社キーウォーカー,true,9,2,false,false,,,0,,false,2026-10-05T12:51:14.987Z
6010401059802,株式会社ブロードバンドタワー,13:東京都,150人,100-299人,東京,100-299人 / 東京,1,https://www.bbtower.co.jp/,200,unavailable,,https://www.bbtower.co.jp/employment/,https://www.bbtower.co.jp/employment/,homepageAnchor,採用情報,ownDomain,high,200,unavailable,採用情報 | 株式会社ブロードバンドタワー,true,3,0,false,false,,,0,,false,2026-10-05T12:51:11.892Z
6010401061980,ＶＡＬＸ株式会社,13:東京都,75人,30-99人,東京,30-99人 / 東京,1,https://www.lev.co.jp/,200,unavailable,,https://corp.valx.jp/recruit/,https://corp.valx.jp/recruit/,homepageAnchor,RECRUIT,otherDomain,high,200,unavailable,RECRUIT一覧｜VALX株式会社,true,3,0,false,false,,,0,,false,2026-10-05T12:51:14.680Z
6010401078785,三井情報株式会社,13:東京都,2020人,1000人以上,東京,1000人以上 / 東京,1,http://www.mki.co.jp/index.html,,unavailable,TimeoutError,,,,,,,,,,,0,0,,true,http://www.mki.co.jp/,,0,,false,
6010401079775,ＧＨ株式会社,13:東京都,4人,1-4人,東京,1-4人 / 東京,1,https://www.ghjapan.jp/,200,allowed,,https://www.ghjapan.jp/recruit/,https://www.ghjapan.jp/recruit/,homepageUrlPattern,PARTNER,ownDomain,medium,200,allowed,業務委託 医療ライター・Web制作パートナー募集 | GH株式会社,true,1,0,false,false,,,0,,false,2026-10-05T12:51:14.378Z
6010401083620,ＢＲＡＮＵ株式会社,13:東京都,55人,30-99人,東京,30-99人 / 東京,1,https://branu.jp/,200,allowed,,https://branu.jp/CAREERS,https://branu.jp/CAREERS,homepageAnchor,View CAREERS,ownDomain,high,200,allowed,Careers | BRANU株式会社 | 建設DXプラットフォーム,true,3,0,false,false,,,0,,false,2026-10-05T12:51:17.295Z
6010401084791,株式会社フロンティアコンサルティング,13:東京都,8人,5-9人,東京,5-9人 / 東京,1,http://frontier-pr.jp/,200,allowed,,,,,,,,,,,,0,3,,false,,,0,,false,
6010401088867,株式会社システナ,13:東京都,4185人,1000人以上,東京,1000人以上 / 東京,1,http://www.systena.co.jp/,200,allowed,,https://recruit.systena.co.jp/,https://recruit.systena.co.jp/,homepageAnchor,採用情報,ownDomain,high,200,unavailable,株式会社システナ 採用サイト,true,6,0,false,false,,,0,,false,2026-10-05T12:51:22.566Z
6010401089808,Ｂｏｕｎｄｌｅｓｓ株式会社,13:東京都,68人,30-99人,東京,30-99人 / 東京,1,http://www.aolplatforms.jp/,200,allowed,,,,,,,,,,,,0,4,,false,,,0,,false,
6010401095500,東京ガスｉネット株式会社,13:東京都,731人,300-999人,東京,300-999人 / 東京,1,http://www.tg-inet.co.jp,200,unavailable,,https://www.tg-inet.co.jp/recruitment/,https://www.tg-inet.co.jp/recruitment/,homepageAnchor,採用情報,ownDomain,high,200,unavailable,採用情報 | 東京ガスｉネット株式会社(TGアイネット・TGｉNET) 公式企業サイト,true,5,0,false,false,,,0,,false,2026-10-05T12:51:22.734Z
6010401095871,株式会社ＦＲＡＭＥＬＵＮＣＨ,13:東京都,28人,10-29人,東京,10-29人 / 東京,1,http://framelunch.jp/,200,unavailable,,https://framelunch.jp/recruit,https://framelunch.jp/recruit/,homepageAnchor,Recruit,ownDomain,high,200,unavailable,FRAMELUNCH - Recruit,true,1,0,false,false,,,1,,false,2026-10-05T12:51:24.660Z
6010401101415,ネクスト株式会社,13:東京都,12人,10-29人,東京,10-29人 / 東京,1,https://www.nxsw.co.jp/,,unavailable,TypeError:ERR_TLS_CERT_ALTNAME_INVALID,,,,,,,,,,,0,0,,false,,,0,,false,
6010401103907,バレットグループ株式会社,13:東京都,178人,100-299人,東京,100-299人 / 東京,1,https://bltinc.co.jp/,200,allowed,,https://bltinc.co.jp/recruiting/,https://bltinc.co.jp/recruiting/,homepageAnchor,RECRUITING 採用情報,ownDomain,high,200,allowed,採用｜バレットグループ株式会社/Bullet Group Inc.,true,10,0,false,false,,,0,,false,2026-10-05T12:51:20.690Z
6010401104203,株式会社ヤプリ,13:東京都,270人,100-299人,東京,100-299人 / 東京,1,https://yappli.co.jp/,200,unavailable,,https://yappli.co.jp/recruit/,https://yappli.co.jp/recruit/,homepageAnchor,Careers 私たちと一緒に モバイルDXの世界を広げませんか？ 採用ページ,ownDomain,high,200,unavailable,"採用情報｜Yappli, Inc.（株式会社ヤプリ）",true,1,0,false,false,,,0,,false,2026-10-05T12:51:24.012Z
6010401135677,株式会社ＰＯＴＥＴＯ　Ｍｅｄｉａ,13:東京都,8人,5-9人,東京,5-9人 / 東京,1,https://poteto.media,200,allowed,,https://en-gage.net/poteto-media/,https://en-gage.net/poteto-media/,homepageLinkToOfficialAts,－ POTETO Media 採用情報,atsHosted,high,200,allowed,株式会社POTETO&ensp;Mediaの採用・求人情報-engage,true,2,0,false,false,,,0,,false,2026-10-05T12:51:23.733Z
6010401138085,ロイター・ニュース・アンド・メディア・ジャパン株式会社,13:東京都,109人,100-299人,東京,100-299人 / 東京,1,https://www.thomsonreuters.com/en.html,200,allowed,,https://www.thomsonreuters.com/en/careers,https://www.thomsonreuters.com/en/careers,homepageAnchor,Careers,ownDomain,high,200,allowed,Careers | Thomson Reuters,true,3,0,false,false,,,0,,false,2026-10-05T12:51:28.435Z
6010401144892,株式会社ＣｉｎｅｍａＬｅａｐ,13:東京都,38人,30-99人,東京,30-99人 / 東京,1,https://cinemaleap.com/,200,allowed,,https://cinemaleap.com/recruit,https://cinemaleap.com/recruit/,homepageAnchor,RECRUIT,ownDomain,high,200,allowed,Recruit | Cinemaleap,true,1,0,false,false,,,1,,false,2026-10-05T12:51:28.371Z
6010401158496,株式会社Ｊａｐａｎ　Ｔｅｃｈｎｏｌｏｇｙ,13:東京都,23人,10-29人,東京,10-29人 / 東京,1,https://j-tech.co.jp,200,allowed,,https://j-tech.co.jp/recruit/,https://j-tech.co.jp/recruit/,homepageAnchor,社員採用・フリーランス募集,ownDomain,high,200,allowed,社員採用・フリーランス募集について - 株式会社Japan Technology [株式会社ジャパンテクノロジー],true,2,0,false,false,,,0,https://j-tech.co.jp/recruit/,true,2026-10-05T12:51:28.048Z
6010401164511,ぱんどら株式会社,13:東京都,1人,1-4人,東京,1-4人 / 東京,1,https://pandora.style/,200,unavailable,,,,,,,,,,,,0,0,,false,,,0,,false,
6010401170195,株式会社ＬＩＧＮＥＡ,13:東京都,6人,5-9人,東京,5-9人 / 東京,1,https://lignea.co.jp/company/,200,allowed,,,,,,,,,,,,0,4,,true,https://lignea.co.jp/,200,0,,false,
6010401173512,株式会社Ｔｓｕｍｕｇｕ,13:東京都,1人,1-4人,東京,1-4人 / 東京,1,https://xtsumugu.com/,200,allowed,,https://xtsumugu.com/recruit/,https://xtsumugu.com/recruit/,homepageAnchor,採用情報,ownDomain,high,200,allowed,採用・求人情報 | 株式会社Tsumugu,true,2,0,false,false,,,0,,false,2026-10-05T12:51:30.906Z
6010401188246,株式会社ロクス,13:東京都,5人,5-9人,東京,5-9人 / 東京,1,https://roks.co.jp/company/,200,allowed,,,,,,,,,,,,0,3,,true,https://roks.co.jp/,200,0,,false,
6010401197973,株式会社Ｌｉｎｋｔｉｅｒ,13:東京都,1人,1-4人,東京,1-4人 / 東京,1,https://www.linktier.io/,200,allowed,,,,,,,,,,,,0,1,,false,,,0,,false,
6010403013154,株式会社アイグル,13:東京都,13人,10-29人,東京,10-29人 / 東京,1,https://eyegle-design.co.jp/,200,allowed,,https://eyegle-design.co.jp/recruit/,https://eyegle-design.co.jp/recruit/,homepageAnchor,Recruit 採用情報,ownDomain,high,200,allowed,採用情報 | 株式会社アイグル,true,2,0,false,false,,,0,,false,2026-10-05T12:51:36.084Z
6010501010029,株式会社インフォーテック,13:東京都,56人,30-99人,東京,30-99人 / 東京,1,http://www.infortech.co.jp,200,allowed,,https://www.infortech.co.jp/recruit,https://www.infortech.co.jp/recruit,homepageAnchor,採用情報,ownDomain,high,200,allowed,採用情報 | インフォーテック,true,2,0,false,false,,,0,,false,2026-10-05T12:51:50.517Z
6010501015820,株式会社ライトウェル,13:東京都,228人,100-299人,東京,100-299人 / 東京,1,https://www.lightwell.co.jp/,200,unavailable,,https://www.lightwell.co.jp/recruit/,https://www.lightwell.co.jp/recruit/,homepageAnchor,採用情報,ownDomain,high,200,unavailable,株式会社ライトウェル 採用情報｜安定基盤で未来を拓くITエンジニア募集,true,1,0,false,false,,,0,,false,2026-10-05T12:51:36.672Z
6010501026157,株式会社アゴラ・ステーション,13:東京都,12人,10-29人,東京,10-29人 / 東京,1,http://www.agosta.co.jp/index.html,200,unavailable,,https://www.agosta.co.jp/recruit,https://www.agosta.co.jp/recruit/,homepageAnchor,採用情報,ownDomain,high,200,unavailable,採用情報 | 株式会社アゴラ・ステーション,true,1,0,false,false,,,1,,false,2026-10-05T12:51:42.217Z
6010501029416,株式会社Ｃ．Ｄ．ＵＮＩＴＥＤ,13:東京都,30人,30-99人,東京,30-99人 / 東京,1,https://www.cdunited.net/,200,unavailable,,https://www.cdunited.net/recruit.html,https://www.cdunited.net/recruit.html,homepageAnchor,採用ページを更新しました。,ownDomain,high,200,unavailable,株式会社C.D.UNITED｜採用,true,2,0,false,false,,,0,,false,2026-10-05T12:51:39.237Z
6010501031280,株式会社ビーブリッド,13:東京都,22人,10-29人,東京,10-29人 / 東京,1,https://www.bibrid.co.jp/,200,allowed,,https://www.bibrid.co.jp/recruit/,https://www.bibrid.co.jp/recruit/,homepageAnchor,採用情報,ownDomain,high,200,allowed,株式会社ビーブリッド 採用情報,true,2,0,false,false,,,0,,false,2026-10-05T12:51:39.700Z
6010501037757,株式会社ＡＤＳＯＵＬ,13:東京都,9人,5-9人,東京,5-9人 / 東京,1,https://adsoul.jp/,,unavailable,TypeError:ENOTFOUND,,,,,,,,,,,0,0,,false,,,0,,false,
6010601021677,株式会社東京シー・エム・シー,13:東京都,16人,10-29人,東京,10-29人 / 東京,1,http://www.tcmc.co.jp/index.html,200,unavailable,,,,,,,,,,,,0,0,,true,http://www.tcmc.co.jp/,200,0,,false,
6010601026040,株式会社システムコンサルタント,13:東京都,336人,300-999人,東京,300-999人 / 東京,1,http://www.ksc.co.jp,200,unavailable,,https://www.ksc.co.jp/recruitment/,https://www.ksc.co.jp/recruitment/,homepageAnchor,採用情報,ownDomain,high,200,unavailable,新卒採用サイト｜株式会社システムコンサルタント,true,1,0,false,false,,,0,,false,2026-10-05T12:51:44.359Z
6010601032609,ＮＴＴデータ・カスタマサービス株式会社,13:東京都,1068人,1000人以上,東京,1000人以上 / 東京,1,http://www.nttdatacs.co.jp/,200,unavailable,,http://www.nttdatacs.co.jp/recruit/,http://www.nttdatacs.co.jp/recruit/,homepageAnchor,採用情報,ownDomain,high,200,unavailable,リクルート｜NTTデータ カスタマサービス株式会社,true,3,0,false,false,,,0,,false,2026-10-05T12:51:42.375Z
6010601047805,ＥＮＥＣＨＡＮＧＥ株式会社,13:東京都,185人,100-299人,東京,100-299人 / 東京,1,https://enechange.co.jp/,200,unavailable,,https://careers.enechange.co.jp/,https://careers.enechange.co.jp/,homepageAnchor,採用情報,ownDomain,high,200,allowed,ENECHANGE採用サイトTOP,true,3,0,false,false,,,0,,false,2026-10-05T12:51:46.347Z
6010701000218,株式会社ＡＯＩ　Ｐｒｏ．,13:東京都,417人,300-999人,東京,300-999人 / 東京,1,http://www.aoi-pro.com/,200,allowed,,https://recruit.aoi-pro.com/,https://recruit.aoi-pro.com/,homepageAnchor,RECRUIT,ownDomain,high,200,allowed,AOI Pro. Inc. 採用サイト,true,1,0,false,false,,,0,,false,2026-10-05T12:51:51.472Z
6010701012254,ソニーグローバルソリューションズ株式会社,13:東京都,468人,300-999人,東京,300-999人 / 東京,1,http://www.sonyglobalsolutions.jp/,200,unavailable,,https://www.sonyglobalsolutions.jp/information/,https://www.sonyglobalsolutions.jp/information/,homepageAnchor,採用情報 トップ,ownDomain,high,200,unavailable,ソニーグローバルソリューションズ株式会社： 採用情報,true,8,0,false,false,,,0,,false,2026-10-05T12:51:48.007Z
6010701018466,フューチャー株式会社,13:東京都,1186人,1000人以上,東京,1000人以上 / 東京,1,https://www.future.co.jp/sustainability/diversity/,200,allowed,,https://www.future.co.jp/recruit/,https://www.future.co.jp/recruit/,homepageAnchor,RECRUIT 採用情報,ownDomain,high,200,allowed,フューチャー採用情報,true,2,0,false,false,,,0,,false,2026-10-05T12:51:45.386Z
6010701025710,株式会社日立システムズ,13:東京都,10285人,1000人以上,東京,1000人以上 / 東京,1,https://www.hitachi-systems.com/,200,unavailable,,https://www.hitachi-systems.com/recruit/index.html,https://www.hitachi-systems.com/recruit/index.html,homepageAnchor,採用情報,ownDomain,high,200,unavailable,採用情報：株式会社日立システムズ,true,1,0,false,false,,,0,,false,2026-10-05T12:51:45.559Z
6010701025982,キヤノンＩＴソリューションズ株式会社,13:東京都,4258人,1000人以上,東京,1000人以上 / 東京,1,http://www.canon-its.co.jp/,200,allowed,,https://www.canon-its.co.jp/corporate/recruit,https://www.canon-its.co.jp/corporate/recruit,homepageAnchor,採用情報,ownDomain,high,200,allowed,採用情報,true,4,0,false,false,,,0,,false,2026-10-05T12:51:53.023Z
6010801022384,株式会社ＧｒｏｗＥｇｇ,13:東京都,11人,10-29人,東京,10-29人 / 東京,1,https://grow-e.com,200,allowed,,https://grow-e.com/recruit/,https://grow-e.com/recruit/,homepageAnchor,採用情報,ownDomain,high,200,allowed,採用情報 | 株式会社GrowEgg,true,2,0,false,false,,,0,,false,2026-10-05T12:51:49.885Z
6010901002187,株式会社オーカム,13:東京都,50人,30-99人,東京,30-99人 / 東京,1,https://www.ocam.co.jp/,200,unavailable,,https://www.ocam.co.jp/recruitment/,https://www.ocam.co.jp/recruitment/,homepageAnchor,採用情報,ownDomain,high,200,unavailable,RECRUIT SITE｜株式会社オーカム,true,1,0,false,false,,,0,,false,2026-10-05T12:51:50.820Z
6010901029429,株式会社ホライズン・データ・ワークス,13:東京都,8人,5-9人,東京,5-9人 / 東京,1,http://www.horizondataworks.com/,,unavailable,TypeError:ENOTFOUND,,,,,,,,,,,0,0,,false,,,0,,false,
6010901038990,株式会社プラスジャム,13:東京都,11人,10-29人,東京,10-29人 / 東京,1,https://plusjam.jp/,200,allowed,,https://plusjam.jp/recruit,https://plusjam.jp/recruit,homepageAnchor,Recruit 採用情報,ownDomain,high,200,allowed,採用情報 | 株式会社プラスジャム｜+Jam.INC,true,1,0,false,false,,,0,,false,2026-10-05T12:51:52.573Z
6010901047802,株式会社ベアラー,13:東京都,2人,1-4人,東京,1-4人 / 東京,1,https://bearer.co.jp,200,allowed,,,,,,,,,,,,0,3,,false,,,0,,false,
6010901048437,株式会社デジリハ,13:東京都,9人,5-9人,東京,5-9人 / 東京,1,https://www.digireha.com/,200,allowed,,,,,,,,,,,,0,0,,false,,,0,,false,
6011001005411,ＧＭＯペイメントゲートウェイ株式会社,13:東京都,594人,300-999人,東京,300-999人 / 東京,1,https://www.gmo-pg.com/corp/sustainability/social/,200,allowed,,https://www.gmo-pg.com/corp/recruit/,https://www.gmo-pg.com/corp/recruit/,homepageAnchor,採用情報,ownDomain,high,200,allowed,採用サイト｜GMOペイメントゲートウェイ株式会社,true,1,0,false,false,,,0,,false,2026-10-05T12:51:55.464Z
6011001029526,ＧＭＯインターネットグループ株式会社,13:東京都,213人,100-299人,東京,100-299人 / 東京,1,https://www.gmo.jp/,200,allowed,,https://recruit.group.gmo/,https://recruit.group.gmo/,homepageAnchor,採用情報,otherDomain,high,200,allowed,新卒採用｜GMOインターネットグループ 新卒採用サイト,true,6,0,false,false,,,0,,false,2026-10-05T12:51:56.449Z
6011001029641,鉄道情報システム株式会社,13:東京都,717人,300-999人,東京,300-999人 / 東京,1,https://www.jrs.co.jp/challenge/,200,unavailable,,https://www.jrs.co.jp/saiyou/,https://www.jrs.co.jp/saiyou/,homepageAnchor,採用情報を見る,ownDomain,high,200,unavailable,採用情報｜鉄道情報システム株式会社,true,1,0,false,true,https://www.jrs.co.jp/,200,0,,false,2026-10-05T12:51:57.470Z
6011001036183,株式会社飯島情報企画,13:東京都,20人,10-29人,東京,10-29人 / 東京,1,https://www.iijima-jk.co.jp,200,unavailable,,https://www.iijima-jk.co.jp/recruit/recruit.html,https://www.iijima-jk.co.jp/recruit/recruit.html,homepageAnchor,採用情報,ownDomain,high,200,unavailable,株式会社 飯島情報企画:採用情報,true,3,0,false,false,,,0,,false,2026-10-05T12:51:55.765Z
6011001045498,株式会社フレクト,13:東京都,481人,300-999人,東京,300-999人 / 東京,1,https://www.flect.co.jp/,200,allowed,,https://recruit.flect.co.jp/,https://recruit.flect.co.jp/,homepageAnchor,Recruit,ownDomain,high,200,unavailable,株式会社フレクト採用サイト,true,1,0,false,false,,,0,,false,2026-10-05T12:51:55.971Z
6011001048311,株式会社ファミリーネット・ジャパン,13:東京都,245人,100-299人,東京,100-299人 / 東京,1,https://www.fnj.co.jp/,200,allowed,,https://www.fnj.co.jp/recruit/campusrecruiting/,https://www.fnj.co.jp/recruit/campusrecruiting/,homepageAnchor,採用情報,ownDomain,high,200,allowed,2028年度新卒採用・キャリア採用,true,1,0,false,false,,,0,,false,2026-10-05T12:51:56.619Z
6011001048963,株式会社ＭＧＴ,13:東京都,2人,1-4人,東京,1-4人 / 東京,1,http://www.m-g-t.jp/,200,allowed,,,,,,,,,,,,0,4,,false,,,0,,false,
6011001053419,株式会社ファーンリッジ・ジャパン,13:東京都,130人,100-299人,東京,100-299人 / 東京,1,http://www.fernridge.co.jp/,200,unavailable,,https://www.fernridge.co.jp/J/career.html,https://www.fernridge.co.jp/J/career.html,homepageAnchor,採用情報,ownDomain,high,200,unavailable,採用情報 | 株式会社ファーンリッジ・ジャパン,true,1,0,false,false,,,0,,false,2026-10-05T12:52:04.036Z
6011001056801,ＣＲＡＶＩＡ株式会社,13:東京都,38人,30-99人,東京,30-99人 / 東京,1,http://agilemedia.jp/,200,unavailable,,https://cravia.jp/recruit,https://cravia.jp/recruit/recruit_info,homepageAnchor,RECRUIT,otherDomain,high,200,allowed,RECRUIT | CRAVIA株式会社,true,1,0,false,false,,,1,,false,2026-10-05T12:52:07.409Z
6011001065323,合同会社イグニス,13:東京都,234人,100-299人,東京,100-299人 / 東京,1,http://1923.co.jp/,200,allowed,,,,,,,,,,,,0,2,,false,,,0,,false,
6011001068086,株式会社サイバード,13:東京都,206人,100-299人,東京,100-299人 / 東京,1,http://www.cybird.co.jp/,200,allowed,,https://www.cybird.co.jp/recruit/,https://www.cybird.co.jp/recruit/,homepageAnchor,採用情報,ownDomain,high,200,allowed,採用情報 | CYBIRD(サイバード),true,5,0,false,false,,,0,,false,2026-10-05T12:52:04.448Z
6011001069935,ＣＲＩＴＥＯ株式会社,13:東京都,125人,100-299人,東京,100-299人 / 東京,1,https://www.criteo.com/jp/,200,allowed,,https://careers.criteo.com/en/,https://careers.criteo.com/en/,homepageAnchor,採用情報 現在の募集中の職種を紹介,ownDomain,high,200,allowed,Careers at Criteo | Criteo Careers,true,4,0,false,false,,,0,,false,2026-10-05T12:52:02.364Z
6011001091880,株式会社ｅｃｂｅｉｎｇ,13:東京都,490人,300-999人,東京,300-999人 / 東京,1,http://www.ecbeing.net/,200,allowed,,https://bo-smz-reverseproxy.ecbeing.biz/contents/detail/p/681,https://bo-smz-reverseproxy.ecbeing.biz/contents/detail/p/681,homepageAnchor,2026年08月06日 ecbeing、Googleおよび業界各社により共同開発された「Universal Commerce Protocol（UCP）」の仕様を採用した独自の実装を推進 プレスリリース,otherDomain,low,404,allowed,,,4,0,,false,,,0,,false,2026-10-05T12:52:02.384Z
6011001105541,株式会社Ｇｉｚｕｍｏ,13:東京都,364人,300-999人,東京,300-999人 / 東京,1,http://gizumo-inc.jp/,200,allowed,,https://careers.gizumo-inc.jp/,https://careers.gizumo-inc.jp/,homepageAnchor,採用情報,ownDomain,high,200,allowed,Gizumo.inc | Recruitment | START YOUR ENGINEER CAREER,true,1,0,false,false,,,0,,false,2026-10-05T12:52:12.489Z
6011001116976,株式会社ＵＳＥＮ　ＮＥＴＷＯＲＫＳ,13:東京都,165人,100-299人,東京,100-299人 / 東京,1,https://usen-networks.co.jp/infomation.php,200,unavailable,,https://usen-networks.co.jp/recruit.php,https://usen-networks.co.jp/recruit.php,homepageAnchor,recruit,ownDomain,high,200,unavailable,USEN NETWORKS,true,1,0,false,false,,,0,,false,2026-10-05T12:52:07.011Z
6011001125548,ＳＡＬＥＳＣＯＲＥ株式会社,13:東京都,73人,30-99人,東京,30-99人 / 東京,1,https://corp.salescore.jp/,200,allowed,,https://recruit.salescore.jp/,https://recruit.salescore.jp/,homepageAnchor,キャリア採用,ownDomain,low,,unavailable,,,4,0,,false,,,0,,false,
6011001133708,ＴｉｅＵｐｓ株式会社,13:東京都,15人,10-29人,東京,10-29人 / 東京,1,https://tieups.com/,200,allowed,,,,,,,,,,,,0,3,,false,,,0,,false,
6011001134755,ＬＩＶＥ　ＴＨＥ　ＣＲＥＡＴＩＶＥ株式会社,13:東京都,4人,1-4人,東京,1-4人 / 東京,1,https://livethecreative.co.jp/,200,allowed,,https://livethecreative.co.jp/product/recruit/,https://livethecreative.co.jp/product/recruit/,homepageAnchor,採用支援事業,ownDomain,high,200,allowed,採用支援事業｜映像制作 ドローン空撮 点検 WEB制作のLTC,true,1,0,false,false,,,0,,false,2026-10-05T12:52:09.747Z
6011001145125,ｍｏｖ株式会社,13:東京都,1人,1-4人,東京,1-4人 / 東京,1,https://corp.mov.movie/,200,allowed,,https://corp.mov.movie/recruit,https://corp.mov.movie/recruit,robotsSitemap,,ownDomain,medium,200,allowed,mov｜RECRUIT,true,8,3,false,false,,,0,,false,2026-10-05T12:52:15.332Z
6011001145760,株式会社ＮＯＫＩＤ,13:東京都,8人,5-9人,東京,5-9人 / 東京,1,https://nokid.jp/,200,allowed,,https://nokid.jp/recruit/,https://nokid.jp/recruit/,homepageAnchor,RECRUIT,ownDomain,high,200,allowed,アニメーター採用募集 | 株式会社NOKID,true,2,0,false,false,,,0,,false,2026-10-05T12:52:11.002Z
6011001151940,株式会社Ｉｎｆｌｕｅｎｃｅｒ　Ｔｅｃｈ,13:東京都,1人,1-4人,東京,1-4人 / 東京,1,https://we-eva.com/company.html,200,unavailable,,,,,,,,,,,,0,0,,true,https://we-eva.com/,200,0,,false,
6011001153739,株式会社ｍｉｉｂｏ,13:東京都,3人,1-4人,東京,1-4人 / 東京,1,https://miibo.co.jp,200,allowed,,,,,,,,,,,,0,3,,false,,,0,,false,
6011003017636,株式会社Ｒｅｃｅｐｔ,13:東京都,10人,10-29人,東京,10-29人 / 東京,1,https://recept.earth/,200,allowed,,https://recept.earth/260924-2/,https://recept.earth/260924-2/,homepageAnchor,都市鉱山由来の循環素材ブランド「NovaMine」、Receptの「proovy」をデジタル証明基盤に採用,ownDomain,high,200,allowed,都市鉱山由来の循環素材ブランド「NovaMine」、Receptの「proovy」をデジタル証明基盤に採用 - Recept（リセプト）,true,1,0,false,false,,,0,,false,2026-10-05T12:52:22.205Z
6011101003926,株式会社オービックビジネスコンサルタント,13:東京都,1065人,1000人以上,東京,1000人以上 / 東京,1,http://www.obc.co.jp/,200,allowed,,https://www.obc.co.jp/corporate/recruit,https://www.obc.co.jp/corporate/recruit,homepageAnchor,採用情報,ownDomain,high,200,allowed,採用情報｜OBCを志望する皆様へ,true,5,0,false,false,,,0,,false,2026-10-05T12:52:20.253Z
6011101016787,ＰＴＣジャパン株式会社,13:東京都,186人,100-299人,東京,100-299人 / 東京,1,http://www.ptc.com/,403,unavailable,http_403,,,,,,,,,,,0,0,,false,,,0,,false,
6011101023123,株式会社エムティーアイ,13:東京都,845人,300-999人,東京,300-999人 / 東京,1,https://www.mti.co.jp/?page_id=21469,200,unavailable,,https://mti-recruit.jp/,,homepageLinkOffDomain,採用情報 採用情報,otherDomain,low,,,,,1,0,,false,,,0,,false,
6011101023511,株式会社住宅産業新聞社,13:東京都,9人,5-9人,東京,5-9人 / 東京,1,http://www.housenews.jp,200,allowed,,https://www.housenews.jp/corporate/saiyou250715,https://www.housenews.jp/corporate/saiyou250715,homepageAnchor,正社員募集中,ownDomain,high,200,allowed,正社員を募集します | 住宅産業新聞,true,4,0,false,false,,,0,,false,2026-10-05T12:52:22.795Z
6011101025078,株式会社ツリーベル,13:東京都,800人,300-999人,東京,300-999人 / 東京,1,https://www.treebell.co.jp/index.html,404,allowed,http_404,https://www.treebell.co.jp/recruit/,https://www.treebell.co.jp/recruit/,homepageAnchor,採用情報,ownDomain,high,200,allowed,ツリーベル 採用サイト – ツリーベルの新卒採用、キャリア採用、インターンシップに関する情報をご案内,true,2,0,false,true,https://www.treebell.co.jp/,200,0,https://www.treebell.co.jp/recruit/,true,2026-10-05T12:52:21.537Z
6011101029987,株式会社メディアフォース,13:東京都,222人,100-299人,東京,100-299人 / 東京,1,https://www.mforce.co.jp,200,allowed,,https://www.mforce.co.jp/recruit/,https://www.mforce.co.jp/recruit/,homepageUrlPattern,"div]:transition-[background] [&>div]:duration-400 [&>div]:ease-[cubic-bezier(0.4,0.4,0,1)] [&.white]:text-primary [&.white_svg]:fill-primary [&.white>div]:bg-white hover:[&:not(.white)>div]:bg-primary",ownDomain,medium,200,allowed,採用情報 | メディアフォース,true,1,0,false,false,,,0,,false,2026-10-05T12:52:18.501Z
6011101030805,マッシュコーポレーション株式会社,11:埼玉県,16人,10-29人,主要都市圏,10-29人 / 主要都市圏,1,https://www.mash-inc.co.jp/,200,unavailable,,,,,,,,,,,,0,0,,false,,,0,,false,
6011101031893,株式会社ノア・ソリューション,13:東京都,68人,30-99人,東京,30-99人 / 東京,1,https://www.noa-sol.co.jp/,200,allowed,,,,,,,,,,,,0,0,,false,,,0,https://www.noa-sol.co.jp/,true,
6011101032355,株式会社グリオグルーヴ,13:東京都,77人,30-99人,東京,30-99人 / 東京,1,https://www.griotgroove.com/,200,allowed,,https://www.griotgroove.com/recruit,https://www.griotgroove.com/recruit,homepageAnchor,RECRUIT,ownDomain,high,200,allowed,株式会社グリオグルーヴ - RECRUIT,true,1,0,false,false,,,0,,false,2026-10-05T12:52:21.152Z
6011101039739,株式会社リゾーム,13:東京都,94人,30-99人,東京,30-99人 / 東京,1,https://www.rhizo-me.com/,200,allowed,,https://www.rhizo-me.com/recruit/,https://www.rhizo-me.com/recruit/,homepageAnchor,Recruit 採用情報,ownDomain,high,200,allowed,Careers. | 株式会社リゾーム,true,19,0,false,false,,,0,,false,2026-10-05T12:52:23.068Z
6011101041752,株式会社プライムクロス,13:東京都,212人,100-299人,東京,100-299人 / 東京,1,https://www.prime-x.co.jp/,200,allowed,,https://www.prime-x.co.jp/recruit/career,https://www.prime-x.co.jp/recruit/career,robotsSitemap,,ownDomain,medium,200,allowed,キャリア採用サイト｜株式会社プライムクロス｜デジタルマーケティング・DX推進支援の2つの事業を柱にクライアント企業の様々な課題を解決します。,true,5,3,false,false,,,0,,false,2026-10-05T12:52:30.722Z
6011101044391,株式会社アスネット,13:東京都,60人,30-99人,東京,30-99人 / 東京,1,https://www.asnet.co.jp/,200,allowed,,https://www.asnet.co.jp/recruit/,https://www.asnet.co.jp/recruit/,homepageAnchor,採用情報,ownDomain,high,200,allowed,株式会社アスネットの採用サイト - 株式会社アスネット,true,6,0,false,false,,,0,https://www.asnet.co.jp/recruit/,true,2026-10-05T12:52:27.546Z
6011101047015,株式会社フルエナジー,13:東京都,9人,5-9人,東京,5-9人 / 東京,1,http://fullenergy.co.jp,200,allowed,,https://fullenergy.co.jp/recruit/,https://fullenergy.co.jp/recruit/,homepageAnchor,採用情報,ownDomain,high,200,allowed,採用情報｜株式会社フルエナジーの採用情報を掲載しています,true,1,0,false,false,,,0,,false,2026-10-05T12:52:31.224Z
6011101050489,株式会社全音楽譜出版社,13:東京都,133人,100-299人,東京,100-299人 / 東京,1,https://www.zen-on.co.jp/,200,unavailable,,https://www.zen-on.co.jp/company/recruit/,https://www.zen-on.co.jp/company/recruit/,homepageAnchor,採用情報,ownDomain,high,200,unavailable,採用情報｜全音楽譜出版社コーポレートサイト,true,3,0,false,false,,,0,,false,2026-10-05T12:52:24.874Z
6011101052758,株式会社Ａｌｔｕｓ－Ｆｉｖｅ,13:東京都,21人,10-29人,東京,10-29人 / 東京,1,https://www.altus5.co.jp/company/,200,allowed,,https://www.altus5.co.jp/recruit/,https://www.altus5.co.jp/recruit/,homepageAnchor,RECRUIT,ownDomain,high,200,allowed,採用情報 | 株式会社Altus-Five,true,1,0,false,false,,,0,,false,2026-10-05T12:52:26.155Z
6011101053797,株式会社あひる社,13:東京都,3人,1-4人,東京,1-4人 / 東京,1,http://ahil.jp/,,unavailable,TypeError:ENOTFOUND,,,,,,,,,,,0,0,,false,,,0,,false,
6011101054127,株式会社タイレルシステムズ,13:東京都,30人,30-99人,東京,30-99人 / 東京,1,http://www.tyrellsys.com/,200,allowed,,https://www.tyrellsys.com/job/,https://www.tyrellsys.com/job/,homepageAnchor,Who we want 採用情報,ownDomain,high,200,allowed,Who we want | タイレルシステムズ,true,4,0,false,false,,,0,,false,2026-10-05T12:52:31.006Z
6011101058697,株式会社ドットゼロ,13:東京都,19人,10-29人,東京,10-29人 / 東京,1,https://www.dotzero.jp,200,unavailable,,https://www.dotzero.jp/recruit/,https://www.dotzero.jp/recruit/,homepageAnchor,Recruit,ownDomain,high,200,unavailable,RECRUIT | 東京都のホームページ制作・Web制作会社｜株式会社ドットゼロ,true,11,0,false,false,,,0,,false,2026-10-05T12:52:28.964Z
6011101060463,ＩＮＴ株式会社,13:東京都,266人,100-299人,東京,100-299人 / 東京,1,https://inest-inc.co.jp/,200,allowed,,https://inest-inc.co.jp/recruit-info,https://inest-inc.co.jp/recruit-info,homepageAnchor,採用情報,ownDomain,high,200,allowed,採用情報 | INEST株式会社,true,1,0,false,false,,,0,,false,2026-10-05T12:52:29.447Z
6011101061486,株式会社ＺＩＴ,13:東京都,40人,30-99人,東京,30-99人 / 東京,1,https://zit.co.jp/,200,allowed,,https://zit.co.jp/recruit/,https://zit.co.jp/recruit/,homepageAnchor,R e c r u i t,ownDomain,high,200,allowed,採用ページ | 株式会社ZIT,true,1,0,false,false,,,0,https://zit.co.jp/recruit/,true,2026-10-05T12:52:29.717Z
6011101062212,中央システム株式会社,13:東京都,404人,300-999人,東京,300-999人 / 東京,1,http://www.chuosystem.co.jp/,200,allowed,,https://recruit.chuosystem.co.jp/,https://recruit.chuosystem.co.jp/,homepageAnchor,採用情報,ownDomain,high,200,allowed,中央システム株式会社 採用サイト,true,3,0,false,false,,,0,,false,2026-10-05T12:52:36.303Z
6011101066527,ＶｉｄｅｏＴｏｕｃｈ株式会社,13:東京都,57人,30-99人,東京,30-99人 / 東京,1,http://viibar.com/,200,allowed,,https://videotouch.co.jp/recruit,https://videotouch.co.jp/recruit,robotsSitemap,,otherDomain,medium,200,allowed,採用情報｜VideoTouch株式会社,true,1,3,false,false,,,0,,false,2026-10-05T12:52:41.433Z
6011101072839,ノマドリング株式会社,13:東京都,23人,10-29人,東京,10-29人 / 東京,1,http://www.n-ring.co.jp/,,unavailable,TypeError:ENOTFOUND,,,,,,,,,,,0,0,,false,,,0,,false,
6011101078456,株式会社ロビンソン,13:東京都,56人,30-99人,東京,30-99人 / 東京,1,https://www.robinsons.co.jp,200,unavailable,,https://www.robinsons.co.jp/recruit/,https://www.robinsons.co.jp/recruit/,homepageAnchor,採用情報,ownDomain,high,200,unavailable,株式会社ロビンソン | 採用情報,true,1,0,false,false,,,0,,false,2026-10-05T12:52:32.873Z
6011101084784,株式会社ＲＵＮＷＡＹＳ,13:東京都,2人,1-4人,東京,1-4人 / 東京,1,https://runways.co.jp/,200,allowed,,https://runways.co.jp/recruit/,https://runways.co.jp/recruit/,homepageAnchor,RECRUIT 採用情報,ownDomain,high,200,allowed,"採用情報 – RUNWAYS, Inc.",true,1,0,false,false,,,0,,false,2026-10-05T12:52:34.310Z
6011101088810,株式会社ｖｉｓｕｍ,13:東京都,6人,5-9人,東京,5-9人 / 東京,1,https://visum.jp,200,allowed,,https://en-gage.net/visum_career/,https://en-gage.net/visum_career/,homepageLinkToOfficialAts,採用,atsHosted,low,404,allowed,,,1,0,,false,,,0,,false,2026-10-05T12:52:32.763Z
6011101098215,株式会社ＶＩＳＩＯＮＡＲＹ　ＪＡＰＡＮ,13:東京都,113人,100-299人,東京,100-299人 / 東京,1,https://visionary-jp.com/,200,allowed,,https://visionary-jp.com/recruit,https://visionary-jp.com/recruit,robotsSitemap,,ownDomain,medium,200,allowed,株式会社VISIONARY JAPAN | RECRUIT | ビジョナリージャパン,true,3,3,false,false,,,0,,false,2026-10-05T12:52:39.538Z
6011103010243,合同会社ブルーム,13:東京都,1人,1-4人,東京,1-4人 / 東京,1,https://bloom-company.co.jp,200,allowed,,,,,,,,,,,,0,1,,false,,,0,,false,
6011201013750,サイトエンジン株式会社,13:東京都,17人,10-29人,東京,10-29人 / 東京,1,https://www.siteengine.co.jp/recruit/company/,403,unavailable,http_403,,,,,,,,,,,0,0,,true,https://www.siteengine.co.jp/,403,0,,false,
6011301016389,株式会社ｆｏｎｆｕｎ,13:東京都,22人,10-29人,東京,10-29人 / 東京,1,http://www.fonfun.co.jp/index.html,200,allowed,,https://www.fonfun.co.jp/recruit/,https://www.fonfun.co.jp/recruit/,homepageAnchor,採用情報,ownDomain,high,200,allowed,採用情報 | 株式会社fonfun(フォンファン),true,8,0,false,false,,,0,,false,2026-10-05T12:52:43.815Z
6011301024953,株式会社ＧＯＯＤＲＥＩ,13:東京都,4人,1-4人,東京,1-4人 / 東京,1,https://goodrei.tokyo/,200,unavailable,,,,,,,,,,,,0,0,,false,,,0,,false,
6011303001645,株式会社ＩＴＰＭ,13:東京都,145人,100-299人,東京,100-299人 / 東京,1,https://www.itpm-gk.com/,200,unavailable,,https://www.itpm-gk.com/recruit,https://www.itpm-gk.com/recruit/,homepageAnchor,Recruit,ownDomain,high,200,unavailable,採用情報 | 株式会社ITPM,true,2,0,false,false,,,1,,false,2026-10-05T12:52:43.363Z
6011501006529,株式会社サーベイリサーチセンター,13:東京都,804人,300-999人,東京,300-999人 / 東京,1,http://www.surece.co.jp/,200,allowed,,https://www.surece.co.jp/recruit/,https://www.surece.co.jp/recruit/,homepageAnchor,採用情報,ownDomain,high,200,allowed,採用情報｜総合調査会社サーベイリサーチセンター,true,6,0,false,false,,,0,,false,2026-10-05T12:52:42.664Z
6011501019274,ノマドマーケティング株式会社,13:東京都,2人,1-4人,東京,1-4人 / 東京,1,https://nomad-marketing.jp/,200,allowed,,,,,,,,,,,,0,0,,false,,,0,,false,
6011601019397,株式会社ＢＯＰ,13:東京都,4人,1-4人,東京,1-4人 / 東京,1,https://www.b-o-p.jp/,200,allowed,,https://www.b-o-p.jp/recruitment/,https://www.b-o-p.jp/recruitment/,homepageAnchor,採用情報,ownDomain,high,200,allowed,採用情報 | 株式会社BOP,true,3,0,false,false,,,0,,false,2026-10-05T12:52:40.013Z
6011601022599,株式会社クレヨン,13:東京都,3人,1-4人,東京,1-4人 / 東京,1,https://fiika.jp/other/action_plan/,,unavailable,TypeError:EAI_AGAIN,,,,,,,,,,,0,0,,true,https://fiika.jp/,,0,,false,
6011603002392,合同会社ＫＴラボ,13:東京都,1人,1-4人,東京,1-4人 / 東京,1,https://kt-labo.co.jp/,,unavailable,TypeError:ENOTFOUND,,,,,,,,,,,0,0,,false,,,0,,false,
6011801029196,株式会社コアシーケンス,13:東京都,8人,5-9人,東京,5-9人 / 東京,1,https://coresequence.jp/,200,allowed,,,,,,,,,,,,0,0,,false,,,0,,false,
6012301001315,株式会社セラフ,13:東京都,19人,10-29人,東京,10-29人 / 東京,1,https://www.srp.co.jp/,200,unavailable,,https://www.srp.co.jp/recruit/,https://www.srp.co.jp/recruit/,homepageUrlPattern,リクルート,ownDomain,medium,200,unavailable,リクルート | 株式会社セラフ,true,1,0,false,false,,,0,,false,2026-10-05T12:52:44.577Z
6012301009473,株式会社コネクター・ジャパン,13:東京都,180人,100-299人,東京,100-299人 / 東京,1,http://cnctor.jp/,200,allowed,,https://cnctor.jp/recruit/,https://cnctor.jp/recruit/,homepageAnchor,採用情報,ownDomain,high,200,allowed,採用ページTOP | 株式会社コネクター・ジャパン,true,14,0,false,false,,,0,,false,2026-10-05T12:52:49.291Z
6012401014027,ＮＴＴクラルティ株式会社,13:東京都,510人,300-999人,東京,300-999人 / 東京,1,https://www.ntt-claruty.co.jp/,200,allowed,,https://www.ntt-claruty.co.jp/recruit/,https://www.ntt-claruty.co.jp/recruit/,homepageAnchor,採用情報,ownDomain,high,200,allowed,採用情報｜NTTクラルティ,true,9,0,false,false,,,0,,false,2026-10-05T12:52:46.824Z
6012401014927,株式会社プラスビジョン,13:東京都,3人,1-4人,東京,1-4人 / 東京,1,https://www.plusvision.co.jp,200,allowed,,,,,,,,,,,,0,0,,false,,,0,,false,
6012401017070,日本電気航空宇宙システム株式会社,13:東京都,859人,300-999人,東京,300-999人 / 東京,1,http://www.nas.co.jp/,403,unavailable,http_403,,,,,,,,,,,0,0,,false,,,0,,false,
6012401040931,株式会社ｍｅｉｎｇ,13:東京都,1人,1-4人,東京,1-4人 / 東京,1,https://meing.dev,200,allowed,,https://meing.dev/recruit,https://meing.dev/recruit,homepageAnchor,採用情報,ownDomain,high,200,allowed,採用情報 | 株式会社meing,true,1,0,false,false,,,0,,false,2026-10-05T12:52:46.995Z
6012701004917,株式会社インテージリサーチ,13:東京都,247人,100-299人,東京,100-299人 / 東京,1,http://www.intage-research.co.jp/,200,allowed,,https://www.intage-research.co.jp/recruit/,https://www.intage-research.co.jp/recruit/,homepageAnchor,採用情報,ownDomain,high,200,allowed,採用情報｜インテージリサーチ,true,1,0,false,false,,,0,,false,2026-10-05T12:52:52.368Z
6012801000080,株式会社アドックインターナショナル,13:東京都,195人,100-299人,東京,100-299人 / 東京,1,http://www.adoc.co.jp/,200,unavailable,,https://adoc.co.jp/careers/,https://adoc.co.jp/careers/,homepageAnchor,CAREERS,ownDomain,high,200,allowed,CAREERS - ADOC インターナショナル,true,2,0,false,false,,,0,,false,2026-10-05T12:52:58.908Z
6012801002127,株式会社サブスリー,13:東京都,67人,30-99人,東京,30-99人 / 東京,1,https://subthree.co.jp/,200,unavailable,,https://subthree.co.jp/recruit/,https://subthree.co.jp/recruit/,homepageAnchor,採用情報 Recruit,ownDomain,high,200,unavailable,採用情報 | 株式会社サブスリー,true,8,0,false,false,,,0,,false,2026-10-05T12:52:50.785Z
6012801016250,ギフトテンインダストリ株式会社,13:東京都,2人,1-4人,東京,1-4人 / 東京,1,https://gift10.co.jp,200,allowed,,,,,,,,,,,,0,3,,false,,,0,,false,
6013201015826,株式会社ナンバーワンソリューションズ,13:東京都,92人,30-99人,東京,30-99人 / 東京,1,https://www.no1s.biz/,200,allowed,,https://no1s.biz/recruit/,https://no1s.biz/recruit/,homepageAnchor,Recruit,ownDomain,high,200,allowed,Recruit - ナンバーワンソリューションズ｜生成AIシステム開発会社,true,3,0,false,false,,,0,,false,2026-10-05T12:52:54.667Z
6013301019157,株式会社ソフトウエア・サイエンス,13:東京都,181人,100-299人,東京,100-299人 / 東京,1,https://www.ssi.co.jp/,200,allowed,,https://www.ssi.co.jp/recruit,https://www.ssi.co.jp/recruit,homepageAnchor,RECRUIT,ownDomain,high,200,allowed,採用情報 | 株式会社ソフトウエア・サイエンス – 株式会社ソフトウエア・サイエンス（SSI）,true,1,0,false,false,,,0,,false,2026-10-05T12:52:52.649Z
6013301020734,ユー・アイ・ソリューションズ株式会社,13:東京都,112人,100-299人,東京,100-299人 / 東京,1,https://www.ui-solutions.com,200,allowed,,https://www.ui-solutions.com/recruit,https://www.ui-solutions.com/recruit/,homepageAnchor,採用情報,ownDomain,high,200,allowed,採用情報 | ユー・アイ・ソリューションズ株式会社 | 信頼を、成果へ。,true,3,0,false,false,,,1,,false,2026-10-05T12:52:56.063Z
6013301021476,株式会社エクストリーム,13:東京都,486人,300-999人,東京,300-999人 / 東京,1,http://www.e-xtreme.co.jp,200,allowed,,https://www.e-xtreme.co.jp/recruit/,https://www.e-xtreme.co.jp/recruit/,homepageAnchor,Recruit,ownDomain,high,200,allowed,採用情報 | 株式会社エクストリーム,true,4,0,false,false,,,0,,false,2026-10-05T12:53:00.620Z
6013301023605,株式会社リスペクツ,13:東京都,25人,10-29人,東京,10-29人 / 東京,1,http://www.rspct.co.jp,,unavailable,TypeError:ENOTFOUND,,,,,,,,,,,0,0,,false,,,0,,false,
6013301025337,アクシスインターナショナル株式会社,13:東京都,20人,10-29人,東京,10-29人 / 東京,1,https://www.axis-ing.com/,200,allowed,,https://recruitment.axis-ing.com/,https://recruitment.axis-ing.com/,homepageAnchor,人事担当採用中,ownDomain,high,200,allowed,TOP | アクシスインターナショナル株式会社採用サイト,true,1,0,false,false,,,0,,false,2026-10-05T12:52:57.419Z
6013301026921,ネットメイク株式会社,13:東京都,10人,10-29人,東京,10-29人 / 東京,1,https://www.net-make.com/,200,unavailable,,,,,,,,,,,,0,0,,false,,,0,https://www.net-make.com/,true,
6013301028315,株式会社ＥＰＣ,13:東京都,139人,100-299人,東京,100-299人 / 東京,1,https://consulting.epark.co.jp/,,unavailable,TypeError:ENOTFOUND,,,,,,,,,,,0,0,,false,,,0,,false,
6013301036160,ＬＲテックス株式会社,13:東京都,35人,30-99人,東京,30-99人 / 東京,1,http://www.lrtechs.co.jp/,200,unavailable,,,,,,,,,,,,0,0,,false,,,0,,false,
6013301038504,スパイスファクトリー株式会社,13:東京都,75人,30-99人,東京,30-99人 / 東京,1,https://spice-factory.co.jp/,200,allowed,,https://spice-factory.co.jp/recruit/,https://spice-factory.co.jp/recruit/,homepageAnchor,Recruit Recruit,ownDomain,high,200,allowed,採用情報 | スパイスファクトリー株式会社,true,2,0,false,false,,,0,,false,2026-10-05T12:53:00.283Z
6013301041516,ハーツテクノロジー株式会社,14:神奈川県,31人,30-99人,主要都市圏,30-99人 / 主要都市圏,1,https://www.hearts-tech.co.jp/hearts-blog/20200219/,200,unavailable,,https://recruit.hearts-tech.co.jp/,https://recruit.hearts-tech.co.jp/,homepageAnchor,採用情報,ownDomain,high,200,unavailable,ハーツテクノロジー採用サイト,true,1,0,false,false,,,0,,false,2026-10-05T12:53:06.789Z
6020001009165,株式会社ネオジャパン,14:神奈川県,170人,100-299人,主要都市圏,100-299人 / 主要都市圏,1,https://www.neo.co.jp/corp/outline/plans.html,404,allowed,http_404,https://www.neo.co.jp/recruit/,https://www.neo.co.jp/recruit/,homepageAnchor,採用トップ,ownDomain,high,200,allowed,採用 - NEOJAPAN,true,4,0,false,true,https://www.neo.co.jp/,200,0,,false,2026-10-05T12:53:03.635Z
6020001015634,株式会社ＮＢＥ,14:神奈川県,272人,100-299人,主要都市圏,100-299人 / 主要都市圏,1,http://www.nbe.co.jp,200,allowed,,https://nbe.co.jp/career/,https://nbe.co.jp/career/,homepageAnchor,キャリア採用,ownDomain,high,200,allowed,キャリア採用 | トップページ | NBE,true,4,0,false,false,,,0,,false,2026-10-05T12:53:08.614Z
6020001022218,株式会社エーアイネット・テクノロジ,14:神奈川県,194人,100-299人,主要都市圏,100-299人 / 主要都市圏,1,https://www.a-inet.jp/,200,allowed,,https://www.a-inet.jp/recruit,https://www.a-inet.jp/recruit/,homepageAnchor,採用情報,ownDomain,high,200,allowed,採用情報 | エーアイネット・テクノロジ,true,6,0,false,false,,,1,,false,2026-10-05T12:53:04.903Z
6020001025914,株式会社科学情報システムズ,14:神奈川県,318人,300-999人,主要都市圏,300-999人 / 主要都市圏,1,http://www.sisinc.co.jp/,200,unavailable,,https://www.sisinc.co.jp/recruit/,https://www.sisinc.co.jp/recruit/,homepageAnchor,採用情報,ownDomain,high,200,unavailable,採用｜株式会社科学情報システムズ,true,11,0,false,false,,,0,,false,2026-10-05T12:53:08.031Z
6020001028371,株式会社ハイマックス,14:神奈川県,881人,300-999人,主要都市圏,300-999人 / 主要都市圏,1,https://www.himacs.jp/,200,allowed,,https://www.himacs.co.jp/partner/,https://www.himacs.co.jp/partner/,homepageAnchor,ビジネスパートナー募集,otherDomain,high,200,allowed,ビジネスパートナー募集 | 株式会社ハイマックス,true,2,0,false,false,,,0,,false,2026-10-05T12:53:05.481Z
6020001029691,株式会社ＹＳＬソリューション,14:神奈川県,413人,300-999人,主要都市圏,300-999人 / 主要都市圏,1,https://www.ysl.co.jp/,200,allowed,,https://www.ysl.co.jp/recruit/,https://www.ysl.co.jp/recruit/,homepageAnchor,採用情報,ownDomain,high,200,allowed,採用情報 - YSLソリューション,true,5,0,false,false,,,0,,false,2026-10-05T12:53:05.902Z
6020001033132,株式会社アプトシステム,14:神奈川県,43人,30-99人,主要都市圏,30-99人 / 主要都市圏,1,http://www.aptsys.co.jp,200,allowed,,https://www.aptsys.co.jp/employmentinformation/,https://www.aptsys.co.jp/employmentinformation/,homepageAnchor,採用情報,ownDomain,high,200,allowed,採用情報 | 株式会社アプトシステム,true,8,0,false,false,,,0,,false,2026-10-05T12:53:12.802Z
6020001036754,株式会社プロスター,14:神奈川県,4人,1-4人,主要都市圏,1-4人 / 主要都市圏,1,http://www.prostar.co.jp/,200,unavailable,,https://www.prostar.co.jp/recruit,https://www.prostar.co.jp/recruit,homepageAnchor,Recruit / 求人情報,ownDomain,high,200,unavailable,求人情報｜株式会社プロスター,true,1,0,false,false,,,0,,false,2026-10-05T12:53:13.569Z
6020001045648,株式会社グリーンシステム,13:東京都,11人,10-29人,東京,10-29人 / 東京,1,https://greensys.co.jp,,unavailable,TypeError:ECONNRESET,,,,,,,,,,,0,0,,false,,,0,,false,
6020001077121,株式会社中央コンピュータシステム,13:東京都,950人,300-999人,東京,300-999人 / 東京,1,https://www.c-com.co.jp/,200,unavailable,,https://www.c-com.co.jp/recruit/index.html,https://www.c-com.co.jp/recruit/index.html,homepageAnchor,採用情報,ownDomain,high,200,unavailable,採用情報 | 株式会社 中央コンピュータシステム,true,5,0,false,false,,,0,,false,2026-10-05T12:53:09.215Z
6020001105922,株式会社ｗｏｏｐ,13:東京都,2人,1-4人,東京,1-4人 / 東京,1,http://wp-web.biz/,200,unavailable,,,,,,,,,,,,0,0,,false,,,0,,false,
6020001108116,株式会社ソフトユージング,13:東京都,177人,100-299人,東京,100-299人 / 東京,1,https://www.softusing.co.jp/,200,unavailable,,,,,,,,,,,,0,0,,false,,,0,,false,
6020003010600,株式会社エアホスト,13:東京都,30人,30-99人,東京,30-99人 / 東京,1,https://airhost.jp/,200,allowed,,https://airhost.jp/jobs,https://airhost.jp/jobs,homepageAnchor,採用情報,ownDomain,high,200,allowed,採用情報 | エアホスト (AirHost) | 非対面・省人化向けオールインワン宿泊管理ツール,true,1,0,false,false,,,0,,false,2026-10-05T12:53:11.601Z
6021001037073,日産車体コンピュータサービス株式会社,14:神奈川県,291人,100-299人,主要都市圏,100-299人 / 主要都市圏,1,https://www.ncs-net.co.jp/,200,allowed,,https://www.ncs-net.co.jp/recruit.html,https://www.ncs-net.co.jp/recruit.html,homepageAnchor,採用情報,ownDomain,high,200,allowed,採用情報 | 日産車体コンピュータサービス株式会社,true,3,0,false,false,,,0,,false,2026-10-05T12:53:11.763Z
6021001038410,株式会社アクアリーフ,14:神奈川県,27人,10-29人,主要都市圏,10-29人 / 主要都市圏,1,https://www.aqualeaf.co.jp/,200,allowed,,https://www.aqualeaf.co.jp/recruit/,https://www.aqualeaf.co.jp/recruit/,homepageAnchor,採用情報,ownDomain,high,200,allowed,求人・採用情報 | 株式会社アクアリーフ,true,4,0,false,false,,,0,,false,2026-10-05T12:53:13.039Z
6021001068738,株式会社ＳＭＡ,14:神奈川県,3人,1-4人,主要都市圏,1-4人 / 主要都市圏,1,https://sm-a.co.jp/,,unavailable,TypeError:EAI_AGAIN,,,,,,,,,,,0,0,,false,,,0,,false,
6021001069380,株式会社ｌｏｇ　ｂｕｉｌｄ,14:神奈川県,26人,10-29人,主要都市圏,10-29人 / 主要都市圏,1,https://www.log-build.com/,200,allowed,,https://www.wantedly.com/companies/company_745746,,homepageLinkToJobPlatform,採用情報,jobPlatform,low,,,,,1,3,,false,,,0,,false,
6021003001481,インクループ株式会社,14:神奈川県,12人,10-29人,主要都市圏,10-29人 / 主要都市圏,1,http://incloop.com/,200,allowed,,https://incloop.com/incloop_recruit/,https://incloop.com/incloop_recruit/,homepageAnchor,インクループの求人案内,ownDomain,high,200,allowed,インクループの求人案内 | インクループ株式会社｜神奈川県相模原市 ホームページ制作、WEBマーケティング,true,4,0,false,false,,,0,,false,2026-10-05T12:53:17.813Z
6021003008403,合同会社ＴＡＨＡＲＡ,14:神奈川県,20人,10-29人,主要都市圏,10-29人 / 主要都市圏,1,https://www.htahara.com/,200,unavailable,,,,,,,,,,,,0,0,,false,,,0,,false,
6030001003828,ＡＧＳビジネスコンピューター株式会社,11:埼玉県,122人,100-299人,主要都市圏,100-299人 / 主要都市圏,1,https://www.ags-bc.co.jp,200,allowed,,,,,,,,,,,,0,0,,false,,,0,,false,
6030001013546,株式会社Ｍｉｒａｉｅ,13:東京都,48人,30-99人,東京,30-99人 / 東京,1,https://miraie-group.jp/,200,allowed,,https://miraie-group.jp/recruit,https://miraie-group.jp/recruit,homepageAnchor,採用情報 RECRUIT,ownDomain,high,200,allowed,株式会社Miraie｜採用サイト,true,2,0,false,false,,,0,,false,2026-10-05T12:53:16.566Z
6030001024799,株式会社日東テクノブレーン,11:埼玉県,290人,100-299人,主要都市圏,100-299人 / 主要都市圏,1,https://www.nitto-tech.co.jp/,200,allowed,,https://www.nitto-tech.co.jp/career/,https://www.nitto-tech.co.jp/career/,homepageAnchor,採用情報,ownDomain,low,200,allowed,日東マイキャリア,false,2,0,false,false,,,0,,false,2026-10-05T12:53:17.144Z
6030001032182,ＮＳＥＣ株式会社,11:埼玉県,247人,100-299人,主要都市圏,100-299人 / 主要都市圏,1,http://www.nisshin-soft.co.jp,200,unavailable,,https://www.nisshin-soft.co.jp/recruit_info.html,https://www.nisshin-soft.co.jp/recruit_info.html,homepageAnchor,募集要項はこちら,ownDomain,high,200,unavailable,募集要項（新卒採用）- 日信ソフトエンジニアリング株式会社,true,4,0,false,false,,,0,,false,2026-10-05T12:53:22.731Z
6030001048253,株式会社フロッサ,11:埼玉県,40人,30-99人,主要都市圏,30-99人 / 主要都市圏,1,http://www.flossa.co.jp/,200,allowed,,https://www.flossa.com/recruitment,https://www.flossa.com/recruitment,homepageAnchor,採用情報,otherDomain,high,200,allowed,株式会社フロッサ｜採用情報,true,2,0,false,false,,,0,http://www.flossa.co.jp/recruit.html,true,2026-10-05T12:53:18.676Z
6030001054094,株式会社ＥＭメディア,11:埼玉県,3人,1-4人,主要都市圏,1-4人 / 主要都市圏,1,https://eigohiroba.jp/,200,allowed,,https://all-eikaiwa.com/rarejob-trial/,https://all-eikaiwa.com/rarejob-trial/,homepageUrlPattern,口コミ・詳細を見る,otherDomain,low,200,allowed,レアジョブ英会話のレッスンを3回受講してみた正直な感想・口コミ【体験記】｜おすすめオンライン英会話 | ALL英会話,false,1,0,false,false,,,0,,false,2026-10-05T12:53:19.956Z
6030001065018,株式会社アルファプラス,11:埼玉県,29人,10-29人,主要都市圏,10-29人 / 主要都市圏,1,https://www.alphaplus.co.jp/,200,unavailable,,https://www.alphaplus.co.jp/recruit,https://www.alphaplus.co.jp/recruit/,homepageAnchor,採用情報,ownDomain,high,200,unavailable,採用情報 - 株式会社アルファプラス,true,2,0,false,false,,,1,,false,2026-10-05T12:53:21.280Z
6030001094396,株式会社グッドエレファント,45:宮崎県,7人,5-9人,その他,5-9人 / その他,1,https://good-elephant.co.jp/,200,allowed,,https://recruit.good-elephant.co.jp/,https://recruit.good-elephant.co.jp/,homepageUrlPattern,リクルートサイトはこちら,ownDomain,low,403,unavailable,,,1,0,,false,,,0,,false,2026-10-05T12:53:21.883Z
6030001129607,株式会社アイ・ピー・コンサルティング,13:東京都,25人,10-29人,東京,10-29人 / 東京,1,https://www.ip-consulting.co.jp,200,unavailable,,,,,,,,,,,,0,0,,false,,,0,,false,
6030001159769,株式会社パルシベイト,13:東京都,1人,1-4人,東京,1-4人 / 東京,1,https://www.pulsiv8.com/,200,allowed,,https://www.pulsiv8.com/careers,https://www.pulsiv8.com/careers,homepageAnchor,採用情報,ownDomain,high,200,allowed,採用情報 | Pulsiv8,true,1,0,false,false,,,0,,false,2026-10-05T12:53:21.284Z
6030002023247,有限会社アソシエート,11:埼玉県,9人,5-9人,主要都市圏,5-9人 / 主要都市圏,1,http://associate777.com/,200,unavailable,,,,,,,,,,,,0,0,,false,,,0,,false,
6040001007266,三井Ｅ＆Ｓシステム技研株式会社,12:千葉県,658人,300-999人,主要都市圏,300-999人 / 主要都市圏,1,http://www.msr.co.jp/,200,allowed,,https://www.msr.co.jp/recruit/index.html,https://www.msr.co.jp/recruit/index.html,homepageUrlPattern,採⽤情報,ownDomain,medium,200,allowed,採用情報 < 三井E&Sシステム技研株式会社,true,4,0,false,false,,,0,,false,2026-10-05T12:53:26.166Z
6040001033527,株式会社ｎｅｗ　ｃｒｅａｔｅ,10:群馬県,6人,5-9人,その他,5-9人 / その他,1,https://newcreate.co.jp/,200,allowed,,,,,,,,,,,,0,2,,false,,,0,,false,
6040001049985,株式会社アライヴネットワーク,12:千葉県,1人,1-4人,主要都市圏,1-4人 / 主要都市圏,1,http://www.alivenetwork.jp/index.html,200,allowed,,https://www.alivenetwork.jp/recruit,https://www.alivenetwork.jp/recruit,homepageUrlPattern,詳細を見る,ownDomain,medium,200,allowed,採用情報 | 通信インフラ・防犯カメラ工事は東京都墨田区のアライヴネットワークへ,true,1,0,false,false,,,0,,false,2026-10-05T12:53:27.942Z
6040001068077,システムスリーテン株式会社,12:千葉県,82人,30-99人,主要都市圏,30-99人 / 主要都市圏,1,https://www.system310.co.jp,200,unavailable,,https://system310.co.jp/recruit/,https://system310.co.jp/recruit/,homepageAnchor,RECRUIT,ownDomain,high,200,unavailable,【採用情報】 無限の可能性に挑む。そんな仕事を、一緒にしよう | 新卒・中途募集中,true,6,0,false,false,,,0,https://www.system310.co.jp/recruit_newface.html,true,2026-10-05T12:53:25.958Z
6040001100599,株式会社ＷＩＣＨ,13:東京都,5人,5-9人,東京,5-9人 / 東京,1,https://wich.co.jp/,200,allowed,,https://wich.co.jp/recruit/,https://wich.co.jp/recruit/,homepageUrlPattern,コチラ,ownDomain,medium,200,allowed,採用情報 – 株式会社WICH,true,1,0,false,false,,,0,,false,2026-10-05T12:53:25.033Z
6040001112660,株式会社Ａｓｔｒｏ　Ｐｒｏｄｕｃｔｉｏｎ,12:千葉県,100人,100-299人,主要都市圏,100-299人 / 主要都市圏,1,https://astropro.co.jp/,200,allowed,,https://astropro.co.jp/recruitment/,https://astropro.co.jp/recruitment/,homepageAnchor,Recruitment,ownDomain,high,200,allowed,Recruitment - 採用情報 ｜ 株式会社Astro Production,true,1,0,false,false,,,0,,false,2026-10-05T12:53:27.270Z
6040001124680,カサナレ株式会社,13:東京都,2人,1-4人,東京,1-4人 / 東京,1,https://kasanare.co.jp/,200,allowed,,https://kasanare.co.jp/recruit,https://kasanare.co.jp/recruit,homepageAnchor,Recruit,ownDomain,high,200,allowed,採用情報｜生成AIの社会実装、その最前線へ。｜カサナレ株式会社,true,1,0,false,false,,,0,,false,2026-10-05T12:53:25.887Z
6050001023774,株式会社日立産業制御ソリューションズ,13:東京都,3538人,1000人以上,東京,1000人以上 / 東京,1,http://www.hitachi-ics.co.jp,200,unavailable,,https://info.hitachi-ics.co.jp/recruit/,https://info.hitachi-ics.co.jp/recruit/,homepageAnchor,採用情報,ownDomain,high,200,allowed,採用情報｜日立産業制御ソリューションズ,true,5,0,false,false,,,0,,false,2026-10-05T12:53:32.338Z
6050001037106,株式会社茨城新聞社,08:茨城県,207人,100-299人,その他,100-299人 / その他,1,https://ibarakinews.jp/top.php,200,allowed,,https://corp.ibarakinews.jp/employ/,https://corp.ibarakinews.jp/employ/,homepageAnchor,採用情報,ownDomain,high,200,allowed,採用情報 - 茨城新聞社,true,4,0,false,false,,,0,,false,2026-10-05T12:53:38.184Z
6070001001480,株式会社上毛新聞社,10:群馬県,345人,300-999人,その他,300-999人 / その他,1,https://www.jomo-news.co.jp/common/files/pdf/work-life-b2021.pdf,200,allowed,non_html_content,https://www.jomo-news.co.jp/jm/recruit/,https://www.jomo-news.co.jp/jm/recruit/,homepageAnchor,採用情報,ownDomain,high,200,allowed,採用情報 | 上毛新聞社のニュースサイト,true,2,0,false,true,https://www.jomo-news.co.jp/,200,0,,false,2026-10-05T12:53:34.322Z
6070001012255,株式会社ビズクリエイト,10:群馬県,8人,5-9人,その他,5-9人 / その他,1,http://biz-create.com/,200,allowed,,https://biz-create.com/recruit/,https://biz-create.com/recruit/,homepageAnchor,採用情報,ownDomain,high,200,allowed,採用情報：ユーザーサポート、事務、WEBエンジニアの求人｜ビズクリエイト：群馬県高崎市,true,3,0,false,false,,,0,,false,2026-10-05T12:53:35.142Z
6070001035719,株式会社ｋａｏｉｒｉ,10:群馬県,13人,10-29人,その他,10-29人 / その他,1,https://kaoiri.co.jp/,200,allowed,,https://kaoiri.co.jp/recruit,https://kaoiri.co.jp/recruit/,homepageAnchor,採用情報,ownDomain,high,200,allowed,採用情報 - 株式会社kaoiri,true,2,0,false,false,,,1,,false,2026-10-05T12:53:34.750Z
6080001003600,株式会社電算インフォメーション,22:静岡県,100人,100-299人,その他,100-299人 / その他,1,https://www.d-info.co.jp/employer_actionplan,200,allowed,,https://www.d-info.co.jp/recruit/,https://www.d-info.co.jp/recruit/,homepageAnchor,採用情報 Recruit,ownDomain,high,200,allowed,DIC RECRUIT SITE | 株式会社電算インフォメーション採用サイト | 目指してみませんか 「人の心に寄り添うエンジニア」,true,1,0,false,false,,,0,,false,2026-10-05T12:53:30.114Z
6080101001198,株式会社コサウェル,22:静岡県,316人,300-999人,その他,300-999人 / その他,1,http://www.cosawell.co.jp,200,allowed,,https://cosawell-recruit.jp/,,homepageLinkOffDomain,採用,otherDomain,low,,,,,1,0,,false,,,0,,false,
6080401002788,株式会社ソフテス,22:静岡県,168人,100-299人,その他,100-299人 / その他,1,http://www.softes.co.jp/,200,unavailable,,https://www.softes.co.jp/info/recruit/,https://www.softes.co.jp/info/recruit/,homepageAnchor,採用,ownDomain,high,200,unavailable,株式会社ソフテスの採用サイト｜トップ,true,1,0,false,false,,,0,,false,2026-10-05T12:53:35.690Z
6080401011839,株式会社イーエムアイピクチャーズエンターテイメント,22:静岡県,3人,1-4人,その他,1-4人 / その他,1,http://emi-pic.com,200,unavailable,,,,,,,,,,,,0,0,,false,,,0,,false,
6090001006313,株式会社エスビーシー,19:山梨県,70人,30-99人,その他,30-99人 / その他,1,http://www.sbc-i.co.jp,200,unavailable,,http://www.sbc-i.co.jp/recruit.html,http://www.sbc-i.co.jp/recruit.html,homepageAnchor,採用情報,ownDomain,high,200,unavailable,株式会社エスビーシー,true,1,0,false,false,,,0,,false,2026-10-05T12:53:34.920Z
6100001012664,株式会社アドヴァンスト・インフォーメイション・デザイン,20:長野県,645人,300-999人,その他,300-999人 / その他,1,https://www.a-i-d.co.jp/company/diversity.html,404,allowed,http_404,https://www.a-i-d.co.jp/recruit,https://www.a-i-d.co.jp/recruit,homepageAnchor,採用,ownDomain,high,200,allowed,AID｜採用情報,true,4,0,false,true,https://www.a-i-d.co.jp/,200,0,,false,2026-10-05T12:53:41.015Z
6100001026243,ネクストリンクス株式会社,20:長野県,115人,100-299人,その他,100-299人 / その他,1,https://nextlinks.co.jp/,200,unavailable,,https://nextlinks.co.jp/recruit/,https://nextlinks.co.jp/recruit/,homepageAnchor,採用情報 RECRUIT,ownDomain,high,200,unavailable,採用情報,true,5,0,false,false,,,0,,false,2026-10-05T12:53:35.543Z
6110001002383,株式会社シアンス,15:新潟県,65人,30-99人,その他,30-99人 / その他,1,https://www.siance.co.jp/,200,unavailable,,https://www.siance.co.jp/recruit/,https://www.siance.co.jp/recruit/,homepageAnchor,採用情報,ownDomain,high,200,unavailable,採用情報 - 株式会社シアンス,true,1,0,false,false,,,0,,false,2026-10-05T12:53:37.606Z
6110001005295,株式会社マルゴシステム,15:新潟県,49人,30-99人,その他,30-99人 / その他,1,http://www.marugo-system.co.jp/,200,unavailable,,https://www.marugo-system.co.jp/recruit/,https://www.marugo-system.co.jp/recruit/,homepageAnchor,採用情報,ownDomain,high,200,unavailable,採用情報｜株式会社マルゴシステム,true,1,0,false,false,,,0,https://job.career-tasu.jp/2024/icorp/00073767/,true,2026-10-05T12:53:44.014Z
6110001018644,アグリノート株式会社,15:新潟県,37人,30-99人,その他,30-99人 / その他,1,https://water-cell.jp/,200,allowed,,https://www.agri-note.co.jp/recruit/,https://www.agri-note.co.jp/recruit/,homepageAnchor,採用情報,otherDomain,high,200,unavailable,採用情報｜アグリノート株式会社,true,1,0,false,false,,,0,,false,2026-10-05T12:53:39.923Z
6110001024799,株式会社アイテック,15:新潟県,109人,100-299人,その他,100-299人 / その他,1,https://www.itecinc.jp/,200,allowed,,https://www.itecinc.jp/recruit/,https://www.itecinc.jp/recruit/,homepageAnchor,採用情報,ownDomain,high,200,allowed,TOP | 株式会社アイテック -採用サイト-,true,2,0,false,false,,,0,https://www.itecinc.jp/recruit/,true,2026-10-05T12:53:38.646Z
6120001015252,株式会社ステップ,27:大阪府,50人,30-99人,主要都市圏,30-99人 / 主要都市圏,1,https://stepjapan.jp/,200,allowed,,https://stepjapan.jp/recruit/,https://stepjapan.jp/recruit/,homepageAnchor,Recruit,ownDomain,high,200,allowed,RECRUIT｜株式会社ステップ,true,1,0,false,false,,,0,,false,2026-10-05T12:53:40.566Z
6120001034616,株式会社菓業食品新聞社,27:大阪府,3人,1-4人,主要都市圏,1-4人 / 主要都市圏,1,http://okashi.info,200,allowed,,,,,,,,,,,,0,2,,false,,,0,,false,
6120001040374,株式会社ユニオンシンク,27:大阪府,170人,100-299人,主要都市圏,100-299人 / 主要都市圏,1,https://www.utc-net.co.jp/,200,allowed,,https://www.utc-net.co.jp/recruit-top/,https://www.utc-net.co.jp/recruit-top/,homepageAnchor,採用情報,ownDomain,high,200,allowed,株式会社ユニオンシンク | 採用情報,true,1,0,false,false,,,0,,false,2026-10-05T12:53:41.027Z
6120001056148,Ｓｋｙ株式会社,27:大阪府,4668人,1000人以上,主要都市圏,1000人以上 / 主要都市圏,1,http://www.skygroup.jp/,200,allowed,,https://www.skygroup.jp/recruit/,https://www.skygroup.jp/recruit/,homepageAnchor,採用情報,ownDomain,high,200,allowed,採用情報｜Ｓｋｙ株式会社,true,9,0,false,false,,,0,,false,2026-10-05T12:53:46.479Z
6120001059605,株式会社朝日新聞社,27:大阪府,3651人,1000人以上,主要都市圏,1000人以上 / 主要都市圏,1,https://www.asahi.com/corporate/info/14728559,200,allowed,,https://smbiz.asahi.com/?iref=comtop_Event_03,https://smbiz.asahi.com/?iref=comtop_Event_03,homepageAnchor,中小企業の経営に役立つ情報を優先配信！無料会員募集中,ownDomain,low,200,allowed,ツギノジダイ｜中小企業の事業承継や経営課題の解決に役立つメディア,false,3,0,false,true,https://www.asahi.com/,200,0,,false,2026-10-05T12:53:44.098Z
6120001081039,株式会社シーシーエス,27:大阪府,56人,30-99人,主要都市圏,30-99人 / 主要都市圏,1,http://ccs-enet.co.jp/,200,allowed,,https://ccs-enet.co.jp/recruitment/,https://ccs-enet.co.jp/recruitment/,homepageAnchor,採用情報,ownDomain,high,200,allowed,採用情報 - 株式会社シーシーエス,true,6,0,false,false,,,0,,false,2026-10-05T12:53:47.027Z
6120001085972,株式会社ナウプロダクション,27:大阪府,101人,100-299人,主要都市圏,100-299人 / 主要都市圏,1,http://www.nowpro.co.jp/,200,allowed,,https://www.nowpro.co.jp/recruit/,https://www.nowpro.co.jp/recruit/,homepageAnchor,採用情報,ownDomain,high,200,allowed,採用情報 | 株式会社ナウプロダクション,true,6,0,false,false,,,0,,false,2026-10-05T12:53:48.824Z
6120001090989,株式会社はぴロジ,13:東京都,32人,30-99人,東京,30-99人 / 東京,1,http://www.bwave.co.jp/,,unavailable,TypeError:ENOTFOUND,,,,,,,,,,,0,0,,false,,,0,,false,
6120001101936,株式会社ベルチャイルド,27:大阪府,211人,100-299人,主要都市圏,100-299人 / 主要都市圏,1,https://bell-c.co.jp/,200,allowed,,https://www.bell-c.co.jp/recruit/,https://www.bell-c.co.jp/recruit/,homepageAnchor,採用情報,ownDomain,high,200,allowed,採用情報 | 株式会社ベルチャイルド,true,1,0,false,false,,,0,,false,2026-10-05T12:53:49.180Z
6120001105838,シーレイシステム株式会社,27:大阪府,24人,10-29人,主要都市圏,10-29人 / 主要都市圏,1,http://www.searay.co.jp/,200,unavailable,,https://www.searay.co.jp/recruit,https://www.searay.co.jp/recruit/,homepageAnchor,採用情報,ownDomain,high,200,unavailable,採用情報 | シーレイシステム株式会社,true,1,0,false,false,,,1,,false,2026-10-05T12:53:53.910Z
6120001116950,システムアーツ株式会社,27:大阪府,13人,10-29人,主要都市圏,10-29人 / 主要都市圏,1,http://www.systemarts.jp/,200,allowed,,https://recruit.systemarts.jp/,https://recruit.systemarts.jp/,homepageAnchor,採用情報,ownDomain,high,200,allowed,システムアーツ採用サイト -,true,1,0,false,false,,,0,,false,2026-10-05T12:53:51.168Z
6120001126768,フィラーシステムズ株式会社,27:大阪府,117人,100-299人,主要都市圏,100-299人 / 主要都市圏,1,https://www.fsz.co.jp,200,unavailable,,https://www.fsz.co.jp/?page_id=9032,https://www.fsz.co.jp/?page_id=9032,homepageAnchor,採用,ownDomain,high,200,unavailable,採用｜採用 | FeelerSystemZ,true,1,0,false,false,,,0,,false,2026-10-05T12:53:48.416Z
6120001166327,レプリス株式会社,27:大阪府,23人,10-29人,主要都市圏,10-29人 / 主要都市圏,1,https://www.lepris.co.jp/,200,allowed,,https://www.lepris-recruit.com/,,homepageLinkOffDomain,Recruit,otherDomain,low,,,,,1,3,,false,,,0,,false,
6120001200894,株式会社エンゲート,27:大阪府,25人,10-29人,主要都市圏,10-29人 / 主要都市圏,1,https://engatesoft.co.jp,200,allowed,,https://engatesoft.co.jp/recruit/,https://engatesoft.co.jp/recruit/,homepageAnchor,採用情報,ownDomain,high,200,allowed,採用情報 - engate,true,1,0,false,false,,,0,,false,2026-10-05T12:53:50.581Z
6120001251921,アイグッドサポート株式会社,27:大阪府,2人,1-4人,主要都市圏,1-4人 / 主要都市圏,1,https://i-good-sp.jp/actionplan/,200,allowed,,https://www.lancers.jp/client/moriguty,,homepageLinkToJobPlatform,ランサーズでの募集状況はこちら,jobPlatform,low,,,,,1,3,,true,https://i-good-sp.jp/,200,0,,false,
6120001261953,Ｓｕｐｅｒ　Ｉｎｔｅｒａｃｔｉｃａ株式会社,27:大阪府,5人,5-9人,主要都市圏,5-9人 / 主要都市圏,1,https://www.superinteractica.ai/,200,allowed,,,,,,,,,,,,0,0,,false,,,0,,false,
6120001263842,株式会社ゼクノ,27:大阪府,1人,1-4人,主要都市圏,1-4人 / 主要都市圏,1,https://zekno.co.jp/,200,allowed,,https://zekno.co.jp/recruit/,https://zekno.co.jp/recruit/,homepageAnchor,採用情報,ownDomain,high,200,allowed,採用情報 | 株式会社ゼクノ,true,1,0,true,false,,,0,,false,2026-10-05T12:53:54.615Z
6120101002687,株式会社スマートバリュー,27:大阪府,102人,100-299人,主要都市圏,100-299人 / 主要都市圏,1,https://www.smartvalue.ad.jp/,200,allowed,,https://www.smartvalue.ad.jp/recruit/,https://www.smartvalue.ad.jp/recruit/,homepageAnchor,採用情報,ownDomain,high,200,allowed,採用情報 | 株式会社スマートバリュー,true,4,0,false,false,,,0,,false,2026-10-05T12:53:53.158Z
6122001025685,株式会社インテリオール,27:大阪府,3人,1-4人,主要都市圏,1-4人 / 主要都市圏,1,http://interiall.jp/,200,allowed,,https://interiall.jp/recruit/,https://interiall.jp/recruit/,homepageAnchor,採用情報,ownDomain,high,200,allowed,株式会社インテリオール 採用サイト,true,1,0,false,false,,,0,,false,2026-10-05T12:54:01.410Z
6130001012562,京セラコミュニケーションシステム株式会社,26:京都府,2570人,1000人以上,主要都市圏,1000人以上 / 主要都市圏,1,http://www.kccs.co.jp/,200,unavailable,,https://www.kccs.co.jp/recruit/,https://www.kccs.co.jp/recruit/,homepageAnchor,採用情報,ownDomain,high,200,unavailable,採用情報｜京セラコミュニケーションシステム株式会社,true,1,0,false,false,,,0,,false,2026-10-05T12:53:58.437Z
6130001021019,株式会社ＪＳＰ,26:京都府,5人,5-9人,主要都市圏,5-9人 / 主要都市圏,1,http://jsp.ne.jp/,200,allowed,,https://jsp.ne.jp/recruit/,https://jsp.ne.jp/recruit/,homepageAnchor,採用情報,ownDomain,high,200,allowed,採用情報｜株式会社メディカルJSP,true,1,0,false,false,,,0,,false,2026-10-05T12:53:58.640Z
6130001022207,バンネットワーク株式会社,26:京都府,154人,100-299人,主要都市圏,100-299人 / 主要都市圏,1,https://van-nw.jp/,200,unavailable,,,,,,,,,,,,0,0,,false,,,0,,false,
6130001028559,株式会社インフィニティ,26:京都府,94人,30-99人,主要都市圏,30-99人 / 主要都市圏,1,https://infinity-k.co.jp/,200,allowed,,https://infinity-k.co.jp/recruit/,https://infinity-k.co.jp/recruit/,homepageAnchor,RECRUIT,ownDomain,high,200,allowed,infinity,true,1,0,false,false,,,0,,false,2026-10-05T12:53:56.342Z
6130001060181,株式会社データグリッド,26:京都府,20人,10-29人,主要都市圏,10-29人 / 主要都市圏,1,https://datagrid.co.jp/,200,allowed,,https://datagrid.co.jp/recruit/,https://datagrid.co.jp/recruit/,homepageAnchor,RECRUIT,ownDomain,high,200,allowed,採用情報 | 株式会社データグリッド,true,1,0,false,false,,,0,,false,2026-10-05T12:53:56.958Z
6130003003378,合同会社バンクトゥ,26:京都府,12人,10-29人,主要都市圏,10-29人 / 主要都市圏,1,http://bankto.co.jp/,200,allowed,,https://bankto.co.jp/recruit/interview-01/,https://bankto.co.jp/recruit/interview-01/,robotsSitemap,,ownDomain,medium,200,allowed,合同会社バンクトゥ｜bankto LLC.,true,2,1,false,false,,,0,,false,2026-10-05T12:54:05.313Z
6140001007719,コベルコソフトサービス株式会社,28:兵庫県,577人,300-999人,主要都市圏,300-999人 / 主要都市圏,1,http://www.kobelcosoft-service.co.jp/,200,unavailable,,https://www.kobelcosoft-service.co.jp/recruitment/,https://www.kobelcosoft-service.co.jp/recruitment/,homepageAnchor,Recruitment 採用情報,ownDomain,high,200,unavailable,採用情報 | コベルコソフトサービス株式会社,true,9,0,false,false,,,0,,false,2026-10-05T12:54:02.441Z
6140001023071,株式会社トラストブレイン,28:兵庫県,49人,30-99人,主要都市圏,30-99人 / 主要都市圏,1,https://www.trustbrain.co.jp,200,allowed,,,,,,,,,,,,0,0,,true,http://www.trustbrain.co.jp/,200,0,,false,
6140001026322,キー・ポイント株式会社,28:兵庫県,27人,10-29人,主要都市圏,10-29人 / 主要都市圏,1,https://www.key-p.com/,200,allowed,,https://www.key-p.com/recruit/,https://www.key-p.com/recruit/,homepageAnchor,採用情報,ownDomain,high,200,allowed,キー・ポイントRECRUIT | キー・ポイント株式会社 | お客様に満足していただけるシステム開発をご提案いたしますキー・ポイント株式会社 | お客様に満足していただけるシステム開発をご提案いたします,true,8,0,false,false,,,0,,false,2026-10-05T12:54:00.767Z
6140001038152,株式会社パスカル,28:兵庫県,9人,5-9人,主要都市圏,5-9人 / 主要都市圏,1,http://www.pascal-kobe.co.jp/,200,unavailable,,https://pascal-kobe.co.jp/index.php/recruit/,https://pascal-kobe.co.jp/index.php/recruit/,homepageAnchor,採用情報,ownDomain,high,200,allowed,採用情報 | 株式会社 パスカル,true,2,0,false,false,,,0,,false,2026-10-05T12:54:10.948Z
6140001070262,株式会社フルノソフテック,28:兵庫県,64人,30-99人,主要都市圏,30-99人 / 主要都市圏,1,https://www.furunosoftech.co.jp,200,allowed,,https://furunosoftech.co.jp/recruit/,https://furunosoftech.co.jp/recruit/,homepageAnchor,RECRUIT,ownDomain,high,200,allowed,RECRUIT | 株式会社フルノソフテック,true,1,0,false,false,,,0,,false,2026-10-05T12:54:09.068Z
6140001075856,株式会社ブレイン,28:兵庫県,30人,30-99人,主要都市圏,30-99人 / 主要都市圏,1,https://www.bb-brain.co.jp/actplan/,200,allowed,,https://www.bb-brain.co.jp/recruit/,https://www.bb-brain.co.jp/recruit/,homepageAnchor,採用情報,ownDomain,high,200,allowed,採用情報 - 画像認識・AI・業務システム｜株式会社ブレイン,true,1,0,false,false,,,0,,false,2026-10-05T12:54:01.811Z
6140001087083,Ｂ．Ｃｒｅａｔｉｏｎ株式会社,28:兵庫県,7人,5-9人,主要都市圏,5-9人 / 主要都市圏,1,https://bcreation.jp/,200,unavailable,,https://bcreation.jp/recruit/index.html,https://bcreation.jp/recruit/index.html,homepageAnchor,RECRUIT,ownDomain,high,200,unavailable,採用（求人）情報｜B.Creation株式会社,true,1,0,false,false,,,0,,false,2026-10-05T12:54:04.072Z
6140003009044,合同会社甲南キッチン,28:兵庫県,13人,10-29人,主要都市圏,10-29人 / 主要都市圏,1,https://kohnan-kitchen.net,200,allowed,,,,,,,,,,,,0,1,,false,,,0,,false,
6160002002114,有限会社ゼネラルソフトウェア,25:滋賀県,12人,10-29人,その他,10-29人 / その他,1,https://www.g-soft.co.jp/,200,allowed,,https://www.g-soft.co.jp/recruit,https://www.g-soft.co.jp/recruit,homepageAnchor,Recruit,ownDomain,high,200,allowed,RECRUIT | 滋賀県のホームページ制作｜ゼネラルソフトウェア,true,2,0,false,false,,,0,,false,2026-10-05T12:54:08.667Z
6170001001487,シティコンピュータ株式会社,30:和歌山県,251人,100-299人,その他,100-299人 / その他,1,http://www.cck.co.jp/,200,allowed,,https://cck.co.jp/recruit/,https://cck.co.jp/recruit/,homepageAnchor,採用情報,ownDomain,high,200,allowed,採用情報 - シティコンピュータ株式会社,true,4,0,false,false,,,0,,false,2026-10-05T12:54:12.799Z
6170001018564,株式会社ＩＨＡ,30:和歌山県,1人,1-4人,その他,1-4人 / その他,1,https://iha-cloudservice-support.jp/,200,allowed,,,,,,,,,,,,0,2,,false,,,0,,false,
6180001026649,日本アドバンストリーダーズソフトウェア株式会社,23:愛知県,53人,30-99人,主要都市圏,30-99人 / 主要都市圏,1,https://www.nalsoft.co.jp/,200,allowed,,,,,,,,,,,,0,0,,false,,,0,,false,
6180001029354,株式会社クロップス,23:愛知県,740人,300-999人,主要都市圏,300-999人 / 主要都市圏,1,https://www.crops.co.jp/,200,allowed,,https://www.crops.co.jp/recruit,https://www.crops.co.jp/recruit,homepageAnchor,採用情報,ownDomain,high,200,allowed,採用情報 | 株式会社クロップス,true,4,0,false,false,,,0,,false,2026-10-05T12:54:08.694Z
6180001038116,中部テレコミュニケーション株式会社,23:愛知県,879人,300-999人,主要都市圏,300-999人 / 主要都市圏,1,https://www.ctc.co.jp/,200,unavailable,,https://www.ctc.co.jp/recruit/,https://www.ctc.co.jp/recruit/,homepageAnchor,採用情報,ownDomain,high,200,unavailable,ctc 中部テレコミュニケーション株式会社 リクルートサイト,true,3,0,false,false,,,0,,false,2026-10-05T12:54:09.241Z
6180001038974,スターキャット株式会社,23:愛知県,241人,100-299人,主要都市圏,100-299人 / 主要都市圏,1,http://www.starcat.co.jp,200,unavailable,,https://www.starcat.co.jp/recruit/?ref=bottom_menu,https://www.starcat.co.jp/recruit/?ref=bottom_menu,homepageAnchor,採用情報,ownDomain,high,200,unavailable,2028年度採用情報サイト | スターキャット,true,3,0,false,false,,,0,,false,2026-10-05T12:54:14.340Z
6180001053759,株式会社イークリエイト,23:愛知県,50人,30-99人,主要都市圏,30-99人 / 主要都市圏,1,http://www.e-create.jp,200,allowed,,https://www.e-create.jp/recruit/,https://www.e-create.jp/recruit/,homepageAnchor,採用情報,ownDomain,high,200,allowed,採用情報 | 名古屋でシステム、アプリ開発ならイークリエイトへ！,true,2,0,false,false,,,0,,false,2026-10-05T12:54:16.733Z
6180001055739,株式会社ブレイン・ゲート,23:愛知県,223人,100-299人,主要都市圏,100-299人 / 主要都市圏,1,http://www.braingate.co.jp,200,allowed,,https://braingate.co.jp/category/recruit/,https://braingate.co.jp/category/recruit/,homepageAnchor,BLOG (RECRUIT),ownDomain,high,200,allowed,BLOG (RECRUIT) | 株式会社ブレイン・ゲート,true,4,0,false,false,,,0,,false,2026-10-05T12:54:17.813Z
6180001060227,デジタルミックス株式会社,23:愛知県,51人,30-99人,主要都市圏,30-99人 / 主要都市圏,1,http://www.digitalmix.jp/,200,allowed,,https://www.digitalmix.jp/partner/,https://www.digitalmix.jp/partner/,homepageAnchor,業務パートナー募集,ownDomain,high,200,allowed,業務パートナー募集フォーム | デジタルミックス株式会社,true,3,0,false,false,,,0,,false,2026-10-05T12:54:17.122Z
6180001065151,株式会社コネクティボ,23:愛知県,19人,10-29人,主要都市圏,10-29人 / 主要都市圏,1,https://www.conextivo.com/,200,allowed,,https://www.conextivo.com/recruit,https://www.conextivo.com/recruit,homepageAnchor,採用情報,ownDomain,high,200,allowed,採用情報 | 名古屋のDX推進・Web制作/構築・システム開発「株式会社コネクティボ」,true,1,0,false,false,,,0,,false,2026-10-05T12:54:13.638Z
6180001088631,株式会社Ｆｏｕｒ　Ｈｉｌｌｓ,23:愛知県,8人,5-9人,主要都市圏,5-9人 / 主要都市圏,1,https://fourhills.jp/,200,allowed,,,,,,,,,,,,0,3,,false,,,0,,false,
6180001106327,株式会社フリースタイルエンターテイメント,23:愛知県,45人,30-99人,主要都市圏,30-99人 / 主要都市圏,1,https://www.freestyle-entertainment.co.jp/,200,allowed,,https://www.freestyle-entertainment.co.jp/recruit/,https://www.freestyle-entertainment.co.jp/recruit/,homepageAnchor,RECRUIT 採用情報,ownDomain,high,200,allowed,採用情報 | Web制作会社 フリースタイルエンターテイメント,true,16,0,false,false,,,0,,false,2026-10-05T12:54:14.790Z
6180001108216,ジーエスネット株式会社,23:愛知県,5人,5-9人,主要都市圏,5-9人 / 主要都市圏,1,https://www.gsnt.co.jp,200,allowed,,https://www.gsnt.co.jp/recruit/,https://www.gsnt.co.jp/recruit/,homepageAnchor,採用情報 Recruit,ownDomain,high,200,allowed,採用情報 | ジーエスネット株式会社,true,1,0,false,false,,,0,,false,2026-10-05T12:54:22.474Z
6180001159754,シンコーＦＸ株式会社,23:愛知県,1人,1-4人,主要都市圏,1-4人 / 主要都市圏,1,https://www.shinkotoushin.co.jp/koudou-keikaku/,200,allowed,,,,,,,,,,,,0,3,,true,https://www.shinkotoushin.co.jp/,200,0,https://www.shinkotoushin.co.jp/recruit/,true,
6180003023289,オオアケイ株式会社,13:東京都,16人,10-29人,東京,10-29人 / 東京,1,https://ooak.jp/jp,200,allowed,,,,,,,,,,,,0,1,,true,https://ooak.jp/,200,0,,false,
6180301013116,株式会社デンソーエスアイ,23:愛知県,105人,100-299人,主要都市圏,100-299人 / 主要都市圏,1,https://www.denso.com/group/denso-si/,403,unavailable,http_403,,,,,,,,,,,0,0,,true,https://www.denso.com/,403,0,,false,
6180301017380,デンソーテクノ株式会社,23:愛知県,3288人,1000人以上,主要都市圏,1000人以上 / 主要都市圏,1,http://www.densotechno.co.jp/,200,unavailable,,https://www.densotechno.co.jp/jobs/,https://www.densotechno.co.jp/jobs/,homepageAnchor,採用情報,ownDomain,high,200,unavailable,デンソーテクノ株式会社 Recruiting Site,true,2,0,false,false,,,0,,false,2026-10-05T12:54:24.408Z
6190001003218,株式会社ミエデンシステムソリューション,24:三重県,273人,100-299人,その他,100-299人 / その他,1,http://www.msysol.co.jp/,403,unavailable,http_403,,,,,,,,,,,0,0,,false,,,0,,false,
6200001013553,グレートインフォメーションネットワーク株式会社,21:岐阜県,39人,30-99人,その他,30-99人 / その他,1,http://www.ginet.jp/,200,unavailable,,https://www.ginet.jp/recruit/,https://www.ginet.jp/recruit/,homepageAnchor,採用情報,ownDomain,high,200,unavailable,採用情報｜グレートインフォメーションネットワーク株式会社,true,1,0,false,false,,,0,,false,2026-10-05T12:54:24.909Z
6200001015194,株式会社サイエンスネット,21:岐阜県,19人,10-29人,その他,10-29人 / その他,1,https://www.sciencenet.co.jp/about/initiative.html,200,unavailable,,https://www.sciencenet.co.jp/recruit/index.html,https://www.sciencenet.co.jp/recruit/,homepageAnchor,採用情報,ownDomain,high,200,unavailable,採用サイト｜株式会社サイエンスネット,true,1,0,false,false,,,1,,false,2026-10-05T12:54:22.537Z
6200001031150,株式会社サイバーインテリジェンス,21:岐阜県,17人,10-29人,その他,10-29人 / その他,1,http://cyber-intelligence.jp/,,blocked,blocked_by_robots,,,,,,,,,,,0,0,,false,,,0,,false,
6200001041216,センシア株式会社,21:岐阜県,1人,1-4人,その他,1-4人 / その他,1,https://sensia.co.jp/,200,allowed,,,,,,,,,,,,0,2,,false,,,0,,false,
6210001003017,チャンスメーカー株式会社,18:福井県,279人,100-299人,その他,100-299人 / その他,1,https://ch-mk.jp/,200,allowed,,https://recruit.ch-mk.jp/,https://recruit.ch-mk.jp/,homepageAnchor,採用情報 RECRUIT,ownDomain,high,200,allowed,チャンスメーカー株式会社｜リクルートサイト,true,1,0,false,false,,,0,,false,2026-10-05T12:54:26.873Z
6220001002760,株式会社コスモビジネス,17:石川県,45人,30-99人,その他,30-99人 / その他,1,http://www.csn.co.jp/cb/,200,unavailable,,https://www.csn.co.jp/cb/saiyou.html,https://www.csn.co.jp/cb/saiyou.html,homepageAnchor,採用情報,ownDomain,high,200,unavailable,採用情報｜株式会社コスモビジネス,true,1,0,false,false,,,0,,false,2026-10-05T12:54:27.233Z
6220001004617,株式会社ドコモＣＳ北陸,17:石川県,401人,300-999人,その他,300-999人 / その他,1,https://www.docomo-cs-hokuriku.co.jp/,200,unavailable,,https://www.docomo-cs-hokuriku.co.jp/recruit/,https://www.docomo-cs-hokuriku.co.jp/recruit/,homepageAnchor,採用情報,ownDomain,high,200,unavailable,新卒・障がい者採用情報サイト｜採用サイト｜株式会社ドコモＣＳ北陸,true,2,0,false,false,,,0,,false,2026-10-05T12:54:25.370Z
6220001006183,北国インテックサービス株式会社,17:石川県,96人,30-99人,その他,30-99人 / その他,1,http://www.hokkoku-intec.co.jp/,200,unavailable,,https://www.hokkoku-intec.co.jp/recruit/,https://www.hokkoku-intec.co.jp/recruit/,homepageAnchor,採用情報,ownDomain,high,200,allowed,新卒採用情報｜採用情報｜北国インテックサービス株式会社,true,3,0,false,false,,,0,,false,2026-10-05T12:54:31.778Z
6220001026074,株式会社システムサポート,17:石川県,1370人,1000人以上,その他,1000人以上 / その他,1,https://www.sts-inc.co.jp,200,allowed,,https://www.sts-inc.co.jp/recruit/,https://www.sts-inc.co.jp/recruit/,homepageAnchor,採用情報,ownDomain,high,200,allowed,株式会社システムサポート 採用サイト,true,1,0,false,false,,,0,,false,2026-10-05T12:54:25.732Z
6240001005753,株式会社第一学習社,34:広島県,343人,300-999人,その他,300-999人 / その他,1,http://www.daiichi-g.co.jp,,blocked,blocked_by_robots,,,,,,,,,,,0,0,,false,,,0,,false,
6240001006009,株式会社ダイセック,34:広島県,50人,30-99人,その他,30-99人 / その他,1,https://www.disec.co.jp/recruit/welfare/,200,unavailable,,https://www.disec.co.jp/recruit/,https://www.disec.co.jp/recruit/,homepageAnchor,採用情報 Recruit,ownDomain,high,200,unavailable,採用情報 - 株式会社ダイセック,true,7,0,false,false,,,0,,false,2026-10-05T12:54:27.671Z
6240001007304,株式会社テレビ新広島,34:広島県,128人,100-299人,その他,100-299人 / その他,1,http://www.tss-tv.co.jp/,200,unavailable,,https://www.tss-tv.co.jp/career/,https://www.tss-tv.co.jp/career/,homepageAnchor,ただいま募集中 TSSで働こう！,ownDomain,high,200,unavailable,TSSで働こう | TSSテレビ新広島,true,6,0,false,false,,,0,,false,2026-10-05T12:54:33.078Z
6240001011297,株式会社ミウラ,34:広島県,438人,300-999人,その他,300-999人 / その他,1,https://kkmiura.com/company/actionplan/,200,allowed,,https://kkmiura.com/recruitment/,https://kkmiura.com/recruitment/,homepageAnchor,採用情報,ownDomain,high,200,allowed,採用情報 | 株式会社ミウラ,true,1,0,false,false,,,0,,false,2026-10-05T12:54:31.275Z
6240001034091,株式会社シンクライズ,34:広島県,24人,10-29人,その他,10-29人 / その他,1,http://www.syncrise.co.jp/index.html,,unavailable,TypeError:ENOTFOUND,,,,,,,,,,,0,0,,true,http://www.syncrise.co.jp/,,0,,false,
6240001057191,ひろぎんＩＴソリューションズ株式会社,34:広島県,417人,300-999人,その他,300-999人 / その他,1,https://www.hirogin-its.co.jp/,200,unavailable,,https://www.hirogin-its.co.jp/recruit/index.html,https://www.hirogin-its.co.jp/recruit/index.html,homepageAnchor,採用情報,ownDomain,high,200,unavailable,ひろぎんITソリューションズ リクルートサイト,true,2,0,false,false,,,0,,false,2026-10-05T12:54:29.989Z
6250001009332,山口放送株式会社,35:山口県,119人,100-299人,その他,100-299人 / その他,1,http://kry.co.jp,200,unavailable,,https://kry.co.jp/outline/person.html,https://kry.co.jp/outline/person.html,homepageAnchor,採用情報,ownDomain,high,200,unavailable,採用情報,true,1,0,false,false,,,0,,false,2026-10-05T12:54:34.923Z
6260001003251,株式会社システムエンタープライズ,33:岡山県,135人,100-299人,その他,100-299人 / その他,1,https://www.s-enter.com/,200,allowed,,https://www.s-enter.com/recruit,https://www.s-enter.com/recruit/,homepageAnchor,RECRUIT 採用情報,ownDomain,high,200,allowed,採用情報 | 株式会社システムエンタープライズ | 岡山のシステム開発ならSEC,true,6,0,false,false,,,1,,false,2026-10-05T12:54:33.784Z
6260001022607,株式会社アイティーシー,33:岡山県,12人,10-29人,その他,10-29人 / その他,1,https://www.itccorp.co.jp,200,allowed,,https://www.itccorp.co.jp/newgrarecruit.html,https://www.itccorp.co.jp/newgrarecruit.html,homepageAnchor,新卒採用募集要項,ownDomain,high,200,allowed,新卒採用情報｜AI・データ分析・システムエンジニア｜株式会社アイティーシー,true,9,0,true,false,,,0,,false,2026-10-05T12:54:31.844Z
6270001002574,株式会社ＬＡＳＳＩＣ,31:鳥取県,271人,100-299人,その他,100-299人 / その他,1,https://www.lassic.co.jp/,200,unavailable,,https://recruit.lassic.co.jp/,https://recruit.lassic.co.jp/,homepageAnchor,Recruit,ownDomain,high,200,allowed,採用,true,10,0,false,false,,,0,,false,2026-10-05T12:54:36.630Z
6270001004959,株式会社アピオン,31:鳥取県,7人,5-9人,その他,5-9人 / その他,1,https://www.apionet.or.jp,200,allowed,,https://www.apionet.or.jp/company/recruit.html,https://www.apionet.or.jp/company/recruit.html,homepageUrlPattern,リクルート,ownDomain,medium,200,allowed,リクルート｜アピオンについて｜鳥取倉吉のインターネットサービスプロバイダーのアピオン,true,1,0,false,false,,,0,,false,2026-10-05T12:54:34.414Z
6270001006518,株式会社バードワークス,31:鳥取県,20人,10-29人,その他,10-29人 / その他,1,https://www.birdworks.co.jp/,200,allowed,,https://recruit.birdworks.co.jp/,https://recruit.birdworks.co.jp/,homepageAnchor,採用,ownDomain,high,200,allowed,採用情報 | BIRDWORKS,true,1,0,false,false,,,0,,false,2026-10-05T12:54:35.226Z
6280001000494,株式会社テクノプロジエクト,32:島根県,248人,100-299人,その他,100-299人 / その他,1,https://www.tpj.co.jp/,200,unavailable,,https://recruit.tpj.co.jp/,https://recruit.tpj.co.jp/,homepageAnchor,Recruit,ownDomain,high,200,unavailable,採用情報 - 株式会社テクノプロジェクト,true,1,0,false,false,,,0,,false,2026-10-05T12:54:35.711Z
6280001003547,株式会社プロビズモ,32:島根県,259人,100-299人,その他,100-299人 / その他,1,https://www.probizmo.co.jp/,200,allowed,,https://recruit.probizmo.co.jp/,https://recruit.probizmo.co.jp/,homepageAnchor,採用TOP Recruit,ownDomain,high,200,allowed,株式会社プロビズモ 採用情報サイト,true,6,0,false,false,,,0,,false,2026-10-05T12:54:53.171Z
6290001014923,株式会社東洋放映,40:福岡県,12人,10-29人,主要都市圏,10-29人 / 主要都市圏,1,https://www.toyo-telecast.com/,200,allowed,,https://www.toyo-telecast.com/recruit/,https://www.toyo-telecast.com/recruit/,homepageAnchor,RECRUIT,ownDomain,high,200,allowed,RECRUIT | 株式会社東洋放映,true,1,0,false,false,,,0,,false,2026-10-05T12:54:36.245Z
6290001018775,株式会社ピア,40:福岡県,43人,30-99人,主要都市圏,30-99人 / 主要都市圏,1,http://www.peerfuku.com,200,allowed,,https://peerfuku.com/recruit/,https://peerfuku.com/recruit/,homepageAnchor,採用情報,ownDomain,high,200,allowed,募集要項 | 株式会社ピア,true,2,0,false,false,,,0,,false,2026-10-05T12:54:43.023Z
6290001020830,株式会社九州ＤＴＳ,40:福岡県,172人,100-299人,主要都市圏,100-299人 / 主要都市圏,1,https://www.q-dts.co.jp/,200,allowed,,https://www.q-dts.co.jp/recruit,https://www.q-dts.co.jp/recruit,robotsSitemap,,ownDomain,medium,200,allowed,採用情報 | 株式会社九州DTS,true,6,3,false,false,,,0,,false,2026-10-05T12:54:42.724Z
6290001023676,株式会社読売新聞西部本社,40:福岡県,414人,300-999人,主要都市圏,300-999人 / 主要都市圏,1,https://info.yomiuri.co.jp/,200,allowed,,https://saiyou.yomiuri.co.jp/,https://saiyou.yomiuri.co.jp/,homepageAnchor,採用情報,ownDomain,high,200,unavailable,読売新聞社 採用サイト｜変わらないもの。超えていくもの。,true,4,0,false,false,,,0,,false,2026-10-05T12:54:38.217Z
6290001024245,株式会社パーソン,40:福岡県,12人,10-29人,主要都市圏,10-29人 / 主要都市圏,1,http://www.person3.com/,200,unavailable,,https://www.person3.com/recruit.html,https://www.person3.com/recruit.html,homepageAnchor,採用情報,ownDomain,high,200,unavailable,採用情報 | 株式会社パーソン,true,1,0,false,false,,,0,,false,2026-10-05T12:54:43.827Z
6290001026729,株式会社アイルーク,40:福岡県,39人,30-99人,主要都市圏,30-99人 / 主要都市圏,1,https://www.iluke.co.jp,200,unavailable,,https://www.iluke.co.jp/images/agreement.pdf,https://www.iluke.co.jp/images/agreement.pdf,homepageAnchor,採用における個人情報の取り扱い同意書(PDF),ownDomain,low,200,unavailable,,,1,0,,false,,,0,,false,2026-10-05T12:54:38.983Z
6290001028270,株式会社日本画像配信,40:福岡県,49人,30-99人,主要都市圏,30-99人 / 主要都市圏,1,https://j-id.co.jp/,200,unavailable,,https://j-id.co.jp/recruit/,https://j-id.co.jp/recruit/,homepageAnchor,求人情報,ownDomain,high,200,unavailable,採用情報｜株式会社日本画像配信,true,3,0,false,false,,,0,,false,2026-10-05T12:54:39.396Z
6290001042164,株式会社アイキューブドシステムズ,40:福岡県,139人,100-299人,主要都市圏,100-299人 / 主要都市圏,1,https://www.i3-systems.com/careers/diversity.html,404,allowed,http_404,https://www.icubedsystems.com/?s=%E6%96%B0%E5%8D%92%E6%8E%A1%E7%94%A8%0D,https://www.icubedsystems.com/?s=%E6%96%B0%E5%8D%92%E6%8E%A1%E7%94%A8%0D,homepageAnchor,# 新卒採用,otherDomain,high,200,allowed,検索結果: 新卒採用 | 株式会社アイキューブドシステムズ,true,10,0,false,true,https://www.icubedsystems.com/,200,0,,false,2026-10-05T12:54:44.953Z
6290001049738,株式会社ユー・エス・イー,40:福岡県,876人,300-999人,主要都市圏,300-999人 / 主要都市圏,1,https://www.use-ebisu.co.jp/,200,allowed,,https://www.use-ebisu.co.jp/recruit,https://www.use-ebisu.co.jp/recruit/,homepageAnchor,採用について,ownDomain,high,200,allowed,採用情報 - 株式会社ユー・エス・イー,true,3,0,false,false,,,1,,false,2026-10-05T12:54:43.251Z
6290001060769,株式会社ＩｎｔｅｒｎｅｔＳｏｃｉｅｔｙ　Ｐａｒｔｎｅｒｓ,13:東京都,1人,1-4人,東京,1-4人 / 東京,1,http://www.ispartners.jp/,200,allowed,,https://www.ispartners.jp/recruit/,https://www.ispartners.jp/recruit/,homepageAnchor,RECRUIT,ownDomain,high,200,allowed,RECRUIT | 株式会社 InternetSociety Partners,true,2,0,false,false,,,0,,false,2026-10-05T12:54:47.534Z
6290801026639,株式会社ＮＥＸＴＲＡＹ,40:福岡県,7人,5-9人,主要都市圏,5-9人 / 主要都市圏,1,https://www.nextray.biz/,,unavailable,TypeError:ENOTFOUND,,,,,,,,,,,0,0,,false,,,0,,false,
6300001000327,株式会社佐賀新聞社,41:佐賀県,143人,100-299人,その他,100-299人 / その他,1,https://www.saga-s.co.jp/,200,allowed,,https://www.saga-s.co.jp/list/company/recruit,https://www.saga-s.co.jp/list/company/recruit,homepageAnchor,採用情報,ownDomain,high,200,allowed,会社採用案内トップページ | 佐賀新聞,true,5,0,false,false,,,0,,false,2026-10-05T12:54:47.919Z
6300001000509,株式会社サガテレビ,41:佐賀県,60人,30-99人,その他,30-99人 / その他,1,https://www.sagatv.co.jp/,200,unavailable,,https://www.sagatv.co.jp/program/toranba_happy/,https://www.sagatv.co.jp/program/toranba_happy/,homepageAnchor,2026/07/01 【投稿募集】あなたの「あたハピ」を教えて！トランバ！×あたりまえハッピー写真投稿キャンペーン実施中！,ownDomain,high,200,unavailable,トランバ！×あたりまえハッピー│みんなの投稿｜番組情報｜サガテレビ,true,2,0,false,false,,,0,,false,2026-10-05T12:54:46.503Z
6300001003890,木村情報技術株式会社,41:佐賀県,414人,300-999人,その他,300-999人 / その他,1,http://www.k-idea.jp/,200,allowed,,https://www.k-idea.jp/recruit/,https://www.k-idea.jp/recruit/,homepageAnchor,新卒採用情報,ownDomain,high,200,allowed,新卒採用｜IT企業の新卒採用｜木村情報技術 新卒採用情報,true,3,0,false,false,,,0,,false,2026-10-05T12:54:50.838Z
6310001009648,島原ソフトウェア株式会社,42:長崎県,32人,30-99人,その他,30-99人 / その他,1,http://www.shimabara-soft.jp/,200,allowed,,https://shimabara-soft.jp/pages/40/,https://shimabara-soft.jp/pages/40/,homepageAnchor,採用情報,ownDomain,high,200,allowed,採用情報｜島原ソフトウェア株式会社（公式ホームページ）,true,1,0,false,false,,,0,,false,2026-10-05T12:54:51.495Z
6320001001562,ＡＩＤＡ　ＬＩＮＫ株式会社,44:大分県,36人,30-99人,その他,30-99人 / その他,1,https://aida-link.com/,200,allowed,,https://aida-link.com/recruit,https://aida-link.com/recruit/,homepageAnchor,採用サイト,ownDomain,high,200,allowed,アイダリンク株式会社 採用サイト | 大分で、笑顔の種をまく,true,2,0,false,false,,,1,,false,2026-10-05T12:54:51.350Z
6320001003732,モバイルクリエイト株式会社,44:大分県,159人,100-299人,その他,100-299人 / その他,1,http://www.mcinc.jp/,,unavailable,TypeError:UND_ERR_CONNECT_TIMEOUT,,,,,,,,,,,0,0,,false,,,0,,false,
6320001005266,株式会社クオックス,44:大分県,9人,5-9人,その他,5-9人 / その他,1,https://qox.jp/,200,unavailable,,https://qox.jp/recruit/,https://qox.jp/recruit/,homepageAnchor,採用情報,ownDomain,high,200,unavailable,採用情報 - 株式会社クオックス｜QOX Inc.,true,1,0,false,false,,,0,,false,2026-10-05T12:54:50.608Z
6320001008401,株式会社日出ハイテック,44:大分県,109人,100-299人,その他,100-299人 / その他,1,https://www.hht.co.jp,200,allowed,,https://www.hht.co.jp/recruit,https://www.hht.co.jp/recruit,homepageAnchor,採用情報,ownDomain,high,200,allowed,採用情報 | 日出ハイテック：半導体の設計から製造、電子製品の開発や製造を多くのお客様に提供しています,true,4,0,false,false,,,0,,false,2026-10-05T12:54:50.925Z
6350001016351,株式会社ｕｎｄｅｒｒｉｖｅｒ,45:宮崎県,4人,1-4人,その他,1-4人 / その他,1,https://www.ur-group-ins-under-river.net/,200,allowed,,https://www.ur-group-ins-under-river.net/recruit,https://www.ur-group-ins-under-river.net/recruit,homepageAnchor,  採用情報,ownDomain,high,200,allowed,採用情報｜営業・パートナー推進職｜株式会社underriver,true,2,0,false,false,,,0,,false,2026-10-05T12:54:51.334Z
6360001000486,ＯＴＮｅｔ株式会社,47:沖縄県,148人,100-299人,その他,100-299人 / その他,1,https://www.otnet.co.jp/recruit/workplace/,200,unavailable,,https://www.otnet.co.jp/recruit/,https://www.otnet.co.jp/recruit/,homepageAnchor,採用情報,ownDomain,high,200,unavailable,採用情報 | OTNet株式会社,true,7,0,false,false,,,0,,false,2026-10-05T12:54:54.183Z
6360001004693,株式会社沖縄ソフトウェアセンター,47:沖縄県,97人,30-99人,その他,30-99人 / その他,1,https://www.osc-corp.co.jp/,200,allowed,,https://www.osc-corp.co.jp/recruit/,https://www.osc-corp.co.jp/recruit/,homepageAnchor,採用情報,ownDomain,high,200,allowed,,true,2,0,false,false,,,0,,false,2026-10-05T12:54:54.114Z
6360001021499,株式会社メディアリンクス,13:東京都,2人,1-4人,東京,1-4人 / 東京,1,https://www.mm-p.co.jp/medialinks/,200,unavailable,,https://www.mm-p.co.jp/recruit_.html,https://www.mm-p.co.jp/recruit_.html,homepageAnchor,採用情報,ownDomain,high,200,unavailable,メディアミックスソリューションズ株式会社,true,1,0,false,true,https://www.mm-p.co.jp/,200,0,,false,2026-10-05T12:54:56.067Z
6370001006499,株式会社東北システムズ・サポート,04:宮城県,225人,100-299人,その他,100-299人 / その他,1,https://www.tsstohoku.jp/security.html#support,200,allowed,,https://www.tsstohoku.jp/recruit.html,https://www.tsstohoku.jp/recruit.html,homepageAnchor,RECRUIT 採用,ownDomain,high,200,allowed,RECRUIT|株式会社東北システムズ・サポート,true,1,0,false,false,,,0,,false,2026-10-05T12:54:56.421Z
6370001007266,株式会社エスリゾーム,04:宮城県,11人,10-29人,その他,10-29人 / その他,1,http://www.s-rhizome.co.jp/,,unavailable,TypeError:ENOTFOUND,,,,,,,,,,,0,0,,false,,,0,,false,
6370001008693,株式会社ステップ,04:宮城県,213人,100-299人,その他,100-299人 / その他,1,https://www.stepltd.co.jp,200,unavailable,,https://www.stepltd.co.jp/recruit.htm,https://www.stepltd.co.jp/recruit.htm,homepageAnchor,03 採用情報 Recruit,ownDomain,high,200,unavailable,STEP,true,4,0,false,false,,,0,,false,2026-10-05T12:54:54.681Z
6370001013487,株式会社インストーク,04:宮城県,29人,10-29人,その他,10-29人 / その他,1,https://www.instok.co.jp/,200,allowed,,https://www.instok.co.jp/adoption,https://www.instok.co.jp/adoption,homepageAnchor,採用情報,ownDomain,high,200,allowed,採用情報 | instok,true,1,0,false,false,,,0,,false,2026-10-05T12:54:56.557Z
6370601002204,株式会社ティー・エス・シー,04:宮城県,61人,30-99人,その他,30-99人 / その他,1,http://www.tscnet.co.jp/,200,unavailable,,https://www.tscnet.co.jp/?page_id=331,https://www.tscnet.co.jp/?page_id=331,homepageAnchor,採用情報,ownDomain,high,200,unavailable,新卒者採用 | 採用情報 | 株式会社ティー・エス・シー,true,7,0,false,false,,,0,,false,2026-10-05T12:54:58.952Z
6390001002380,株式会社ＹＣＣ情報システム,06:山形県,220人,100-299人,その他,100-299人 / その他,1,https://www.yamagata-ycc.co.jp/,200,allowed,,https://www.yamagata-ycc.co.jp/recruit/,https://www.yamagata-ycc.co.jp/recruit/,homepageAnchor,採用情報,ownDomain,high,200,allowed,採用情報 | 株式会社 YCC情報システム,true,17,0,false,false,,,0,,false,2026-10-05T12:54:58.153Z
6400001009853,ルネッサンスルパン株式会社,03:岩手県,9人,5-9人,その他,5-9人 / その他,1,http://r-lupin.co.jp,200,unavailable,,https://r-lupin.co.jp/recruit/,https://r-lupin.co.jp/recruit/,homepageAnchor,求人情報,ownDomain,high,200,unavailable,求人情報 | ルネッサンス ルパン株式会社 | 岩手県盛岡市にあるルネッサンス ルパンは各種サーバーの構築、導入からネットワーク構築などのインフラ支援までトータルソリューションサービスを提供しています。,true,5,0,false,false,,,0,,false,2026-10-05T12:55:02.497Z
6400001016627,株式会社山海畑,03:岩手県,2人,1-4人,その他,1-4人 / その他,1,https://yamaumihatake.com/,200,allowed,,,,,,,,,,,,0,3,,false,,,0,,false,
6410001000407,株式会社あきたタウン情報,05:秋田県,15人,10-29人,その他,10-29人 / その他,1,http://www.akitatj.co.jp,200,unavailable,,,,,,,,,,,,0,0,,false,,,0,,false,
6420001005917,株式会社サン・コンピュータ,02:青森県,84人,30-99人,その他,30-99人 / その他,1,https://www.sancom.co.jp/,200,allowed,,https://www.sancom.co.jp/saiyou/,https://www.sancom.co.jp/saiyou/,homepageAnchor,採用情報,ownDomain,high,200,allowed,株式会社サン・コンピュータ【採用サイト】 | 青森県八戸市のシステム開発会社 株式会社サン・コンピュータの採用サイトです。,true,1,0,false,false,,,0,https://www.sancom.co.jp/saiyou/,true,2026-10-05T12:55:00.899Z
6430001000231,株式会社アイビーウェア,01:北海道,48人,30-99人,主要都市圏,30-99人 / 主要都市圏,1,http://www.ibw.co.jp/,200,unavailable,,https://www.ibw.co.jp/recruit/,https://www.ibw.co.jp/recruit/,homepageAnchor,採用情報,ownDomain,high,200,unavailable,株式会社アイビーウェア＞採用情報,true,1,0,false,false,,,0,,false,2026-10-05T12:55:04.928Z
6430001000743,株式会社ＡＳＥ,01:北海道,113人,100-299人,主要都市圏,100-299人 / 主要都市圏,1,https://www.ase.co.jp/,200,allowed,,https://recruit.ase.co.jp/,https://recruit.ase.co.jp/,homepageUrlPattern,詳しくはこちら →,ownDomain,medium,200,allowed,株式会社ASE | 採用サイト,true,2,0,false,false,,,0,,false,2026-10-05T12:55:01.580Z
6430001007458,日本アイビーエム・ソリューション・サービス株式会社,01:北海道,1000人,1000人以上,主要都市圏,1000人以上 / 主要都市圏,1,http://www-06.ibm.com/jp/isol/,404,allowed,http_404,https://www.ibm.com/qa-ar/case-studies/careerforce-pro,https://www.ibm.com/qa-ar/case-studies/careerforce-pro,robotsSitemap,,ownDomain,medium,200,allowed,Careerforce Pro | IBM,true,2,3,false,true,https://www.ibm.com/,200,0,,false,2026-10-05T12:55:15.860Z
6430001022250,株式会社ＨＤＣ,01:北海道,365人,300-999人,主要都市圏,300-999人 / 主要都市圏,1,https://hdcweb.lilac.co.jp/company/geap/goapn/,200,allowed,,https://hdcweb.lilac.co.jp/recruit/,https://hdcweb.lilac.co.jp/recruit/,homepageAnchor,採用サイト Recruit,ownDomain,high,200,allowed,株式会社HDC 採用サイト,true,1,0,false,false,,,0,,false,2026-10-05T12:55:03.831Z
6430001022390,北海道放送株式会社,01:北海道,276人,100-299人,主要都市圏,100-299人 / 主要都市圏,1,http://www.hbc.jp/,200,allowed,,,,,,,,,,,,0,0,,false,,,0,,false,
6430001022465,株式会社北海道日立システムズ,01:北海道,384人,300-999人,主要都市圏,300-999人 / 主要都市圏,1,https://www.hokkaido-hitachi-systems.co.jp/,200,unavailable,,https://www.hokkaido-hitachi-systems.co.jp/corporate_info/recruit/,https://www.hokkaido-hitachi-systems.co.jp/corporate_info/recruit/,homepageAnchor,採用情報,ownDomain,high,200,unavailable,採用情報：株式会社 北海道日立システムズ,true,1,0,false,false,,,0,,false,2026-10-05T12:55:04.759Z
6430001032588,株式会社ＧＳＩ,01:北海道,468人,300-999人,主要都市圏,300-999人 / 主要都市圏,1,https://glue-si.com,200,allowed,,https://recruit.glue-si.com/,https://recruit.glue-si.com/,homepageAnchor,採用情報,ownDomain,high,200,allowed,株式会社GSI 採用サイト | プログラマ IT エンジニア 研修制度あり【東京 札幌 大阪 福岡 仙台】転職・求人ページ,true,4,0,false,false,,,0,,false,2026-10-05T12:55:07.968Z
6430001066628,株式会社Ａｉｌｌｚ,01:北海道,15人,10-29人,主要都市圏,10-29人 / 主要都市圏,1,https://aillz.com/,200,allowed,,https://aillz.com/recruit/,https://aillz.com/recruit/,homepageAnchor,採用情報,ownDomain,high,200,allowed,採用情報 - 札幌でDXのご相談、システム・アプリ開発のことなら,true,3,0,false,false,,,0,,false,2026-10-05T12:55:07.982Z
6430001072262,株式会社キットアライブ,01:北海道,25人,10-29人,主要都市圏,10-29人 / 主要都市圏,1,https://www.kitalive.co.jp/,200,allowed,,https://www.kitalive.co.jp/recruit/,https://www.kitalive.co.jp/recruit/,homepageAnchor,採用情報,ownDomain,high,200,allowed,採用情報｜株式会社キットアライブ,true,2,0,false,false,,,0,,false,2026-10-05T12:55:09.674Z
6430001077088,Ｒｅｎｏ株式会社,01:北海道,6人,5-9人,主要都市圏,5-9人 / 主要都市圏,1,https://reno-m.jp/company,200,allowed,,https://www.wantedly.com/projects/1533651,,homepageLinkToJobPlatform,RECRUIT,jobPlatform,low,,,,,2,2,,true,https://reno-m.jp/,200,0,,false,
6430003013842,ＶＰＮ　Ｓｔｒｅａｍｉｎｇ合同会社,01:北海道,2人,1-4人,主要都市圏,1-4人 / 主要都市圏,1,https://her-rose.com/company,200,allowed,,,,,,,,,,,,0,4,,true,https://her-rose.com/,200,0,,false,
6440001004652,株式会社ｉＤ,01:北海道,102人,100-299人,主要都市圏,100-299人 / 主要都市圏,1,http://www.intelligent-design.co.jp/,200,allowed,,http://www.intelligent-design.co.jp/recruit/,http://www.intelligent-design.co.jp/recruit/,homepageAnchor,採用情報,ownDomain,high,200,allowed,Recruitment｜株式会社iD,true,2,0,false,false,,,0,,false,2026-10-05T12:55:08.254Z
6460101007479,株式会社ワクタス,01:北海道,1人,1-4人,主要都市圏,1-4人 / 主要都市圏,1,https://wakutas.co.jp/,200,allowed,,https://wakutas.co.jp/recruit,https://wakutas.co.jp/recruit,homepageAnchor,Recruit 採用情報,ownDomain,high,200,allowed,採用情報 | 株式会社ワクタス,true,8,0,false,false,,,0,,false,2026-10-05T12:55:17.795Z
6460301000259,株式会社北見コンピューター・ビジネス,01:北海道,37人,30-99人,主要都市圏,30-99人 / 主要都市圏,1,http://www.k-cb.co.jp,200,allowed,,https://k-cb.co.jp/recruit/,https://k-cb.co.jp/recruit/,homepageAnchor,採用情報 Recruit,ownDomain,high,200,allowed,採用情報 | KCB：株式会社 北見コンピューター・ビジネス,true,11,0,false,false,,,0,,false,2026-10-05T12:55:20.574Z
6470001001597,株式会社三光システム,37:香川県,35人,30-99人,その他,30-99人 / その他,1,https://sankou-sys.co.jp/,200,unavailable,,https://en-gage.net/sankou-sys_recruit/,https://en-gage.net/sankou-sys_recruit/,homepageLinkToOfficialAts,採用情報,atsHosted,high,200,allowed,株式会社三光システムの採用・求人情報-engage,true,3,0,false,false,,,0,,false,2026-10-05T12:55:10.499Z
6490001001232,四国情報管理センター株式会社,39:高知県,125人,100-299人,その他,100-299人 / その他,1,http://www.jokan.co.jp,200,allowed,,https://www.jokan.co.jp/recruit/requirement.html,https://www.jokan.co.jp/recruit/requirement.html,homepageAnchor,新卒採用,ownDomain,high,200,allowed,採用情報｜採用サイト | 四国情報管理センター株式会社,true,2,0,false,false,,,0,,false,2026-10-05T12:55:17.546Z
6500001002963,南海放送株式会社,38:愛媛県,116人,100-299人,その他,100-299人 / その他,1,https://www.rnb.co.jp/,200,unavailable,,https://www.rnb.co.jp/saiyo/,https://www.rnb.co.jp/saiyo/,homepageAnchor,採用情報,ownDomain,high,200,unavailable,採用情報｜RNB 南海放送,true,6,0,false,false,,,0,,false,2026-10-05T12:55:13.685Z
6500001005396,株式会社ビット,38:愛媛県,17人,10-29人,その他,10-29人 / その他,1,http://www.bitone.jp/,200,unavailable,,https://www.bitone.jp/recruit.html,https://www.bitone.jp/recruit.html,homepageAnchor,採用情報はこちら &rarr;,ownDomain,high,200,unavailable,採用情報｜株式会社ビット,true,1,0,false,false,,,0,,false,2026-10-05T12:55:19.939Z
7010001000561,株式会社医学書院,13:東京都,236人,100-299人,東京,100-299人 / 東京,1,http://www.igaku-shoin.co.jp,200,allowed,,https://www.igaku-shoin.co.jp/recruit,https://www.igaku-shoin.co.jp/recruit,homepageAnchor,採用情報,ownDomain,high,200,allowed,採用情報 | 医学書院,true,3,0,false,false,,,0,,false,2026-10-05T12:55:23.832Z
7010001001114,株式会社ＳＩＧグループ,13:東京都,40人,30-99人,東京,30-99人 / 東京,1,https://www.sig-group.co.jp/,200,allowed,,https://www.sig-group.co.jp/recruit/,https://www.sig-group.co.jp/recruit/,homepageAnchor,採用情報,ownDomain,high,200,allowed,採用情報｜株式会社SIGグループ | 事業体制など、求人に関する情報を掲載しています。,true,8,0,false,false,,,0,,false,2026-10-05T12:55:17.499Z
7010001002962,サイバネットシステム株式会社,13:東京都,374人,300-999人,東京,300-999人 / 東京,1,http://www.cybernet.co.jp/,200,allowed,,https://www.cybernet.co.jp/recruit/,https://www.cybernet.co.jp/recruit/,homepageAnchor,採用情報,ownDomain,high,200,allowed,サイバネットシステム株式会社 採用情報サイト,true,1,0,false,false,,,0,,false,2026-10-05T12:55:23.593Z
7010001004348,ソフトム株式会社,13:東京都,22人,10-29人,東京,10-29人 / 東京,1,http://www.softom.co.jp/,200,unavailable,,https://softom.co.jp/recruit/,https://softom.co.jp/recruit/,homepageAnchor,採用情報,ownDomain,high,200,allowed,採用情報 | ソフトム株式会社 | 給食業界のトータルソリューションベンダー,true,1,0,false,false,,,0,,false,2026-10-05T12:55:31.433Z
7010001018703,株式会社時事通信社,13:東京都,1000人,1000人以上,東京,1000人以上 / 東京,1,https://www.jiji.co.jp/recruit/workstyle,200,allowed,,https://www.jiji.co.jp/recruit/requirements,https://www.jiji.co.jp/recruit/requirements,homepageAnchor,募集要項,ownDomain,high,200,allowed,新卒用募集要項 | 採用情報 | 時事通信社,true,20,0,false,false,,,0,,false,2026-10-05T12:55:20.949Z
7010001022317,株式会社ダンクソフト,13:東京都,28人,10-29人,東京,10-29人 / 東京,1,https://www.dunksoft.com/,200,allowed,,https://www.dunksoft.com/recruit,https://www.dunksoft.com/recruit,homepageAnchor,採用情報,ownDomain,high,200,allowed,採用情報 &mdash; ダンクソフト,true,1,0,false,false,,,0,,false,2026-10-05T12:55:22.389Z
7010001022911,株式会社千代田ビデオ,13:東京都,143人,100-299人,東京,100-299人 / 東京,1,https://www.chiyoda-v.co.jp/,200,unavailable,,https://www.chiyoda-v.co.jp/recruit/,https://www.chiyoda-v.co.jp/recruit/,homepageAnchor,採用情報 RECRUIT,ownDomain,high,200,unavailable,採用情報|株式会社 千代田ビデオ,true,5,0,false,false,,,0,,false,2026-10-05T12:55:22.626Z
7010001025724,日経メディアマーケティング株式会社,13:東京都,174人,100-299人,東京,100-299人 / 東京,1,https://www.nikkeimm.co.jp/,200,allowed,,https://www.nikkeimm.co.jp/jobs/,https://www.nikkeimm.co.jp/jobs/,homepageAnchor,採用情報,ownDomain,high,200,allowed,採用情報 | 日経メディアマーケティング株式会社,true,1,0,false,false,,,0,,false,2026-10-05T12:55:23.224Z
7010001030732,株式会社メディックス,13:東京都,318人,300-999人,東京,300-999人 / 東京,1,http://www.medix-inc.co.jp,200,allowed,,https://www.medix-inc.co.jp/recruit/,https://www.medix-inc.co.jp/recruit/,homepageAnchor,採用情報,ownDomain,high,200,allowed,採用情報｜インターネット広告代理店 株式会社メディックス,true,4,0,false,false,,,0,,false,2026-10-05T12:55:29.991Z
7010001033280,株式会社日本信用情報機構,13:東京都,116人,100-299人,東京,100-299人 / 東京,1,https://www.jicc.co.jp,200,unavailable,,https://www.jicc.co.jp/recruit,https://www.jicc.co.jp/recruit,homepageAnchor,採用情報,ownDomain,high,200,unavailable,"採用サイトトップ | 日本信用情報機構（JICC）指定信用情報機関""",true,3,0,false,false,,,0,,false,2026-10-05T12:55:24.080Z
7010001033371,日本ソフトウエア株式会社,13:東京都,100人,100-299人,東京,100-299人 / 東京,1,https://www.nsk-japan.co.jp/challenge30/,200,allowed,,https://www.nsk-japan.co.jp/recruit/,https://www.nsk-japan.co.jp/recruit/,homepageAnchor,採用情報,ownDomain,high,200,allowed,日本ソフトウエア株式会社｜採用サイト -,true,2,0,false,false,,,0,,false,2026-10-05T12:55:28.418Z
7010001035087,旭情報サービス株式会社,13:東京都,1952人,1000人以上,東京,1000人以上 / 東京,1,http://www.aiskk.co.jp/,200,allowed,,https://www.aiskk.co.jp/saiyo/index.html,https://www.aiskk.co.jp/saiyo/index.html,homepageAnchor,RECRUIT 採用情報,ownDomain,high,200,allowed,旭情報サービス株式会社｜採用情報,true,1,0,false,false,,,0,,false,2026-10-05T12:55:30.325Z
7010001062783,株式会社アルゴグラフィックス,13:東京都,586人,300-999人,東京,300-999人 / 東京,1,http://www.argo-graph.co.jp/,200,allowed,,https://corp.argo-graph.co.jp/recruit/index.html,https://corp.argo-graph.co.jp/recruit/index.html,homepageAnchor,採用情報,ownDomain,high,200,unavailable,採用情報｜株式会社アルゴグラフィックス コーポレートサイト,true,7,0,false,false,,,0,,false,2026-10-05T12:55:26.940Z
7010001063732,株式会社日本デジコム,13:東京都,32人,30-99人,東京,30-99人 / 東京,1,https://www.jdc.ne.jp/,200,allowed,,https://www.jdc.ne.jp/recruit_old/,https://www.jdc.ne.jp/wprecruit/,homepageAnchor,RECRUIT,ownDomain,high,200,allowed,日本デジコム採用ページ|衛星通信 - 衛星通信の「日本デジコム」採用ページです。日本デジコム採用ページ|衛星通信,true,1,0,false,false,,,2,,false,2026-10-05T12:55:30.631Z
7010001064648,ＮＴＴドコモビジネス株式会社,13:東京都,6294人,1000人以上,東京,1000人以上 / 東京,1,https://www.ntt.com/about-us/we-are-innovative/diversity.html,403,unavailable,http_403,,,,,,,,,,,0,0,,true,https://www.ntt.com/,403,0,,false,
7010001065142,ＮＴＴ株式会社,13:東京都,2950人,1000人以上,東京,1000人以上 / 東京,1,https://group.ntt/jp/,200,allowed,,https://group.ntt/jp/careers/,https://group.ntt/jp/careers/,homepageAnchor,採用情報 トップ,ownDomain,high,200,allowed,採用情報 | NTT,true,4,0,false,false,,,0,,false,2026-10-05T12:55:28.676Z
7010001076775,株式会社交通新聞社,13:東京都,244人,100-299人,東京,100-299人 / 東京,1,http://www.kotsu.co.jp/,200,unavailable,,https://www.kotsu.co.jp/company/recruit/,https://www.kotsu.co.jp/company/recruit/,homepageAnchor,採用情報,ownDomain,high,200,unavailable,採用情報 | 株式会社交通新聞社,true,1,0,false,false,,,0,,false,2026-10-05T12:55:35.050Z
7010001086345,株式会社ワンブリッジ,13:東京都,55人,30-99人,東京,30-99人 / 東京,1,http://www.1bridge.co.jp/,200,allowed,,https://www.1bridge.co.jp/recruit/,https://www.1bridge.co.jp/recruit/,homepageAnchor,採用情報,ownDomain,high,200,allowed,採用情報｜株式会社ワンブリッジ,true,1,0,false,false,,,0,,false,2026-10-05T12:55:35.565Z
7010001086832,株式会社トラストシステム,13:東京都,281人,100-299人,東京,100-299人 / 東京,1,https://www.trustsystem.co.jp/company/company,200,allowed,,https://www.trustsystem.co.jp/recruit,https://www.trustsystem.co.jp/recruit/,homepageAnchor,RECRUIT 採用情報,ownDomain,high,200,allowed,採用情報 | 株式会社トラストシステム,true,8,0,false,false,,,1,,false,2026-10-05T12:55:34.866Z
7010001087351,インタープリズム株式会社,13:東京都,77人,30-99人,東京,30-99人 / 東京,1,https://www.interprism.co.jp/,200,unavailable,,https://www.interprism.co.jp/recruit/,https://www.interprism.co.jp/recruit/,homepageAnchor,採用特設サイト,ownDomain,high,200,unavailable,集え! 数学好き 採用サイト｜インタープリズム株式会社,true,38,0,false,false,,,0,https://www.interprism.co.jp/recruit/,true,2026-10-05T12:55:31.880Z
7010001087640,メディカル・データ・ビジョン株式会社,13:東京都,170人,100-299人,東京,100-299人 / 東京,1,http://www.mdv.co.jp/,200,allowed,,https://www.mdv.co.jp/recruit/,https://www.mdv.co.jp/recruit/,homepageAnchor,採用情報一覧,ownDomain,high,200,allowed,採用情報 | メディカル・データ・ビジョン株式会社（MDV）,true,9,0,false,false,,,0,,false,2026-10-05T12:55:37.814Z
7010001087896,株式会社つなぐネットコミュニケーションズ,13:東京都,115人,100-299人,東京,100-299人 / 東京,1,https://www.tsunagunet.com/files/user/actplan/koudou.pdf,200,allowed,non_html_content,https://en-gage.net/tsunagunet_career/,https://en-gage.net/tsunagunet_career/,homepageLinkToOfficialAts,中途採用向け情報,atsHosted,high,200,allowed,株式会社つなぐネットコミュニケーションズの採用・求人情報-engage,true,2,0,false,true,https://www.tsunagunet.com/,200,0,,false,2026-10-05T12:55:34.901Z
7010001089876,株式会社ナビット,13:東京都,51人,30-99人,東京,30-99人 / 東京,1,https://www.navit-j.com/,200,allowed,,https://www.navit-j.com/recruit/,https://www.navit-j.com/recruit/,homepageAnchor,&nbsp求人情報,ownDomain,high,200,allowed,採用情報｜株式会社ナビット,true,4,0,false,false,,,0,,false,2026-10-05T12:55:33.939Z
7010001092483,Ｔｅｃｈｎｏｃｒａｔｓ　Ｊａｐａｎ株式会社,13:東京都,110人,100-299人,東京,100-299人 / 東京,1,http://www.technocrats.jp/,200,allowed,,https://www.technocrats.jp/recruit,https://www.technocrats.jp/recruit,homepageAnchor,Recruit,ownDomain,high,200,allowed,採用情報｜新卒・キャリア採用｜Technocrats Japan,true,1,0,false,false,,,0,,false,2026-10-05T12:55:39.196Z
7010001095429,株式会社ＭＳＳ,13:東京都,33人,30-99人,東京,30-99人 / 東京,1,https://mssinc.jp/,200,allowed,,https://mssinc.jp/recruit,https://mssinc.jp/recruit/,homepageAnchor,採用情報,ownDomain,high,200,allowed,RECRUIT - 株式会社MSS,true,1,0,false,false,,,1,,false,2026-10-05T12:55:37.326Z
7010001096088,アシアル株式会社,13:東京都,40人,30-99人,東京,30-99人 / 東京,1,http://www.asial.co.jp/,200,allowed,,https://www.asial.co.jp/careers/,https://www.asial.co.jp/careers/,homepageAnchor,採用情報,ownDomain,high,200,allowed,採用情報｜アシアル株式会社,true,5,0,false,false,,,0,,false,2026-10-05T12:55:41.842Z
7010001098217,華為技術日本株式会社,13:東京都,950人,300-999人,東京,300-999人 / 東京,1,https://www.huawei.com/jp/,403,unavailable,http_403,,,,,,,,,,,0,0,,true,https://www.huawei.com/,403,0,,false,
7010001108792,株式会社システムマネージメント,13:東京都,87人,30-99人,東京,30-99人 / 東京,1,https://www.smc-net.co.jp/,200,unavailable,,https://recruit.smc-net.co.jp/,https://recruit.smc-net.co.jp/,homepageAnchor,→ Recruit 採用情報【専用サイトへ】,ownDomain,high,200,unavailable,"採用情報サイト ｜ 株式会社システムマネージメント System Management Co., Ltd.",true,2,0,false,false,,,0,,false,2026-10-05T12:55:38.237Z
7010001118750,ソフトヒューベリオン株式会社,13:東京都,265人,100-299人,東京,100-299人 / 東京,1,https://soft-hyperion.com,200,allowed,,https://soft-hyperion.com/recruit/,https://soft-hyperion.com/recruit/,homepageAnchor,Recruit,ownDomain,high,200,allowed,採用情報 | ソフトヒューベリオン株式会社,true,1,0,false,false,,,0,,false,2026-10-05T12:55:39.128Z
7010001123651,ｇｒｏｘｉ株式会社,13:東京都,209人,100-299人,東京,100-299人 / 東京,1,https://groxi.jp,200,allowed,,https://recruit.groxi.jp/,https://recruit.groxi.jp/,homepageAnchor,Recruit,ownDomain,high,200,allowed,groxi株式会社採用サイト |,true,1,0,false,false,,,0,,false,2026-10-05T12:55:41.895Z
7010001128618,株式会社アクセル・モード,13:東京都,89人,30-99人,東京,30-99人 / 東京,1,https://www.axcel-mode.co.jp/,200,allowed,,https://www.axcel-mode.co.jp/recruit/,https://www.axcel-mode.co.jp/recruit/,homepageAnchor,RECRUIT TOP,ownDomain,high,200,allowed,採用情報 | 株式会社アクセル・モード,true,5,0,false,false,,,0,,false,2026-10-05T12:55:40.427Z
7010001133477,株式会社クオリア・グローバル・エージェンシー,13:東京都,22人,10-29人,東京,10-29人 / 東京,1,http://www.qualia-ga.co.jp,200,allowed,,https://qualia-ga.co.jp/recruit/,https://qualia-ga.co.jp/recruit/,homepageAnchor,採用情報,ownDomain,high,200,allowed,採用情報 – 株式会社クオリア・グローバル・エージェンシー,true,7,0,false,false,,,0,,false,2026-10-05T12:55:52.937Z
7010001134137,株式会社ラック,13:東京都,1924人,1000人以上,東京,1000人以上 / 東京,1,https://www.lac.co.jp/,200,allowed,,https://www.lac.co.jp/recruit/,https://www.lac.co.jp/recruit/,homepageAnchor,採用,ownDomain,high,200,allowed,採用情報｜株式会社ラック,true,1,0,false,false,,,0,,false,2026-10-05T12:55:41.180Z
7010001134211,株式会社エフ・ディー・シー,13:東京都,198人,100-299人,東京,100-299人 / 東京,1,https://www.fdc-inc.co.jp/about/csr/,200,allowed,,https://www.fdc-inc.co.jp/fdc-recruit/,https://www.fdc-inc.co.jp/fdc-recruit/,homepageAnchor,採用情報,ownDomain,high,200,allowed,株式会社エフ・ディー・シー 採用サイト｜東京・千葉・茨城のシステム構築・ソフトウェア開発会社,true,2,0,false,false,,,0,,false,2026-10-05T12:55:44.135Z
7010001134236,アルファテック・ソリューションズ株式会社,13:東京都,292人,100-299人,東京,100-299人 / 東京,1,http://www.alphatec-sol.co.jp/,200,allowed,,https://recruit.alphatec-sol.co.jp/,https://recruit.alphatec-sol.co.jp/,homepageAnchor,採用,ownDomain,high,200,allowed,採用｜アルファテック・ソリューションズ,true,17,0,false,false,,,0,,false,2026-10-05T12:55:47.121Z
7010001139193,いきいきメディケアサポート株式会社,13:東京都,7人,5-9人,東京,5-9人 / 東京,1,https://www.ikiikimedicare.co.jp/,200,unavailable,,https://www.ikiikimedicare.co.jp/partner/,https://www.ikiikimedicare.co.jp/partner/,homepageAnchor,パートナー募集,ownDomain,high,200,unavailable,パートナー募集,true,1,0,false,false,,,0,https://saiyou.doraku-holdings.co.jp/,true,2026-10-05T12:55:42.376Z
7010001143666,ルームクリップ株式会社,13:東京都,150人,100-299人,東京,100-299人 / 東京,1,http://roomclip.jp/,200,allowed,,https://roomclip.jp/monitor/2020,https://roomclip.jp/monitor/2020,homepageAnchor,RoomClipショッピング おうち見直し企画 2026年9月募集 ルームクリップ株式会社 tokima 2LDK | 家族,ownDomain,high,200,allowed,「RoomClipショッピング おうち見直し企画 2026年9月募集」モニター ｜ RoomClip（ルームクリップ）,true,2,0,false,false,,,0,,false,2026-10-05T12:55:48.513Z
7010001144697,株式会社オキシス,13:東京都,37人,30-99人,東京,30-99人 / 東京,1,http://oxis.co.jp/,200,allowed,,http://www.oxis.co.jp/recruit.html,http://www.oxis.co.jp/recruit.html,homepageAnchor,リクルート Recruit,ownDomain,high,200,unavailable,リクルート | 株式会社 OXIS（オキシス）,true,1,0,false,false,,,0,,false,2026-10-05T12:55:48.923Z
7010001145877,イナゾウ株式会社,13:東京都,60人,30-99人,東京,30-99人 / 東京,1,https://inazou.jp,200,allowed,,https://inazou.jp/recruit/,https://inazou.jp/recruit/,homepageAnchor,新卒採用,ownDomain,high,200,allowed,クラウドサービス・WEBシステム開発 イナゾウ株式会社 - 採用情報 -,true,2,0,false,false,,,0,,false,2026-10-05T12:55:48.518Z
7010001147527,株式会社えんがわ,13:東京都,4人,1-4人,東京,1-4人 / 東京,1,https://engawa.jp/,200,unavailable,,https://engawa.jp/recruit/,https://engawa.jp/recruit/,homepageAnchor,採用情報,ownDomain,high,200,unavailable,採用情報 - 株式会社えんがわ,true,2,0,false,false,,,0,,false,2026-10-05T12:55:46.947Z
7010001148302,ＹＵＩＭＥ株式会社,13:東京都,67人,30-99人,東京,30-99人 / 東京,1,http://abridge-co.jp/,200,unavailable,,https://abridge-co.jp/recruit.html,https://abridge-co.jp/recruit.html,homepageAnchor,採用情報,ownDomain,high,200,allowed,採用情報｜株式会社エイブリッジ,true,2,0,false,false,,,0,,false,2026-10-05T12:55:51.545Z
7010001150407,ジェイズ・テクノロジー株式会社,13:東京都,174人,100-299人,東京,100-299人 / 東京,1,https://js-tech.co.jp/,200,unavailable,,https://recruit.segue-g.jp/,,homepageLinkOffDomain,採用情報,otherDomain,low,,,,,2,0,,false,,,0,,false,
7010001150464,株式会社アンヴィル,13:東京都,30人,30-99人,東京,30-99人 / 東京,1,https://www.anvil.ne.jp,,unavailable,TypeError:CERT_HAS_EXPIRED,,,,,,,,,,,0,0,,false,,,0,,false,
7010001150539,株式会社ゼンリンマーケティングソリューションズ,13:東京都,100人,100-299人,東京,100-299人 / 東京,1,https://www.zenrin-ms.co.jp/,200,allowed,,https://www.zenrin-ms.co.jp/recruit/,https://www.zenrin-ms.co.jp/recruit/,robotsSitemap,,ownDomain,medium,200,allowed,採用情報｜ゼンリンマーケティングソリューションズ,true,10,1,false,false,,,0,,false,2026-10-05T12:55:51.612Z
7010001157823,株式会社ミラボ,13:東京都,130人,100-299人,東京,100-299人 / 東京,1,https://mi-labo.co.jp/,200,unavailable,,https://mi-labo.co.jp/recruit/,https://mi-labo.co.jp/recruit/,homepageAnchor,採用情報,ownDomain,high,200,unavailable,採用情報 | 株式会社ミラボ,true,1,0,false,false,,,0,,false,2026-10-05T12:55:50.376Z
7010001184347,株式会社アクシス・クリエイト,13:東京都,832人,300-999人,東京,300-999人 / 東京,1,http://www.axiscreate.com/index.html,404,allowed,http_404,https://www.axiscreate.com/recruit/,https://www.axiscreate.com/recruit/,homepageAnchor,recruit,ownDomain,high,200,allowed,株式会社アクシス・クリエイト,true,1,0,false,true,https://www.axiscreate.com/,200,0,,false,2026-10-05T12:55:57.874Z
7010001190320,ＹＡＫＫ株式会社,13:東京都,2人,1-4人,東京,1-4人 / 東京,1,https://www.yakk.co.jp/,200,unavailable,,https://www.yakk.co.jp/recruit.php,https://www.yakk.co.jp/recruit.php,homepageAnchor,採用情報,ownDomain,high,200,unavailable,採用情報 - YAKK Corporation,true,1,0,true,false,,,0,,false,2026-10-05T12:55:51.770Z
7010001190931,Ｃｏｌｏｒｆｕｌ株式会社,13:東京都,9人,5-9人,東京,5-9人 / 東京,1,https://colorful-inc.jp/,200,allowed,,https://colorful-inc.jp/recruit/,https://colorful-inc.jp/recruit/,homepageAnchor,Recruit,ownDomain,high,200,allowed,Recruit | Colorful株式会社,true,3,0,false,false,,,0,,false,2026-10-05T12:55:53.477Z
7010001204947,株式会社Ｑｕａｎｔｏｍｉｃｓ,13:東京都,5人,5-9人,東京,5-9人 / 東京,1,https://quantomics.co.jp/,200,allowed,,,,,,,,,,,,0,1,,false,,,0,,false,
7010001207272,ネオス株式会社,13:東京都,185人,100-299人,東京,100-299人 / 東京,1,https://www.neoscorp.jp/,200,unavailable,,https://www.neoscorp.jp/jobs/,https://www.neoscorp.jp/jobs/,homepageAnchor,採用情報,ownDomain,high,200,unavailable,ネオス株式会社 | 採用サイト,true,1,0,false,false,,,0,,false,2026-10-05T12:55:53.749Z
7010001214293,株式会社プログレス,13:東京都,108人,100-299人,東京,100-299人 / 東京,1,https://www.progress-all.co.jp/,200,allowed,,https://www.progress-all.co.jp/recruit/,https://www.progress-all.co.jp/recruit/,homepageAnchor,採用情報,ownDomain,high,200,allowed,採用情報 - 株式会社プログレス | Progress Inc.,true,1,0,false,false,,,0,,false,2026-10-05T12:55:55.535Z
7010001224615,株式会社トレファクテクノロジーズ,13:東京都,16人,10-29人,東京,10-29人 / 東京,1,https://www.trefac-t.tech/,200,allowed,,https://trefac-t.tech/recruit/,https://trefac-t.tech/recruit/,homepageAnchor,採用情報,ownDomain,high,200,allowed,採用情報,true,1,0,false,false,,,0,,false,2026-10-05T12:56:00.330Z
7010001241288,株式会社Ａｆｆａｉｒ,13:東京都,1人,1-4人,東京,1-4人 / 東京,1,https://affair.co.jp/,200,allowed,,,,,,,,,,,,0,6,,false,,,0,,false,
7010001241767,株式会社ありあまる,13:東京都,6人,5-9人,東京,5-9人 / 東京,1,https://ariamaru.co.jp/about/,200,allowed,,https://www.vrejob.jp/,,homepageLinkOffDomain,ヴィレジョブ Vrejob,otherDomain,low,,,,,2,3,,true,https://ariamaru.co.jp/,200,0,,false,
7010001247946,株式会社マクロミル,13:東京都,1308人,1000人以上,東京,1000人以上 / 東京,1,http://www.macromill.com/,200,allowed,,https://www.macromill.com/recruit/,https://www.macromill.com/recruit/,homepageAnchor,採用情報,ownDomain,high,200,allowed,採用情報 | 株式会社マクロミル 採用サイト,true,2,0,false,false,,,0,,false,2026-10-05T12:56:01.995Z
7010002036506,株式会社Ｓｐｅｌｌｄａｔａ,13:東京都,6人,5-9人,東京,5-9人 / 東京,1,https://join.spelldata.co.jp/about/women_success_action_plan.html,200,allowed,,https://join.spelldata.co.jp/recruitment_session/index.html,https://join.spelldata.co.jp/recruitment_session/index.html,homepageAnchor,採用説明会,ownDomain,high,200,allowed,採用説明会 | 株式会社Spelldata,true,5,0,false,false,,,0,,false,2026-10-05T12:55:56.698Z
7010101012242,株式会社ビルディット,13:東京都,7人,5-9人,東京,5-9人 / 東京,1,https://bldt.jp/,200,allowed,,https://www.wantedly.com/companies/builditinc,,homepageLinkToJobPlatform,採用情報,jobPlatform,low,,,,,1,1,,false,,,0,,false,
7010401003890,株式会社エーエスエル,13:東京都,550人,300-999人,東京,300-999人 / 東京,1,http://www.asl.co.jp/,200,allowed,,https://www.asl.co.jp/recruit/,https://www.asl.co.jp/recruit/,homepageAnchor,採用情報 RECRUIT,ownDomain,high,200,allowed,採用情報｜株式会社エーエスエル,true,11,0,false,false,,,0,,false,2026-10-05T12:56:03.434Z
7010401004245,エイベックス株式会社,13:東京都,1400人,1000人以上,東京,1000人以上 / 東京,1,http://www.avex.co.jp/,200,unavailable,,https://avex.com/jp/ja/recruit/,https://avex.com/jp/ja/recruit/,homepageAnchor,採用,otherDomain,high,200,allowed,採用｜エイベックス株式会社,true,3,0,false,false,,,0,,false,2026-10-05T12:56:07.589Z
7010401008436,株式会社クレオ,13:東京都,508人,300-999人,東京,300-999人 / 東京,1,http://www.creo.co.jp,200,allowed,,https://www.creo.co.jp/recruit/,https://www.creo.co.jp/recruit/,homepageAnchor,採用情報,ownDomain,high,200,allowed,採用情報 | 株式会社クレオ,true,2,0,false,false,,,0,,false,2026-10-05T12:56:05.176Z
7010401008700,株式会社クレスコ,13:東京都,1689人,1000人以上,東京,1000人以上 / 東京,1,http://www.cresco.co.jp,200,allowed,,https://www.cresco.co.jp/ja/recruit.html,https://www.cresco.co.jp/ja/recruit.html,homepageAnchor,採用情報,ownDomain,high,200,allowed,採用情報 | 株式会社クレスコ,true,1,0,false,false,,,0,,false,2026-10-05T12:56:08.663Z
7010401018749,電通工業株式会社,13:東京都,183人,100-299人,東京,100-299人 / 東京,1,https://www.dentsu.ne.jp/,200,allowed,,https://www.dentsu.ne.jp/2027%e5%b9%b43%e6%9c%88%e5%8d%92%e3%80%80%e6%96%b0%e5%8d%92%e6%8e%a1%e7%94%a8%e3%81%ae%e3%81%8a%e7%9f%a5%e3%82%89%e3%81%9b/,https://www.dentsu.ne.jp/2027%e5%b9%b43%e6%9c%88%e5%8d%92%e3%80%80%e6%96%b0%e5%8d%92%e6%8e%a1%e7%94%a8%e3%81%ae%e3%81%8a%e7%9f%a5%e3%82%89%e3%81%9b/,homepageAnchor,2027年3月卒 新卒採用のお知らせ,ownDomain,high,200,allowed,2027年3月卒 新卒採用のお知らせ | 電通工業,true,3,0,false,false,,,0,,false,2026-10-05T12:56:04.202Z
7010401022214,株式会社ＷＯＷＯＷ,13:東京都,331人,300-999人,東京,300-999人 / 東京,1,https://corporate.wowow.co.jp/society/hrm/,200,unavailable,,https://recruit.wowow.co.jp/,https://recruit.wowow.co.jp/,homepageAnchor,採用情報,ownDomain,high,200,allowed,採用情報 | 株式会社WOWOW,true,6,0,false,false,,,0,,false,2026-10-05T12:56:08.121Z
7010401022924,ＮＥＣネクサソリューションズ株式会社,13:東京都,1975人,1000人以上,東京,1000人以上 / 東京,1,http://www.nec-nexs.com/,403,unavailable,http_403,,,,,,,,,,,0,0,,false,,,0,,false,
7010401022973,日本電算企画株式会社,13:東京都,104人,100-299人,東京,100-299人 / 東京,1,https://www.densan-kikaku.co.jp,200,allowed,,https://www.densan-kikaku.co.jp/recruit,https://www.densan-kikaku.co.jp/recruit/,homepageAnchor,採用情報,ownDomain,high,200,allowed,採用情報 - 日本電算企画株式会社,true,3,0,false,false,,,1,,false,2026-10-05T12:56:08.398Z
7010401022998,株式会社日経ラジオ社,13:東京都,63人,30-99人,東京,30-99人 / 東京,1,https://www.radionikkei.jp/,200,allowed,,https://www.radionikkei.jp/recruit/,https://www.radionikkei.jp/recruit/,homepageAnchor,採用情報,ownDomain,high,200,allowed,採用情報｜ラジオNIKKEI,true,3,0,false,false,,,0,,false,2026-10-05T12:56:06.860Z
7010401027345,株式会社報知新聞社,13:東京都,531人,300-999人,東京,300-999人 / 東京,1,http://www.hochi.co.jp/,200,unavailable,,https://www.hochi.co.jp/saiyo/,https://www.hochi.co.jp/saiyo/,homepageAnchor,採用情報,ownDomain,high,200,unavailable,採用情報 | 報知新聞社,true,6,0,false,false,,,0,,false,2026-10-05T12:56:12.064Z
7010401038045,芝情報株式会社,13:東京都,57人,30-99人,東京,30-99人 / 東京,1,https://www.shibajoho.co.jp/,200,unavailable,,https://www.shibajoho.co.jp/future.html,https://www.shibajoho.co.jp/future.html,homepageAnchor,採用情報 adoption information,ownDomain,high,200,unavailable,芝情報株式会社,true,1,0,false,false,,,0,,false,2026-10-05T12:56:07.741Z
7010401040174,株式会社エヌ・ティ・ティ・データ・イントラマート,13:東京都,343人,300-999人,東京,300-999人 / 東京,1,https://www.intra-mart.jp/company/diversity.html,200,allowed,,https://www.intra-mart.jp/company/recruit/,https://www.intra-mart.jp/company/recruit/,homepageAnchor,採用情報,ownDomain,high,200,allowed,採用情報,true,2,0,false,false,,,0,,false,2026-10-05T12:56:08.315Z
7010401050297,ノアソリューション株式会社,13:東京都,37人,30-99人,東京,30-99人 / 東京,1,http://noahsi.com/company.html,404,allowed,http_404,https://noahsi.com/recruit/,https://noahsi.com/recruit/,homepageAnchor,採用情報,ownDomain,high,200,allowed,採用情報 | ノアソリューション㈱,true,4,0,false,true,http://noahsi.com/,200,0,,false,2026-10-05T12:56:16.357Z
7010401052137,東芝デジタルソリューションズ株式会社,14:神奈川県,3084人,1000人以上,主要都市圏,1000人以上 / 主要都市圏,1,https://www.global.toshiba/jp/company/digitalsolution/recruit/special.html,200,unavailable,,https://www.global.toshiba/jp/recruit/corporate.html,https://www.global.toshiba/jp/recruit/corporate.html,homepageAnchor,採用情報,ownDomain,high,200,unavailable,採用情報 TOP | 採用情報 | 東芝,true,19,0,false,false,,,0,,false,2026-10-05T12:56:15.275Z
7010401053829,株式会社電通総研,13:東京都,2502人,1000人以上,東京,1000人以上 / 東京,1,https://www.dentsusoken.com/,200,unavailable,,https://www.dentsusoken.com/recruit/,https://www.dentsusoken.com/recruit,homepageAnchor,採用,ownDomain,high,200,unavailable,採用情報 | 電通総研,true,1,0,false,false,,,1,,false,2026-10-05T12:56:12.629Z
7010401057986,ＶＩＰソフトウェア株式会社,13:東京都,40人,30-99人,東京,30-99人 / 東京,1,http://www.vip-soft.jp/,200,allowed,,http://www.vip-soft.jp/recruit/,http://www.vip-soft.jp/recruit/,homepageAnchor,採用情報,ownDomain,high,200,allowed,採用情報 | ＶＩＰソフトウェア株式会社,true,6,0,false,false,,,0,,false,2026-10-05T12:56:11.688Z
7010401064446,株式会社アイエスエイプラン,13:東京都,100人,100-299人,東京,100-299人 / 東京,1,https://isa-plan.jp/,200,allowed,,https://isa-plan.jp/blog/midcareer/,https://isa-plan.jp/recruit/midcareer/,homepageAnchor,Mid Career(中途採用),ownDomain,high,200,allowed,株式会社アイエスエイプラン,true,2,0,false,false,,,1,,false,2026-10-05T12:56:18.835Z
7010401066161,株式会社コクーン,13:東京都,15人,10-29人,東京,10-29人 / 東京,1,http://www.cocoon-jp.com,200,allowed,,https://cocoon-jp.com/recruit/,https://cocoon-jp.com/recruit/,homepageAnchor,Recruit,ownDomain,high,200,allowed,,true,2,0,false,false,,,0,,false,2026-10-05T12:56:21.549Z
7010401069585,株式会社日本データコントロール,13:東京都,314人,300-999人,東京,300-999人 / 東京,1,https://www.ndc-net.co.jp/,200,allowed,,https://saiyo.ndc-net.co.jp/,https://saiyo.ndc-net.co.jp/,homepageAnchor,採用,ownDomain,high,200,allowed,株式会社 日本データコントロール RECRUIT SITE,true,2,0,false,false,,,0,,false,2026-10-05T12:56:13.455Z
7010401075294,株式会社フォイス,13:東京都,70人,30-99人,東京,30-99人 / 東京,1,http://www.fois.co.jp,200,allowed,,https://www.fois.co.jp/recruit,https://www.fois.co.jp/recruit/,homepageUrlPattern,リクルート,ownDomain,medium,200,allowed,トップページ - キャリア採用・新卒採用｜株式会社フォイス,true,1,0,false,false,,,1,,false,2026-10-05T12:56:21.413Z
7010401078314,株式会社ナビタイムジャパン,13:東京都,430人,300-999人,東京,300-999人 / 東京,1,https://corporate.navitime.co.jp/,200,unavailable,,https://recruit.navitime.co.jp/,https://recruit.navitime.co.jp/,homepageAnchor,採用情報,ownDomain,high,200,allowed,ナビタイム採用情報 | NAVITIME JAPAN,true,1,0,false,false,,,0,,false,2026-10-05T12:56:16.000Z
7010401079196,エヌシーティ株式会社,13:東京都,50人,30-99人,東京,30-99人 / 東京,1,http://www.nct-corporation.com/,200,allowed,,https://www.nct-corporation.com/saiyo-top/,https://www.nct-corporation.com/saiyo-top/,homepageAnchor,採用情報,ownDomain,high,200,allowed,採用情報 | エヌシーティ株式会社,true,3,0,false,false,,,0,http://www.nct-corporation.com/page006.html,true,2026-10-05T12:56:21.875Z
7010401085764,さくら情報システム株式会社,13:東京都,1201人,1000人以上,東京,1000人以上 / 東京,1,https://www.sakura-is.co.jp/sustainability/diversity/,200,allowed,,https://www.sakura-is.co.jp/recruit/,https://www.sakura-is.co.jp/recruit/,homepageAnchor,採用情報,ownDomain,high,200,allowed,採用サイト | さくら情報システム株式会社,true,5,0,false,false,,,0,,false,2026-10-05T12:56:16.612Z
7010401085888,富士インフォックス・ネット株式会社,13:東京都,190人,100-299人,東京,100-299人 / 東京,1,https://www.infoxnet.co.jp/,200,allowed,,https://infoxnet.co.jp/recruit/index.html,https://infoxnet.co.jp/recruit/,homepageAnchor,採用情報,ownDomain,high,200,allowed,採用情報 – 富士インフォックス・ネット,true,12,0,false,false,,,1,,false,2026-10-05T12:56:24.650Z
7010401089880,エキサイト株式会社,13:東京都,131人,100-299人,東京,100-299人 / 東京,1,https://www.excite.co.jp/,200,allowed,,https://www.wantedly.com/companies/excite/,,homepageLinkToJobPlatform,採用情報,jobPlatform,low,,,,,1,1,,false,,,0,,false,
7010401090780,株式会社フレクシェ,13:東京都,17人,10-29人,東京,10-29人 / 東京,1,https://www.flexsche.com/,200,allowed,,https://www.flexsche.com/hr/,https://www.flexsche.com/hr/,homepageAnchor,採用情報,ownDomain,high,200,allowed,採用情報｜生産スケジューラと生産計画のフレクシェ,true,1,0,false,false,,,0,,false,2026-10-05T12:56:19.514Z
7010401090888,Ｒｅｔｔｙ株式会社,13:東京都,250人,100-299人,東京,100-299人 / 東京,1,https://retty.me/,200,allowed,,https://corp.retty.me/recruit/,https://corp.retty.me/,homepageAnchor,採用情報,ownDomain,high,200,allowed,Retty株式会社,true,1,0,false,false,,,1,,false,2026-10-05T12:56:21.401Z
7010401093098,株式会社共同通信デジタル,13:東京都,87人,30-99人,東京,30-99人 / 東京,1,https://kyodo-d.recruitment.jp/workenvironment/#link005,200,allowed,,https://kyodo-d.recruitment.jp/entry/,https://kyodo-d.recruitment.jp/newgraduate/job/,homepageAnchor,新卒・第二新卒 採用情報,ownDomain,high,200,allowed,新卒・第二新卒 採用情報（現在募集は行っておりません） | 株式会社共同通信デジタル 採用情報,true,8,0,false,false,,,1,,false,2026-10-05T12:56:23.820Z
7010401096035,株式会社プレイド,13:東京都,425人,300-999人,東京,300-999人 / 東京,1,https://plaid.co.jp/,200,allowed,,https://recruit.plaid.co.jp/,https://recruit.plaid.co.jp/,homepageAnchor,中途採用,ownDomain,high,200,allowed,採用情報 | 株式会社プレイド,true,2,0,false,false,,,0,,false,2026-10-05T12:56:22.703Z
7010401097553,株式会社スパイク・チュンソフト,13:東京都,262人,100-299人,東京,100-299人 / 東京,1,http://www.spike-chunsoft.co.jp/,200,allowed,,https://www.spike-chunsoft.co.jp/recruit/,https://www.spike-chunsoft.co.jp/recruit/,homepageAnchor,採用情報,ownDomain,high,200,allowed,採用情報 | 株式会社スパイク・チュンソフト,true,10,0,false,false,,,0,,false,2026-10-05T12:56:27.219Z
7010401098601,株式会社協栄情報,13:東京都,315人,300-999人,東京,300-999人 / 東京,1,https://www.cp-info.co.jp/,200,unavailable,,https://www.cp-info.co.jp/recruit/,https://www.cp-info.co.jp/recruit/,homepageAnchor,Recruit 採用情報,ownDomain,high,200,unavailable,採用情報 | 株式会社協栄情報,true,4,0,false,false,,,0,,false,2026-10-05T12:56:24.727Z
7010401100003,ＮＴＴドコモビジネスソリューションズ株式会社,13:東京都,5000人,1000人以上,東京,1000人以上 / 東京,1,https://www.docomobs.com/,200,unavailable,,https://www.docomobs.com/career/,https://www.docomobs.com/career/,homepageAnchor,キャリア採用情報,ownDomain,high,200,unavailable,NTTドコモビジネスソリューションズ株式会社 キャリア採用情報,true,2,0,false,false,,,0,,false,2026-10-05T12:56:24.699Z
7010401103914,株式会社ＪＵＮＥＳＥＰ,13:東京都,30人,30-99人,東京,30-99人 / 東京,1,https://junesep.com/,200,unavailable,,https://junesep.com/recruit%ef%bd%9cjunesep.html,https://junesep.com/recruit%ef%bd%9cjunesep.html,homepageUrlPattern,,ownDomain,medium,200,unavailable,recruit｜JUNESEP,true,1,0,false,false,,,0,,false,2026-10-05T12:56:24.844Z
7010401108252,Ｉｎｄｅｅｄ　Ｊａｐａｎ株式会社,13:東京都,653人,300-999人,東京,300-999人 / 東京,1,https://jp.indeed.com/esg/governance,403,allowed,http_403,,,,,,,,,,,0,0,,true,https://jp.indeed.com/,403,0,,false,
7010401110126,株式会社ｃｏｌｙ,13:東京都,460人,300-999人,東京,300-999人 / 東京,1,https://colyinc.com/,200,allowed,,https://colyinc.com/recruit/,https://colyinc.com/recruit/,homepageAnchor,採用情報,ownDomain,high,200,allowed,採用サイト - 株式会社coly(コリー),true,1,0,false,false,,,0,,false,2026-10-05T12:56:26.464Z
7010401110175,株式会社トランスファーデータ,13:東京都,97人,30-99人,東京,30-99人 / 東京,1,https://transferdata.co.jp/,200,unavailable,,https://hrmos.co/pages/transferdata,https://hrmos.co/pages/transferdata,homepageLinkToOfficialAts,採用情報,atsHosted,high,200,unavailable,株式会社トランスファーデータ 採用情報,true,1,0,false,false,,,0,,false,2026-10-05T12:56:25.587Z
7010401114993,株式会社ライナフ,13:東京都,45人,30-99人,東京,30-99人 / 東京,1,http://linough.com/,200,allowed,,https://power-devourer-e4f.notion.site/Recruiting-Site-1fbc502779b0812ab2ecca6dfbcf9573,,homepageLinkOffDomain,採用情報,otherDomain,low,,,,,2,2,,false,,,0,,false,
7010401115835,株式会社ＳＵＰＥＲ　ＳＴＵＤＩＯ,13:東京都,354人,300-999人,東京,300-999人 / 東京,1,http://www.super-studio.jp/,200,unavailable,,https://careers.super-studio.jp/,https://careers.super-studio.jp/,homepageAnchor,CAREERS,ownDomain,high,200,unavailable,株式会社SUPER STUDIO 採用特設サイト,true,2,0,false,false,,,0,,false,2026-10-05T12:56:32.579Z
7010401139405,株式会社ＴＢＳスパークル,13:東京都,1236人,1000人以上,東京,1000人以上 / 東京,1,https://www.tbssparkle.co.jp/,200,allowed,,https://recruit.tbssparkle.co.jp/,https://recruit.tbssparkle.co.jp/,homepageAnchor,RECRUIT,ownDomain,high,200,unavailable,RECRUIT 採用情報｜TBSスパークル,true,9,0,false,false,,,0,,false,2026-10-05T12:56:28.011Z
7010401143547,株式会社クリア,13:東京都,350人,300-999人,東京,300-999人 / 東京,1,https://clear-inc.site/,200,unavailable,,https://clear-inc.site/recruit/,https://clear-inc.site/recruit/,homepageAnchor,募集要項,ownDomain,high,200,unavailable,採用情報 | 株式会社クリア,true,1,0,false,false,,,0,,false,2026-10-05T12:56:28.057Z
7010401152721,ｃｙｃａｌｔｒｕｓｔ株式会社,13:東京都,6人,5-9人,東京,5-9人 / 東京,1,https://cycaltrust.co.jp/,200,allowed,,,,,,,,,,,,0,1,,false,,,0,,false,
7010401156994,株式会社ファルコ,13:東京都,41人,30-99人,東京,30-99人 / 東京,1,https://falco-ali.co.jp/PARAMETER/,200,allowed,,https://falco-ali.co.jp/recruit/,https://falco-ali.co.jp/recruit/,homepageAnchor,採用情報 RECRUIT,ownDomain,high,200,allowed,採用情報 | 株式会社ファルコ,true,1,0,false,false,,,0,,false,2026-10-05T12:56:30.751Z
7010401157349,株式会社ｃａｒｏａ,13:東京都,3人,1-4人,東京,1-4人 / 東京,1,https://caroa.jp/corp/we,404,allowed,http_404,https://caroa.jp/recruit,https://caroa.jp/recruit,homepageAnchor,採用情報,ownDomain,high,200,allowed,採用情報｜株式会社caroa,true,12,0,false,true,https://caroa.jp/,200,0,,false,2026-10-05T12:56:34.612Z
7010401158504,株式会社ワークスアプリケーションズ・フロンティア,13:東京都,80人,30-99人,東京,30-99人 / 東京,1,https://www.wapf.co.jp/,200,allowed,,https://www.wapf.co.jp/recruit/,https://www.wapf.co.jp/recruit/,homepageAnchor,採用情報,ownDomain,high,200,allowed,採用｜建設業向け ERPパッケージ「HUE C2」 / ワークスアプリケーションズ・フロンティア,true,1,0,false,false,,,0,,false,2026-10-05T12:56:30.340Z
7010401160591,ＮＵＮＷ株式会社,13:東京都,20人,10-29人,東京,10-29人 / 東京,1,https://www.nunw.jp/,,unavailable,TypeError:ERR_SSL_SSLV3_ALERT_HANDSHAKE_FAILURE,,,,,,,,,,,0,0,,false,,,0,,false,
7010401162448,株式会社ＤＸコンパス,13:東京都,12人,10-29人,東京,10-29人 / 東京,1,https://www.dxcompass.co.jp,200,allowed,,https://www.dxcompass.co.jp/description/recruit-information/,https://www.dxcompass.co.jp/description/recruit-information/,homepageAnchor,採用情報,ownDomain,high,200,allowed,採用情報｜RPA・AI・システム開発の求人｜株式会社DXコンパス,true,1,0,false,false,,,0,,false,2026-10-05T12:56:31.224Z
7010401173214,株式会社Ｐｈｏｔｉａ,13:東京都,1人,1-4人,東京,1-4人 / 東京,1,https://photia.co.jp/,200,allowed,,,,,,,,,,,,0,2,,false,,,0,,false,
7010401176308,株式会社ＡＩＭ,13:東京都,3人,1-4人,東京,1-4人 / 東京,1,https://ai-management.biz/,200,allowed,,https://ai-management.biz/%e6%8e%a1%e7%94%a8%e6%83%85%e5%a0%b1/,https://ai-management.biz/%e6%8e%a1%e7%94%a8%e6%83%85%e5%a0%b1/,homepageAnchor,採用情報,ownDomain,high,200,allowed,採用情報 - 株式会社AIM,true,2,0,false,false,,,0,,false,2026-10-05T12:56:33.970Z
7010401177165,ＮＩＫＳＥＮＴ株式会社,13:東京都,1人,1-4人,東京,1-4人 / 東京,1,https://niksent.com,200,allowed,,,,,,,,,,,,0,1,,false,,,0,,false,
7010401180235,株式会社スタートアップサポーター,13:東京都,2人,1-4人,東京,1-4人 / 東京,1,https://startup-supporter.com/,200,allowed,,,,,,,,,,,,0,4,,false,,,0,,false,
7010402024481,有限会社クワデータ,13:東京都,100人,100-299人,東京,100-299人 / 東京,1,https://www.kuwadata.com/,200,allowed,,https://www.kuwadata.com/recruit.html,https://www.kuwadata.com/recruit.html,homepageAnchor,編集スタッフ募集中！,ownDomain,high,200,allowed,採用情報｜テレビ・番組のデータ作成、リサーチ 有限会社クワデータ,true,2,0,false,false,,,0,,false,2026-10-05T12:56:36.439Z
7010403009762,株式会社ハルメク,13:東京都,130人,100-299人,東京,100-299人 / 東京,1,https://halmek.co.jp/corp,404,allowed,http_404,https://halmek.co.jp/t/jobs,https://halmek.co.jp/t/jobs,robotsSitemap,,ownDomain,low,200,allowed,仕事の記事一覧｜HALMEK up（ハルメクアップ） -50代からの女性の毎日が面白くなるサイト,false,119,1,false,true,https://halmek.co.jp/,200,0,,false,2026-10-05T12:56:39.646Z
7010501010449,日本自動化開発株式会社,13:東京都,620人,300-999人,東京,300-999人 / 東京,1,http://www.jadc.co.jp/,200,allowed,,https://www.jadc.co.jp/recruit,https://www.jadc.co.jp/recruit/,homepageAnchor,採用情報,ownDomain,high,200,allowed,日本自動化開発株式会社-採用情報,true,3,0,false,false,,,1,,false,2026-10-05T12:56:43.613Z
7010501023161,アクセンチュア・テック・ドライブ株式会社,13:東京都,27人,10-29人,東京,10-29人 / 東京,1,http://www.popular-soft.com/ja/,404,allowed,http_404,,,,,,,,,,,0,0,,true,https://www.popular-soft.com/,200,0,,false,
7010501032105,株式会社Ｔｗｉｎ　Ｓｔａｒｓ,13:東京都,7人,5-9人,東京,5-9人 / 東京,1,https://twinstars.co.jp/,200,allowed,,https://twinstars.co.jp/influencer_recruitment/,https://twinstars.co.jp/influencer_recruitment/,homepageAnchor,インフルエンサー募集,ownDomain,high,200,allowed,インフルエンサーお問い合わせ | 株式会社TwinStars,true,2,0,false,false,,,0,,false,2026-10-05T12:56:40.516Z
7010503006131,合同会社Ｍｏｎｏｉｄ,13:東京都,18人,10-29人,東京,10-29人 / 東京,1,https://www.monoid.co.jp/ja-JP/,200,unavailable,,,,,,,,,,,,0,0,,true,https://www.monoid.co.jp/,200,0,,false,
7010601021255,株式会社日本テクノ開発,13:東京都,152人,100-299人,東京,100-299人 / 東京,1,https://www.ntec-net.co.jp,200,allowed,,https://www.ntec-net.co.jp/recruit,https://ntec-net.co.jp/recruit/,homepageAnchor,採用情報,ownDomain,high,200,allowed,TOP│採用サイト | NTEC / 株式会社日本テクノ開発,true,1,0,false,false,,,2,,false,2026-10-05T12:56:46.119Z
7010601022674,ＮＥＣソリューションイノベータ株式会社,13:東京都,12344人,1000人以上,東京,1000人以上 / 東京,1,https://www.nec-solutioninnovators.co.jp/csr/society/inclusion-diversity.html,403,unavailable,http_403,,,,,,,,,,,0,0,,true,https://www.nec-solutioninnovators.co.jp/,403,0,,false,
7010601034422,株式会社ラックサイバーリンク,13:東京都,246人,100-299人,東京,100-299人 / 東京,1,https://www.lac-cyberlink.co.jp/about/company/,200,allowed,,https://www.lac-cyberlink.co.jp/recruit/,https://www.lac-cyberlink.co.jp/recruit/,homepageAnchor,RECRUIT,ownDomain,high,200,allowed,RECRUIT | 株式会社ラックサイバーリンク,true,3,0,false,false,,,0,,false,2026-10-05T12:56:41.138Z
7010601039529,クラウンコンサルティング株式会社,13:東京都,10人,10-29人,東京,10-29人 / 東京,1,https://www.clown.co.jp/,200,unavailable,,https://www.clown.co.jp/recruit/,https://www.clown.co.jp/recruit/,homepageAnchor,採用情報,ownDomain,high,200,unavailable,採用情報｜クラウンコンサルティング株式会社,true,6,0,false,false,,,0,,false,2026-10-05T12:56:42.719Z
7010601041006,日本ヒューレット・パッカード合同会社,13:東京都,3000人,1000人以上,東京,1000人以上 / 東京,1,https://www.hpe.com/jp/ja/home.html,,unavailable,TypeError:ECONNRESET,,,,,,,,,,,0,0,,true,https://www.hpe.com/,,0,,false,
7010601050510,株式会社マイベスト,13:東京都,241人,100-299人,東京,100-299人 / 東京,1,https://my-best.com/company,200,allowed,,https://my-best.com/company/recruitment/,https://my-best.com/company/recruitment/,homepageAnchor,RECRUITMENT,ownDomain,high,200,allowed,採用情報｜株式会社マイベスト,true,2,0,false,false,,,0,,false,2026-10-05T12:56:43.980Z
7010601052795,ａｉｗｅｌｌ株式会社,13:東京都,12人,10-29人,東京,10-29人 / 東京,1,https://www.aiwelljapan.com/,200,allowed,,https://www.aiwelljapan.com/recruit/,https://www.aiwelljapan.com/recruit/,homepageAnchor,採用情報,ownDomain,high,200,allowed,採用情報 | 東京科学大学認定ベンチャー | aiwell,true,1,0,false,false,,,0,,false,2026-10-05T12:56:44.335Z
7010601056251,株式会社プラン＆アイ,13:東京都,6人,5-9人,東京,5-9人 / 東京,1,https://www.planandi.com,200,allowed,,https://www.planandi.com/blank-3,https://www.planandi.com/blank-3,homepageAnchor,採用情報,ownDomain,high,200,allowed,採用情報 | プラン＆アイ,true,1,0,false,false,,,0,,false,2026-10-05T12:56:45.873Z
7010701007410,日軽情報システム株式会社,13:東京都,141人,100-299人,東京,100-299人 / 東京,1,http://group.nikkeikin.co.jp/nis/,200,unavailable,,https://group.nikkeikin.co.jp/nis/recruit/,https://group.nikkeikin.co.jp/nis/recruit/,homepageAnchor,採用情報,ownDomain,high,200,unavailable,採用情報 - 日軽情報システム株式会社,true,5,0,false,false,,,0,,false,2026-10-05T12:56:50.486Z
7010701007922,ネットワンシステムズ株式会社,13:東京都,2367人,1000人以上,東京,1000人以上 / 東京,1,https://www.netone.co.jp/,200,unavailable,,https://www.netone.co.jp/recruit/,https://www.netone.co.jp/recruit/,homepageAnchor,採用情報,ownDomain,high,200,unavailable,採用情報 | ネットワンシステムズ,true,8,0,false,false,,,0,,false,2026-10-05T12:56:46.802Z
7010701012534,ＡＮＡシステムズ株式会社,13:東京都,911人,300-999人,東京,300-999人 / 東京,1,http://www.anasystems.co.jp,200,unavailable,,https://www.anasystems.co.jp/recruit/,https://www.anasystems.co.jp/recruit/,homepageAnchor,採用情報,ownDomain,high,200,unavailable,採用情報｜ANAシステムズ,true,10,0,false,false,,,0,,false,2026-10-05T12:56:51.481Z
7010701014258,株式会社ディライトテクノロジー,13:東京都,42人,30-99人,東京,30-99人 / 東京,1,https://www.delight-tec.jp/,,unavailable,TypeError:UNABLE_TO_GET_ISSUER_CERT_LOCALLY,,,,,,,,,,,0,0,,false,,,0,,false,
7010701015768,株式会社ビッツ,13:東京都,279人,100-299人,東京,100-299人 / 東京,1,https://www.bits.co.jp/,200,allowed,,,,,,,,,,,,0,1,,false,,,0,,false,
7010701019273,株式会社バンダイナムコエンターテインメント,13:東京都,822人,300-999人,東京,300-999人 / 東京,1,http://bandainamcoent.co.jp/,200,unavailable,,https://www.bandainamcoent.co.jp/job/,https://www.bandainamcoent.co.jp/job/,homepageAnchor,採用情報,ownDomain,high,200,unavailable,採用情報 | バンダイナムコエンターテインメント公式サイト,true,1,0,false,false,,,0,,false,2026-10-05T12:56:54.094Z
7010701020487,ＦｕｔｕｒｅＯｎｅ株式会社,13:東京都,273人,100-299人,東京,100-299人 / 東京,1,https://www.future-one.co.jp/recruit/environment.html,200,unavailable,,https://www.future-one.co.jp/recruit.html,https://www.future-one.co.jp/recruit.html,homepageAnchor,採用情報,ownDomain,high,200,unavailable,採用情報 | ERP・基幹業務システムのフューチャー・ワン株式会社,true,10,0,false,false,,,0,,false,2026-10-05T12:56:49.248Z
7010701022599,株式会社プロズサービス,13:東京都,17人,10-29人,東京,10-29人 / 東京,1,https://www.pros-service.co.jp/,200,allowed,,https://pros-service.co.jp/recruit2026-2/,https://pros-service.co.jp/recruit2026-2/,homepageAnchor,採用ページ,ownDomain,high,200,allowed,採用ページ2026 - 株式会社プロズサービスオフィシャルサイト,true,2,0,false,false,,,0,,false,2026-10-05T12:57:07.510Z
7010701022764,株式会社メンバーズ,13:東京都,1464人,1000人以上,東京,1000人以上 / 東京,1,https://www.members.co.jp/,200,allowed,,https://recruit.members.co.jp/,https://recruit.members.co.jp/,homepageAnchor,新卒採用,ownDomain,high,200,allowed,新卒採用情報 | メンバーズ,true,3,0,false,false,,,0,,false,2026-10-05T12:56:51.800Z
7010701023110,株式会社ＥＳＮＡ,13:東京都,70人,30-99人,東京,30-99人 / 東京,1,http://www.esna.jp/,200,allowed,,https://esna.jp/recruit/,https://esna.jp/recruit/,homepageAnchor,採用情報,ownDomain,high,200,allowed,採用情報 | ITインフラ構築・運用は株式会社ESNA,true,4,0,false,false,,,0,,false,2026-10-05T12:56:55.859Z
7010701028670,株式会社ダイアログ,13:東京都,100人,100-299人,東京,100-299人 / 東京,1,http://www.dialog-inc.com/,200,allowed,,https://www.dialog-inc.com/recruit/,https://www.dialog-inc.com/recruit/,homepageAnchor,採用情報,ownDomain,high,200,allowed,採用情報 | 株式会社ダイアログ,true,2,0,false,false,,,0,,false,2026-10-05T12:56:59.345Z
7010701029792,株式会社ＳＥＡ,13:東京都,79人,30-99人,東京,30-99人 / 東京,1,https://sea-itsoft.com/,200,allowed,,https://sea-itsoft.com/career/,https://sea-itsoft.com/career/,homepageAnchor,採用案内,ownDomain,high,200,allowed,株式会社SEA | 採用案内,true,3,0,false,false,,,0,,false,2026-10-05T12:56:55.567Z
7010701030065,セーフィー株式会社,13:東京都,568人,300-999人,東京,300-999人 / 東京,1,https://safie.co.jp/recruit/,200,allowed,,https://safie.co.jp/teams,https://safie.co.jp/teams,homepageAnchor,採用サイト,ownDomain,high,200,allowed,セーフィー採用サイト,true,4,0,false,false,,,0,,false,2026-10-05T12:56:56.797Z
7010801019941,株式会社フォーバルカエルワーク,13:東京都,125人,100-299人,東京,100-299人 / 東京,1,https://www.kaeruwork.co.jp/,200,unavailable,,https://www.kaeruwork.co.jp/recruit.html,https://www.kaeruwork.co.jp/recruit.html,homepageUrlPattern,RECURUITING,ownDomain,medium,200,unavailable,RECRUITING│FORVAL KAERUWORK Inc.,true,1,0,false,false,,,0,,false,2026-10-05T12:56:54.988Z
7010901048898,株式会社ｓｅｃｒｅｔ　ｐｌａｃｅ,13:東京都,6人,5-9人,東京,5-9人 / 東京,1,https://secretplace.co.jp/,200,allowed,,https://secretplace.co.jp/career/,https://secretplace.co.jp/career/,homepageAnchor,採用情報を見る,ownDomain,high,200,allowed,Career（採用情報）,true,4,0,false,false,,,0,,false,2026-10-05T12:56:59.383Z
7010901049921,株式会社ラボル,13:東京都,47人,30-99人,東京,30-99人 / 東京,1,https://labol.co.jp/corp/,200,allowed,,https://labol.co.jp/corp/recruit,https://labol.co.jp/corp/recruit/,homepageAnchor,採用情報 RECRUIT,ownDomain,high,200,allowed,株式会社ラボル | 採用,true,1,0,false,false,,,2,,false,2026-10-05T12:57:04.222Z
7010902025954,有限会社フードページ,13:東京都,5人,5-9人,東京,5-9人 / 東京,1,https://food-page.com/,200,allowed,,https://food-page.com/,https://food-page.com/,homepageAnchor,美味しそう食べたい！を伝えるフードページ。飲食店様のホームページ制作、求人サイト制作ならフードページにご相談下さい。,ownDomain,high,200,allowed,飲食店ホームページ制作のフードページ | 美味しそう食べたい！を伝えるフードページ。飲食店様のホームページ制作、求人サイト制作ならフードページにご相談下さい。,true,2,0,true,false,,,0,https://food-page.com/?page_id=2984,true,2026-10-05T12:57:01.093Z
7011001001789,株式会社アルファシステムズ,14:神奈川県,2987人,1000人以上,主要都市圏,1000人以上 / 主要都市圏,1,https://www.alpha.co.jp/,200,allowed,,https://www.alpha.co.jp/personnel/,https://www.alpha.co.jp/personnel/,homepageAnchor,採用情報,ownDomain,high,200,allowed,採用情報 | 株式会社アルファシステムズ,true,4,0,false,false,,,0,,false,2026-10-05T12:57:00.841Z
7011001025581,株式会社ロボット,13:東京都,211人,100-299人,東京,100-299人 / 東京,1,http://www.robot.co.jp/,200,allowed,,https://www.robot.co.jp/recruit_entrance/,https://www.robot.co.jp/recruit_entrance/,homepageAnchor,RECRUIT,ownDomain,high,200,allowed,RECRUIT｜ROBOT COMMUNICATIONS INC.,true,1,0,false,false,,,0,,false,2026-10-05T12:57:04.626Z
7011001031530,株式会社むげん企画,13:東京都,8人,5-9人,東京,5-9人 / 東京,1,http://www.mugen-k.co.jp/,200,unavailable,,,,,,,,,,,,0,0,,false,,,0,,false,
7011001037734,ＧＭＯグローバルサイン・ホールディングス株式会社,13:東京都,400人,300-999人,東京,300-999人 / 東京,1,http://ir.gmocloud.com/,200,allowed,,https://job.gmogshd.com/,https://job.gmogshd.com/,homepageAnchor,採用情報 open_in_new,otherDomain,high,200,unavailable,GMOグローバルサイン・ホールディングス 採用情報,true,1,0,false,false,,,0,,false,2026-10-05T12:57:04.171Z
7011001045654,イサナドットネット株式会社,13:東京都,45人,30-99人,東京,30-99人 / 東京,1,https://www.isana.net,200,allowed,,https://recruit.isana.net/,https://recruit.isana.net/,homepageAnchor,採用情報,ownDomain,high,200,allowed,トップページ | イサナドットネット株式会社 リクルートサイト,true,2,0,false,false,,,0,https://job.career-tasu.jp/corp/00047988/,true,2026-10-05T12:57:06.589Z
7011001048780,ＨａｐＩｎＳ株式会社,13:東京都,105人,100-299人,東京,100-299人 / 東京,1,https://hapins.net/company,200,allowed,,,,,,,,,,,,0,3,,true,https://hapins.net/,200,0,,false,
7011001054309,シーオス株式会社,13:東京都,200人,100-299人,東京,100-299人 / 東京,1,https://www.seaos.co.jp/,200,allowed,,https://www.seaos.co.jp/recruit-top/,https://www.seaos.co.jp/recruit-top/,homepageAnchor,採用トップ,ownDomain,high,200,allowed,"採用トップ | シーオス株式会社(SEAOS, Inc.)",true,6,0,false,false,,,0,,false,2026-10-05T12:57:04.747Z
7011001059638,株式会社コロプラ,13:東京都,572人,300-999人,東京,300-999人 / 東京,1,http://colopl.co.jp,200,allowed,,https://colopl.co.jp/recruit/,https://colopl.co.jp/recruit/,homepageAnchor,採用情報,ownDomain,high,200,allowed,採用情報｜株式会社コロプラ,true,1,0,false,false,,,0,,false,2026-10-05T12:57:11.869Z
7011001072517,スカイリーフ株式会社,13:東京都,44人,30-99人,東京,30-99人 / 東京,1,http://www.skyleaf.co.jp/,200,allowed,,https://skyleaf.co.jp/recruit/,https://skyleaf.co.jp/recruit,homepageAnchor,採用情報,ownDomain,high,200,allowed,採用情報 – スカイリーフ株式会社,true,9,0,false,false,,,1,,false,2026-10-05T12:57:16.480Z
7011001091938,プライムナンバーズ株式会社,13:東京都,50人,30-99人,東京,30-99人 / 東京,1,https://primenumbers.co.jp/,200,allowed,,https://primenumbers.co.jp/recruit/,https://primenumbers.co.jp/recruit/,homepageAnchor,採用情報,ownDomain,high,200,allowed,採用情報｜プライムナンバーズ株式会社,true,5,0,true,false,,,0,https://primenumbers.co.jp/recruit/,true,2026-10-05T12:57:08.010Z
7011001097373,株式会社マスクマン,13:東京都,9人,5-9人,東京,5-9人 / 東京,1,https://maskman.co.jp,200,unavailable,,https://maskman.co.jp/recruit,https://maskman.co.jp/recruit/,homepageAnchor,Recruit,ownDomain,high,200,unavailable,Recruit | MASKMAN Inc.,true,1,0,false,false,,,1,,false,2026-10-05T12:57:11.760Z
7011001106943,ＴＤＩ株式会社,13:東京都,980人,300-999人,東京,300-999人 / 東京,1,https://www.tdi.co.jp/,200,unavailable,,https://www.tdi.co.jp/recruit,https://www.tdi.co.jp/recruit/,homepageAnchor,採用情報,ownDomain,high,200,unavailable,採用情報｜TDI株式会社,true,2,0,false,false,,,1,,false,2026-10-05T12:57:11.700Z
7011001115102,株式会社ＡＲＩＳＥ　ａｎａｌｙｔｉｃｓ,13:東京都,205人,100-299人,東京,100-299人 / 東京,1,https://www.ariseanalytics.com/recruit/benefits/,200,allowed,,https://www.ariseanalytics.com/recruit/,https://www.ariseanalytics.com/recruit/,homepageAnchor,採用トップ,ownDomain,high,200,allowed,採用｜株式会社ARISE analytics（アライズ アナリティクス）,true,7,0,false,false,,,0,,false,2026-10-05T12:57:13.213Z
7011001116975,株式会社Ｕ‐ＮＥＸＴ,13:東京都,659人,300-999人,東京,300-999人 / 東京,1,https://www.unext.co.jp/ja,200,unavailable,,https://careers.unext.co.jp/,https://careers.unext.co.jp/,homepageAnchor,採用情報,ownDomain,high,200,unavailable,U-NEXT キャリア,true,1,0,false,false,,,0,,false,2026-10-05T12:57:11.279Z
7011001119532,ハマナス株式会社,13:東京都,10人,10-29人,東京,10-29人 / 東京,1,https://www.hermanus.co.jp/,200,allowed,,,,,,,,,,,,0,3,,false,,,0,https://www.hermanus.co.jp/,true,
7011001125191,株式会社ＣＡＲＥＡＲＣ,13:東京都,4人,1-4人,東京,1-4人 / 東京,1,https://carearc.co.jp/,200,allowed,,,,,,,,,,,,0,2,,false,,,0,,false,
7011001151171,株式会社Ｅｎｇｉｎｅｅ,13:東京都,16人,10-29人,東京,10-29人 / 東京,1,https://www.enginee.co.jp/,200,unavailable,,,,,,,,,,,,0,0,,false,,,0,,false,
7011001160825,株式会社Ｖｉｅｔａ　Ｊｕｍｐｉｎｇ,13:東京都,2人,1-4人,東京,1-4人 / 東京,1,https://vietajumping.com/,200,allowed,,,,,,,,,,,,0,0,,false,,,0,,false,
7011001161666,株式会社ＳｐｉｎＦｌｏｗ,13:東京都,3人,1-4人,東京,1-4人 / 東京,1,https://www.spinflow.jp/index.html,200,allowed,,,,,,,,,,,,0,0,,true,https://www.spinflow.jp/,200,0,,false,
7011001168604,エデュニア株式会社,13:東京都,2人,1-4人,東京,1-4人 / 東京,1,https://edunear.com/,200,allowed,,,,,,,,,,,,0,3,,false,,,0,,false,
7011101008362,株式会社シー・アイ・シー,13:東京都,214人,100-299人,東京,100-299人 / 東京,1,https://www.cic.co.jp/,200,allowed,,https://www.cic.co.jp/recruit/index.php,https://www.cic.co.jp/recruit/index.php,homepageAnchor,採用情報,ownDomain,high,200,allowed,採用情報 | 信用情報機関のCIC,true,1,0,false,false,,,0,,false,2026-10-05T12:57:16.601Z
7011101011259,株式会社ゼネテック,13:東京都,483人,300-999人,東京,300-999人 / 東京,1,http://www.genetec.co.jp/,200,allowed,,https://www.genetec.co.jp/recruit/,https://www.genetec.co.jp/recruit/,homepageAnchor,採用情報,ownDomain,high,200,allowed,採用情報 | 株式会社ゼネテック,true,3,0,false,false,,,0,,false,2026-10-05T12:57:21.367Z
7011101013494,株式会社テクノウェアシンク,13:東京都,297人,100-299人,東京,100-299人 / 東京,1,https://www.technowarethink.co.jp/,,unavailable,TypeError:CERT_HAS_EXPIRED,,,,,,,,,,,0,0,,false,,,0,,false,
7011101027073,株式会社アイ・ティー・ワン,13:東京都,282人,100-299人,東京,100-299人 / 東京,1,http://www.it-one.co.jp/,200,allowed,,https://www.it-one.co.jp/recruit/,https://www.it-one.co.jp/recruit/,homepageAnchor,採用情報,ownDomain,high,200,allowed,採用情報 │ アイ・ティー・ワン,true,3,0,false,false,,,0,,false,2026-10-05T12:57:29.461Z
7011101032123,株式会社ベリサーブ,13:東京都,1306人,1000人以上,東京,1000人以上 / 東京,1,http://www.veriserve.co.jp/,200,allowed,,https://www.veriserve.co.jp/recruit/,https://www.veriserve.co.jp/recruit/,homepageAnchor,採用情報,ownDomain,high,200,allowed,採用情報｜ソフトウェア品質保証のベリサーブ,true,4,0,false,false,,,0,,false,2026-10-05T12:57:24.237Z
7011101033773,ＳＢテクノロジー株式会社,13:東京都,1165人,1000人以上,東京,1000人以上 / 東京,1,https://www.softbanktech.co.jp/corp/hr/personnel-policies/women-careers/,200,allowed,,,,,,,,,,,,0,0,,false,,,0,,false,
7011101038673,株式会社デジカル,13:東京都,8人,5-9人,東京,5-9人 / 東京,1,http://www.digical.co.jp,200,allowed,,https://digical-recruit.com/,,homepageLinkOffDomain,採用情報,otherDomain,low,,,,,1,2,,false,,,0,,false,
7011101042353,株式会社クスール,13:東京都,6人,5-9人,東京,5-9人 / 東京,1,https://cshool.jp/,200,unavailable,,,,,,,,,,,,0,0,,false,,,0,,false,
7011101060388,ＳＣＳＫ　Ｍｉｎｏｒｉソリューションズ株式会社,13:東京都,1316人,1000人以上,東京,1000人以上 / 東京,1,https://www.scskminori.co.jp/,200,allowed,,https://recruit.scskminori.co.jp/,https://recruit.scskminori.co.jp/,homepageAnchor,採用情報,ownDomain,high,200,allowed,SCSK Minoriソリューションズ株式会社 RECRUITING,true,1,0,false,false,,,0,,false,2026-10-05T12:57:23.069Z
7011101060669,株式会社Ａｉｍｉｎｇ,13:東京都,515人,300-999人,東京,300-999人 / 東京,1,http://aiming-inc.com/ja/,200,unavailable,,https://recruit.aiming-inc.com/,https://recruit.aiming-inc.com/,homepageAnchor,採用情報 RECRUIT,ownDomain,high,200,allowed,株式会社Aiming 採用情報,true,2,0,false,false,,,0,,false,2026-10-05T12:57:29.980Z
7011101062095,クオリカ株式会社,13:東京都,945人,300-999人,東京,300-999人 / 東京,1,http://www.qualica.co.jp/,200,allowed,,https://www.qualica.co.jp/ja/saiyo.html,https://www.qualica.co.jp/ja/saiyo.html,homepageAnchor,採用情報,ownDomain,high,200,allowed,採用情報 | クオリカ株式会社,true,1,0,false,false,,,0,,false,2026-10-05T12:57:30.586Z
7011101062541,ＡＪＳ株式会社,13:東京都,733人,300-999人,東京,300-999人 / 東京,1,http://www.ajs.co.jp/,200,unavailable,,https://ajs.co.jp/recruit/,https://ajs.co.jp/recruit/,homepageAnchor,採用情報,ownDomain,high,200,allowed,採用情報 | AJS株式会社,true,1,0,false,false,,,0,,false,2026-10-05T12:57:34.837Z
7011101071501,株式会社アルビノ,13:東京都,3人,1-4人,東京,1-4人 / 東京,1,https://www.albino.co.jp/about/,200,allowed,,https://www.albino.co.jp/simulator-employment-insurance/,https://www.albino.co.jp/simulator-employment-insurance/,homepageUrlPattern,雇用保険料,ownDomain,low,200,allowed,雇用保険料の計算シミュレーション 2026年度（令和8年度） | 株式会社アルビノ,false,4,0,false,false,,,0,https://www.albino.co.jp/recruit/,true,2026-10-05T12:57:26.337Z
7011101076285,株式会社ＩＮＡＰ　Ｖｉｓｉｏｎ,13:東京都,34人,30-99人,東京,30-99人 / 東京,1,https://www.inap-vision.co.jp/,200,allowed,,,,,,,,,,,,0,3,,false,,,0,,false,
7011101078414,株式会社シナモン,13:東京都,45人,30-99人,東京,30-99人 / 東京,1,http://cinnamon.is,,unavailable,TypeError:ENOTFOUND,,,,,,,,,,,0,0,,false,,,0,,false,
7011101079619,ニフティ株式会社,13:東京都,456人,300-999人,東京,300-999人 / 東京,1,http://www.nifty.co.jp/,200,allowed,,https://recruit.nifty.co.jp/,https://recruit.nifty.co.jp/,homepageAnchor,採用情報,ownDomain,high,200,allowed,採用情報 | ニフティ株式会社,true,2,0,false,false,,,0,,false,2026-10-05T12:57:37.322Z
7011101081186,株式会社ＳｍａｒｔＷｏｒＸ,13:東京都,36人,30-99人,東京,30-99人 / 東京,1,https://smartworx.co.jp/,200,allowed,,,,,,,,,,,,0,3,,false,,,0,,false,
7011101094691,株式会社カマルド,13:東京都,38人,30-99人,東京,30-99人 / 東京,1,https://kamarudo.co.jp/,200,allowed,,,,,,,,,,,,0,2,,false,,,0,,false,
7011103006125,株式会社リクエストエージェント,13:東京都,1人,1-4人,東京,1-4人 / 東京,1,https://request-agent.co.jp,200,allowed,,https://request-agent.co.jp/recruit/,https://request-agent.co.jp/recruit/,homepageAnchor,採用情報,ownDomain,high,200,allowed,求人広告代理店のリクエストエージェント,true,14,0,false,false,,,0,https://request-agent.co.jp/recruit/,true,2026-10-05T12:57:34.536Z
7011103013170,合同会社世界散歩,13:東京都,8人,5-9人,東京,5-9人 / 東京,1,https://sekai-sanpo.com/administrator/company/,200,allowed,,https://sekai-sanpo.com/travel-column/release/fullester-ex/,,homepageAnchorNegativePath,プロテカから遂に初“フロントオープン収納”採用のフレスターEXデビュー!!,ownDomain,low,,,,,1,4,,true,https://sekai-sanpo.com/,200,0,,false,
7011105002089,独立行政法人統計センター,13:東京都,904人,300-999人,東京,300-999人 / 東京,1,https://www.nstac.go.jp/release/project.html,200,allowed,,https://www.nstac.go.jp/jobs/,https://www.nstac.go.jp/jobs/,homepageAnchor,採用案内,ownDomain,high,200,allowed,採用案内 | 独立行政法人 統計センター,true,24,0,false,false,,,0,,false,2026-10-05T12:57:35.827Z
7011201000780,エス・ビー・エス株式会社,13:東京都,119人,100-299人,東京,100-299人 / 東京,1,https://www.sbsnt.co.jp/,200,allowed,,https://www.sbsnt.co.jp/recruit.html,https://www.sbsnt.co.jp/recruit.html,homepageAnchor,採用情報,ownDomain,high,200,allowed,Recruiting Site 2026 | エス・ビー・エス株式会社（S.B.S.株式会社）,true,1,0,false,false,,,0,,false,2026-10-05T12:57:37.737Z
7011201012157,ＭＫＩテクノロジーズ株式会社,13:東京都,491人,300-999人,東京,300-999人 / 東京,1,http://www.mkitec.co.jp/,200,allowed,,https://www.mkitec.co.jp/recruit/,https://www.mkitec.co.jp/recruit/,homepageAnchor,採用情報,ownDomain,high,200,allowed,採用情報 - MKItec（MKIテクノロジーズ株式会社）,true,5,0,false,false,,,0,,false,2026-10-05T12:57:43.023Z
7011201014839,株式会社エイトバルーン,13:東京都,3人,1-4人,東京,1-4人 / 東京,1,https://8balloons.co.jp/,200,allowed,,https://8balloons.co.jp/recruit/,https://8balloons.co.jp/recruit/,homepageAnchor,採用情報,ownDomain,high,200,allowed,採用情報 | 株式会社エイトバルーン,true,1,0,false,false,,,0,,false,2026-10-05T12:57:38.413Z
7011203002511,株式会社Ｍａｓｓｉｖｅ　Ａｃｔ,13:東京都,12人,10-29人,東京,10-29人 / 東京,1,https://massive-act.com/recruit/,200,allowed,,https://massive-act.com/recruit/,https://massive-act.com/recruit/,homepageAnchor,Recruit 採用情報,ownDomain,high,200,allowed,Recruit [採用情報] | 株式会社Massive Act,true,7,0,false,false,,,0,,false,2026-10-05T12:57:39.630Z
7011301012643,システムズ・デザイン株式会社,13:東京都,366人,300-999人,東京,300-999人 / 東京,1,http://www.sdcj.co.jp/,200,allowed,,https://www.sdcj.co.jp/recruit.html,https://www.sdcj.co.jp/recruit.html,homepageAnchor,採用情報,ownDomain,high,200,allowed,採用情報｜システムズ・デザイン株式会社,true,9,0,false,false,,,0,,false,2026-10-05T12:57:46.067Z
7011401018367,株式会社Ａｍａｎｅ,13:東京都,83人,30-99人,東京,30-99人 / 東京,1,https://amne.co.jp/,200,allowed,,https://amne.co.jp/recruit,https://amne.co.jp/recruit/,homepageUrlPattern,リクルート,ownDomain,low,200,allowed,リクルート | 株式会社Amane,false,3,0,false,false,,,1,,false,2026-10-05T12:57:42.826Z
7011501010257,株式会社オーネスト,13:東京都,165人,100-299人,東京,100-299人 / 東京,1,https://honest2000.co.jp/index.html,200,allowed,,https://www.honest2000.co.jp/recruit,https://www.honest2000.co.jp/recruit,homepageAnchor,採用情報,ownDomain,high,200,allowed,採用情報｜株式会社オーネスト - HONEST,true,6,0,true,false,,,0,https://job.mynavi.jp/27/pc/search/corp283539/outline.html,true,2026-10-05T12:57:47.269Z
7011501018770,株式会社産業技術情報研究所,13:東京都,1人,1-4人,東京,1-4人 / 東京,1,https://www.i-aiti.com/,200,unavailable,,https://aiti.hp.peraichi.com/saiyou1,,homepageLinkOffDomain,採用情報,otherDomain,low,,,,,1,0,,false,,,0,,false,
7011601000389,コンピュータシステム株式会社,13:東京都,137人,100-299人,東京,100-299人 / 東京,1,https://www.computer-system.jp/,200,unavailable,,https://www.computer-system.jp/recruit/,https://www.computer-system.jp/recruit/,homepageAnchor,採用情報,ownDomain,high,200,unavailable,Recruit,true,2,0,false,false,,,0,,false,2026-10-05T12:57:42.808Z
7011601017532,株式会社Ｓｅｖｅｎ　Ａｒｃｓ,13:東京都,20人,10-29人,東京,10-29人 / 東京,1,http://www.7arcs.co.jp/,200,unavailable,,https://7arcs.co.jp/recruit/,https://7arcs.co.jp/recruit/,homepageAnchor,RECRUIT 採用情報,ownDomain,high,200,allowed,RECRUIT｜株式会社Seven Arcs（セブン・アークス）,true,1,0,false,false,,,0,,false,2026-10-05T12:57:52.635Z
7011601021591,株式会社コーピー,13:東京都,59人,30-99人,東京,30-99人 / 東京,1,https://corpy.co.jp/,200,allowed,,https://corpy.co.jp/jp/others/career,https://corpy.co.jp/jp/others/career,robotsSitemap,,ownDomain,medium,200,allowed,採用情報｜株式会社コーピー,true,2,3,false,false,,,0,,false,2026-10-05T12:57:48.938Z
7011701004273,スターツ出版株式会社,13:東京都,258人,100-299人,東京,100-299人 / 東京,1,https://starts-pub.jp/,200,allowed,,https://starts-pub.jp/recruit,https://starts-pub.jp/recruit,homepageAnchor,採用情報,ownDomain,high,200,allowed,採用情報 | スターツ出版,true,5,0,false,false,,,0,,false,2026-10-05T12:57:46.410Z
7011701020527,株式会社ナピル,13:東京都,60人,30-99人,東京,30-99人 / 東京,1,https://www.enapir.com/index.html,200,unavailable,,https://www.enapir.com/recruit_graduate.html,https://www.enapir.com/recruit_graduate.html,homepageAnchor,新卒採用,ownDomain,high,200,unavailable,,true,5,0,false,false,,,0,,false,2026-10-05T12:57:46.854Z
7011701025889,Ｏｄｍ株式会社,12:千葉県,2人,1-4人,主要都市圏,1-4人 / 主要都市圏,1,https://odm.homes/,200,unavailable,,https://arwrk.net/recruit/odm,,homepageLinkOffDomain,採用情報,otherDomain,low,,,,,1,0,,false,,,0,,false,
7011801021598,株式会社クルージス,13:東京都,10人,10-29人,東京,10-29人 / 東京,1,http://www.crusis.co.jp/,200,unavailable,,https://www.crusis.co.jp/recruit.html,https://www.crusis.co.jp/recruit.html,homepageAnchor,採用情報,ownDomain,high,200,unavailable,採用情報｜株式会社クルージス,true,1,0,false,false,,,0,,false,2026-10-05T12:57:53.062Z
7011801027752,株式会社ディリット,14:神奈川県,5人,5-9人,主要都市圏,5-9人 / 主要都市圏,1,https://diritto.co.jp/,200,unavailable,,,,,,,,,,,,0,0,,false,,,0,,false,
7011801037421,Ｃａｒｐｅ　ｄｉｅｍ株式会社,13:東京都,19人,10-29人,東京,10-29人 / 東京,1,https://carpediemcorporation.com/,200,allowed,,https://carpediemcorporation.com/recruit/,https://carpediemcorporation.com/recruit/,homepageAnchor,採用情報,ownDomain,high,200,allowed,採用情報 | Carpe diem株式会社,true,1,0,false,false,,,0,,false,2026-10-05T12:57:50.226Z
7011801037826,Ｔｒｕｓｔｅｃ株式会社,13:東京都,48人,30-99人,東京,30-99人 / 東京,1,https://trustec-inc.co.jp/,200,unavailable,,https://trustec-inc.co.jp/?page_id=58,https://trustec-inc.co.jp/?page_id=58,homepageAnchor,採用情報,ownDomain,high,200,unavailable,採用情報 – Trustec株式会社,true,1,0,false,false,,,0,,false,2026-10-05T12:57:50.587Z
7012301008086,株式会社ティーエスシー,13:東京都,39人,30-99人,東京,30-99人 / 東京,1,https://www.kk-tsc.com/,200,allowed,,https://www.kk-tsc.com/recruit,https://www.kk-tsc.com/recruit/,homepageAnchor,採用情報TOP,ownDomain,high,200,allowed,採用情報 | エンジニア募集 | 成長できる開発環境 | 株式会社ティーエスシー,true,3,0,false,false,,,1,,false,2026-10-05T12:57:53.313Z
7012401000521,国際ソフトウェア株式会社,13:東京都,234人,100-299人,東京,100-299人 / 東京,1,https://www.ksw.co.jp/,200,unavailable,,https://www.ksw.co.jp/recruit/,https://www.ksw.co.jp/recruit/,homepageAnchor,採用情報,ownDomain,high,200,unavailable,採用情報｜国際ソフトウェア株式会社,true,1,0,false,false,,,0,,false,2026-10-05T12:57:51.500Z
7012401003912,日本データパシフィック株式会社,13:東京都,31人,30-99人,東京,30-99人 / 東京,1,https://www.datapacific.co.jp/,200,allowed,,,,,,,,,,,,0,2,,false,,,0,,false,
7012401004225,フューチャーアーティザン株式会社,13:東京都,297人,100-299人,東京,100-299人 / 東京,1,https://www.future-artisan.co.jp/,,unavailable,TypeError:UNABLE_TO_VERIFY_LEAF_SIGNATURE,,,,,,,,,,,0,0,,false,,,0,,false,
7012401013928,株式会社フラッグ,13:東京都,301人,300-999人,東京,300-999人 / 東京,1,https://www.flag-pictures.co.jp/,200,allowed,,https://www.flag-pictures.co.jp/recruit/,https://www.flag-pictures.co.jp/recruit/,homepageAnchor,RECRUIT,ownDomain,high,200,allowed,株式会社フラッグ キャリア採用サイト,true,1,0,false,false,,,0,,false,2026-10-05T12:57:54.005Z
7012401024272,Ｎ’ｓシステム株式会社,13:東京都,8人,5-9人,東京,5-9人 / 東京,1,http://www.ns-system-corp.sakura.ne.jp/,200,unavailable,,http://www.ns-system-corp.sakura.ne.jp/recruit.html,http://www.ns-system-corp.sakura.ne.jp/recruit.html,homepageAnchor,採用情報,ownDomain,high,200,unavailable,採用情報 | N’ｓシステム株式会社,true,1,0,false,false,,,0,http://www.ns-system-corp.sakura.ne.jp/,true,2026-10-05T12:57:54.579Z
7012401031129,株式会社ＫｉＺＵＫＡＩ,13:東京都,12人,10-29人,東京,10-29人 / 東京,1,https://kizukai.com/,200,allowed,,https://kizukai.com/recruit,https://kizukai.com/recruit,homepageAnchor,採用情報,ownDomain,high,200,allowed,採用情報 | 株式会社KiZUKAI,true,1,0,false,false,,,0,,false,2026-10-05T12:57:55.998Z
7012401039196,Ｍ＆Ａ　Ｌｅａｄ株式会社,13:東京都,11人,10-29人,東京,10-29人 / 東京,1,https://malead.co.jp/,200,allowed,,https://malead.co.jp/recruit,https://malead.co.jp/recruit/,homepageAnchor,採用情報,ownDomain,high,200,allowed,M&A Lead Recruit,true,1,0,false,false,,,2,,false,2026-10-05T12:58:02.956Z
7012701001368,株式会社サンエフ,13:東京都,49人,30-99人,東京,30-99人 / 東京,1,http://www.sanefu.com/index.php,200,allowed,,https://sanefu.com/recruit/recruit-top/,https://sanefu.com/recruit/recruit-top/,homepageAnchor,採用情報トップ,ownDomain,high,200,allowed,採用情報トップ | 採用情報 | 株式会社サンエフ,true,5,0,false,false,,,0,,false,2026-10-05T12:58:02.454Z
7013101003905,株式会社クレアンスメアード,13:東京都,41人,30-99人,東京,30-99人 / 東京,1,https://www.creansmaerd.co.jp/,200,allowed,,https://www.creansmaerd.co.jp/recruit/,https://www.creansmaerd.co.jp/recruit/,homepageAnchor,採用情報,ownDomain,high,200,allowed,採用情報 | 株式会社クレアンスメアード,true,2,0,false,false,,,0,,false,2026-10-05T12:57:58.179Z
7013101007303,株式会社森未来,13:東京都,5人,5-9人,東京,5-9人 / 東京,1,https://shin-mirai.co.jp/,200,allowed,,https://shin-mirai.co.jp/recruit,https://shin-mirai.co.jp/recruit/,homepageAnchor,採用情報,ownDomain,high,200,allowed,採用情報 | 株式会社森未来,true,1,0,false,false,,,1,,false,2026-10-05T12:58:02.153Z
7013201012673,株式会社オロ,13:東京都,335人,300-999人,東京,300-999人 / 東京,1,https://www.oro.com/ja/,200,allowed,,https://www.oro.com/recruit/,https://www.oro.com/recruit/,homepageAnchor,採用情報,ownDomain,high,200,allowed,採用情報｜株式会社オロ,true,2,0,false,false,,,0,,false,2026-10-05T12:57:56.182Z
7013201018266,株式会社ヒッツカンパニー,13:東京都,157人,100-299人,東京,100-299人 / 東京,1,https://www.hits-company.co.jp/,200,allowed,,https://www.hits-company.co.jp/recruit/,https://www.hits-company.co.jp/recruit/,homepageAnchor,RECRUIT,ownDomain,high,200,allowed,採用情報｜株式会社ヒッツカンパニー,true,2,0,false,false,,,0,,false,2026-10-05T12:57:59.564Z
7013301002038,株式会社エフ・エム,13:東京都,207人,100-299人,東京,100-299人 / 東京,1,https://www.fmget.co.jp/,200,allowed,,https://www.fmget.co.jp/recruit/,https://www.fmget.co.jp/recruit/,homepageAnchor,エフ・エム 採用情報サイト,ownDomain,high,200,allowed,株式会社エフ・エム 採用サイト - 採用サイト,true,2,0,false,false,,,0,,false,2026-10-05T12:58:08.088Z
7013301005882,株式会社セゾンテクノロジー,13:東京都,696人,300-999人,東京,300-999人 / 東京,1,https://www.saison-technology.com/,200,allowed,,https://www.saison-technology.com/SIS/saiyo/recruit,https://www.saison-technology.com/SIS/saiyo/recruit,homepageAnchor,採用情報,ownDomain,high,200,allowed,セゾンテクノロジー 採用情報,true,1,0,false,false,,,0,,false,2026-10-05T12:58:01.681Z
7013301016236,株式会社エイ・エス・シー,13:東京都,43人,30-99人,東京,30-99人 / 東京,1,http://www.asc-net.co.jp,200,allowed,,,,,,,,,,,,0,0,,false,,,0,,false,
7013301035450,イーライフシステム株式会社,13:東京都,12人,10-29人,東京,10-29人 / 東京,1,https://www.elifes.co.jp,200,unavailable,,,,,,,,,,,,0,0,,false,,,0,,false,
7013301038932,Ｇｏ　Ｊａｐａｎ株式会社,13:東京都,40人,30-99人,東京,30-99人 / 東京,1,https://gojapan.ne.jp/,200,allowed,,https://gojapan.ne.jp/recruit,https://gojapan.ne.jp/recruit,homepageAnchor,採用情報,ownDomain,high,200,allowed,"GoJapan株式会社 | GoJapan, Ltd.",true,1,0,false,false,,,0,,false,2026-10-05T12:58:04.952Z
7013301041481,Ｄ．Ｃｒｅｗｓ株式会社,13:東京都,16人,10-29人,東京,10-29人 / 東京,1,https://www.dcrews.co.jp/,200,unavailable,,https://www.dcrews.co.jp/recruit/,https://www.dcrews.co.jp/recruit/,homepageAnchor,採用情報,ownDomain,high,200,unavailable,採用情報｜世界の企業にD.Crews,true,1,0,false,false,,,0,,false,2026-10-05T12:58:07.641Z
7013301042835,株式会社アイ・イーグループ,13:東京都,488人,300-999人,東京,300-999人 / 東京,1,https://www.ie-group.co.jp/index.html,404,allowed,http_404,https://ie-group.co.jp/recruit/,https://ie-group.co.jp/recruit/,homepageAnchor,採用情報,ownDomain,high,200,allowed,光通信グループ ｜株式会社アイ・イーグループ採用情報 光通信グループ ｜株式会社アイ・イーグループ,true,1,0,false,true,https://ie-group.co.jp/,200,0,,false,2026-10-05T12:58:11.818Z
7013401000908,株式会社インフォテクノ朝日,13:東京都,601人,300-999人,東京,300-999人 / 東京,1,https://www.it-asahi.com/,200,allowed,,https://www.it-asahi.com/recruit/,https://www.it-asahi.com/recruit/,homepageAnchor,採用情報 RECRUIT,ownDomain,high,200,allowed,株式会社インフォテクノ朝日｜採用サイト,true,1,0,false,false,,,0,,false,2026-10-05T12:58:05.253Z
7020001008686,株式会社三技協,14:神奈川県,304人,300-999人,主要都市圏,300-999人 / 主要都市圏,1,https://www.sangikyo.co.jp/,200,unavailable,,https://www.sangikyo.co.jp/recruiting_info/,https://www.sangikyo.co.jp/recruiting_info/,homepageAnchor,採用情報,ownDomain,high,200,unavailable,採用情報｜株式会社三技協,true,2,0,false,false,,,0,,false,2026-10-05T12:58:08.603Z
7020001011541,株式会社ジャンボ,14:神奈川県,26人,10-29人,主要都市圏,10-29人 / 主要都市圏,1,http://www.jmb.co.jp/,200,unavailable,,http://www.jmb.co.jp/saiyo/index.html,http://www.jmb.co.jp/saiyo/index.html,homepageAnchor,新卒採用,ownDomain,high,200,unavailable,神奈川・横浜---新卒採用・ジャンボ,true,4,0,false,false,,,0,,false,2026-10-05T12:58:06.065Z
7020001030145,株式会社アイネット,14:神奈川県,1041人,1000人以上,主要都市圏,1000人以上 / 主要都市圏,1,http://www.inet.co.jp,200,allowed,,http://www.inet.co.jp/recruit/,http://www.inet.co.jp/recruit/,homepageAnchor,採用情報,ownDomain,high,200,allowed,採用｜株式会社アイネット,true,17,0,false,false,,,0,,false,2026-10-05T12:58:08.070Z
7020001045779,株式会社ウッドペッカー,14:神奈川県,7人,5-9人,主要都市圏,5-9人 / 主要都市圏,1,http://woodpecker.co.jp/,200,unavailable,,,,,,,,,,,,0,0,,false,,,0,,false,
7020001056891,株式会社アルテック,14:神奈川県,17人,10-29人,主要都市圏,10-29人 / 主要都市圏,1,https://altech-co.net/,200,allowed,,https://altech-co.net/recruit/,https://altech-co.net/recruit/,homepageAnchor,採用情報,ownDomain,high,200,allowed,採用情報 | 株式会社アルテック,true,2,0,false,false,,,0,,false,2026-10-05T12:58:10.339Z
7020001073920,東芝情報システム株式会社,14:神奈川県,1495人,1000人以上,主要都市圏,1000人以上 / 主要都市圏,1,https://www.tjsys.co.jp/,200,allowed,,https://www.tjsys.co.jp/company/recruit/index_j.htm,https://www.tjsys.co.jp/company/recruit/index_j.htm,homepageAnchor,採用トップ,ownDomain,high,200,allowed,採用トップ | 東芝情報システム株式会社,true,3,0,false,false,,,0,,false,2026-10-05T12:58:10.734Z
7020001079819,株式会社ビーシステム,14:神奈川県,30人,30-99人,主要都市圏,30-99人 / 主要都市圏,1,http://www.fc-soft.jp/,200,unavailable,,,,,,,,,,,,0,0,,false,,,0,,false,
7020001083903,株式会社ファンコーポレーション,14:神奈川県,16人,10-29人,主要都市圏,10-29人 / 主要都市圏,1,https://www.funco.co.jp/,200,allowed,,https://www.funco.co.jp/recruit,https://www.funco.co.jp/recruit,robotsSitemap,,ownDomain,medium,200,allowed,ファンコーポレーション | FUN Corporation RECRUIT 人材採用情報,true,5,3,false,false,,,0,,false,2026-10-05T12:58:17.518Z
7020001091641,株式会社シーサイド,44:大分県,1人,1-4人,その他,1-4人 / その他,1,https://c-side.co.jp/,200,allowed,,https://c-side.co.jp/news/3057/,,homepageAnchorNegativePath,2025年12月28日 九州全域の「働く女性」が福岡に結集。新しい出会いと学びで、あなたの「やってみたい」を「やってみよう」に変える展示&交流イベント『コラボLadys! in FUKUOKA』参加者募集開始,ownDomain,low,,,,,3,3,,false,,,0,,false,
7020001091897,株式会社ＮＴＣシステム,13:東京都,294人,100-299人,東京,100-299人 / 東京,1,https://www.ntc-s.co.jp/female-success-promotion/,403,unavailable,http_403,https://www.ntc-s.co.jp/recruit/,https://www.ntc-s.co.jp/recruit/,homepageAnchor,採用情報,ownDomain,high,200,unavailable,採用情報|株式会社NTCシステム,true,6,0,false,true,https://www.ntc-s.co.jp/,200,0,,false,2026-10-05T12:58:15.082Z
7020001109369,株式会社イングクラウド,13:東京都,11人,10-29人,東京,10-29人 / 東京,1,https://www.ingcrowd.jp/,200,allowed,,,,,,,,,,,,0,3,,false,,,0,,false,
7020001112703,株式会社Ｎｅｘｔ　Ｓｔａｇｅ,13:東京都,9人,5-9人,東京,5-9人 / 東京,1,https://next-stage.biz/,200,allowed,,,,,,,,,,,,0,1,,false,,,0,,false,
7020001124079,株式会社エイチビーラボジャパン,13:東京都,35人,30-99人,東京,30-99人 / 東京,1,https://hblab.co.jp/,200,allowed,,,,,,,,,,,,0,3,,false,,,0,,false,
7020001136297,ＣＯＮＯＣ株式会社,13:東京都,7人,5-9人,東京,5-9人 / 東京,1,https://conoc.co.jp/,200,allowed,,,,,,,,,,,,0,3,,false,,,0,,false,
7021001009146,システムワークスジャパン株式会社,14:神奈川県,48人,30-99人,主要都市圏,30-99人 / 主要都市圏,1,https://swj.co.jp/,200,allowed,,https://www.swj.co.jp/recruit,https://www.swj.co.jp/recruit/,homepageAnchor,採用情報,ownDomain,high,200,allowed,採用情報 | システムワークスジャパン（SWJ）,true,4,0,false,false,,,1,,false,2026-10-05T12:58:24.643Z
7021001025184,株式会社サイプレス,12:千葉県,11人,10-29人,主要都市圏,10-29人 / 主要都市圏,1,http://cypress.co.jp/,200,unavailable,,,,,,,,,,,,0,0,,false,,,0,,false,
7030001003876,株式会社システムインテグレータ,11:埼玉県,265人,100-299人,主要都市圏,100-299人 / 主要都市圏,1,https://corporate.sint.co.jp/,200,allowed,,https://recruit.sint.co.jp/,https://recruit.sint.co.jp/,homepageAnchor,採用情報,ownDomain,high,200,allowed,株式会社システムインテグレータ採用サイト | TOP,true,2,0,false,false,,,0,,false,2026-10-05T12:58:20.130Z
7040001013585,バイシンク・エンタテインメント株式会社,13:東京都,13人,10-29人,東京,10-29人 / 東京,1,https://bisync.net/aboutus/,404,unavailable,http_404,,,,,,,,,,,0,0,,true,https://bisync.net/,200,0,,false,
7040001034425,ＷｅＬｅａｒｎ株式会社,13:東京都,37人,30-99人,東京,30-99人 / 東京,1,https://www.welearn.co.jp/top/,404,allowed,http_404,https://www.welearn.co.jp/ja/recruit,https://www.welearn.co.jp/ja/recruit,homepageAnchor,採用情報,ownDomain,high,200,allowed,Recruit | WeLearn,true,2,0,false,true,https://www.welearn.co.jp/,200,0,,false,2026-10-05T12:58:28.076Z
7040001049019,株式会社ＡＥＶＩＣ,13:東京都,264人,100-299人,東京,100-299人 / 東京,1,http://www.aevic.co.jp/,200,unavailable,,https://www.aevic.co.jp/recruit-aevic/,https://www.aevic.co.jp/recruit-aevic/,homepageAnchor,採用情報,ownDomain,high,200,unavailable,採用情報｜株式会社AEVIC,true,2,0,false,false,,,0,https://www.aevic.co.jp/recruit-course/,true,2026-10-05T12:58:27.932Z
7040001060933,株式会社全栄プロモーション,12:千葉県,2人,1-4人,主要都市圏,1-4人 / 主要都市圏,1,http://www.zenei-pro.jp/,200,allowed,,,,,,,,,,,,0,3,,false,,,0,,false,
7040001070635,株式会社フライズ,12:千葉県,8人,5-9人,主要都市圏,5-9人 / 主要都市圏,1,https://frize.jp/,200,allowed,,https://frize.jp/recruit/,https://frize.jp/recruit/,homepageAnchor,採用情報 ▾ RECRUIT,ownDomain,high,200,allowed,採用情報 - 株式会社フライズ,true,5,0,false,false,,,0,,false,2026-10-05T12:58:29.062Z
7040001088108,株式会社レイヴン,12:千葉県,3人,1-4人,主要都市圏,1-4人 / 主要都市圏,1,http://reiven.jp/,200,unavailable,,,,,,,,,,,,0,0,,false,,,0,,false,
7040001097570,株式会社アリエ,12:千葉県,14人,10-29人,主要都市圏,10-29人 / 主要都市圏,1,https://www.aryeh.co.jp,200,unavailable,,https://www.aryeh.co.jp/recruit/,https://www.aryeh.co.jp/recruit/,homepageAnchor,採用情報,ownDomain,high,200,unavailable,recruit – 株式会社アリエ,true,1,0,false,false,,,0,,false,2026-10-05T12:58:28.221Z
7050001007537,株式会社ＳＡＹコンピュータ,08:茨城県,46人,30-99人,その他,30-99人 / その他,1,https://www.saycom.jp/,200,allowed,,https://www.saycom.jp/recruit,https://www.saycom.jp/recruit,homepageAnchor,採用情報,ownDomain,high,200,allowed,採用情報 - SAYコンピュータ,true,1,0,false,false,,,0,https://www.saycom.jp/recruit,true,2026-10-05T12:58:30.325Z
7050001023583,日本システムハウス株式会社,13:東京都,101人,100-299人,東京,100-299人 / 東京,1,http://www.systemhouse-co.com/,200,unavailable,,http://www.systemhouse-co.com/recruit/,http://www.systemhouse-co.com/recruit/,homepageAnchor,採用情報,ownDomain,high,200,unavailable,採用情報｜日本システムハウス株式会社,true,1,0,false,false,,,0,,false,2026-10-05T12:58:31.221Z
7050001034556,株式会社ＴＯＫＩＵＭ,13:東京都,250人,100-299人,東京,100-299人 / 東京,1,https://www.keihi.com/company/company/,404,allowed,http_404,,,,,,,,,,,0,3,,true,https://www.keihi.com/,200,0,,false,
7050001034705,株式会社遠藤システム,08:茨城県,60人,30-99人,その他,30-99人 / その他,1,http://www.endosystem.co.jp/,200,allowed,,https://www.endosystem.co.jp/recruit/,https://www.endosystem.co.jp/recruit/,homepageAnchor,採用情報,ownDomain,high,200,allowed,株式会社遠藤システム 採用情報 - 株式会社遠藤システム│遠藤システム,true,9,0,false,false,,,0,,false,2026-10-05T12:58:38.441Z
7070001035437,ＬＯＣＡＬ　ＰＯＷＥＲ株式会社,10:群馬県,1人,1-4人,その他,1-4人 / その他,1,https://local-power.co.jp/actionplan,200,allowed,,,,,,,,,,,,0,0,,true,https://local-power.co.jp/,200,0,,false,
7080001000002,株式会社アイアールシー・データ・プロ・テクニカ,22:静岡県,40人,30-99人,その他,30-99人 / その他,1,http://www.ircd.co.jp/index.html,200,unavailable,,http://www.ircd.co.jp/recruit.html,http://www.ircd.co.jp/recruit.html,homepageAnchor,採用情報 NEW!! CAREERS,ownDomain,high,200,unavailable,IRCデータ・プロ・テクニカ┃採用情報,true,2,0,false,false,,,0,,false,2026-10-05T12:58:32.405Z
7080001008391,鈴与システムテクノロジー株式会社,22:静岡県,319人,300-999人,その他,300-999人 / その他,1,https://www.sst-web.com/recruit/data/,200,allowed,,https://www.sst-web.com/recruit/recruitment/,https://www.sst-web.com/recruit/recruitment/,homepageAnchor,RECRUITMENT,ownDomain,high,200,allowed,募集要項 | 鈴与システムテクノロジー（SST） 採用サイト,true,26,0,false,false,,,0,,false,2026-10-05T12:58:33.916Z
7080401009634,株式会社アーティス,22:静岡県,26人,10-29人,その他,10-29人 / その他,1,https://www.asobou.co.jp/recruit/office/,200,allowed,,https://www.asobou.co.jp/recruit/,https://www.asobou.co.jp/recruit/,homepageAnchor,採用情報 Recruit,ownDomain,high,200,allowed,採用情報 | 株式会社アーティス（静岡県/浜松市）,true,16,0,false,false,,,0,,false,2026-10-05T12:58:33.711Z
7100001007977,ルミーズ株式会社,20:長野県,57人,30-99人,その他,30-99人 / その他,1,https://www.remise.co.jp/,200,allowed,,https://www.aegise.co.jp/recruit/index.html,https://www.aegise.co.jp/recruit/,homepageAnchor,採用情報,otherDomain,high,200,unavailable,採用情報｜新卒・キャリア採用募集中｜イージャイズ株式会社,true,2,0,false,false,,,1,,false,2026-10-05T12:58:37.501Z
7100001035895,株式会社Ｃｒｅａｔｏｐｉａ,47:沖縄県,2人,1-4人,その他,1-4人 / その他,1,https://creatopia.jp,200,allowed,,https://creatopia.jp/media/81589,https://creatopia.jp/media/81589,homepageAnchor,【採用担当必見】スカウト生成にChatGPTを使っている人、これを読んでほしい,ownDomain,high,200,allowed,【採用担当必見】スカウト生成にChatGPTを使っている人、これを読んでほしい｜Creatopia Media,true,1,0,false,false,,,0,,false,2026-10-05T12:58:35.612Z
7110001002498,システムリサーチ株式会社,15:新潟県,52人,30-99人,その他,30-99人 / その他,1,http://www.srn.co.jp/,200,allowed,,https://srn.co.jp/recruit/,https://srn.co.jp/recruit/,homepageAnchor,採用情報,ownDomain,high,200,allowed,採用情報 | システムリサーチ,true,1,0,false,false,,,0,,false,2026-10-05T12:58:42.042Z
7110001021234,株式会社ピクシス・テクノロジーズ,13:東京都,180人,100-299人,東京,100-299人 / 東京,1,https://www.pixis-tec.co.jp/,200,unavailable,,https://www.pixis-tec.co.jp/recruit/index.html,https://www.pixis-tec.co.jp/recruit/index.html,homepageAnchor,採用情報 RECRUIT,ownDomain,high,200,unavailable,採用情報 | PIXIS Technologies,true,7,0,false,false,,,0,,false,2026-10-05T12:58:37.022Z
7110001028840,株式会社スマイルファーム,15:新潟県,7人,5-9人,その他,5-9人 / その他,1,http://smile-farm.co.jp/,200,allowed,,https://smile-farm.co.jp/2024/11/12/5246/,https://smile-farm.co.jp/2024/11/12/5246/,homepageAnchor,2024.11.12 お知らせ 【求人情報】佐渡オフィス パート・アルバイトスタッフを募集中,ownDomain,high,200,allowed,【求人情報】佐渡オフィス パート・アルバイトスタッフを募集中｜ デジタルマーケティング・アクセス解析・Webサイト制作 ｜ 株式会社スマイルファーム（新潟・東京）,true,1,0,false,false,,,0,,false,2026-10-05T12:58:43.600Z
7120001008115,テクノラボ株式会社,27:大阪府,15人,10-29人,主要都市圏,10-29人 / 主要都市圏,1,http://www.technolabo.co.jp/,200,unavailable,,http://www.technolabo.co.jp/recruit_info.html,https://www.technolabo.co.jp/recruit_info.html,homepageAnchor,採用情報,ownDomain,high,200,unavailable,採用情報｜住宅リペアサービス｜テクノラボ株式会社 木製・ステンレス・大理石補修,true,1,0,false,false,,,1,,false,2026-10-05T12:58:44.615Z
7120001030358,ＮＲＩネットコム株式会社,27:大阪府,571人,300-999人,主要都市圏,300-999人 / 主要都市圏,1,http://www.nri-net.com/,200,allowed,,https://www.nri-net.com/recruit/,https://www.nri-net.com/recruit/,homepageAnchor,採用情報,ownDomain,high,200,allowed,採用情報 | NRIネットコム,true,1,0,false,false,,,0,,false,2026-10-05T12:58:43.482Z
7120001048689,日本コムシンク株式会社,27:大阪府,206人,100-299人,主要都市圏,100-299人 / 主要都市圏,1,https://www.comthink.co.jp/index.php,200,allowed,,https://comthink.co.jp/recruit/,https://comthink.co.jp/recruit/,homepageAnchor,採用情報,ownDomain,high,200,allowed,エンジニアに誇りを世界に革新を | 日本コムシンク株式会社,true,13,0,false,false,,,0,,false,2026-10-05T12:58:46.482Z
7120001075907,株式会社エムケイシステム,27:大阪府,121人,100-299人,主要都市圏,100-299人 / 主要都市圏,1,https://www.mks.jp/company/,200,allowed,,https://www.mks.jp/company/recruit/,https://www.mks.jp/company/recruit/,homepageAnchor,採用情報,ownDomain,high,200,allowed,募集 | 株式会社エムケイシステム,true,1,0,false,false,,,0,,false,2026-10-05T12:58:41.283Z
7120001077523,ＮＴＴ西日本株式会社,27:大阪府,13209人,1000人以上,主要都市圏,1000人以上 / 主要都市圏,1,https://sub.www.ntt-west.co.jp/diversity/women/,403,unavailable,http_403,,,,,,,,,,,0,0,,true,https://sub.www.ntt-west.co.jp/,403,0,,false,
7120001086945,株式会社パイオン,27:大阪府,27人,10-29人,主要都市圏,10-29人 / 主要都市圏,1,http://www.pion.co.jp/index.html,,unavailable,TypeError:EAI_AGAIN,,,,,,,,,,,0,0,,true,http://www.pion.co.jp/,,0,,false,
7120001091573,ユーザックシステム株式会社,27:大阪府,131人,100-299人,主要都市圏,100-299人 / 主要都市圏,1,https://www.usknet.com,200,allowed,,https://www.usknet.com/recruit,https://www.usknet.com/recruit/,homepageAnchor,採用情報,ownDomain,high,200,allowed,USAC SYSTEM採用情報,true,2,0,false,false,,,1,,false,2026-10-05T12:58:45.816Z
7120001093280,日本ソフトウエア株式会社,27:大阪府,123人,100-299人,主要都市圏,100-299人 / 主要都市圏,1,https://www.nsware.co.jp/,200,unavailable,,https://www.nsware.co.jp/career/,https://www.nsware.co.jp/career/,homepageAnchor,キャリア採用情報,ownDomain,high,200,unavailable,募集要項－キャリア採用－日本ソフトウエア株式会社,true,8,0,false,false,,,0,,false,2026-10-05T12:58:44.443Z
7120001108039,株式会社アルメディア・ネットワーク,27:大阪府,61人,30-99人,主要都市圏,30-99人 / 主要都市圏,1,https://www.allmedia.co.jp/company/,200,allowed,,https://www.allmedia.co.jp/recruit,https://www.allmedia.co.jp/recruit/,homepageAnchor,新卒採用,ownDomain,high,200,allowed,新卒採用 | 株式会社アルメディア・ネットワーク,true,2,0,false,false,,,1,,false,2026-10-05T12:58:49.056Z
7120001123244,株式会社ニチワシステム,27:大阪府,51人,30-99人,主要都市圏,30-99人 / 主要都市圏,1,https://www.nichiwa-system.co.jp/,200,unavailable,,https://www.nichiwa-system.co.jp/recruit/,https://www.nichiwa-system.co.jp/recruit/,homepageAnchor,採用情報,ownDomain,high,200,unavailable,採用情報 | 株式会社ニチワシステム,true,3,0,false,false,,,0,,false,2026-10-05T12:58:47.169Z
7120001124399,株式会社シンクスマイル,13:東京都,12人,10-29人,東京,10-29人 / 東京,1,https://www.5smile.com/company,200,allowed,,,,,,,,,,,,0,4,,true,https://www.5smile.com/,200,0,,false,
7120001152508,株式会社アイティフォース,27:大阪府,66人,30-99人,主要都市圏,30-99人 / 主要都市圏,1,https://www.itforce.jp,200,unavailable,,https://www.itforce.jp/recruit/index.html,https://www.itforce.jp/recruit/index.html,homepageAnchor,採用情報,ownDomain,high,200,unavailable,HOME｜株式会社アイティフォース 採用サイト,true,5,0,false,false,,,0,,false,2026-10-05T12:58:47.645Z
7120001166128,株式会社イッキクリエイション,27:大阪府,50人,30-99人,主要都市圏,30-99人 / 主要都市圏,1,http://ikki-creation.com,200,allowed,,https://ikki-grp.co.jp/recruit/,https://ikki-grp.co.jp/recruit/,homepageAnchor,採用情報,otherDomain,high,200,allowed,採用情報 - 株式会社イッキクリエイション,true,9,0,false,false,,,0,,false,2026-10-05T12:58:51.365Z
7120001170526,Ｍ＆Ｃシステム株式会社,27:大阪府,21人,10-29人,主要都市圏,10-29人 / 主要都市圏,1,http://mandcsys-jp.com,200,unavailable,,http://mandcsys-jp.com/recruit/recruit-top.html,http://mandcsys-jp.com/recruit/recruit-top.html,homepageAnchor,採用情報,ownDomain,high,200,unavailable,採用情報ＴＯＰ,true,1,0,false,false,,,0,,false,2026-10-05T12:58:48.673Z
7120001181630,ＮＴＴ西日本ビジネスフロント株式会社,27:大阪府,3400人,1000人以上,主要都市圏,1000人以上 / 主要都市圏,1,http://www.nttwest-bf.co.jp/,200,unavailable,,https://www.nttwest-bf.co.jp/recruit/,https://www.nttwest-bf.co.jp/recruit/,homepageAnchor,採用情報,ownDomain,high,200,unavailable,採用情報（契約社員・正社員）｜NTT西日本ビジネスフロント（NTTグループ）,true,1,0,false,false,,,0,,false,2026-10-05T12:58:53.670Z
7120001189070,株式会社エディトデザイン,27:大阪府,5人,5-9人,主要都市圏,5-9人 / 主要都市圏,1,https://edito.jp/,200,allowed,,https://edito.jp/recruitinfo/,https://edito.jp/recruitinfo/,homepageAnchor,採用情報,ownDomain,high,200,allowed,採用情報｜ホームページ制作なら東京・大阪のエディトデザイン,true,4,0,false,false,,,0,,false,2026-10-05T12:58:50.834Z
7120001196562,ＭＡＳＨＴＡＫＥ株式会社,27:大阪府,6人,5-9人,主要都市圏,5-9人 / 主要都市圏,1,http://mashtake.jp/,200,unavailable,,,,,,,,,,,,0,0,,false,,,0,,false,
7120001203112,株式会社ＴＲＥＶＯ,27:大阪府,2人,1-4人,主要都市圏,1-4人 / 主要都市圏,1,https://www.trevo-web.com/,200,allowed,,https://www.trevo-web.com/homepage-type/recruitment-site/,https://www.trevo-web.com/homepage-type/recruitment-site,homepageAnchor,採用サイト,ownDomain,high,200,allowed,採用サイトのホームページ制作 | 大阪のホームページ制作 株式会社TREVO,true,1,0,false,false,,,1,https://en-gage.net/trevo/,true,2026-10-05T12:58:53.154Z
7120001211065,株式会社スリーセンシーズ,27:大阪府,2人,1-4人,主要都市圏,1-4人 / 主要都市圏,1,https://3senses.jp/#Company,200,unavailable,,,,,,,,,,,,0,0,,false,,,0,,false,
7120001239313,株式会社Ｌｉａｍ,40:福岡県,3人,1-4人,主要都市圏,1-4人 / 主要都市圏,1,https://liaminc.jp/,200,allowed,,https://liaminc.jp/recruit/,https://liaminc.jp/recruit/,homepageAnchor,RECRUIT,ownDomain,high,200,allowed,採用情報,true,1,0,false,false,,,0,,false,2026-10-05T12:58:52.793Z
7120001265648,株式会社ＫＲＯ,27:大阪府,5人,5-9人,主要都市圏,5-9人 / 主要都市圏,1,https://kro.co.jp/,200,allowed,,https://kro.co.jp/recruit/,https://kro.co.jp/recruit/,homepageAnchor,採用情報,ownDomain,high,200,allowed,採用情報 | 株式会社KRO,true,1,0,false,false,,,0,,false,2026-10-05T12:58:54.518Z
7120002076524,有限会社システムプラス,28:兵庫県,47人,30-99人,主要都市圏,30-99人 / 主要都市圏,1,https://system-plus.click/,200,allowed,,https://system-plus.click/166/,https://system-plus.click/166/,homepageAnchor,職業指導員さん募集終了のお知らせ,ownDomain,high,200,allowed,職業指導員さん募集終了のお知らせ - カムラック神戸 - 就労継続支援A型事業所,true,1,0,false,false,,,0,,false,2026-10-05T12:58:54.288Z
7120101032849,株式会社システムトラスト,27:大阪府,27人,10-29人,主要都市圏,10-29人 / 主要都市圏,1,http://www.system-trust.com,200,allowed,,https://www.system-trust.com/saiyou/,https://www.system-trust.com/saiyou/,homepageAnchor,04 採用情報,ownDomain,high,200,allowed,採用情報 | 株式会社システムトラスト,true,1,0,false,false,,,0,,false,2026-10-05T12:58:58.633Z
7120101063506,株式会社京谷商会,27:大阪府,5人,5-9人,主要都市圏,5-9人 / 主要都市圏,1,https://kyotanishokai.co.jp,200,allowed,,,,,,,,,,,,0,2,,false,,,0,,false,
7130001002835,株式会社京信システムサービス,26:京都府,139人,100-299人,主要都市圏,100-299人 / 主要都市圏,1,https://kssinet.co.jp/recruit/aboutus/,200,allowed,,https://kssinet.co.jp/recruit/,https://kssinet.co.jp/recruit/,homepageAnchor,recruit,ownDomain,high,200,allowed,採用情報｜株式会社京信システムサービス,true,8,0,false,false,,,0,,false,2026-10-05T12:58:55.935Z
7130001065444,株式会社タクマデザイン,26:京都府,4人,1-4人,主要都市圏,1-4人 / 主要都市圏,1,https://takumadesign.com/,200,allowed,,https://takumadesign.com/recruit/,https://takumadesign.com/recruit/,homepageAnchor,RECRUIT,ownDomain,high,200,allowed,Recruit | TAKUMA DESIGN INC.,true,1,0,false,false,,,0,,false,2026-10-05T12:58:57.020Z
7130001075856,プロエンジニア株式会社,26:京都府,8人,5-9人,主要都市圏,5-9人 / 主要都市圏,1,https://proengineer.co.jp/,200,allowed,,https://proengineer.co.jp/613/,https://proengineer.co.jp/613/,homepageAnchor,2025.11.28 プレスリリース 京都の中小企業採用に変化の兆し。採用マーケティングサービス「おまかせ採用さん」京(みやこ)ITフェア2025で高い関心を獲得。KBS京都より取材も,ownDomain,high,200,allowed,京都の中小企業採用に変化の兆し。採用マーケティングサービス「おまかせ採用さん」京(みやこ)ITフェア2025で高い関心を獲得。KBS京都より取材も | プロエンジニア株式会社,true,2,0,false,false,,,0,,false,2026-10-05T12:58:56.492Z
7140001007718,コベルコシステム株式会社,28:兵庫県,1301人,1000人以上,主要都市圏,1000人以上 / 主要都市圏,1,http://www.kobelcosys.co.jp,200,unavailable,,https://www.kobelcosys.co.jp/recruit/,https://www.kobelcosys.co.jp/recruit/,homepageAnchor,採用情報,ownDomain,high,200,unavailable,採用情報｜ITソリューション&サービスならコベルコシステム,true,4,0,false,false,,,0,,false,2026-10-05T12:59:01.549Z
7140001032328,株式会社デジプレート,28:兵庫県,14人,10-29人,主要都市圏,10-29人 / 主要都市圏,1,https://www.digiplate.co.jp/,200,allowed,,https://www.digiplate.co.jp/adoption/,https://www.digiplate.co.jp/adoption/,homepageAnchor,採用情報,ownDomain,high,200,allowed,中途採用サイト | 西宮のシステム開発・ホームページ制作 | 株式会社デジプレート,true,1,0,false,false,,,0,,false,2026-10-05T12:58:57.574Z
7140001129157,株式会社Ｃｕｂｅｃ,27:大阪府,3人,1-4人,主要都市圏,1-4人 / 主要都市圏,1,https://cubec.jp/,200,allowed,,https://cubec.jp/recruit,https://cubec.jp/recruit,robotsSitemap,,ownDomain,low,200,allowed,医療AI Cubec,false,1,3,false,false,,,0,,false,2026-10-05T12:59:02.866Z
7140003013284,株式会社ＩＬＫＳ,28:兵庫県,6人,5-9人,主要都市圏,5-9人 / 主要都市圏,1,https://ilks.jp,200,allowed,,,,,,,,,,,,0,0,,false,,,0,,false,
7160001009266,株式会社ナックウェブ,25:滋賀県,7人,5-9人,その他,5-9人 / その他,1,https://www.nakweb.com/,200,allowed,,https://recruit.nakweb.co.jp/,,homepageLinkOffDomain,採用情報,otherDomain,low,,,,,1,2,,false,,,0,,false,
7180001007771,アクティスジャパン株式会社,23:愛知県,190人,100-299人,主要都市圏,100-299人 / 主要都市圏,1,http://www.acts-group.co.jp,200,unavailable,,https://www.acts-group.co.jp/recruit/,https://www.acts-group.co.jp/recruit/,homepageAnchor,Recruit,ownDomain,high,200,unavailable,アクティス・ジャパン採用サイト,true,1,0,false,false,,,0,,false,2026-10-05T12:59:04.799Z
7180001022382,東邦ガス情報システム株式会社,23:愛知県,227人,100-299人,主要都市圏,100-299人 / 主要都市圏,1,http://www.togis.co.jp/,200,allowed,,https://www.togis.co.jp/graduate/index.html,https://www.togis.co.jp/graduate/index.html,homepageAnchor,採用サイト,ownDomain,high,200,allowed,東邦ガス情報システム 新卒＆キャリア採用サイト,true,1,0,false,false,,,0,,false,2026-10-05T12:59:05.493Z
7180001030609,株式会社システムアプローチ,23:愛知県,22人,10-29人,主要都市圏,10-29人 / 主要都市圏,1,http://www.sys-approach.co.jp/,200,allowed,,https://www.sys-approach.co.jp/recruit,https://www.sys-approach.co.jp/recruit,homepageAnchor,採用情報,ownDomain,high,200,allowed,採用情報 | システムアプローチ,true,3,0,false,false,,,0,,false,2026-10-05T12:59:05.798Z
7180001038759,トーテックアメニティ株式会社,23:愛知県,2786人,1000人以上,主要都市圏,1000人以上 / 主要都市圏,1,http://www.totec.jp/,200,unavailable,,https://totec-recruit.com/,,homepageLinkOffDomain,採用情報,otherDomain,low,,,,,9,0,,false,,,0,,false,
7180001039773,株式会社ハイテックス,23:愛知県,127人,100-299人,主要都市圏,100-299人 / 主要都市圏,1,https://www.haitex.hayatele.co.jp/,200,allowed,,https://www.haitex.hayatele.co.jp/recruit/,https://www.haitex.hayatele.co.jp/recruit/,homepageAnchor,採用情報はこちら,ownDomain,high,200,allowed,採用情報｜株式会社ハイテックス,true,5,0,false,false,,,0,,false,2026-10-05T12:59:04.762Z
7180001044600,株式会社システムサーバー,23:愛知県,109人,100-299人,主要都市圏,100-299人 / 主要都市圏,1,https://system-server.com/,,unavailable,TypeError:CERT_HAS_EXPIRED,,,,,,,,,,,0,0,,false,,,0,,false,
7180001055960,株式会社アイガ,23:愛知県,160人,100-299人,主要都市圏,100-299人 / 主要都市圏,1,https://aiga.jp/company/,200,allowed,,https://recruit.aiga.jp/,https://recruit.aiga.jp/,homepageAnchor,採用情報,ownDomain,high,200,unavailable,採用情報 | 株式会社アイガ,true,3,0,false,false,,,0,,false,2026-10-05T12:59:06.529Z
7180001056397,株式会社ＩＴＡＧＥ,23:愛知県,127人,100-299人,主要都市圏,100-299人 / 主要都市圏,1,http://www.itage.co.jp/,200,allowed,,https://itage.co.jp/career,https://itage.co.jp/career/,homepageAnchor,CAREER,ownDomain,high,200,allowed,採用情報 | ITAGE コーポレートサイト,true,3,0,false,false,,,1,https://job.mynavi.jp/27/pc/search/corp214357/outline.html,true,2026-10-05T12:59:14.340Z
7180001073194,株式会社ＨｏｍｅＰａｇｅＳｈｏｐ,23:愛知県,15人,10-29人,主要都市圏,10-29人 / 主要都市圏,1,https://hp-shop.co.jp/%e4%b8%80%e8%88%ac%e4%ba%8b%e6%a5%ad%e4%b8%bb%e8%a1%8c%e5%8b%95%e8%a8%88%e7%94%bb,200,allowed,,https://hp-shop.co.jp/recruit,https://hp-shop.co.jp/recruit,homepageAnchor,採用 情報,ownDomain,high,200,allowed,採用情報 | 名古屋のホームページ制作は株式会社HomePageShop,true,1,0,true,false,,,0,,false,2026-10-05T12:59:10.370Z
7180001084497,株式会社ケイ・クリエイト,23:愛知県,29人,10-29人,主要都市圏,10-29人 / 主要都市圏,1,http://www.k-create.co.jp,200,allowed,,https://www.k-create.co.jp/recruit/new_grad,https://www.k-create.co.jp/,homepageAnchor,新卒採用情報,ownDomain,high,200,allowed,地域みっちゃく生活情報誌くれよん｜一宮市木曽川町 ケイ・クリエイト｜デザイン・印刷・ホームページ制作 | 地域みっちゃく生活情報誌くれよん｜一宮市木曽川町 ケイ・クリエイト｜デザイン・印刷・ホームページ制作,true,9,0,false,false,,,1,,false,2026-10-05T12:59:12.737Z
7180001094389,知多メディアスネットワーク株式会社,23:愛知県,150人,100-299人,主要都市圏,100-299人 / 主要都市圏,1,https://www.medias.co.jp/recruit/data/,200,allowed,,https://www.medias.co.jp/recruit/,https://www.medias.co.jp/recruit/,homepageAnchor,知多メディアスネットワーク RECRUIT 2027,ownDomain,high,200,allowed,採用TOP - 知多メディアスネットワーク | 知多メディアスネットワーク株式会社,true,8,0,false,false,,,0,,false,2026-10-05T12:59:08.831Z
7180001121985,株式会社スタメン,23:愛知県,161人,100-299人,主要都市圏,100-299人 / 主要都市圏,1,https://biz.tunag.jp/company,200,allowed,,https://biz.tunag.jp/case/61216,https://biz.tunag.jp/case/61216,homepageAnchor,株式会社BP 様 サンクスカードと表彰制度で承認文化を構築。定着率・採用・口コミの三方向で改善。 詳しく見る,ownDomain,high,200,allowed,アルバイト定着率が30％改善、3ヶ月で300名採用：BPが「友達に紹介したくなるバイト先」を作るまで | TUNAG(ツナグ),true,1,0,false,true,https://biz.tunag.jp/,200,0,,false,2026-10-05T12:59:10.271Z
7180001123734,株式会社トライエッティング,23:愛知県,20人,10-29人,主要都市圏,10-29人 / 主要都市圏,1,http://www.tryeting.jp,200,allowed,,https://www.tryeting.jp/recruit/,https://www.tryeting.jp/recruit/,homepageAnchor,採用情報,ownDomain,high,200,allowed,株式会社トライエッティング採用,true,1,0,false,false,,,0,,false,2026-10-05T12:59:14.003Z
7180001124113,株式会社ＧＥクリエイティブ,23:愛知県,180人,100-299人,主要都市圏,100-299人 / 主要都市圏,1,https://mghd.ge-creative.co.jp/,,unavailable,TypeError:UNABLE_TO_VERIFY_LEAF_SIGNATURE,,,,,,,,,,,0,0,,false,,,0,,false,
7180001149135,株式会社ノブレス,23:愛知県,27人,10-29人,主要都市圏,10-29人 / 主要都市圏,1,https://nobles.co.jp/,200,allowed,,https://nobles.co.jp/recruit,https://nobles.co.jp/recruit/,homepageAnchor,採用情報,ownDomain,high,200,allowed,採用情報,true,1,0,false,false,,,1,,false,2026-10-05T12:59:11.642Z
7180002058046,株式会社Ｆｒｅｅｗｉｌｌ,13:東京都,160人,100-299人,東京,100-299人 / 東京,1,https://www.free-will.co/,200,allowed,,https://www.free-will.co/recruit/apply/,https://hrmos.co/pages/freewill/jobs/0000001,homepageAnchor,RECRUIT,atsHosted,high,200,allowed,ITエンジニア/ 海外プロジェクトあり /上流案件多数 /★未経験歓迎 | 株式会社Freeｗill,true,2,0,true,false,,,1,,false,2026-10-05T12:59:12.249Z
7180003029418,ＡＩゲディソン合同会社,23:愛知県,1人,1-4人,主要都市圏,1-4人 / 主要都市圏,1,https://www.aigedison.co.jp/,200,allowed,,,,,,,,,,,,0,1,,false,,,0,https://www.aigedison.co.jp/contact/,true,
7180301013635,アイシン・ソフトウェア株式会社,23:愛知県,998人,300-999人,主要都市圏,300-999人 / 主要都市圏,1,https://www.aisin.com/jp/group/aisin-software/sustainability/social/diversity.html,200,unavailable,,https://www.aisin.com/jp/group/aisin-software/recruit/,https://www.aisin.com/jp/group/aisin-software/recruit/,homepageAnchor,採用,ownDomain,high,200,unavailable,採用 | アイシン・ソフトウェア株式会社,true,2,0,false,false,,,0,,false,2026-10-05T12:59:13.563Z
7190001001096,株式会社ミエデン,24:三重県,561人,300-999人,その他,300-999人 / その他,1,https://www.mieden.co.jp/,200,allowed,,https://www.mieden.co.jp/recruit/,https://www.mieden.co.jp/recruit/,homepageAnchor,採用情報,ownDomain,high,200,allowed,採用情報 – 株式会社ミエデン,true,2,0,false,false,,,0,,false,2026-10-05T12:59:15.194Z
7190001010568,株式会社松阪電子計算センター,24:三重県,310人,300-999人,その他,300-999人 / その他,1,https://www.matsusaka.co.jp/effort.html,200,allowed,,https://www.matsusaka.co.jp/career.html,https://www.matsusaka.co.jp/career.html,homepageAnchor,キャリア採用,ownDomain,high,200,allowed,キャリア採用｜株式会社松阪電子計算センター,true,4,0,false,true,https://www.matsusaka.co.jp/,200,0,,false,2026-10-05T12:59:16.688Z
7200001000690,エム・ビー・エス株式会社,21:岐阜県,14人,10-29人,その他,10-29人 / その他,1,https://www.mbs-net.co.jp/,200,allowed,,https://recruit.mbs-net.co.jp/,https://recruit.mbs-net.co.jp/,homepageAnchor,採用情報,ownDomain,high,200,allowed,エム・ビー・エス株式会社 採用 - MBS 岐阜のシステム開発会社,true,1,0,false,false,,,0,https://recruit.mbs-net.co.jp/,true,2026-10-05T12:59:29.137Z
7200001012075,株式会社アクシス,21:岐阜県,25人,10-29人,その他,10-29人 / その他,1,https://www.axis-corp.com/,200,allowed,,https://www.axis-corp.com/recruit,https://www.axis-corp.com/recruit,homepageAnchor,採用情報,ownDomain,high,200,allowed,採用情報-株式会社アクシス,true,12,0,false,false,,,0,,false,2026-10-05T12:59:15.974Z
7200001023122,株式会社ルーツ,23:愛知県,20人,10-29人,主要都市圏,10-29人 / 主要都市圏,1,https://www.roots.gr.jp/,200,unavailable,,,,,,,,,,,,0,0,,false,,,0,,false,
7200001025606,三井金属ユアソフト株式会社,21:岐阜県,180人,100-299人,その他,100-299人 / その他,1,http://www.mitsui-kinzoku.co.jp/group/yoursoft/,200,unavailable,,https://www.mitsui-kinzoku.co.jp/group/yoursoft/recruit/,https://www.mitsui-kinzoku.co.jp/group/yoursoft/recruit/,homepageAnchor,RECRUIT 採用情報,ownDomain,high,200,unavailable,採用情報｜三井金属ユアソフト株式会社,true,1,0,false,false,,,0,,false,2026-10-05T12:59:23.759Z
7200001030597,株式会社ＬｉｎｋＳｔｏｒｙ,21:岐阜県,3人,1-4人,その他,1-4人 / その他,1,https://linkstory.co.jp/,200,allowed,,https://recruit.linkstory.co.jp/,https://recruit.linkstory.co.jp/,homepageAnchor,採用情報,ownDomain,high,200,allowed,LinkStory採用特設サイト,true,1,0,false,false,,,0,,false,2026-10-05T12:59:18.336Z
7220001001514,株式会社ＩＣＣデータプラス,17:石川県,135人,100-299人,その他,100-299人 / その他,1,https://www.idtp.jp/index.html,200,unavailable,,https://www.idtp.jp/recruit.html,https://www.idtp.jp/recruit.html,homepageAnchor,採用情報 RECRUIT,ownDomain,high,200,unavailable,採用情報∥株式会社ICCデータプラス,true,1,0,false,false,,,0,https://www.idtp.jp/recruit.html,true,2026-10-05T12:59:17.472Z
7220001006208,株式会社北國新聞社,17:石川県,324人,300-999人,その他,300-999人 / その他,1,https://www.hokkoku.co.jp/,200,allowed,,https://job.mynavi.jp/27/pc/search/corp204361/outline.html?msockid=2918c013c07a62d8107bd678c11b63d0,,homepageLinkToJobPlatform,採用情報,jobPlatform,low,,,,,2,0,,false,,,0,,false,
7220001006298,北陸コンピュータ・サービス株式会社,17:石川県,677人,300-999人,その他,300-999人 / その他,1,https://www.hcs.co.jp/csr/worklife.html,200,allowed,,https://www.hcs.co.jp/recruit,https://www.hcs.co.jp/recruit/,homepageAnchor,採用情報,ownDomain,high,200,allowed,採用サイト｜北陸コンピュータ・サービス株式会社,true,1,0,false,false,,,1,,false,2026-10-05T12:59:20.065Z
7220001008014,株式会社建設ドットウェブ,17:石川県,104人,100-299人,その他,100-299人 / その他,1,https://www.kendweb.net/,200,allowed,,https://www.kendweb.net/recruit/,https://www.kendweb.net/recruit/,homepageAnchor,採用情報,ownDomain,high,200,allowed,採用サイト | 建設ドットウェブ,true,1,0,false,false,,,0,,false,2026-10-05T12:59:22.137Z
7220001019003,株式会社トリニティコアシステム,17:石川県,10人,10-29人,その他,10-29人 / その他,1,http://asahicorp.info/index.php/,404,unavailable,http_404,,,,,,,,,,,0,0,,true,http://asahicorp.info/,403,0,,false,
7220001020786,株式会社ＨｅａｒｔＬａｎｇｕａｇｅ,17:石川県,4人,1-4人,その他,1-4人 / その他,1,https://heart-language.jp/,200,allowed,,https://heart-language.jp/careers/,https://heart-language.jp/careers/,homepageAnchor,採用情報,ownDomain,high,200,allowed,採用情報 | 株式会社HeartLanguage,true,3,0,false,false,,,0,,false,2026-10-05T12:59:21.021Z
7220003001974,株式会社イー・トライアド,17:石川県,18人,10-29人,その他,10-29人 / その他,1,https://www.e-triad.co.jp/,200,allowed,,https://www.e-triad.co.jp/recruit,https://www.e-triad.co.jp/recruit,homepageAnchor,採用情報,ownDomain,high,200,allowed,採用情報 | 株式会社イー・トライアド,true,1,0,false,false,,,0,,false,2026-10-05T12:59:21.547Z
7230001005373,株式会社高志インテック,16:富山県,531人,300-999人,その他,300-999人 / その他,1,https://www.koushi-intec.co.jp/,200,unavailable,,https://www.koushi-intec.co.jp/recruit/,https://www.koushi-intec.co.jp/recruit/,homepageAnchor,採用情報,ownDomain,high,200,unavailable,採用情報 | 高志インテック,true,2,0,false,false,,,0,,false,2026-10-05T12:59:23.220Z
7230001007015,株式会社新川インフォメーションセンター,16:富山県,22人,10-29人,その他,10-29人 / その他,1,https://www2.nice-tv.jp/,200,allowed,,https://www2.nice-tv.jp/company/recruit/,https://www2.nice-tv.jp/company/recruit/,homepageAnchor,採用情報,ownDomain,high,200,allowed,採用情報 | NICE TV,true,2,0,false,false,,,0,,false,2026-10-05T12:59:24.421Z
7230001010480,株式会社チューリップテレビ,16:富山県,67人,30-99人,その他,30-99人 / その他,1,http://www.tulip-tv.co.jp/,200,unavailable,,https://www.tulip-tv.co.jp/company/recruit_information.html,https://www.tulip-tv.co.jp/company/recruit_information.html,homepageAnchor,採用情報,ownDomain,high,200,unavailable,採用情報｜会社情報｜あしたに、もっとハッピーを。チューリップテレビ,true,3,0,false,false,,,0,,false,2026-10-05T12:59:30.125Z
7230002013482,株式会社Ｃ－ＲＩＳＥ,16:富山県,15人,10-29人,その他,10-29人 / その他,1,https://www.c-rise.co.jp/,200,allowed,,https://www.c-rise.co.jp/ja/recruit,https://www.c-rise.co.jp/ja/recruit,homepageAnchor,採用情報,ownDomain,high,200,allowed,採用情報 | C-RISE,true,1,0,false,false,,,0,,false,2026-10-05T12:59:24.237Z
7230003001098,合同会社アント,16:富山県,10人,10-29人,その他,10-29人 / その他,1,https://ant-llc.co.jp/,200,allowed,,https://ant-llc.co.jp/recruitment,https://ant-llc.co.jp/recruitment,robotsSitemap,,ownDomain,medium,200,allowed,採用情報 | 合同会社アント,true,1,3,false,false,,,0,https://ant-llc.co.jp/contact/,true,2026-10-05T12:59:30.373Z
7240001010645,平和情報システム株式会社,34:広島県,27人,10-29人,その他,10-29人 / その他,1,https://www.heiwa-joho.co.jp,200,unavailable,,https://www.heiwa-joho.co.jp/jobs/index.html,https://www.heiwa-joho.co.jp/jobs/index.html,homepageAnchor,▸採用情報,ownDomain,high,200,unavailable,平和情報システム株式会社,true,4,0,false,false,,,0,,false,2026-10-05T12:59:25.246Z
7240001022062,スカイソフト株式会社,34:広島県,14人,10-29人,その他,10-29人 / その他,1,https://skygp.co.jp,200,unavailable,,https://skygp.co.jp/recruit.html,https://skygp.co.jp/recruit.html,homepageAnchor,採用情報 RECRIT,ownDomain,high,200,unavailable,スカイソフト株式会社,true,1,0,false,false,,,0,,false,2026-10-05T12:59:26.391Z
7240002024578,有限会社ネットプロンプト,34:広島県,2人,1-4人,その他,1-4人 / その他,1,https://www.netprompt.jp/,200,unavailable,,https://www.netprompt.jp/blog.html?bgid=10004901,,homepageAnchorNegativePath,2026.09/04 社長日記 里親さん募集中です！ キジ猫と黒猫の里親さん募集中です。 キジ猫 男の子 2026年6月中頃生まれ キジ猫 女の子 2026年6月中頃生まれ シュッとした美猫兄妹です 猫エイズ、猫白血病共に陰性 黒猫 男の子 2026年7月中頃生まれ 耳の付け根の白い毛がキュート 猫エイズ検査中、猫白血病陰性 全員、人慣れして怖がりや威嚇などはありません。 見学・トライアル歓迎 パ,ownDomain,low,,,,,2,0,,false,,,0,,false,
7240003001048,Ｗａｒｄｉｓｈ合同会社,34:広島県,9人,5-9人,その他,5-9人 / その他,1,https://www.wardish.jp/,200,allowed,,https://www.wardish.jp/recruit,https://www.wardish.jp/recruit,homepageAnchor,recruit,ownDomain,high,200,allowed,RECRUIT | Wardish,true,3,0,false,false,,,0,,false,2026-10-05T12:59:27.777Z
7260001007796,株式会社リットシティ,33:岡山県,6人,5-9人,その他,5-9人 / その他,1,https://www.litcity.ne.jp/,200,allowed,,https://www.litcity.ne.jp/recruit,https://www.litcity.ne.jp/recruit/,homepageAnchor,採用情報,ownDomain,high,200,allowed,採用情報 | 株式会社リットシティ(LitCity),true,1,0,false,false,,,1,,false,2026-10-05T12:59:32.379Z
7260001011872,株式会社ハイテックシステムズ,33:岡山県,44人,30-99人,その他,30-99人 / その他,1,https://www.hightec.co.jp/,200,allowed,,https://hightec.co.jp/recruit/,https://hightec.co.jp/recruit/,homepageAnchor,採用情報,ownDomain,high,200,allowed,採用情報 | 株式会社ハイテックシステムズ,true,4,0,false,false,,,0,,false,2026-10-05T12:59:33.479Z
7260001019874,株式会社ソフィア,33:岡山県,206人,100-299人,その他,100-299人 / その他,1,http://www.sophia-inc.co.jp/,200,allowed,,https://www.sophia-inc.co.jp/recruit.html,https://www.sophia-inc.co.jp/recruit.html,homepageAnchor,採用情報,ownDomain,high,200,allowed,採用情報 | 株式会社ソフィア | ソフトウェアの開発、支援サービス,true,10,0,false,false,,,0,,false,2026-10-05T12:59:33.291Z
7270001004917,鳥取中央有線放送株式会社,31:鳥取県,29人,10-29人,その他,10-29人 / その他,1,https://www.torichu.ne.jp/,200,unavailable,,https://www.torichu.ne.jp/611/1348/,https://www.torichu.ne.jp/611/1348/,homepageAnchor,採用情報,ownDomain,high,200,unavailable,採用情報 | TCC 鳥取中央有線放送株式会社,true,2,0,false,false,,,0,https://www.torichu.ne.jp/611/1348/19778.html,true,2026-10-05T12:59:30.239Z
7270002000295,有限会社エコーシステムクリエイター,31:鳥取県,30人,30-99人,その他,30-99人 / その他,1,http://www.echo-sys.co.jp/,200,allowed,,https://www.echo-sys.co.jp/recruit.php,https://www.echo-sys.co.jp/recruit.php,homepageAnchor,採用情報,ownDomain,high,200,allowed,採用情報 | 有限会社エコーシステムクリエイター,true,1,0,true,false,,,0,,false,2026-10-05T12:59:40.086Z
7280001003166,株式会社イーグリッド,32:島根県,125人,100-299人,その他,100-299人 / その他,1,https://www.e-grid.co.jp,200,allowed,,https://www.e-grid.co.jp/recruit/,https://www.e-grid.co.jp/recruit/,homepageAnchor,RECRUIT,ownDomain,high,200,allowed,株式会社イーグリッド採用サイト,true,2,0,false,false,,,0,,false,2026-10-05T12:59:33.798Z
7280001006061,株式会社ソコロシステムズ,32:島根県,8人,5-9人,その他,5-9人 / その他,1,https://www.socorro.co.jp/,200,unavailable,,https://www.socorro.co.jp/Recruitment/,https://www.socorro.co.jp/Recruitment/,homepageAnchor,求人案内,ownDomain,high,200,unavailable,求人案内 | 株式会社ソコロシステムズ【島根県益田市】,true,4,0,false,false,,,0,,false,2026-10-05T12:59:36.575Z
7290001006630,応研株式会社,40:福岡県,380人,300-999人,主要都市圏,300-999人 / 主要都市圏,1,http://www.ohken.co.jp,200,allowed,,https://www.ohken.co.jp/recruit/,https://www.ohken.co.jp/recruit/,homepageAnchor,採用情報,ownDomain,high,200,allowed,採用情報｜応研株式会社,true,2,0,false,false,,,0,,false,2026-10-05T12:59:38.384Z
7290001006977,株式会社ＱＴｎｅｔ,40:福岡県,1136人,1000人以上,主要都市圏,1000人以上 / 主要都市圏,1,http://www.qtnet.co.jp/,200,unavailable,,https://www.qtnet.co.jp/recruit/,https://www.qtnet.co.jp/recruit/,homepageAnchor,採用情報,ownDomain,high,200,unavailable,株式会社QTnet 採用情報,true,2,0,false,false,,,0,,false,2026-10-05T12:59:41.362Z
7290001012884,グローバルブレインズ株式会社,40:福岡県,104人,100-299人,主要都市圏,100-299人 / 主要都市圏,1,https://www.gbc.co.jp/,200,unavailable,,https://www.gbc.co.jp/recruit.html,https://www.gbc.co.jp/recruit.html,homepageAnchor,RECRUIT 採用情報,ownDomain,high,200,unavailable,グローバルブレインズ株式会社 - 採用情報,true,5,0,false,false,,,0,,false,2026-10-05T12:59:36.787Z
7290001026389,株式会社ヌーラボ,40:福岡県,162人,100-299人,主要都市圏,100-299人 / 主要都市圏,1,https://nulab.com/ja/about/,200,allowed,,https://careers.nulab.com/,https://careers.nulab.com/,homepageAnchor,採用サイト,ownDomain,high,200,allowed,採用情報｜株式会社ヌーラボ,true,2,0,false,false,,,0,,false,2026-10-05T12:59:37.794Z
7290001030102,株式会社グローバルワークス,40:福岡県,61人,30-99人,主要都市圏,30-99人 / 主要都市圏,1,https://gwx.co.jp/,200,allowed,,https://gwx.co.jp/recruit/,https://gwx.co.jp/recruit/,homepageAnchor,採用案内,ownDomain,high,200,allowed,採用・求人 - 福岡システム開発・アプリ開発│グローバルワークス,true,7,0,false,false,,,0,https://gwx-recruit.com/,true,2026-10-05T12:59:37.398Z
7290001030903,株式会社ソースクリエイト,40:福岡県,13人,10-29人,主要都市圏,10-29人 / 主要都市圏,1,https://www.srce.jp/,200,allowed,,https://srce.jp/service/recruit/,https://srce.jp/service/recruit/,homepageAnchor,採用サイト制作・リニューアル,ownDomain,high,200,allowed,競争が激化する採用市場で勝ち抜くための採用サイト制作・リニューアル,true,1,0,false,false,,,0,,false,2026-10-05T12:59:41.640Z
7290001049217,株式会社テクノ・カルチャー・システム,40:福岡県,124人,100-299人,主要都市圏,100-299人 / 主要都市圏,1,https://www.techno-net.co.jp/,200,allowed,,https://www.techno-net.co.jp/job,https://www.techno-net.co.jp/job/,homepageAnchor,採用情報,ownDomain,high,200,allowed,採用情報 | ソフトウェアを地方の文化へ | 株式会社 テクノ・カルチャー・システム,true,1,0,false,false,,,2,,false,2026-10-05T12:59:46.589Z
7290001060000,株式会社ｕｚｕｆａｃｔｏｒｙ,40:福岡県,11人,10-29人,主要都市圏,10-29人 / 主要都市圏,1,http://www.uzuuzu.jp/,200,allowed,,,,,,,,,,,,0,0,,false,,,0,,false,
7290001079065,株式会社ライトハウス,40:福岡県,22人,10-29人,主要都市圏,10-29人 / 主要都市圏,1,https://lighthouse-frontier.tech/,200,unavailable,,https://www.wantedly.com/companies/lighthouse-frontier,,homepageLinkToJobPlatform,募集職種はこちら！,jobPlatform,low,,,,,1,0,,false,,,0,,false,
7290001092191,株式会社モノリシックデザイン,40:福岡県,16人,10-29人,主要都市圏,10-29人 / 主要都市圏,1,https://monolithic.design/,200,allowed,,https://job.rikunabi.com/2026/company/r968392078/,,homepageLinkToJobPlatform,採用情報 open_in_new,jobPlatform,low,,,,,1,3,,false,,,0,,false,
7290001092266,株式会社Ｓｏｅｌｕ,40:福岡県,3人,1-4人,主要都市圏,1-4人 / 主要都市圏,1,https://simple-alpha.com/,200,allowed,,https://simple-alpha.com/recruit/,https://simple-alpha.com/recruit/,homepageAnchor,採用情報,ownDomain,high,200,allowed,福岡県Web求人情報｜Webマネージャー・Webデザイナー募集,true,1,0,false,false,,,0,https://simple-alpha.com/recruit/,true,2026-10-05T12:59:42.956Z
7290001094931,株式会社ファイブビット,40:福岡県,6人,5-9人,主要都市圏,5-9人 / 主要都市圏,1,https://5-bit.jp/,200,allowed,,,,,,,,,,,,0,3,,false,,,0,,false,
7290801001244,株式会社グリーム,40:福岡県,55人,30-99人,主要都市圏,30-99人 / 主要都市圏,1,https://www.gleam-kokura.co.jp,200,allowed,,https://www.gleam-kokura.co.jp/recruit/,https://www.gleam-kokura.co.jp/recruit/,homepageAnchor,採用情報,ownDomain,high,200,allowed,株式会社グリーム,true,1,0,false,false,,,0,,false,2026-10-05T12:59:43.460Z
7290801002606,ＴＯＴＯインフォム株式会社,40:福岡県,164人,100-299人,主要都市圏,100-299人 / 主要都市圏,1,http://infom.toto-group.jp/,200,unavailable,,https://tim.jp.toto.com/entry_recruit,https://tim.jp.toto.com/entry_recruit,homepageAnchor,新卒採用,otherDomain,high,200,unavailable,TOTOインフォム 新卒採用 募集要項 | TOTOインフォム株式会社 採用情報サイト,true,4,0,false,false,,,0,,false,2026-10-05T12:59:46.821Z
7290801010765,株式会社ＹＥ　ＤＩＧＩＴＡＬ,40:福岡県,568人,300-999人,主要都市圏,300-999人 / 主要都市圏,1,https://www.ye-digital.com/,200,allowed,,https://www.ye-digital.com/recruit/,https://www.ye-digital.com/recruit/,homepageAnchor,採用情報,ownDomain,high,200,allowed,YEデジタル採用サイト,true,1,0,false,false,,,0,,false,2026-10-05T12:59:46.153Z
7290801028246,株式会社ミラリンク,40:福岡県,6人,5-9人,主要都市圏,5-9人 / 主要都市圏,1,https://milalink.co.jp/,200,allowed,,https://milalink.co.jp/recruit/,https://milalink.co.jp/recruit/,homepageAnchor,RECRUIT,ownDomain,high,200,allowed,- 株式会社ミラリンク,true,1,0,false,false,,,0,,false,2026-10-05T12:59:45.888Z
7310001000523,株式会社ＫＴＮソサエティ,42:長崎県,114人,100-299人,その他,100-299人 / その他,1,http://ktn-society.jp,200,allowed,,https://ktn-society.jp/employment,https://ktn-society.jp/employment,homepageAnchor,採用情報,ownDomain,high,200,allowed,採用情報 | KTNソサエティ,true,1,0,false,false,,,0,,false,2026-10-05T12:59:51.801Z
7310001003575,株式会社ドゥアイネット,42:長崎県,12人,10-29人,その他,10-29人 / その他,1,http://www.doinet.co.jp/,,unavailable,TypeError:ENOTFOUND,,,,,,,,,,,0,0,,false,,,0,,false,
7320001001594,大分デジタルソリューションズ株式会社,44:大分県,78人,30-99人,その他,30-99人 / その他,1,http://www.oct-net.ne.jp/dcs/,301,unavailable,TypeError:UNABLE_TO_VERIFY_LEAF_SIGNATURE,,,,,,,,,,,0,0,,true,https://www.oct-net.ne.jp/,,0,,false,
7320002000100,有限会社大分合同新聞社,44:大分県,330人,300-999人,その他,300-999人 / その他,1,https://www.oita-press.co.jp/kodokeikaku,200,allowed,,https://www.oita-press.co.jp/-/media/Files/pdf/contents/info/jobreturn20230201a,https://www.oita-press.co.jp/-/media/Files/pdf/contents/info/jobreturn20230201a,homepageUrlPattern,ジョブ・リターン制度,ownDomain,low,200,allowed,,,2,0,,false,,,0,,false,2026-10-05T12:59:48.931Z
7320003000438,株式会社エートラック,44:大分県,7人,5-9人,その他,5-9人 / その他,1,http://atrack0114.com/,200,allowed,,,,,,,,,,,,0,2,,false,,,0,,false,
7330001000364,株式会社イノス,43:熊本県,137人,100-299人,その他,100-299人 / その他,1,http://www.inos.co.jp,200,allowed,,https://www.inos.co.jp/recruit/,https://www.inos.co.jp/recruit/,homepageAnchor,採用情報,ownDomain,high,200,allowed,株式会社イノス &raquo; 採用情報,true,7,0,false,false,,,0,,false,2026-10-05T12:59:53.157Z
7330001025700,ソーイ株式会社,43:熊本県,9人,5-9人,その他,5-9人 / その他,1,https://sewii.jp/,200,allowed,,https://sewii.jp/recruit/,https://sewii.jp/recruit/,homepageAnchor,採用,ownDomain,high,200,allowed,採用 – ソーイ株式会社,true,1,0,false,false,,,0,,false,2026-10-05T12:59:50.104Z
7340001003399,日本システム株式会社,46:鹿児島県,140人,100-299人,その他,100-299人 / その他,1,http://www.jpsys.co.jp/,200,allowed,,https://www.jpsys.co.jp/recruit/,https://www.jpsys.co.jp/recruit/,homepageAnchor,採用情報,ownDomain,high,200,allowed,日本システム 新卒採用・キャリア採用サイト,true,2,0,false,false,,,0,,false,2026-10-05T12:59:56.406Z
7350001002680,ＴＮＡソリューションデザイン株式会社,45:宮崎県,8人,5-9人,その他,5-9人 / その他,1,http://www.tna.co.jp/,200,allowed,,http://tna.co.jp/careers,http://tna.co.jp/careers/,homepageAnchor,Careers,ownDomain,high,200,allowed,TNAソリューションデザイン株式会社,true,1,0,false,false,,,1,,false,2026-10-05T12:59:56.347Z
7350001012218,株式会社ウェブサイト,45:宮崎県,7人,5-9人,その他,5-9人 / その他,1,https://www.web3110.jp/,200,allowed,,,,,,,,,,,,0,1,,false,,,0,,false,
7350003005021,ディーグラフ合同会社,45:宮崎県,2人,1-4人,その他,1-4人 / その他,1,https://dgraph-web.com/news/284/,200,allowed,,,,,,,,,,,,0,3,,true,https://dgraph-web.com/,200,0,,false,
7360001000329,沖縄アスコン株式会社,47:沖縄県,158人,100-299人,その他,100-299人 / その他,1,https://www.okiascon.com/company.php#tab3,200,allowed,,https://www.okiascon.com/recruit.php,https://www.okiascon.com/recruit.php,homepageAnchor,採用情報,ownDomain,high,200,allowed,採用情報 | 沖縄アスコン株式会社,true,1,0,false,false,,,0,,false,2026-10-05T12:59:55.003Z
7360001002291,株式会社琉球新報社,47:沖縄県,236人,100-299人,その他,100-299人 / その他,1,https://corp.ryukyushimpo.jp/corporate,200,allowed,,https://corp.ryukyushimpo.jp/recruit,https://corp.ryukyushimpo.jp/recruit,robotsSitemap,,ownDomain,medium,200,allowed,採用・求人情報ー琉球新報社,true,2,3,false,true,https://corp.ryukyushimpo.jp/,200,0,,false,2026-10-05T13:00:02.757Z
7360001002812,株式会社システック沖縄,47:沖縄県,70人,30-99人,その他,30-99人 / その他,1,http://www.s-okinawa.co.jp,,unavailable,TypeError:UND_ERR_CONNECT_TIMEOUT,,,,,,,,,,,0,0,,false,,,0,,false,
7360001008875,株式会社スピア,47:沖縄県,35人,30-99人,その他,30-99人 / その他,1,http://www.spia.co.jp,200,allowed,,https://spia.co.jp/careers/,https://spia.co.jp/careers/,homepageAnchor,採用情報,ownDomain,high,200,allowed,採用情報 | 株式会社スピア,true,1,0,false,false,,,0,,false,2026-10-05T13:00:05.670Z
7360001010492,株式会社テラ・ウェブクリエイト,47:沖縄県,6人,5-9人,その他,5-9人 / その他,1,http://www.tera-web.jp/,200,allowed,,https://tera-web.jp/graduate-recruitment/,https://tera-web.jp/graduate-recruitment/,homepageAnchor,新卒採用,ownDomain,high,200,allowed,新卒採用ページ | 顧客管理・営業支援 Salesforce -セールスフォース- 導入【テラ・ウェブクリエイト】,true,4,0,false,false,,,0,,false,2026-10-05T13:00:09.756Z
7360001018833,株式会社Ｐａｙｋｅ,47:沖縄県,20人,10-29人,その他,10-29人 / その他,1,https://payke.co.jp/,200,allowed,,,,,,,,,,,,0,3,,false,,,0,,false,
7360001019006,株式会社ＧＶＣ,47:沖縄県,16人,10-29人,その他,10-29人 / その他,1,https://gvc.co.jp/,200,allowed,,https://gvc.co.jp/recruit-page,https://gvc.co.jp/recruit-page/,homepageUrlPattern,一緒にはたらく,ownDomain,medium,200,allowed,ゴールドバリュークリエーションの求人募集要項 | (株)ゴールドバリュークリエーション,true,1,0,false,false,,,1,,false,2026-10-05T13:00:01.539Z
7370001013734,株式会社アイムワン,04:宮城県,64人,30-99人,その他,30-99人 / その他,1,https://www.imone.co.jp/,200,allowed,,,,,,,,,,,,0,0,,false,,,0,,false,
7370001013874,株式会社ナナイロ,04:宮城県,139人,100-299人,その他,100-299人 / その他,1,https://nanairo-inc.jp/,200,unavailable,,https://nanairo-inc.jp/career_recruitment/,https://nanairo-inc.jp/career_recruitment/,homepageAnchor,キャリア採用,ownDomain,high,200,unavailable,キャリア採用サイト | 株式会社 ナナイロ,true,10,0,false,false,,,0,,false,2026-10-05T13:00:01.282Z
7370001021927,イー・ガーディアン東北株式会社,04:宮城県,285人,100-299人,その他,100-299人 / その他,1,https://www.eg-tohoku.co.jp/,200,allowed,,https://e-guardian.recruitment.jp/,,homepageLinkOffDomain,採用情報,otherDomain,low,,,,,1,0,,false,,,0,,false,
7380001018220,株式会社デザイニウム,07:福島県,35人,30-99人,その他,30-99人 / その他,1,https://www.designium.jp/ja,200,allowed,,https://www.designium.jp/aizu-/recruit2,https://www.designium.jp/aizu-/recruit2,robotsSitemap,,ownDomain,medium,200,allowed,会津オフィス応募要項 | Designium - 株式会社デザイニウム 会津オフィス（地域DX）,true,2,3,false,false,,,0,,false,2026-10-05T13:00:12.860Z
7400001000480,株式会社技電工業,03:岩手県,17人,10-29人,その他,10-29人 / その他,1,http://www.giden.co.jp,200,unavailable,,https://www.giden.co.jp/pages/30/,https://www.giden.co.jp/pages/30/,homepageAnchor,採用特設サイト,ownDomain,high,200,unavailable,採用特設サイト｜株式会社技電工業（公式ホームページ）,true,2,0,false,false,,,0,,false,2026-10-05T13:00:10.155Z
7400001010018,株式会社雨風太陽,03:岩手県,65人,30-99人,その他,30-99人 / その他,1,https://www.pocket-marche.com/,,unavailable,TypeError:UND_ERR_CONNECT_TIMEOUT,,,,,,,,,,,0,0,,false,,,0,,false,
7410001004472,ノリット・ジャポン株式会社,05:秋田県,40人,30-99人,その他,30-99人 / その他,1,http://www.norit.jp/,200,allowed,,https://www.norit.jp/recruit/,https://www.norit.jp/recruit/,homepageAnchor,Recruit 採用情報,ownDomain,high,200,allowed,Recruit | ノリット・ジャポン株式会社,true,1,0,false,false,,,0,,false,2026-10-05T13:00:11.710Z
7420001004570,株式会社リンクステーション,02:青森県,146人,100-299人,その他,100-299人 / その他,1,https://www.linkst.jp/,200,allowed,,https://www.linkst.jp/recruit/,https://www.linkst.jp/recruit/,homepageAnchor,採用情報,ownDomain,high,200,allowed,採用情報 - 株式会社リンクステーション,true,3,0,false,false,,,0,,false,2026-10-05T13:00:09.856Z
7430001011772,株式会社ドコモＣＳ北海道,01:北海道,1159人,1000人以上,主要都市圏,1000人以上 / 主要都市圏,1,https://www.docomo-cs-hokkaido.co.jp/activities/diversity.html,200,unavailable,,https://www.docomo-cs-hokkaido.co.jp/recruit/,https://www.docomo-cs-hokkaido.co.jp/recruit/,homepageAnchor,採用情報,ownDomain,high,200,unavailable,株式会社ドコモCS北海道,true,1,0,false,false,,,0,,false,2026-10-05T13:00:09.443Z
7430001021929,株式会社北海道ジェイ・アール・システム開発,01:北海道,175人,100-299人,主要都市圏,100-299人 / 主要都市圏,1,https://www.hjsd.co.jp,200,allowed,,https://www.hjsd.co.jp/recruit/,https://www.hjsd.co.jp/recruit/,homepageAnchor,採用情報,ownDomain,high,200,allowed,採用情報｜北海道ジェイ・アール・システム開発,true,1,0,false,false,,,0,,false,2026-10-05T13:00:12.826Z
7430001022225,株式会社ＮＴＴデータ北海道,01:北海道,316人,300-999人,主要都市圏,300-999人 / 主要都市圏,1,https://www.nttdata-hokkaido.co.jp/,200,unavailable,,https://www.nttdata-hokkaido.co.jp/recruit/,https://www.nttdata-hokkaido.co.jp/recruit/,homepageAnchor,採用情報,ownDomain,high,200,unavailable,RECRUIT SITE｜株式会社NTTデータ北海道,true,1,0,false,false,,,0,,false,2026-10-05T13:00:13.055Z
7470001001910,株式会社四国電子計算センター,37:香川県,54人,30-99人,その他,30-99人 / その他,1,https://www.scc21.co.jp/company/plan.html,,unavailable,TypeError:UNABLE_TO_VERIFY_LEAF_SIGNATURE,,,,,,,,,,,0,0,,true,https://www.scc21.co.jp/,,0,,false,
7470001002974,株式会社ドコモＣＳ四国,37:香川県,497人,300-999人,その他,300-999人 / その他,1,http://www.docomo-cs-shikoku.co.jp/,200,unavailable,,https://www.docomo-cs-shikoku.co.jp/recruitment/index.html,https://www.docomo-cs-shikoku.co.jp/recruitment/index.html,homepageAnchor,採用情報,ownDomain,high,200,unavailable,株式会社ドコモCS四国 RECRUIT SITE,true,1,0,false,false,,,0,,false,2026-10-05T13:00:17.998Z
7470001008889,ＫＢＮ株式会社,37:香川県,12人,10-29人,その他,10-29人 / その他,1,https://www.kbn.ne.jp/,200,allowed,,https://www.kbn.ne.jp/recruit/,https://www.kbn.ne.jp/recruit/,homepageUrlPattern,,ownDomain,medium,200,allowed,トップページ - KBN 採用サイト,true,1,0,false,false,,,0,,false,2026-10-05T13:00:18.406Z
7480001000861,株式会社ジャストシステム,36:徳島県,371人,300-999人,その他,300-999人 / その他,1,https://www.justsystems.com/jp/,,unavailable,TypeError:ERR_SSL_UNSAFE_LEGACY_RENEGOTIATION_DISABLED,,,,,,,,,,,0,0,,true,https://www.justsystems.com/,,0,,false,
7500001005156,株式会社キュービック,38:愛媛県,10人,10-29人,その他,10-29人 / その他,1,https://www.cubic1.jp/,200,allowed,,https://cubic1.jp/job/,https://cubic1.jp/job/,homepageAnchor,求人一覧,ownDomain,high,200,allowed,求人 | 四国の求人情報なら「キュービック」,true,7,0,false,false,,,0,,false,2026-10-05T13:00:22.008Z
7500001005461,株式会社えむぼま,38:愛媛県,20人,10-29人,その他,10-29人 / その他,1,http://www.emboma.jp/,200,unavailable,,,,,,,,,,,,0,0,,false,,,0,,false,
7500001011195,株式会社ＩＪＣ,38:愛媛県,120人,100-299人,その他,100-299人 / その他,1,https://www.ijc-imabari.co.jp,200,unavailable,,https://www.ijc-imabari.co.jp/web/recruit/,https://www.ijc-imabari.co.jp/web/recruit/,homepageAnchor,採用情報 RECRUIT,ownDomain,high,200,unavailable,採用情報 | 株式会社IJC,true,4,0,false,false,,,0,,false,2026-10-05T13:00:20.516Z
8010001009651,アクモス株式会社,13:東京都,357人,300-999人,東京,300-999人 / 東京,1,http://www.acmos.co.jp/,200,allowed,,https://www.acmos.co.jp/recruit/,https://www.acmos.co.jp/recruit/,homepageAnchor,採用情報 Recruit,ownDomain,high,200,allowed,アクモス株式会社 / 採用情報,true,11,0,false,false,,,0,,false,2026-10-05T13:00:25.744Z
8010001014395,株式会社共同テレビジョン,13:東京都,137人,100-299人,東京,100-299人 / 東京,1,https://www.kyodo-tv.co.jp/company/info/detail01/,200,allowed,,https://www.kyodo-tv.co.jp/recruit/,https://www.kyodo-tv.co.jp/recruit/,homepageAnchor,Recruit,ownDomain,high,200,allowed,採用情報 | 株式会社共同テレビジョン,true,5,0,false,false,,,0,,false,2026-10-05T13:00:22.816Z
8010001020609,株式会社全農ビジネスサポート,13:東京都,775人,300-999人,東京,300-999人 / 東京,1,https://www.z-bs.co.jp/,200,allowed,,https://www.z-bs.co.jp/recruit/,https://www.z-bs.co.jp/recruit/,homepageAnchor,新卒採用,ownDomain,high,200,allowed,株式会社 全農ビジネスサポート RECRUITING SITE,true,4,0,false,false,,,0,,false,2026-10-05T13:00:27.390Z
8010001021078,セントラルソフト株式会社,13:東京都,462人,300-999人,東京,300-999人 / 東京,1,https://www.central-soft.co.jp/,,unavailable,TypeError:UNABLE_TO_VERIFY_LEAF_SIGNATURE,,,,,,,,,,,0,0,,false,,,0,,false,
8010001031300,株式会社有斐閣,13:東京都,110人,100-299人,東京,100-299人 / 東京,1,http://www.yuhikaku.co.jp/,200,allowed,,https://www.yuhikaku.co.jp/company/saiyou/,https://www.yuhikaku.co.jp/company/saiyou/,homepageAnchor,採用情報,ownDomain,high,200,allowed,採用情報 - 有斐閣,true,2,0,false,false,,,0,,false,2026-10-05T13:00:28.568Z
8010001045829,日本証券テクノロジー株式会社,13:東京都,333人,300-999人,東京,300-999人 / 東京,1,http://www.nstec.jp/,200,allowed,,https://www.nstec.jp/recruit.html,https://www.nstec.jp/recruit.html,homepageAnchor,採用情報,ownDomain,high,200,allowed,採用情報｜日本証券テクノロジー（野村総合研究所グループ）,true,5,0,false,false,,,0,,false,2026-10-05T13:00:32.317Z
8010001046843,株式会社システムファクトリ,13:東京都,60人,30-99人,東京,30-99人 / 東京,1,http://www.systemfactory.co.jp,200,unavailable,,,,,,,,,,,,0,0,,false,,,0,,false,
8010001066882,日本レコード・キーピング・ネットワーク株式会社,13:東京都,280人,100-299人,東京,100-299人 / 東京,1,http://top.nrkn.co.jp,200,unavailable,,https://top.nrkn.co.jp/adoption/,https://top.nrkn.co.jp/adoption/,homepageAnchor,採用情報,ownDomain,high,200,unavailable,採用情報｜日本レコード・キーピング・ネットワーク株式会社,true,2,0,false,false,,,0,,false,2026-10-05T13:00:31.385Z
8010001074167,ＳＣＳＫ株式会社,13:東京都,8631人,1000人以上,東京,1000人以上 / 東京,1,http://www.scsk.jp/,200,allowed,,https://www.scsk.jp/recruit/index.html,https://www.scsk.jp/recruit/index.html,robotsSitemap,,ownDomain,medium,200,allowed,採用情報 ｜ SCSK株式会社,true,26,1,false,false,,,0,,false,2026-10-05T13:00:33.706Z
8010001074712,株式会社エス・エム・エス・データテック,13:東京都,506人,300-999人,東京,300-999人 / 東京,1,https://www.sms-datatech.co.jp/,200,unavailable,,https://www.sms-datatech.co.jp/recruit,https://www.sms-datatech.co.jp/recruit,homepageAnchor,採用情報,ownDomain,high,200,unavailable,採用情報 | SMS DataTech,true,2,0,false,false,,,0,,false,2026-10-05T13:00:29.034Z
8010001076972,株式会社ラクーンホールディングス,13:東京都,101人,100-299人,東京,100-299人 / 東京,1,https://www.raccoon.ne.jp/company/csr/labor_environment.html,200,allowed,,https://www.raccoon.ne.jp/recruit/,https://www.raccoon.ne.jp/recruit/,homepageAnchor,採用情報,ownDomain,high,200,allowed,採用情報 | 株式会社ラクーンホールディングス,true,1,0,false,false,,,0,,false,2026-10-05T13:00:32.179Z
8010001086427,株式会社アドービジネスコンサルタント,13:東京都,667人,300-999人,東京,300-999人 / 東京,1,https://www.addo.co.jp/,200,allowed,,https://www.addo.co.jp/recruit/employ_new,https://www.addo.co.jp/recruit/employ_new,homepageAnchor,新卒採用,ownDomain,high,200,allowed,新卒採用 | アドービジネスコンサルタント リクルート,true,6,0,false,false,,,0,,false,2026-10-05T13:00:30.840Z
8010001094693,株式会社ＭＯＮＯ‐Ｘ,13:東京都,63人,30-99人,東京,30-99人 / 東京,1,http://www.omni-s.co.jp,,unavailable,TypeError:UND_ERR_CONNECT_TIMEOUT,,,,,,,,,,,0,0,,false,,,0,,false,
8010001100815,株式会社リーディング・エッジ社,13:東京都,120人,100-299人,東京,100-299人 / 東京,1,https://leadinge.co.jp/message#Messages,200,allowed,,https://leadinge.co.jp/entry,https://leadinge.co.jp/entry,homepageAnchor,エントリーフォーム,ownDomain,high,200,allowed,採⽤エントリー | 株式会社リーディング・エッジ社 | ＩＴエンジニアの生涯価値の向上を目指して,true,2,0,false,false,,,0,,false,2026-10-05T13:00:32.433Z
8010001115986,株式会社ＢＦＴ,13:東京都,454人,300-999人,東京,300-999人 / 東京,1,http://www.bfts.co.jp/,200,allowed,,https://www.bfts.co.jp/recruit/,https://www.bfts.co.jp/recruit/,homepageAnchor,採用情報,ownDomain,high,200,allowed,採用情報 | 株式会社BFT,true,10,0,false,false,,,0,,false,2026-10-05T13:00:40.115Z
8010001117875,プルデンシャル・ジャパン・テクノロジー株式会社,13:東京都,252人,100-299人,東京,100-299人 / 東京,1,https://pjtech.prudential.com/,200,unavailable,,https://pjtech.prudential.com/recruit_privacy.html,https://pjtech.prudential.com/recruit_privacy.html,homepageAnchor,採用活動における個人情報の取り扱いについて,ownDomain,high,200,unavailable,採用活動における個人情報の取り扱いについて｜プルデンシャル・ジャパン・テクノロジー株式会社,true,1,0,false,false,,,0,,false,2026-10-05T13:00:36.167Z
8010001124153,株式会社キャフィック,13:東京都,30人,30-99人,東京,30-99人 / 東京,1,http://www.caficc.co.jp/,200,allowed,,https://caficc.co.jp/recruit,https://caficc.co.jp/recruit,homepageAnchor,Recruit,ownDomain,high,200,allowed,採用情報 - 株式会社キャフィック,true,1,0,false,false,,,0,,false,2026-10-05T13:01:01.697Z
8010001129689,Ｏｎｅ人事株式会社,13:東京都,351人,300-999人,東京,300-999人 / 東京,1,https://onehr.co.jp/,200,allowed,,https://hrmos.co/pages/onehr,https://hrmos.co/pages/onehr,homepageLinkToOfficialAts,採用情報,atsHosted,high,200,unavailable,One人事株式会社 採用情報,true,2,0,false,false,,,0,,false,2026-10-05T13:00:34.117Z
8010001131686,株式会社ディープコム,13:東京都,100人,100-299人,東京,100-299人 / 東京,1,http://deepcom.co.jp/,200,allowed,,https://deepcom.co.jp/recruit/,https://deepcom.co.jp/recruit/,homepageAnchor,採用情報,ownDomain,high,200,allowed,採用情報 - 株式会社ディープコム,true,1,0,false,false,,,0,,false,2026-10-05T13:00:40.608Z
8010001133138,イデア・コンサルティング株式会社,13:東京都,190人,100-299人,東京,100-299人 / 東京,1,https://www.ideacns.co.jp/,200,unavailable,,https://www.ideacns.co.jp/recruit/career/,https://www.ideacns.co.jp/recruit/career/,homepageAnchor,キャリア採用,ownDomain,high,200,unavailable,キャリア採用サイト | イデア・コンサルティング株式会社,true,3,0,false,false,,,0,,false,2026-10-05T13:00:37.524Z
8010001133328,３Ｄ　Ｌｉｆｅ　Ｗｏｒｋｓ株式会社,13:東京都,10人,10-29人,東京,10-29人 / 東京,1,https://www.3dlifeworks.co.jp/,200,unavailable,,,,,,,,,,,,0,0,,false,,,0,,false,
8010001137782,株式会社大和総研インフォメーションシステムズ,13:東京都,576人,300-999人,東京,300-999人 / 東京,1,http://www.dir-is.co.jp/,200,unavailable,,https://www.dir-is.co.jp/recruit/,https://www.dir-is.co.jp/recruit/,homepageAnchor,採用情報,ownDomain,high,200,unavailable,採用情報 | 大和総研インフォメーションシステムズ,true,18,0,false,false,,,0,,false,2026-10-05T13:00:43.588Z
8010001139861,アクシーズ株式会社,13:東京都,14人,10-29人,東京,10-29人 / 東京,1,http://www.axeeds.com/,200,unavailable,,https://www.axeeds.com/recruit,https://www.axeeds.com/recruit/,homepageAnchor,採用情報,ownDomain,high,200,unavailable,採用情報 | アクシーズ株式会社,true,3,0,false,false,,,1,,false,2026-10-05T13:00:45.579Z
8010001140753,株式会社カヤックボンド,13:東京都,96人,30-99人,東京,30-99人 / 東京,1,https://kayac.bond/,200,allowed,,https://kayac.bond/recruit/,https://kayac.bond/recruit/,homepageAnchor,Recruit,ownDomain,high,200,allowed,採用情報 | カヤックボンド,true,7,0,false,false,,,0,,false,2026-10-05T13:00:43.143Z
8010001163300,株式会社うるるＢＰＯ,13:東京都,133人,100-299人,東京,100-299人 / 東京,1,https://www.uluru.biz/ir/securities.html,200,allowed,,https://recruit.uluru.biz/,https://recruit.uluru.biz/,homepageAnchor,採用情報,ownDomain,high,200,allowed,株式会社うるる｜採用サイト,true,1,0,false,false,,,0,,false,2026-10-05T13:00:47.699Z
8010001164752,ｔａｌｅｎｔｂｏｏｋ株式会社,13:東京都,77人,30-99人,東京,30-99人 / 東京,1,https://prtable.com/,525,allowed,http_525,,,,,,,,,,,0,1,,false,,,0,,false,
8010001200037,フェノジェン・メディカル株式会社,13:東京都,7人,5-9人,東京,5-9人 / 東京,1,https://phenogen.co.jp/,200,allowed,,,,,,,,,,,,0,3,,false,,,0,,false,
8010001202710,株式会社Ａｎｄｅｌ,13:東京都,3人,1-4人,東京,1-4人 / 東京,1,https://andel.jp/,200,allowed,,,,,,,,,,,,0,0,,false,,,0,,false,
8010001208798,ａｖａｔａｒｉｎ株式会社,13:東京都,94人,30-99人,東京,30-99人 / 東京,1,https://about.avatarin.com/,200,allowed,,https://about.avatarin.com/recruit/,https://about.avatarin.com/recruit/,homepageAnchor,採用情報,ownDomain,high,200,allowed,採用情報 | avatarin（アバターイン）株式会社が目指す未来を、共に実現しましょう！ - avatarin アバターイン,true,2,0,false,false,,,0,,false,2026-10-05T13:00:47.868Z
8010001220092,アッペンジャパン株式会社,13:東京都,10人,10-29人,東京,10-29人 / 東京,1,https://appen.co.jp/,200,allowed,,https://appen.co.jp/career,https://appen.co.jp/career,robotsSitemap,,ownDomain,medium,200,allowed,採用情報 | Appen,true,1,1,false,false,,,0,,false,2026-10-05T13:00:48.674Z
8010001234992,株式会社デンタルコネクト,13:東京都,4人,1-4人,東京,1-4人 / 東京,1,https://kyosei-guide.co.jp/,200,allowed,,https://kyosei-guide.co.jp/clinic-recruitment,https://kyosei-guide.co.jp/clinic-recruitment,homepageUrlPattern,当サイトからのネット予約を可能にしたい方はこちら(掲載無料),ownDomain,low,200,allowed,矯正歯科ガイド|最適な矯正歯科をオンラインで初診予約できるサイト,false,1,0,false,false,,,0,https://kyosei-guide.co.jp/,true,2026-10-05T13:00:49.365Z
8010101001161,ゲンダイエージェンシー株式会社,13:東京都,202人,100-299人,東京,100-299人 / 東京,1,http://www.gendai-a.co.jp/,200,unavailable,,https://www.gendai-a.co.jp/employment/,https://www.gendai-a.co.jp/employment/,homepageAnchor,採用情報,ownDomain,high,200,unavailable,採用情報｜ゲンダイエージェンシー株式会社｜GENDAI AGENCY INC.,true,1,0,false,false,,,0,,false,2026-10-05T13:00:55.556Z
8010401008344,株式会社クエスト,13:東京都,1051人,1000人以上,東京,1000人以上 / 東京,1,https://www.quest.co.jp/,200,allowed,,https://www.quest.co.jp/adoption/jobreturn/index.php,https://www.quest.co.jp/adoption/jobreturn/index.php,robotsSitemap,,ownDomain,medium,200,allowed,ジョブリターン制度｜株式会社クエスト 採用サイト,true,1,1,false,false,,,0,,false,2026-10-05T13:00:52.356Z
8010401011967,三和コンピュータ株式会社,13:東京都,432人,300-999人,東京,300-999人 / 東京,1,http://www.sanwa-comp.co.jp/,200,unavailable,,https://www.sanwa-comp.co.jp/recruit,https://www.sanwa-comp.co.jp/recruit,homepageUrlPattern,,ownDomain,medium,200,allowed,採用情報｜ICT導入・システム構築をまとめて解決する三和コンピュータ株式会社,true,1,0,false,false,,,0,,false,2026-10-05T13:01:00.272Z
8010401012610,株式会社シー・キューブド・アイ・システムズ,13:東京都,183人,100-299人,東京,100-299人 / 東京,1,http://www.c3is.co.jp,200,unavailable,,https://c3is.co.jp/recruit/,https://c3is.co.jp/recruit/,homepageAnchor,Recruit,ownDomain,high,200,allowed,株式会社シー・キューブド・アイ・システムズ【C3IS】 採用特設サイト - 株式会社シー・キューブド・アイ・システムズの特設採用サイト。採用スケジュール、採用担当者のメッセージ、業務内容、教育・研修内容、社員のインタビューなどを掲載。私たちは、高い技術力で、防衛省殿の重要任務を支援しております。,true,6,0,false,false,,,0,,false,2026-10-05T13:01:07.027Z
8010401022320,株式会社ＮＴＴデータビジネスブレインズ,13:東京都,286人,100-299人,東京,100-299人 / 東京,1,http://www.nttd-bb.com/,200,unavailable,,https://tongari.nttd-bb.com/,https://tongari.nttd-bb.com/,homepageAnchor,採用情報,ownDomain,high,200,unavailable,NTTデータビジネスブレインズ 採用サイト,true,1,0,false,false,,,0,,false,2026-10-05T13:00:57.201Z
8010401023764,ハウスコムテクノロジーズ株式会社,13:東京都,6人,5-9人,東京,5-9人 / 東京,1,http://www.jsee.com/,200,allowed,,,,,,,,,,,,0,3,,false,,,0,,false,
8010401031668,株式会社菱友システム技術,13:東京都,401人,300-999人,東京,300-999人 / 東京,1,https://www.rsg-ltd.jp/,200,unavailable,,https://www.rsg-ltd.jp/recruit,https://www.rsg-ltd.jp/recruit/,homepageAnchor,採用情報,ownDomain,high,200,unavailable,採用情報 | 株式会社菱友システム技術,true,1,0,false,false,,,1,,false,2026-10-05T13:01:00.184Z
8010401045890,ドコモ・サポート株式会社,13:東京都,1261人,1000人以上,東京,1000人以上 / 東京,1,http://www.docomo-support.co.jp/,200,allowed,,https://www.docomo-support.co.jp/recruit/handicapped_person.html,https://www.docomo-support.co.jp/recruit/handicapped_person.html,homepageAnchor,障がい者採用,ownDomain,high,200,allowed,採用情報｜障がい者採用｜ドコモ・サポート株式会社,true,3,0,false,false,,,0,,false,2026-10-05T13:01:03.407Z
8010401047227,株式会社エイエイエス,13:東京都,237人,100-299人,東京,100-299人 / 東京,1,https://www.aasc.co.jp/about/actionplan.html,200,allowed,,https://www.aasc.co.jp/recruit/,https://www.aasc.co.jp/recruit/,homepageAnchor,Recruit,ownDomain,high,200,allowed,採用情報｜株式会社エイエイエス A.A.S 【信頼のシステムコンサルティング企業 ERP、Web、C/Sなど幅広く開発】,true,8,0,false,false,,,0,,false,2026-10-05T13:01:00.642Z
8010401050701,株式会社サミーネットワークス,13:東京都,178人,100-299人,東京,100-299人 / 東京,1,http://www.sammy-net.jp/,200,unavailable,,https://www.sammy-net.jp/recruit/,https://www.sammy-net.jp/recruit/,homepageAnchor,採用情報,ownDomain,high,200,unavailable,"株式会社 サミーネットワークス-【Sammy Networks Co., Ltd.】",true,3,0,false,false,,,0,,false,2026-10-05T13:01:07.948Z
8010401052268,アドソル日進株式会社,13:東京都,619人,300-999人,東京,300-999人 / 東京,1,https://www.adniss.jp/,200,allowed,,https://adniss.jp/recruit/index.html,https://adniss.jp/recruit/,homepageAnchor,採用情報,ownDomain,high,200,allowed,アドソル日進の採用情報 - アドソル日進,true,1,0,false,false,,,1,,false,2026-10-05T13:01:09.632Z
8010401061475,株式会社ユートピア企画,13:東京都,5人,5-9人,東京,5-9人 / 東京,1,http://www.utopia-kikaku.co.jp/,200,allowed,,,,,,,,,,,,0,1,,false,,,0,,false,
8010401066870,株式会社シンカーミクセル,13:東京都,280人,100-299人,東京,100-299人 / 東京,1,http://xincormixell.jp/,200,unavailable,,https://xincormixell.jp/recruits/index.html,https://xincormixell.jp/recruits/index.html,homepageAnchor,採用情報 Recruit,ownDomain,high,200,unavailable,採用情報｜株式会社シンカーミクセル,true,2,0,false,false,,,0,,false,2026-10-05T13:01:09.571Z
8010401068421,株式会社アイディール,13:東京都,12人,10-29人,東京,10-29人 / 東京,1,http://ideal-inc.com,200,allowed,,https://ideal-inc.com/about-2/recruit/,https://ideal-inc.com/about-2/recruit/,homepageAnchor,社内制度／採用情報,ownDomain,high,200,allowed,社内制度／採用情報 | 株式会社アイディール,true,1,0,false,false,,,0,,false,2026-10-05T13:01:14.167Z
8010401073462,株式会社ＳＨＩＦＴ,13:東京都,7042人,1000人以上,東京,1000人以上 / 東京,1,https://www.shiftinc.jp,200,allowed,,https://recruit.shiftinc.jp/new_graduate/,https://recruit.shiftinc.jp/new_graduate/,homepageAnchor,新卒採用,ownDomain,high,200,unavailable,新卒採用サイト｜株式会社SHIFT,true,9,0,false,false,,,0,,false,2026-10-05T13:01:07.860Z
8010401082331,ＳＣＳＫニアショアシステムズ株式会社,13:東京都,699人,300-999人,東京,300-999人 / 東京,1,http://www.scsk-nearshore.co.jp/,200,allowed,,http://www.scsk-nearshore.co.jp/recruit-information/,http://www.scsk-nearshore.co.jp/recruit-information/,homepageAnchor,採用情報 RECRUIT,ownDomain,high,200,allowed,採用情報 - SCSKニアショアシステムズ株式会社,true,3,0,false,false,,,0,,false,2026-10-05T13:01:12.359Z
8010401083172,株式会社日本ブレインウェア,13:東京都,4人,1-4人,東京,1-4人 / 東京,1,https://n-brain.co.jp/,200,unavailable,,,,,,,,,,,,0,0,,false,,,0,,false,
8010401084443,ＮＲＩセキュアテクノロジーズ株式会社,13:東京都,658人,300-999人,東京,300-999人 / 東京,1,https://www.nri-secure.co.jp/,200,allowed,,https://www.nri-secure.co.jp/recruiting,https://www.nri-secure.co.jp/recruiting,homepageAnchor,採用情報,ownDomain,high,200,allowed,採用情報 / 情報セキュリティのNRIセキュア,true,4,0,false,false,,,0,,false,2026-10-05T13:01:11.141Z
8010401088452,株式会社エニグモ,13:東京都,130人,100-299人,東京,100-299人 / 東京,1,https://enigmo.co.jp/,200,allowed,,https://enigmo.co.jp/recruit/,https://enigmo.co.jp/recruit/,homepageAnchor,採用情報,ownDomain,high,200,allowed,採用情報TOP | 株式会社エニグモ コーポレートサイト,true,3,0,false,false,,,0,,false,2026-10-05T13:01:11.154Z
8010401088972,株式会社ココペリ,13:東京都,96人,30-99人,東京,30-99人 / 東京,1,https://www.kokopelli-inc.jp/,200,allowed,,https://www.kokopelli-inc.com/contact-recruit,https://www.kokopelli-inc.com/contact-recruit/,homepageAnchor,採用について,otherDomain,high,200,allowed,採用について | 株式会社ココペリ,true,2,0,false,false,,,1,,false,2026-10-05T13:01:17.728Z
8010401089558,株式会社バイオス,13:東京都,185人,100-299人,東京,100-299人 / 東京,1,https://biosjp.com/jp/,200,unavailable,,https://biosjp.com/jp/opportunities/,https://biosjp.com/jp/opportunities/,homepageAnchor,採用,ownDomain,high,200,unavailable,株式会社バイオス｜採用情報一覧｜バイリンガルITサポート,true,3,0,false,false,,,0,,false,2026-10-05T13:01:12.778Z
8010401094657,日本ラッド株式会社,13:東京都,328人,300-999人,東京,300-999人 / 東京,1,https://www.nippon-rad.co.jp,200,allowed,,https://www.nippon-rad.co.jp/recruit/home.php,https://www.nippon-rad.co.jp/recruit/home.php,homepageAnchor,採用,ownDomain,high,200,allowed,日本ラッド採用,true,3,0,false,false,,,0,,false,2026-10-05T13:01:13.361Z
8010401094698,スペシャリスト・ドクターズ株式会社,13:東京都,19人,10-29人,東京,10-29人 / 東京,1,http://www.reasonwhy.jp/,200,unavailable,,https://mama-career.plus/,,homepageLinkOffDomain,https://mama-career.plus/,otherDomain,low,,,,,2,1,,true,https://www.specialist-doctor.com/,200,0,,false,
8010401099788,株式会社Ｔｉｍｅｒｓ,13:東京都,63人,30-99人,東京,30-99人 / 東京,1,https://timers-inc.com/,200,allowed,,https://timers-inc.com/recruit/,https://timers-inc.com/recruit/,homepageAnchor,RECRUIT,ownDomain,high,200,allowed,募集要項 アーカイブ - Timers Inc.,true,5,0,false,false,,,0,,false,2026-10-05T13:01:14.269Z
8010401101033,和丘株式会社,13:東京都,9人,5-9人,東京,5-9人 / 東京,1,http://wa-q.jp/,200,allowed,,https://wa-q.jp/recruit/,https://wa-q.jp/recruit/,homepageAnchor,採用情報,ownDomain,high,200,allowed,採用情報 | 業務システムの和丘,true,1,0,false,false,,,0,,false,2026-10-05T13:01:20.481Z
8010401102163,株式会社一撃,13:東京都,8人,5-9人,東京,5-9人 / 東京,1,http://t-style.asia/,200,allowed,,https://1geki.co.jp/recruit/,https://1geki.co.jp/recruit/,homepageAnchor,RECRUIT 採用情報,otherDomain,high,200,allowed,採用情報 - 株式会社一撃,true,1,0,false,false,,,0,,false,2026-10-05T13:01:17.847Z
8010401110736,ＬＩＦＥ　ＳＴＹＬＥ株式会社,13:東京都,10人,10-29人,東京,10-29人 / 東京,1,https://l-s.co.jp/,200,allowed,,https://l-s.co.jp/recruit,https://l-s.co.jp/recruit,robotsSitemap,,ownDomain,medium,200,allowed,採用情報,true,1,3,false,false,,,0,,false,2026-10-05T13:01:21.662Z
8010401113061,株式会社ＢｉｔＳｔａｒ,13:東京都,143人,100-299人,東京,100-299人 / 東京,1,https://corp.bitstar.tokyo/company/,200,allowed,,https://bitstar.tokyo/corp/career,https://bitstar.tokyo/corp/career/,homepageAnchor,Career,ownDomain,high,200,allowed,採用情報 | 株式会社BitStar (ビットスター),true,2,0,false,false,,,1,,false,2026-10-05T13:01:21.320Z
8010401117731,株式会社クロスコンパス,13:東京都,37人,30-99人,東京,30-99人 / 東京,1,https://www.cross-compass.com/,200,allowed,,https://www.cross-compass.com/recruitment,https://www.cross-compass.com/recruitment,homepageAnchor,採用情報,ownDomain,high,200,allowed,採用情報 | 株式会社クロスコンパス,true,1,0,false,false,,,0,,false,2026-10-05T13:01:17.587Z
8010401123151,アルテリア・ネットワークス株式会社,13:東京都,898人,300-999人,東京,300-999人 / 東京,1,https://www.arteria-net.com/company/workstyle/,200,allowed,,https://www.arteria-net.com/recruit/newgrads/,https://www.arteria-net.com/recruit/newgrads/,homepageAnchor,新卒採用情報,ownDomain,high,200,allowed,新卒採用情報 | 新卒採用情報 | アルテリア・ネットワークス,true,3,0,false,false,,,0,,false,2026-10-05T13:01:18.604Z
8010401124703,株式会社エージェントグロー,13:東京都,327人,300-999人,東京,300-999人 / 東京,1,https://www.agent-grow.com,200,allowed,,https://www.agent-grow.com/recruit/,https://www.agent-grow.com/recruit/,homepageAnchor,採用に関する情報はこちら 採用情報,ownDomain,high,200,allowed,採用情報 | エージェントグロー,true,17,0,false,false,,,0,,false,2026-10-05T13:01:26.509Z
8010401132177,株式会社ＵＳＥＮ,13:東京都,1829人,1000人以上,東京,1000人以上 / 東京,1,https://usen.com/,200,allowed,,https://usen.com/service/payment/u-pay/entry.html,https://usen.com/service/payment/u-pay/entry.html,homepageAnchor,USEN PAY ENTRY,ownDomain,high,200,allowed,0円から始められる店舗用決済サービス - USEN PAY ENTRY,true,4,0,false,false,,,0,,false,2026-10-05T13:01:21.269Z
8010401133729,株式会社ＮＶＣ,13:東京都,27人,10-29人,東京,10-29人 / 東京,1,https://nv-creators.co.jp,200,allowed,,https://nv-creators.co.jp/recruit/,https://nv-creators.co.jp/recruit/,homepageAnchor,採用情報,ownDomain,high,200,allowed,採用情報 | 株式会社NVC,true,3,0,false,false,,,0,,false,2026-10-05T13:01:21.230Z
8010401153009,株式会社ＡＬＢＯＮＡ,13:東京都,70人,30-99人,東京,30-99人 / 東京,1,https://al-bo.io/,200,allowed,,https://al-bo.io/recruit/,https://al-bo.io/recruit/,homepageAnchor,RECRUIT,ownDomain,high,200,allowed,株式会社ALBONA | 採用情報,true,6,0,false,false,,,0,,false,2026-10-05T13:01:25.266Z
8010401160830,Ｋａｌｏｎａｄｅ株式会社,13:東京都,3人,1-4人,東京,1-4人 / 東京,1,https://kalonade.co.jp/#top-about,200,allowed,,,,,,,,,,,,0,0,,false,,,0,,false,
8010401169525,株式会社善光総合研究所,13:東京都,30人,30-99人,東京,30-99人 / 東京,1,https://zenkou-lab.co.jp/,200,allowed,,https://zenkou-lab.co.jp/recruit/,https://zenkou-lab.co.jp/recruit/,homepageAnchor,採用情報,ownDomain,high,200,allowed,採用情報 | 株式会社善光総合研究所,true,2,0,false,false,,,0,,false,2026-10-05T13:01:24.450Z
8010401176091,Ｙｏｌｏ　Ｔｅｃｈｎｏｌｏｇｙ株式会社,13:東京都,29人,10-29人,東京,10-29人 / 東京,1,https://bossjob.jp/ja/company/yolo-technology株式会社,200,allowed,,https://bossjob.jp/blog,https://bossjob.jp/blog,homepageAnchor,bossjob Japan ブログ,ownDomain,high,200,allowed,ボスジョブブログ｜bossjob,true,25,0,false,false,,,0,,false,2026-10-05T13:01:25.769Z
8010402035247,ＮＡＶＹＰＯＯＬ株式会社,13:東京都,2人,1-4人,東京,1-4人 / 東京,1,https://www.navypool.com/,200,allowed,,,,,,,,,,,,0,2,,false,,,0,,false,
8010501016536,ＴＩＳソリューションリンク株式会社,13:東京都,1849人,1000人以上,東京,1000人以上 / 東京,1,https://www.tsolweb.co.jp/company/attempt/,200,allowed,,https://www.tsolweb.co.jp/recruit/,https://www.tsolweb.co.jp/recruit/,homepageAnchor,採用情報,ownDomain,high,200,allowed,採用情報 | TISソリューションリンク株式会社,true,4,0,false,false,,,0,,false,2026-10-05T13:01:33.430Z
8010501019316,株式会社ジオテック情報システム,13:東京都,36人,30-99人,東京,30-99人 / 東京,1,https://www.geoteck.co.jp,200,allowed,,https://www.geoteck.co.jp/recruit/,https://www.geoteck.co.jp/recruit/,homepageAnchor,採用情報,ownDomain,high,200,allowed,採用情報 | 株式会社ジオテック情報システム SES（システムエンジニアリングサービス）,true,5,0,false,false,,,0,https://www.geoteck.co.jp/recruit/,true,2026-10-05T13:01:28.520Z
8010501033325,株式会社シンメトリクス,13:東京都,65人,30-99人,東京,30-99人 / 東京,1,https://symmetrix.co.jp,200,allowed,,https://recruit.symmetrix.co.jp/,https://recruit.symmetrix.co.jp/,homepageAnchor,Recruit,ownDomain,high,200,allowed,Recruit,true,21,0,false,false,,,0,https://recruit.symmetrix.co.jp,true,2026-10-05T13:01:29.671Z
8010501033374,株式会社アイティシステム,13:東京都,167人,100-299人,東京,100-299人 / 東京,1,https://itsystem.co.jp/,200,allowed,,https://itsystem.co.jp/recruit/,https://itsystem.co.jp/recruit/,homepageAnchor,採用情報,ownDomain,high,200,allowed,採用情報｜株式会社アイティシステム - ITS RECRUIT,true,7,0,false,false,,,0,,false,2026-10-05T13:01:30.475Z
8010501037887,ＩＮＥＸＴ株式会社,13:東京都,26人,10-29人,東京,10-29人 / 東京,1,http://innovationnext.jp/,200,unavailable,,https://innovationnext.jp/recruit.html,https://innovationnext.jp/recruit.html,homepageAnchor,Recruit 募集職種一覧,ownDomain,high,200,unavailable,INEXT株式会社｜INEXT株式会社,true,2,0,false,false,,,0,,false,2026-10-05T13:01:33.563Z
8010501050106,Ｌｉｇｈｔ　Ｓｔｕｄｉｏ株式会社,13:東京都,3人,1-4人,東京,1-4人 / 東京,1,https://www.lightstudio.co.jp/,200,allowed,,https://www.lightstudio.co.jp/recruit,https://www.lightstudio.co.jp/recruit,homepageAnchor,RECRUIT,ownDomain,high,200,allowed,RECRUIT | Light Studio ライトスタジオ,true,1,0,false,false,,,0,,false,2026-10-05T13:01:29.313Z
8010501053397,株式会社３Ｍａｒｋｅｔｉｎｇ,13:東京都,3人,1-4人,東京,1-4人 / 東京,1,https://3mrk.com/,200,allowed,,https://3mrk.com/recruit,https://3mrk.com/recruit,robotsSitemap,,ownDomain,low,200,allowed,株式会社3Marketing,false,2,2,false,false,,,0,,false,2026-10-05T13:01:33.002Z
8010601024653,ユニアデックス株式会社,13:東京都,2507人,1000人以上,東京,1000人以上 / 東京,1,https://www.uniadex.co.jp/sustainability/,200,allowed,,https://www.uniadex.co.jp/recruit/,https://www.uniadex.co.jp/recruit/,homepageAnchor,採用 情報,ownDomain,high,200,allowed,採用情報｜ユニアデックス株式会社,true,2,0,false,false,,,0,,false,2026-10-05T13:01:30.253Z
8010601028274,株式会社ＣＬＩＳ,13:東京都,420人,300-999人,東京,300-999人 / 東京,1,https://www.clis.co.jp,200,unavailable,,https://www.clis.co.jp/recruit/,https://www.clis.co.jp/recruit/,homepageAnchor,RECRUIT 採用サイト,ownDomain,high,200,unavailable,株式会社CLIS 採用サイト,true,2,0,false,false,,,0,,false,2026-10-05T13:01:31.912Z
8010601042572,株式会社サポータス,13:東京都,168人,100-299人,東京,100-299人 / 東京,1,https://supportas.co.jp,200,allowed,,https://recruit.supportas.co.jp/,https://recruit.supportas.co.jp/,homepageAnchor,JOIN US 採用情報,ownDomain,high,200,allowed,SUPPORTAS RECRUITING SITE｜みんなで成長できる会社を創る,true,1,0,false,false,,,0,,false,2026-10-05T13:01:35.219Z
8010601042812,株式会社フジ・ネクステラ・ラボ,13:東京都,222人,100-299人,東京,100-299人 / 東京,1,https://www.fnl.co.jp/,200,unavailable,,https://www.fnl.co.jp/recruit/,https://www.fnl.co.jp/recruit/,homepageAnchor,RECRUIT,ownDomain,high,200,unavailable,採用情報｜株式会社フジ・ネクステラ・ラボ,true,2,0,false,false,,,0,,false,2026-10-05T13:01:32.804Z
8010601042820,日本オフィス・システム株式会社,13:東京都,249人,100-299人,東京,100-299人 / 東京,1,http://www.nos.co.jp/,200,unavailable,,http://www.nos.co.jp/recruit/,http://www.nos.co.jp/recruit/,homepageAnchor,採用情報,ownDomain,high,200,unavailable,採用情報,true,3,0,false,false,,,0,,false,2026-10-05T13:01:33.438Z
8010601044643,グローバル・アスピレーションズ株式会社,13:東京都,21人,10-29人,東京,10-29人 / 東京,1,https://www.global-asp.co.jp,200,allowed,,https://www.global-asp.co.jp/recruit/,https://www.global-asp.co.jp/recruit/,homepageAnchor,RECRUIT,ownDomain,high,200,allowed,RECRUIT - グローバル・アスピレーションズ株式会社,true,5,0,false,false,,,0,,false,2026-10-05T13:01:39.577Z
8010601045212,株式会社セイビー,13:東京都,1人,1-4人,東京,1-4人 / 東京,1,https://savee.co.jp,200,allowed,,,,,,,,,,,,0,2,,false,,,0,,false,
8010601049329,株式会社リガーレジャパン,13:東京都,35人,30-99人,東京,30-99人 / 東京,1,https://rigarejapan.co.jp/,200,allowed,,https://rigarejapan.co.jp/recruit/works,https://rigarejapan.co.jp/recruit/works,robotsSitemap,,ownDomain,low,200,allowed,株式会社リガーレジャパン,false,20,2,false,false,,,0,,false,2026-10-05T13:01:39.384Z
8010601053504,ダフトクラフト株式会社,13:東京都,2人,1-4人,東京,1-4人 / 東京,1,https://daftcraft.co.jp/about,200,allowed,,https://daftcraft.co.jp/recruit,https://daftcraft.co.jp/recruit,homepageUrlPattern,詳細はこちら,ownDomain,medium,200,allowed,RECRUIT | ダフトクラフト株式会社,true,1,0,false,false,,,0,,false,2026-10-05T13:01:38.142Z
8010701002154,株式会社オプティマ,13:東京都,360人,300-999人,東京,300-999人 / 東京,1,http://www.opt.co.jp/,200,allowed,,https://www.opt.co.jp/recruit/,https://www.opt.co.jp/recruit/,homepageAnchor,採用サイト,ownDomain,high,200,allowed,Optima Recruit Site |,true,8,0,false,false,,,0,,false,2026-10-05T13:01:43.263Z
8010701003350,株式会社ＣＳＭソリューション,13:東京都,250人,100-299人,東京,100-299人 / 東京,1,https://www.cosmo.co.jp/company/activity/,200,allowed,,https://www.cosmo.co.jp/recruit,https://www.cosmo.co.jp/recruit/,homepageAnchor,採用情報 Recruit,ownDomain,high,200,allowed,株式会社CSMソリューション 採用情報 | 一緒に明日を切り開きましょう ～次世代のエンジニアになる、あなたに期待しています～,true,1,0,false,false,,,1,,false,2026-10-05T13:01:38.943Z
8010701005314,ソニーピーシーエル株式会社,13:東京都,423人,300-999人,東京,300-999人 / 東京,1,http://www.sonypcl.jp/,200,allowed,,https://www.sonypcl.jp/recruit/,https://www.sonypcl.jp/recruit/,homepageAnchor,RECRUIT,ownDomain,high,200,allowed,RECRUIT TOP（採用情報） | ソニーPCL株式会社,true,1,0,false,false,,,0,,false,2026-10-05T13:02:08.629Z
8010701005322,ソニーネットワークコミュニケーションズ株式会社,13:東京都,837人,300-999人,東京,300-999人 / 東京,1,https://www.sonynetwork.co.jp/,200,unavailable,,https://note.sonynetwork.co.jp/n/nd41fe0f23bbd?utm_source=Corp&utm_medium=referral&SmRcid=rd_crp_top_mb_6,https://note.sonynetwork.co.jp/n/nd41fe0f23bbd?SmRcid=rd_crp_top_mb_6&utm_medium=referral&utm_source=Corp&gs=7a11028e420defe79f2bb3a2b65e88ec,homepageAnchor,note 【最新版】そこまで言って大丈夫？ 気になる採用の質問に全部答えます！ 別ウィンドウで開きます,ownDomain,high,200,allowed,【最新版】そこまで言って大丈夫？ 気になる採用の質問に全部答えます！｜ソニーネットワークコミュニケーションズ公式note,true,1,0,false,false,,,2,,false,2026-10-05T13:01:40.463Z
8010701012252,株式会社テクノマックス,13:東京都,238人,100-299人,東京,100-299人 / 東京,1,https://www.t-max.co.jp/,200,unavailable,,https://www.t-max.co.jp/recruit/,https://www.t-max.co.jp/recruit/,homepageAnchor,採用：RECRUIT,ownDomain,high,200,unavailable,採用情報｜株式会社テクノマックス | テレビ番組制作・スタジオレンタル・編集・MA,true,2,0,false,false,,,0,,false,2026-10-05T13:01:40.806Z
8010701013696,アイティーソリューションズ株式会社,13:東京都,51人,30-99人,東京,30-99人 / 東京,1,https://www.itsol.co.jp/,200,unavailable,,https://www.itsol.co.jp/recruitment/index.html,https://www.itsol.co.jp/recruitment/index.html,homepageAnchor,RECRUIT 採用情報,ownDomain,high,200,unavailable,アイティソリューションズ株式会社 | リクルーティングサイト,true,1,0,false,false,,,0,,false,2026-10-05T13:01:41.452Z
8010701019066,コンピューターサイエンス株式会社,13:東京都,461人,300-999人,東京,300-999人 / 東京,1,https://www.cscnet.co.jp/,200,allowed,,https://www.cscnet.co.jp/recruit/,https://www.cscnet.co.jp/recruit/,homepageAnchor,RECRUIT,ownDomain,high,200,allowed,コンピューターサイエンス株式会社 RECRUIT,true,2,0,false,false,,,0,,false,2026-10-05T13:01:42.040Z
8010701019462,株式会社日立ソリューションズ,13:東京都,5129人,1000人以上,東京,1000人以上 / 東京,1,https://www.hitachi-solutions.co.jp/company/sustainability/worklifebalance/,200,unavailable,,https://www.hitachi-solutions.co.jp/recruit/,https://www.hitachi-solutions.co.jp/recruit/,homepageAnchor,採用情報,ownDomain,high,200,unavailable,日立ソリューションズ,true,5,0,false,false,,,0,,false,2026-10-05T13:01:45.816Z
8010701026434,株式会社ＤＹＭ,13:東京都,500人,300-999人,東京,300-999人 / 東京,1,http://dym.asia/,200,allowed,,https://dym.asia/recruit/,https://dym.asia/recruit/,homepageAnchor,採用情報 >,ownDomain,high,200,allowed,採用情報 | 株式会社DYM,true,17,0,false,false,,,0,,false,2026-10-05T13:01:48.442Z
8010701031120,株式会社フロンティアチャンネル,13:東京都,8人,5-9人,東京,5-9人 / 東京,1,https://frontierchannel.jp/newsrelease/koudou,200,allowed,,https://frontierchannel.jp/recruit/,https://frontierchannel.jp/recruit/,homepageAnchor,採用情報,ownDomain,high,200,allowed,採用情報 | フロンティアチャンネル,true,1,0,false,false,,,0,,false,2026-10-05T13:01:46.482Z
8010701032985,株式会社Ｓｋｅｗｅｒｓ,13:東京都,10人,10-29人,東京,10-29人 / 東京,1,http://skewers.be/,200,unavailable,,,,,,,,,,,,0,0,,false,,,0,,false,
8010701033554,株式会社ＲＩＬＡＲＣ,13:東京都,2人,1-4人,東京,1-4人 / 東京,1,https://rilarc.co.jp/ryouritsu/,200,allowed,,https://rilarc.co.jp/recruit,https://rilarc.co.jp/recruit/,homepageAnchor,Recruit 採用情報,ownDomain,high,200,allowed,採用情報 | RILARC（リラーク）｜AI開発・システム開発で企業の課題を解決,true,1,0,false,false,,,1,,false,2026-10-05T13:01:48.771Z
8010801010040,株式会社ＮＴＴデータエンジニアリングシステムズ,13:東京都,336人,300-999人,東京,300-999人 / 東京,1,https://www.nttd-es.co.jp/,200,allowed,,https://www.nttd-es.co.jp/recruit/,https://www.nttd-es.co.jp/recruit/,homepageAnchor,採用情報,ownDomain,high,200,allowed,採用情報 | 株式会社NTTデータエンジニアリングシステムズ,true,3,0,false,false,,,0,,false,2026-10-05T13:01:45.149Z
8010803004073,合同会社ななし,13:東京都,1人,1-4人,東京,1-4人 / 東京,1,https://nanashi-llc.com/health_and_employment_support/,404,allowed,http_404,,,,,,,,,,,0,3,,true,https://nanashi-llc.com/,200,0,,false,
8010901009370,株式会社ニッポンダイナミックシステムズ,13:東京都,150人,100-299人,東京,100-299人 / 東京,1,http://www.nds-tyo.co.jp/,200,allowed,,https://www.nds-tyo.co.jp/recruit/,https://www.nds-tyo.co.jp/recruit/,homepageAnchor,採用情報,ownDomain,high,200,allowed,採用情報｜株式会社ニッポンダイナミックシステムズ（NDS）,true,18,0,false,false,,,0,,false,2026-10-05T13:01:52.993Z
8010901018322,株式会社エスタイル,13:東京都,70人,30-99人,東京,30-99人 / 東京,1,https://estyle.co.jp/,200,allowed,,https://recruit.estyle.co.jp/,https://recruit.estyle.co.jp/,homepageAnchor,Recruit,ownDomain,high,200,allowed,,true,1,0,false,false,,,0,,false,2026-10-05T13:01:49.681Z
8010901020154,株式会社アカセ,13:東京都,21人,10-29人,東京,10-29人 / 東京,1,http://aks-system.co.jp/,200,allowed,,https://aks-system.co.jp/recruit/,https://aks-system.co.jp/recruit/,homepageAnchor,採用サイト,ownDomain,high,200,allowed,採用｜創意工夫でセカイに笑顔を広げるシステム開発会社 株式会社アカセ,true,7,0,false,false,,,0,,false,2026-10-05T13:01:56.676Z
8010901032653,株式会社エイチ,13:東京都,6人,5-9人,東京,5-9人 / 東京,1,http://eichiii.co.jp,200,allowed,,https://eichiii.co.jp/recruit/,https://eichiii.co.jp/recruit/,homepageAnchor,Recruit,ownDomain,low,200,allowed,株式会社エイチ | 出張・会議室・イベント手配をワンストップで提供,false,1,0,false,false,,,0,,false,2026-10-05T13:01:55.402Z
8010901041670,株式会社ＷｉｓｅＶｉｎｅ,38:愛媛県,31人,30-99人,その他,30-99人 / その他,1,https://corp.wise-vine.com/,200,allowed,,https://corp.wise-vine.com/recruit,https://corp.wise-vine.com/recruit,robotsSitemap,,ownDomain,medium,200,allowed,採用情報,true,4,3,false,false,,,0,,false,2026-10-05T13:01:56.915Z
8011001003974,株式会社ＮＨＫエンタープライズ,13:東京都,472人,300-999人,東京,300-999人 / 東京,1,https://www.nhk-ep.co.jp/,200,allowed,,https://recruit.nhk-ep.co.jp/,https://recruit.nhk-ep.co.jp/,homepageAnchor,RECRUIT 採用情報,ownDomain,high,200,unavailable,新卒採用サイト｜NHKエンタープライズ,true,2,0,false,false,,,0,,false,2026-10-05T13:01:52.179Z
8011001009773,株式会社ＪＲ東日本情報システム,13:東京都,1486人,1000人以上,東京,1000人以上 / 東京,1,https://www.jeis.co.jp/recruit/women.html,200,unavailable,,https://www.jeis.co.jp/recruit/apply.html,https://www.jeis.co.jp/recruit/apply.html,homepageAnchor,募集要項,ownDomain,high,200,unavailable,募集要項,true,25,0,false,false,,,0,,false,2026-10-05T13:01:54.364Z
8011001014542,ＴＤＣソフト株式会社,13:東京都,2388人,1000人以上,東京,1000人以上 / 東京,1,http://www.tdc.co.jp/,200,allowed,,https://www.tdc.co.jp/jobs/,https://www.tdc.co.jp/jobs/,homepageAnchor,採用,ownDomain,high,200,allowed,採用 | ＴＤＣソフト,true,1,0,false,false,,,0,,false,2026-10-05T13:02:02.024Z
8011001029631,株式会社ジェイアールシステム・エンジニアリング,13:東京都,307人,300-999人,東京,300-999人 / 東京,1,https://www.jrse.co.jp/,200,allowed,,https://www.jrse.co.jp/recruit/,https://www.jrse.co.jp/recruit/,homepageAnchor,採用情報,ownDomain,high,200,allowed,求める人材像 - 株式会社ジェイアールシステム・エンジニアリング,true,11,0,false,false,,,0,,false,2026-10-05T13:01:56.695Z
8011001034292,フリービット株式会社,13:東京都,255人,100-299人,東京,100-299人 / 東京,1,http://www.freebit.com/,200,allowed,,http://freebit.com/recruit/,http://freebit.com/recruit/,homepageAnchor,採用情報,ownDomain,high,200,allowed,採用情報 | フリービット株式会社,true,6,0,false,false,,,0,,false,2026-10-05T13:02:02.403Z
8011001034375,マカフィー株式会社,13:東京都,239人,100-299人,東京,100-299人 / 東京,1,https://www.mcafee.com/ja-jp/index.html,,unavailable,TypeError:ENOTFOUND,,,,,,,,,,,0,0,,true,https://www.mcafee.com/,,0,,false,
8011001051172,株式会社ＮＥＯＰＡ,13:東京都,19人,10-29人,東京,10-29人 / 東京,1,http://www.neopa.jp/,200,unavailable,,https://neopa.jp/recruit,https://neopa.jp/recruit,homepageAnchor,👤 採用🔥🔥,ownDomain,high,200,allowed,採用🔥🔥,true,1,0,false,false,,,0,,false,2026-10-05T13:02:11.432Z
8011001052939,株式会社Ｋ－ｒｅｌａｔｉｏｎｓ,13:東京都,1人,1-4人,東京,1-4人 / 東京,1,https://k-relations.com/wp/wp-content/uploads/2018/12/g_model.pdf,200,allowed,non_html_content,,,,,,,,,,,0,2,,true,https://k-relations.com/,200,0,,false,
8011001056064,株式会社ＹＡＺ,13:東京都,87人,30-99人,東京,30-99人 / 東京,1,https://www.yaz.co.jp/,200,allowed,,https://www.yaz.co.jp/careers,https://www.yaz.co.jp/careers,homepageAnchor,採用 CAREERS,ownDomain,high,200,allowed,採用 | アプリ開発・制作／システム開発のYAZ,true,8,0,false,false,,,0,,false,2026-10-05T13:02:03.138Z
8011001067425,かんぽシステムソリューションズ株式会社,13:東京都,846人,300-999人,東京,300-999人 / 東京,1,https://www.kamposol.jp-life.japanpost.jp/,200,unavailable,,https://www.kamposol.jp-life.japanpost.jp/recruit/,https://www.kamposol.jp-life.japanpost.jp/recruit/,homepageAnchor,採用情報,ownDomain,high,200,unavailable,採用情報 | かんぽシステムソリューションズ,true,6,0,false,false,,,0,,false,2026-10-05T13:02:01.150Z
8011001069074,ポート株式会社,13:東京都,890人,300-999人,東京,300-999人 / 東京,1,https://www.theport.jp/,200,allowed,,https://www.theport.jp/recruitment-info,https://www.theport.jp/recruitment-info,homepageAnchor,採用情報,ownDomain,high,200,allowed,RECRUIT｜ポート株式会社（PORT INC.）,true,3,0,false,false,,,0,,false,2026-10-05T13:02:04.430Z
8011001099443,株式会社フィールドキャスター,13:東京都,5人,5-9人,東京,5-9人 / 東京,1,https://fieldcaster.net/japan/,200,allowed,,https://recmovie.fieldcaster.net/,https://recmovie.fieldcaster.net/,homepageAnchor,採用動画制作「リクムビ」,ownDomain,high,200,allowed,成果にこだわる採用動画・生配信なら | リクムビ,true,1,0,false,false,,,0,,false,2026-10-05T13:02:05.934Z
8011001102173,Ｓｕｐｅｒｓｈｉｐ株式会社,13:東京都,384人,300-999人,東京,300-999人 / 東京,1,https://supership.jp/,200,allowed,,https://supership.jp/recruit/,https://supership.jp/recruit/,homepageAnchor,採用情報,ownDomain,high,200,allowed,,true,3,0,false,false,,,0,,false,2026-10-05T13:02:05.741Z
8011001106249,株式会社インフォバーン,13:東京都,96人,30-99人,東京,30-99人 / 東京,1,https://www.infobahn.co.jp/wp-content/themes/infobahn2016/file/koudoukeikaku.pdf,200,allowed,non_html_content,https://www.infobahn.co.jp/recruit/,https://www.infobahn.co.jp/recruit,homepageAnchor,採用情報,ownDomain,high,200,allowed,採用情報｜株式会社インフォバーン,true,2,0,false,true,https://www.infobahn.co.jp/,200,1,,false,2026-10-05T13:02:16.202Z
8011001106991,株式会社ワンキャリア,13:東京都,478人,300-999人,東京,300-999人 / 東京,1,https://onecareer.co.jp/,200,allowed,,https://recruit.onecareer.co.jp/,https://recruit.onecareer.co.jp/,homepageAnchor,Recruit,ownDomain,high,200,allowed,ワンキャリア採用サイト,true,16,0,false,false,,,0,,false,2026-10-05T13:02:08.820Z
8011001109417,株式会社トゥーアール,13:東京都,9人,5-9人,東京,5-9人 / 東京,1,https://www.to-r.net/,200,allowed,,,,,,,,,,,,0,0,,false,,,0,,false,
8011001112206,ＦＴエンタテインメント株式会社,13:東京都,13人,10-29人,東京,10-29人 / 東京,1,https://www.fte.co.jp/,200,allowed,,,,,,,,,,,,0,3,,false,,,0,,false,
8011001114292,ＥＡＧＬＹＳ株式会社,13:東京都,7人,5-9人,東京,5-9人 / 東京,1,https://eaglys.co.jp,200,allowed,,https://eaglys.co.jp/careers/,https://eaglys.co.jp/careers/,homepageAnchor,採用情報へ,ownDomain,high,200,allowed,採用情報 | EAGLYS,true,2,0,false,false,,,0,,false,2026-10-05T13:02:12.390Z
8011001116248,ＮｅｕｒｏＴｅｃｈ株式会社,13:東京都,14人,10-29人,東京,10-29人 / 東京,1,https://neuro-tech.jp,200,allowed,,https://neuro-tech.jp/recruit/,https://neuro-tech.jp/recruit/,homepageAnchor,RECRUIT 採用情報,ownDomain,high,200,allowed,採用情報｜NeuroTech株式会社(ニューロテック),true,1,0,false,false,,,0,,false,2026-10-05T13:02:13.542Z
8011001121909,株式会社クラス,13:東京都,146人,100-299人,東京,100-299人 / 東京,1,https://clas.style/,200,allowed,,,,,,,,,,,,0,3,,false,,,0,,false,
8011001122072,株式会社ｇｏｊｕｏｎ,13:東京都,20人,10-29人,東京,10-29人 / 東京,1,https://reform-reform.com/,200,allowed,,https://reform-reform.com/roof-insulation/,https://repair-navi.jp/roof-insulation/,homepageAnchor,外回り 屋根断熱の費用相場は？メリットやデメリット、断熱材の種類も徹底解説。DIYはできる？ 屋根断熱の費用やメリットとデメリット、断熱材の種類について徹底解説。DIYできるかや、業者に依頼する際の注意点もご紹介。屋根断熱を採用して屋根裏を有効活用したい方必見の記事です。 2024.03.17 外回り,otherDomain,low,200,allowed,屋根断熱の費用相場は？メリットやデメリット、断熱材の種類も徹底解説。DIYはできる？ - 修復ナビ,false,2,0,false,false,,,1,,false,2026-10-05T13:02:16.707Z
8011001122997,株式会社リセ,13:東京都,101人,100-299人,東京,100-299人 / 東京,1,https://lisse-law.com/company/,200,allowed,,https://corp.lisse-law.com/recruit/,https://corp.lisse-law.com/recruit/,homepageAnchor,採用情報,ownDomain,high,200,allowed,採用情報｜リーガルテックで企業の挑戦を支える｜株式会社リセ,true,4,0,false,false,,,0,,false,2026-10-05T13:02:18.918Z
8011001128788,株式会社Ｃｌａｐｐｅｒｓ,13:東京都,15人,10-29人,東京,10-29人 / 東京,1,https://clappers.jp,200,allowed,,https://clappers.jp/recruit/,https://clappers.jp/recruit/,homepageAnchor,RECRUIT,ownDomain,high,200,allowed,RECRUIT | 株式会社Clappers,true,1,0,false,false,,,0,,false,2026-10-05T13:02:15.960Z
8011001129357,株式会社Ａｉｒｚ,13:東京都,4人,1-4人,東京,1-4人 / 東京,1,https://airz.co.jp/,200,allowed,,https://airz.co.jp/recruit/,https://airz.co.jp/recruit/,homepageAnchor,採用情報 ,ownDomain,high,200,allowed,採用 | 株式会社Airz(エアーズ),true,1,0,false,false,,,0,,false,2026-10-05T13:02:16.323Z
8011001136543,イーモジャパン株式会社,13:東京都,20人,10-29人,東京,10-29人 / 東京,1,https://www.eeeemo.co.jp/,200,allowed,,https://www.eeeemo.co.jp/recruit/,https://www.eeeemo.co.jp/recruit/,homepageAnchor,採 採 用 用 情 情 報 報,ownDomain,high,200,allowed,EeeeMO Japan | EC運用を、AIで自動化する時代へ。,true,1,0,false,false,,,0,,false,2026-10-05T13:02:16.878Z
8011001150453,株式会社ＡＤＣ,13:東京都,3人,1-4人,東京,1-4人 / 東京,1,https://www.ad-c.com/,200,unavailable,,,,,,,,,,,,0,0,,false,,,0,,false,
8011001160064,株式会社ｉｚａｎａｍｉ,14:神奈川県,13人,10-29人,主要都市圏,10-29人 / 主要都市圏,1,https://iznm.tech/,200,allowed,,https://iznm.tech/recruit/,https://iznm.tech/recruit/,homepageAnchor,採用,ownDomain,high,200,allowed,採用情報 | 株式会社izanami,true,1,0,false,false,,,0,,false,2026-10-05T13:02:19.389Z
8011002029903,ケイアイエヌ有限会社,13:東京都,26人,10-29人,東京,10-29人 / 東京,1,http://www.kinproduction.jp,200,allowed,,https://www.kinproduction.jp/%E6%8E%A1%E7%94%A8%E6%83%85%E5%A0%B1-1/,https://www.kinproduction.jp/%E6%8E%A1%E7%94%A8%E6%83%85%E5%A0%B1-1/,homepageAnchor,採用情報,ownDomain,high,200,allowed,"採用情報 Recruit - ケイアイエヌ有限会社 渋谷にあるクリエイティブプロダクション 4K,インフォグラフィックス",true,1,0,false,false,,,0,,false,2026-10-05T13:13:45.434Z
8011003010416,Ｒｉｍｏ合同会社,13:東京都,7人,5-9人,東京,5-9人 / 東京,1,https://rimo.app,200,allowed,,https://rimo.app/@rimo/advent2025-ai-gyokai-career,https://rimo.app/@rimo/advent2025-ai-gyokai-career,robotsSitemap,,ownDomain,low,200,allowed,,,1,1,,false,,,0,,false,2026-10-05T13:02:21.555Z
8011005000968,日本放送協会,13:東京都,10268人,1000人以上,東京,1000人以上 / 東京,1,http://www.nhk.or.jp,,allowed,TypeError:ENOTFOUND,https://www.nhk.or.jp/saiyo/,https://www.nhk.or.jp/saiyo/,robotsSitemap,,ownDomain,medium,200,unavailable,新卒採用情報 | NHK,true,1,2,false,false,,,0,,false,2026-10-05T13:13:45.377Z
8011101005838,株式会社クロステレビ,13:東京都,320人,300-999人,東京,300-999人 / 東京,1,http://www.crosstv.co.jp/,301,allowed,TypeError:ENOTFOUND,,,,,,,,,,,0,1,,false,,,0,,false,
8011101009566,株式会社食品速報,13:東京都,32人,30-99人,東京,30-99人 / 東京,1,https://news.syokuhinsokuho.jp,200,allowed,,,,,,,,,,,,0,1,,false,,,0,,false,
8011101022577,株式会社理経,13:東京都,133人,100-299人,東京,100-299人 / 東京,1,http://www.rikei.co.jp/,301,allowed,TypeError:ENOTFOUND,,,,,,,,,,,0,0,,false,,,0,,false,
8011101028104,ＮＴＴ東日本株式会社,13:東京都,14652人,1000人以上,東京,1000人以上 / 東京,1,http://www.ntt-east.co.jp/,,unavailable,TypeError:ENOTFOUND,,,,,,,,,,,0,0,,false,,,0,,false,
8011101032948,株式会社メタフェイズ,13:東京都,30人,30-99人,東京,30-99人 / 東京,1,https://www.metaphase.co.jp/,,unavailable,TypeError:ENOTFOUND,,,,,,,,,,,0,0,,false,,,0,,false,
8011101038020,ジークス株式会社,13:東京都,42人,30-99人,東京,30-99人 / 東京,1,http://www.zeax.co.jp/,,unavailable,TypeError:ENOTFOUND,,,,,,,,,,,0,0,,false,,,0,,false,
8011101042897,株式会社エーエルジェイ,13:東京都,140人,100-299人,東京,100-299人 / 東京,1,https://www.al-j.co.jp,200,unavailable,,https://www.al-j.co.jp/recruitment,https://www.al-j.co.jp/recruitment/,homepageAnchor,採用情報,ownDomain,high,200,unavailable,採用情報｜株式会社エーエルジェイ,true,2,0,false,false,,,1,,false,2026-10-05T13:13:37.058Z
8011101045347,株式会社クロスゲームズ,13:東京都,130人,100-299人,東京,100-299人 / 東京,1,https://www.cross-games.jp/,200,unavailable,,https://www.cross-games.jp/recruit/,https://www.cross-games.jp/recruit/,homepageAnchor,採用情報,ownDomain,high,200,unavailable,ゲーム開発の採用情報｜求人・キャリア募集｜クロスゲームズ,true,2,0,false,false,,,0,,false,2026-10-05T13:13:35.482Z
8011101052087,コンパス株式会社,13:東京都,99人,30-99人,東京,30-99人 / 東京,1,https://cmps.jp/,200,unavailable,,https://recruit.lp.cmps.jp/,https://recruit.lp.cmps.jp/,homepageAnchor,新たな一歩を踏み出そう！未経験・第二新卒歓迎ITエンジニア募集 未経験からなれる環境がここにある 未経験者の方はこちらから,ownDomain,high,200,allowed,未経験からエンジニアになれる｜コンパス株式会社採用サイト,true,4,0,true,false,,,0,https://recruit.cmps.jp/?_gl=1*1mroiuv*_gcl_au*MTY3ODM5MjY1OS4xNzQwMTI2Mzk5,true,2026-10-05T13:13:35.423Z
8011101054760,株式会社ＰｒｏＵＰ,13:東京都,6人,5-9人,東京,5-9人 / 東京,1,https://proup.co.jp/,200,unavailable,,https://proup.co.jp/recruit/,https://proup.co.jp/recruit/,homepageAnchor,Recruit,ownDomain,high,200,unavailable,Recruit-採用 | 株式会社ProUP,true,3,0,false,false,,,0,,false,2026-10-05T13:13:35.628Z
8011101056625,株式会社ｇｕｍｉ,13:東京都,309人,300-999人,東京,300-999人 / 東京,1,http://gu3.co.jp/,200,allowed,,https://gu3.co.jp/recruit/,https://gu3.co.jp/recruit/,homepageAnchor,RECRUIT,ownDomain,high,200,allowed,採用TOP | 株式会社gumi採用サイト,true,1,0,false,false,,,0,,false,2026-10-05T13:13:41.781Z
8011101060882,スマートツー株式会社,13:東京都,15人,10-29人,東京,10-29人 / 東京,1,http://www.smart2j.com/,200,unavailable,,,,,,,,,,,,0,0,,false,,,0,,false,
8011101060998,ＢＰＳ株式会社,13:東京都,53人,30-99人,東京,30-99人 / 東京,1,https://www.bpsinc.jp/,200,allowed,,https://www.bpsinc.jp/recruit.html,https://www.bpsinc.jp/recruit.html,homepageAnchor,RECRUIT 採用情報,ownDomain,high,200,allowed,採用情報 | BPS株式会社,true,1,0,false,false,,,0,,false,2026-10-05T13:13:39.797Z
8011101061022,株式会社デジタルグローバルシステムズ,13:東京都,12人,10-29人,東京,10-29人 / 東京,1,http://www.dgs-j.com/,200,allowed,,https://www.dgs-j.com/company/recruit/,https://www.dgs-j.com/company/recruit/,homepageAnchor,採用情報,ownDomain,high,200,allowed,採用情報 - 株式会社デジタルグローバルシステムズ,true,1,0,false,false,,,0,,false,2026-10-05T13:13:47.167Z
8011101084881,株式会社サンナレッジ,13:東京都,15人,10-29人,東京,10-29人 / 東京,1,https://s-knowledge.co.jp/company/,200,allowed,,https://s-knowledge.co.jp/saiyou/,https://s-knowledge.co.jp/saiyou/,homepageAnchor,採用情報,ownDomain,high,200,allowed,採用情報 - 株式会社サンナレッジ,true,1,0,false,false,,,0,,false,2026-10-05T13:13:41.679Z
8011101090970,ＮＥＷＪＩ株式会社,13:東京都,1人,1-4人,東京,1-4人 / 東京,1,https://company.newji.ai,200,unavailable,,,,,,,,,,,,0,0,,false,,,0,,false,
8011101100779,株式会社ｃｒａｃｏ,13:東京都,7人,5-9人,東京,5-9人 / 東京,1,https://craco.co.jp/,200,allowed,,,,,,,,,,,,0,3,,false,,,0,,false,
8011101112709,ファイナンスメディア株式会社,13:東京都,8人,5-9人,東京,5-9人 / 東京,1,https://finance-media.jp/,200,allowed,,,,,,,,,,,,0,3,,false,,,0,,false,
8011201001828,株式会社コンピュータネットワーク,13:東京都,138人,100-299人,東京,100-299人 / 東京,1,http://www.cnt.co.jp/,200,unavailable,,,,,,,,,,,,0,0,,false,,,0,,false,
8011201012767,株式会社ＮＯＮＡＧＲＡＭ　ＣＲＥＡＴＥ,13:東京都,8人,5-9人,東京,5-9人 / 東京,1,https://9gram.net/,200,allowed,,,,,,,,,,,,0,2,,false,,,0,,false,
8011201014326,株式会社スタイル・エッジ,13:東京都,345人,300-999人,東京,300-999人 / 東京,1,https://styleedge.co.jp/about/company/,200,allowed,,https://recruit.styleedge.co.jp/,https://recruit.styleedge.co.jp/,homepageAnchor,採用情報,ownDomain,high,200,allowed,スタイル・エッジ 採用サイト,true,2,0,false,false,,,0,,false,2026-10-05T13:13:54.572Z
8011201014598,コグラフ株式会社,13:東京都,32人,30-99人,東京,30-99人 / 東京,1,http://co-graph.com/,,unavailable,TypeError:ENOTFOUND,,,,,,,,,,,0,0,,false,,,0,,false,
8011301018061,ＭＳ＆ＡＤシステムズ株式会社,13:東京都,1841人,1000人以上,東京,1000人以上 / 東京,1,https://www.ms-ad-systems.com/,200,allowed,,https://www.ms-ad-systems.com/ja/recruit/fresh.html,https://www.ms-ad-systems.com/ja/recruit/fresh.html,homepageAnchor,新卒・キャリア採用,ownDomain,high,200,allowed,新卒・キャリア採用 | 採用情報 | ＭＳ＆ＡＤシステムズ株式会社,true,2,0,false,false,,,0,,false,2026-10-05T13:13:54.960Z
8011303001461,合同会社ファニプロ,13:東京都,14人,10-29人,東京,10-29人 / 東京,1,https://www.funnypro.net/,200,allowed,,https://www.funnypro.net/works/web-jione-recruit.html,https://www.funnypro.net/works/web-jione-recruit.html,homepageAnchor,株式会社ジオン商事様 採用サイト by PAKETUNE,ownDomain,high,200,allowed,株式会社ジオン商事様 採用サイト｜ファニプロ,true,13,0,false,false,,,0,,false,2026-10-05T13:13:53.946Z
8011401011354,株式会社ソリューションファクトリー,13:東京都,35人,30-99人,東京,30-99人 / 東京,1,https://www.solutionfactory.co.jp/,200,allowed,,https://www.solutionfactory.co.jp/recruitment,https://www.solutionfactory.co.jp/recruitment,homepageAnchor,採用情報,ownDomain,high,200,allowed,採用情報 | 株式会社ソリューションファクトリー,true,3,0,false,false,,,0,,false,2026-10-05T13:13:53.973Z
8011401013631,株式会社ホワイトオフィス,13:東京都,10人,10-29人,東京,10-29人 / 東京,1,https://www.whiteoffice.co.jp,200,allowed,,https://employment.en-japan.com/desc_1190793,,homepageLinkToJobPlatform,エン転職,jobPlatform,low,,,,,1,0,,false,,,0,,false,
8011401023647,株式会社テクノイド,13:東京都,2人,1-4人,東京,1-4人 / 東京,1,https://technoid.co.jp/,200,allowed,,,,,,,,,,,,0,0,,false,,,0,,false,
8011501022020,株式会社プリンスソフト,13:東京都,17人,10-29人,東京,10-29人 / 東京,1,http://www.prc-s.com,200,unavailable,,https://www.prc-s.com/recruit/recruit.html,https://www.prc-s.com/recruit/recruit.html,homepageAnchor,採用情報,ownDomain,high,200,unavailable,採用HOME | 株式会社プリンスソフト,true,10,0,false,false,,,0,,false,2026-10-05T13:13:57.859Z
8011601004645,東映アニメーション株式会社,13:東京都,758人,300-999人,東京,300-999人 / 東京,1,https://corp.toei-anim.co.jp/ja/company/diversity.html,200,allowed,,https://recruit.toei-anim.co.jp/recruit_grad/,https://recruit.toei-anim.co.jp/recruit_grad/,homepageAnchor,新卒採用,ownDomain,high,200,unavailable,東映アニメーション採用サイト,true,46,0,false,false,,,0,,false,2026-10-05T13:13:53.922Z
8011801026480,アドバンスド・ソリューション株式会社,13:東京都,24人,10-29人,東京,10-29人 / 東京,1,https://www.advanced-solution.jp/,200,allowed,,https://www.advanced-solution.jp/recruit/,https://www.advanced-solution.jp/recruit/,homepageAnchor,採用情報,ownDomain,high,200,allowed,"採用情報 | アドバンスド・ソリューション株式会社｜ADS Co., Ltd.",true,1,0,false,false,,,0,,false,2026-10-05T13:13:55.131Z
8011801032561,ストックマーク株式会社,13:東京都,115人,100-299人,東京,100-299人 / 東京,1,https://stockmark.co.jp/,200,allowed,,https://stockmark.co.jp/recruit/,https://stockmark.co.jp/recruit/,homepageAnchor,採用情報,ownDomain,high,200,allowed,採用情報 | ストックマーク株式会社,true,1,0,false,false,,,0,,false,2026-10-05T13:13:57.512Z
8012301007541,株式会社ラグザイア,13:東京都,40人,30-99人,東京,30-99人 / 東京,1,http://www.luxiar.com/,200,allowed,,https://www.luxiar.com/recruit,https://www.luxiar.com/recruit/,homepageAnchor,RECRUIT,ownDomain,high,200,allowed,採用情報 | 株式会社ラグザイア,true,1,0,false,false,,,1,,false,2026-10-05T13:14:04.803Z
8012401000462,株式会社クレスト,13:東京都,32人,30-99人,東京,30-99人 / 東京,1,http://www.wns.co.jp/,200,unavailable,,https://www.wns.co.jp/crest/recruit/index.html,https://www.wns.co.jp/crest/recruit/,homepageAnchor,採用情報 -Recruit-,ownDomain,high,200,unavailable,採用情報｜クレストリクルートサイト,true,4,0,false,false,,,1,,false,2026-10-05T13:14:03.289Z
8012401013720,株式会社インターソフト,13:東京都,8人,5-9人,東京,5-9人 / 東京,1,https://intersoft.co.jp/,200,allowed,,https://intersoft.co.jp/recruit.html,https://intersoft.co.jp/recruit.html,homepageAnchor,採用情報,ownDomain,high,200,allowed,採用情報｜株式会社インターソフト,true,1,0,false,false,,,0,https://intersoft.co.jp/recruit.html,true,2026-10-05T13:13:57.164Z
8012403002399,株式会社ＴａｋｅＦｕｎＳｙｓｔｅｍ,13:東京都,14人,10-29人,東京,10-29人 / 東京,1,http://www.takefun.co.jp/,200,unavailable,,https://www.takefun.co.jp/recruit/,https://www.takefun.co.jp/recruit/,homepageAnchor,採用情報,ownDomain,high,200,unavailable,株式会社TakeFunSystem,true,1,0,false,false,,,0,,false,2026-10-05T13:14:03.830Z
8012801001168,東洋システム株式会社,13:東京都,170人,100-299人,東京,100-299人 / 東京,1,https://www.toyosystem.co.jp/,200,unavailable,,https://www.toyosystem.co.jp/recruit/,https://www.toyosystem.co.jp/recruit/,homepageAnchor,採用情報,ownDomain,high,200,unavailable,採用情報 | 東洋システム株式会社,true,12,0,false,false,,,0,,false,2026-10-05T13:13:58.080Z
8012801006761,株式会社テイルウィンドシステム,13:東京都,225人,100-299人,東京,100-299人 / 東京,1,https://www.tailwind.co.jp/,200,allowed,,https://www.tailwind.co.jp/recruit/,https://www.tailwind.co.jp/recruit/,homepageAnchor,採用情報,ownDomain,high,200,allowed,採用 - テイルウィンドシステム,true,7,0,false,false,,,0,,false,2026-10-05T13:13:59.858Z
8012801008460,株式会社ＧｏＡ,13:東京都,12人,10-29人,東京,10-29人 / 東京,1,https://www.goa-corp.com/sdgs/,200,allowed,,https://www.goa-corp.com/recruit/,https://www.goa-corp.com/recruit/,homepageAnchor,採用情報,ownDomain,high,200,allowed,ホームページ制作の求人情報（正社員・アルバイト募集）｜株式会社GoA,true,1,0,false,false,,,0,,false,2026-10-05T13:14:00.483Z
8012801009054,ＳＯＭＰＯシステムズ株式会社,13:東京都,1344人,1000人以上,東京,1000人以上 / 東京,1,https://www.sompo-sys.com/recruit/culture/work_life.html,200,unavailable,,https://www.sompo-sys.com/recruit/privacy.html,https://www.sompo-sys.com/recruit/privacy.html,homepageAnchor,採用における個人情報の取り扱い,ownDomain,high,200,unavailable,採用における個人情報の取り扱い｜ＳＯＭＰＯシステムズ株式会社,true,24,0,false,false,,,0,,false,2026-10-05T13:14:00.689Z
8013201010775,株式会社ブイキューブ,13:東京都,344人,300-999人,東京,300-999人 / 東京,1,https://contents.xj-storage.jp/xcontents/05997/df7b520d/fb39/454b/bc02/a66b8f1e0d4c/S100Y1NL.pdf,,blocked,blocked_by_robots,,,,,,,,,,,0,0,,true,https://contents.xj-storage.jp/,,0,,false,
8013201017985,株式会社ディグロス,13:東京都,245人,100-299人,東京,100-299人 / 東京,1,https://dgloss.co.jp/,200,allowed,,https://dgloss.co.jp/recruit,https://dgloss.co.jp/recruit/,homepageAnchor,Recruitment 採用情報,ownDomain,high,200,allowed,採用情報 | 株式会社ディグロス,true,1,0,false,false,,,1,,false,2026-10-05T13:14:03.024Z
8013201019057,ＮＴＴデータソフィア株式会社,13:東京都,790人,300-999人,東京,300-999人 / 東京,1,https://www.nttdsofia.co.jp/,200,unavailable,,https://www.nttdsofia.co.jp/recruit/,https://www.nttdsofia.co.jp/recruit/,homepageAnchor,採用情報,ownDomain,high,200,unavailable,採用情報｜NTTデータソフィア株式会社,true,5,0,false,false,,,0,,false,2026-10-05T13:14:01.188Z
8013301000957,株式会社イージーアイ,13:東京都,18人,10-29人,東京,10-29人 / 東京,1,http://www.egi.co.jp/,200,unavailable,,https://www.egi.co.jp/saiyou.html,https://www.egi.co.jp/saiyou.html,homepageAnchor,採用情報,ownDomain,high,200,unavailable,株式会社イージーアイ,true,2,0,false,false,,,0,,false,2026-10-05T13:14:07.590Z
8013301007853,テラテクノロジー株式会社,13:東京都,357人,300-999人,東京,300-999人 / 東京,1,https://www.teratech.co.jp/,200,allowed,,https://www.teratech.co.jp/recruit/,https://www.teratech.co.jp/recruit/,homepageAnchor,採用情報,ownDomain,high,200,allowed,テラテクノロジー株式会社 採用サイト,true,1,0,false,false,,,0,,false,2026-10-05T13:14:05.126Z
8013301009255,株式会社日本シスラボ,13:東京都,28人,10-29人,東京,10-29人 / 東京,1,http://www.jslabo.com,200,unavailable,,https://jslabo.com/recruit.html,https://jslabo.com/recruit.html,homepageAnchor,採用情報,ownDomain,high,200,unavailable,株式会社日本シスラボ｜採用情報,true,2,0,false,false,,,0,,false,2026-10-05T13:14:08.495Z
8013301038345,株式会社ＥＰＡＲＫリラク＆エステ,13:東京都,169人,100-299人,東京,100-299人 / 東京,1,https://mitsuraku.jp/,200,unavailable,,,,,,,,,,,,0,0,,false,,,0,,false,
8013301042454,株式会社ＭＡＺＩＮ,13:東京都,20人,10-29人,東京,10-29人 / 東京,1,https://www.mazin.tech/,200,allowed,,https://www.mazin.tech/docs/terms-recruiting-support,https://www.mazin.tech/docs/terms-recruiting-support,robotsSitemap,,ownDomain,medium,200,allowed,採用支援業務委託サービス利用規約 | 株式会社MAZIN,true,2,1,false,false,,,0,,false,2026-10-05T13:14:08.704Z
8020001016291,株式会社横浜電算,14:神奈川県,79人,30-99人,主要都市圏,30-99人 / 主要都市圏,1,https://yokohamadensan.com/,,unavailable,TypeError:UNABLE_TO_VERIFY_LEAF_SIGNATURE,,,,,,,,,,,0,0,,false,,,0,https://yokohamadensan.com/recruit-renewal/,true,
8020001030879,株式会社テレビ神奈川,14:神奈川県,111人,100-299人,主要都市圏,100-299人 / 主要都市圏,1,http://www.tvk-yokohama.com/,200,unavailable,,https://www.tvk-yokohama.com/career_26/,https://www.tvk-yokohama.com/career_26/,homepageAnchor,2026年度 キャリア採用（技術職）,ownDomain,high,200,unavailable,キャリア採用のお知らせ | デジタル3ch テレビ神奈川,true,2,0,false,false,,,0,,false,2026-10-05T13:14:11.520Z
8020001032470,株式会社テラ,14:神奈川県,168人,100-299人,主要都市圏,100-299人 / 主要都市圏,1,http://www.terracom.co.jp/,200,allowed,,https://www.terracom.co.jp/recruit,https://www.terracom.co.jp/recruit/,homepageAnchor,RECRUIT,ownDomain,high,200,allowed,RECRUIT ｜ TERRA｜株式会社テラ,true,1,0,false,false,,,1,,false,2026-10-05T13:14:11.851Z
8020001039078,ゾーホージャパン株式会社,14:神奈川県,141人,100-299人,主要都市圏,100-299人 / 主要都市圏,1,http://www.zoho.co.jp/,200,allowed,,https://www.zoho.co.jp/recruit/,https://www.zoho.co.jp/recruit/,homepageAnchor,採用情報,ownDomain,high,200,allowed,採用情報｜ ゾーホージャパン株式会社,true,2,0,false,false,,,0,,false,2026-10-05T13:14:13.945Z
8020001043542,株式会社オーク,14:神奈川県,9人,5-9人,主要都市圏,5-9人 / 主要都市圏,1,http://www.oaksway.com/,200,allowed,,https://www.oaksway.com/recruit/index.html,https://www.oaksway.com/recruit/index.html,homepageAnchor,採用情報,ownDomain,high,200,allowed,採用情報｜株式会社オーク,true,1,0,false,false,,,0,,false,2026-10-05T13:14:12.851Z
8020001045836,株式会社ファインネットコミュニケーション,14:神奈川県,42人,30-99人,主要都市圏,30-99人 / 主要都市圏,1,https://finenc.com/,200,allowed,,https://finenc.com/recruit/,https://finenc.com/recruit/,homepageAnchor,recruit,ownDomain,high,200,allowed,採用情報 – Fine Net Communication,true,1,0,false,false,,,0,,false,2026-10-05T13:14:11.073Z
8020001049721,ボッシュエンジニアリング株式会社,14:神奈川県,54人,30-99人,主要都市圏,30-99人 / 主要都市圏,1,https://www.bosch-engineering.jp/ja/jp/home_4/startpage.html,200,allowed,,https://www.bosch-engineering.jp/%E6%8E%A1%E7%94%A8%E6%83%85%E5%A0%B1/,https://www.bosch-engineering.jp/%E6%8E%A1%E7%94%A8%E6%83%85%E5%A0%B1/,homepageUrlPattern,概要,ownDomain,medium,200,allowed,採用情報 | Bosch Engineering,true,3,0,false,false,,,0,https://en-gage.net/bosch_engineering/,true,2026-10-05T13:14:13.674Z
8020001055777,アイフォーコム株式会社,14:神奈川県,350人,300-999人,主要都市圏,300-999人 / 主要都市圏,1,http://www.iforcom.jp/,200,allowed,,https://www.iforcom.jp/recruit/,https://www.iforcom.jp/recruit/,homepageAnchor,採用情報,ownDomain,high,200,allowed,採用情報 | アイフォーコム株式会社,true,9,0,false,false,,,0,,false,2026-10-05T13:14:18.039Z
8020001060166,株式会社ＸＹＺ,14:神奈川県,2人,1-4人,主要都市圏,1-4人 / 主要都市圏,1,https://xyz-ltd.co.jp/,200,allowed,,https://xyz-ltd.co.jp/recruit/,https://xyz-ltd.co.jp/recruit/,homepageAnchor,採用情報,ownDomain,high,200,allowed,採用情報｜株式会社XYZ,true,1,0,false,false,,,0,,false,2026-10-05T13:14:12.781Z
8020001071758,ＮＲＩシステムテクノ株式会社,14:神奈川県,406人,300-999人,主要都市圏,300-999人 / 主要都市圏,1,http://www.nri-st.co.jp/,200,unavailable,,https://www.nri-st.co.jp/recruit/,https://www.nri-st.co.jp/recruit/,homepageAnchor,採用情報トップ,ownDomain,high,200,unavailable,採用情報 | NRIシステムテクノ株式会社,true,17,0,false,false,,,0,,false,2026-10-05T13:14:19.036Z
8020001080940,テセラ・テクノロジー株式会社,14:神奈川県,56人,30-99人,主要都市圏,30-99人 / 主要都市圏,1,https://www.tessera.co.jp/,200,unavailable,,https://www.tessera.co.jp/recruit/index.html,https://www.tessera.co.jp/recruit/index.html,homepageAnchor,採用情報,ownDomain,high,200,unavailable,採用情報｜テセラ・テクノロジー株式会社,true,3,0,false,false,,,0,,false,2026-10-05T13:14:14.608Z
8020001082235,株式会社リープ,13:東京都,36人,30-99人,東京,30-99人 / 東京,1,https://leapinc.co.jp/company.html,200,unavailable,,https://leapinc.co.jp/recruit.html,https://leapinc.co.jp/recruit.html,homepageAnchor,採用情報,ownDomain,high,200,unavailable,株式会社リープ,true,1,0,false,false,,,0,,false,2026-10-05T13:14:15.013Z
8020001086566,株式会社プリマジェスト,13:東京都,2417人,1000人以上,東京,1000人以上 / 東京,1,https://www.primagest.co.jp/company/,200,allowed,,https://www.primagest.co.jp/recruit/,https://www.primagest.co.jp/recruit/,homepageAnchor,採用情報,ownDomain,high,200,allowed,採用情報｜プリマジェスト,true,5,0,false,false,,,0,,false,2026-10-05T13:14:16.189Z
8020001110953,Ｅ－ｋａｎ株式会社,13:東京都,13人,10-29人,東京,10-29人 / 東京,1,https://e-kan.tokyo/,200,unavailable,,https://e-kan.tokyo/ecareer.html,https://e-kan.tokyo/ecareer.html,homepageAnchor,ecareer -イイキャリ-,ownDomain,high,200,unavailable,E-kan株式会社 「ecareer -イイキャリ-」 | 全てのITエンジニアに活力を！IT転職からキャリアアップ・フリーランス独立支援サイト,true,4,0,false,false,,,0,,false,2026-10-05T13:14:16.025Z
8020001143862,株式会社Ｒ２,14:神奈川県,4人,1-4人,主要都市圏,1-4人 / 主要都市圏,1,https://remoterobotics.co.jp/,200,allowed,,,,,,,,,,,,0,2,,false,,,0,,false,
8021001008106,株式会社ＦＶコンサルティング,14:神奈川県,1人,1-4人,主要都市圏,1-4人 / 主要都市圏,1,https://fv-shonan.com/,200,allowed,,,,,,,,,,,,0,0,,false,,,0,,false,
8021001065353,株式会社Ｌｉｂｅｒｔａｄ,14:神奈川県,4人,1-4人,主要都市圏,1-4人 / 主要都市圏,1,https://libertad-inc.co.jp/wp/company/,200,unavailable,,,,,,,,,,,,0,0,,true,https://libertad-inc.co.jp/,200,0,,false,
8030001021646,株式会社ＯＫＩソフトウェア,11:埼玉県,1247人,1000人以上,主要都市圏,1000人以上 / 主要都市圏,1,https://www.oki-osk.jp/,403,unavailable,http_403,,,,,,,,,,,0,0,,false,,,0,,false,
8030001030408,株式会社アイキューブ・マーケティング,13:東京都,141人,100-299人,東京,100-299人 / 東京,1,https://icube-m.com/,200,allowed,,https://icube-m.com/recruit/,https://icube-marketing-recruit.com/,homepageAnchor,Recruit Info,otherDomain,high,200,allowed,採用情報 - アイキューブ・マーケティング採用情報|,true,3,0,false,false,,,2,,false,2026-10-05T13:14:24.523Z
8030001057574,株式会社タカインフォテクノ,11:埼玉県,212人,100-299人,主要都市圏,100-299人 / 主要都市圏,1,https://www.taka-infotechno.co.jp/,200,allowed,,https://lp.taka-infotechno.co.jp/recruit,https://lp.taka-infotechno.co.jp/recruit,homepageUrlPattern,TAKAで働く,ownDomain,low,200,unavailable,TAKAで働く,false,3,0,false,false,,,0,,false,2026-10-05T13:14:19.873Z
8030001075015,彩ネット株式会社,11:埼玉県,22人,10-29人,主要都市圏,10-29人 / 主要都市圏,1,http://www.sainet.ne.jp/,200,allowed,,https://www.sainet.ne.jp/corporation/recruit/,https://www.sainet.ne.jp/corporation/recruit/,homepageAnchor,採用情報,ownDomain,high,200,allowed,採用情報 – SaiNet – 彩ネット株式会社,true,1,0,false,false,,,0,,false,2026-10-05T13:14:24.825Z
8030002016471,有限会社エムエンタープライズ,11:埼玉県,5人,5-9人,主要都市圏,5-9人 / 主要都市圏,1,http://m-enterprise.muse.weblife.me/index.html/index.html,200,unavailable,,,,,,,,,,,,0,0,,true,http://m-enterprise.muse.weblife.me/,200,0,,false,
8030003002058,ベストプランナー合同会社,11:埼玉県,3人,1-4人,主要都市圏,1-4人 / 主要都市圏,1,https://bestplanner.co.jp/,200,allowed,,https://bestplanner.co.jp/recruit/,https://bestplanner.co.jp/recruit/,homepageAnchor,求人情報,ownDomain,high,200,allowed,求人情報 | 埼玉のIT参謀,true,3,0,false,false,,,0,,false,2026-10-05T13:14:21.811Z
8040001003619,住友林業情報システム株式会社,12:千葉県,189人,100-299人,主要都市圏,100-299人 / 主要都市圏,1,http://www.sumirin.co.jp/,200,unavailable,,https://www.sumirin.co.jp/recruiting/index.html,https://www.sumirin.co.jp/recruiting/index.html,homepageAnchor,採用情報,ownDomain,high,200,unavailable,住友林業情報システム | 採用情報,true,15,0,false,false,,,0,,false,2026-10-05T13:14:26.243Z
8040001011332,株式会社マスターマインド,13:東京都,5人,5-9人,東京,5-9人 / 東京,1,http://www.mastermindco.com/,403,unavailable,http_403,,,,,,,,,,,0,0,,false,,,0,,false,
8040001014715,株式会社日立ケーイーシステムズ,12:千葉県,444人,300-999人,主要都市圏,300-999人 / 主要都市圏,1,https://www.hke.jp/,200,allowed,,https://www.hke.jp/recruit/rec_index.htm,https://www.hke.jp/recruit/rec_index.htm,homepageAnchor,採用情報,ownDomain,high,200,allowed,採用情報：日立ケーイーシステムズ,true,6,0,false,false,,,0,,false,2026-10-05T13:14:22.217Z
8040001036668,株式会社フェーズワン,12:千葉県,98人,30-99人,主要都市圏,30-99人 / 主要都市圏,1,http://www.phase1.co.jp,200,unavailable,,https://www.phase1.co.jp/recruit,https://www.phase1.co.jp/recruit/,homepageAnchor,採用,ownDomain,high,200,unavailable,株式会社フェーズワン 採用サイト,true,1,0,false,false,,,1,,false,2026-10-05T13:14:29.259Z
8040001063472,株式会社エヌアイデイ,12:千葉県,1148人,1000人以上,主要都市圏,1000人以上 / 主要都市圏,1,http://www.nid.co.jp/,503,unavailable,http_503,,,,,,,,,,,0,0,,false,,,0,,false,
8040001093164,株式会社ＴｅＤａＭａ,13:東京都,3人,1-4人,東京,1-4人 / 東京,1,https://blog.tedama.co.jp/,403,unavailable,http_403,,,,,,,,,,,0,0,,false,,,0,,false,
8040001115876,株式会社ｓｐｉｋｅｒ,12:千葉県,2人,1-4人,主要都市圏,1-4人 / 主要都市圏,1,https://www.spiker.jp/,200,unavailable,,https://www.spiker.jp/recruit,https://www.spiker.jp/recruit,homepageAnchor,採用情報,ownDomain,high,200,unavailable,採用情報,true,1,0,false,false,,,0,,false,2026-10-05T13:14:26.330Z
8050001000763,株式会社川又感光社,08:茨城県,45人,30-99人,その他,30-99人 / その他,1,https://www.k-kawamata.co.jp/company/info/,200,allowed,,https://www.k-kawamata.co.jp/recruit,https://www.k-kawamata.co.jp/recruit/,homepageAnchor,採用情報,ownDomain,high,200,allowed,採用情報 - 株式会社 川又感光社,true,1,0,false,false,,,1,,false,2026-10-05T13:14:27.562Z
8050001047375,株式会社クレバーラクーン,08:茨城県,4人,1-4人,その他,1-4人 / その他,1,https://clever-racoon.com/,200,allowed,,,,,,,,,,,,0,3,,false,,,0,,false,
8060001028003,株式会社秋栄堂,09:栃木県,36人,30-99人,その他,30-99人 / その他,1,https://syueido.jp/action-plan,200,allowed,,https://syueido.jp/recruit,https://syueido.jp/recruit,homepageAnchor,Recruit 求人情報,ownDomain,high,200,allowed,求人情報 | 株式会社秋栄堂,true,1,0,false,false,,,0,,false,2026-10-05T13:14:29.356Z
8070001001545,株式会社ジーシーシー,10:群馬県,767人,300-999人,その他,300-999人 / その他,1,http://www.gcc.co.jp/,200,allowed,,https://www.gcc-recruit.jp/,,homepageLinkOffDomain,採用情報,otherDomain,low,,,,,2,2,,false,,,0,,false,
8080001002006,株式会社静鉄情報センター,22:静岡県,107人,100-299人,その他,100-299人 / その他,1,https://shizutetsu-info.com/,200,allowed,,https://shizutetsu-info.com/recruit/,https://shizutetsu-info.com/recruit/,homepageAnchor,採用情報 recruit,ownDomain,high,200,allowed,採用情報 | 株式会社静鉄情報センター,true,2,0,false,false,,,0,,false,2026-10-05T13:14:32.897Z
8080001003045,株式会社ＤＩＳＰ,22:静岡県,46人,30-99人,その他,30-99人 / その他,1,http://disp.co.jp/,200,allowed,,https://www.disp.co.jp/recruit/,https://www.disp.co.jp/recruit/,homepageAnchor,採用情報,ownDomain,high,200,allowed,採用情報 | 株式会社 DISP,true,3,0,false,false,,,0,,false,2026-10-05T13:14:35.379Z
8080001003573,株式会社デイシス,22:静岡県,124人,100-299人,その他,100-299人 / その他,1,http://www.daysys.jp/,200,allowed,,https://daysys.jp/recruit/,https://daysys.jp/recruit/,homepageAnchor,採用情報,ownDomain,high,200,allowed,採用情報 | デイシス 自動車計器の組込みソフトウェア開発 DAYSYS,true,14,0,false,false,,,0,,false,2026-10-05T13:14:35.795Z
8080102016301,有限会社アイ・プランニング,22:静岡県,9人,5-9人,その他,5-9人 / その他,1,http://www.iplan-inc.com,200,unavailable,,http://www.iplan-inc.com/recruit/index.html,http://www.iplan-inc.com/recruit/index.html,homepageAnchor,新卒採用・中途採用,ownDomain,high,200,unavailable,アイ・プランニング ||| 【採用情報】 新卒採用・中途採用 |||,true,3,0,false,false,,,0,,false,2026-10-05T13:14:30.722Z
8080401020581,株式会社ネクサス,22:静岡県,235人,100-299人,その他,100-299人 / その他,1,https://www.nexus-nt.co.jp/,200,allowed,,https://recruit.nexus-nt.co.jp/,https://recruit.nexus-nt.co.jp/,homepageAnchor,RECRUIT,ownDomain,high,200,allowed,株式会社ネクサス採用サイト｜新卒・中途のITエンジニア募集,true,1,0,false,false,,,0,,false,2026-10-05T13:14:37.790Z
8090001001477,株式会社テレビ山梨,19:山梨県,130人,100-299人,その他,100-299人 / その他,1,http://uty.jp,200,unavailable,,,,,,,,,,,,0,0,,false,,,0,,false,
8090001002302,株式会社山梨文化会館,19:山梨県,898人,300-999人,その他,300-999人 / その他,1,http://www.sannichi-ybs.co.jp/,200,allowed,,https://www.sannichi-ybs.co.jp/SAIYOU/,https://www.sannichi-ybs.co.jp/SAIYOU,homepageUrlPattern,,ownDomain,medium,200,allowed,山日YBSグループ 採用情報 | 山日YBSグループ あなたの、いちばんメディア。,true,1,0,false,false,,,1,,false,2026-10-05T13:14:37.267Z
8090001007557,株式会社レンサ,13:東京都,91人,30-99人,東京,30-99人 / 東京,1,https://rensa.co.jp/,200,allowed,,https://www.rensa.co.jp/recruit,https://www.rensa.co.jp/recruit,homepageAnchor,採用,ownDomain,high,200,allowed,採用情報 | 株式会社レンサ,true,2,0,false,false,,,0,,false,2026-10-05T13:14:39.634Z
8100001000287,株式会社インフォメーション・ネットワーク・コミュニティ,20:長野県,39人,30-99人,その他,30-99人 / その他,1,http://www.nagano-inc.co.jp,200,allowed,,,,,,,,,,,,0,0,,true,http://www.nagano-inc.co.jp/,200,0,,false,
8100001018528,長野日本ソフトウエア株式会社,20:長野県,105人,100-299人,その他,100-299人 / その他,1,https://www.nnsk.co.jp/challenge30/,200,allowed,,https://www.nnsk.co.jp/recruit/,https://www.nnsk.co.jp/recruit/,homepageAnchor,採用情報,ownDomain,high,200,allowed,採用サイト｜長野日本ソフトウエア株式会社,true,1,0,false,false,,,0,,false,2026-10-05T13:14:40.099Z
8110001002753,株式会社スペースアルフアーシステム,15:新潟県,28人,10-29人,その他,10-29人 / その他,1,https://www.sas-system.co.jp/,200,unavailable,,https://www.sas-system.co.jp/recruit.html,https://www.sas-system.co.jp/recruit.html,homepageAnchor,採用情報,ownDomain,high,200,unavailable,採用情報 | 株式会社スペースアルフアーシステム,true,7,0,false,false,,,0,,false,2026-10-05T13:14:38.524Z
8110001004023,株式会社新潟日報社,15:新潟県,526人,300-999人,その他,300-999人 / その他,1,https://www.niigata-nippo.co.jp/guide/actionplan/womanactivity.html,200,allowed,,https://www.niigata-nippo.co.jp/list/recruit,https://www.niigata-nippo.co.jp/list/recruit,homepageAnchor,採用情報,ownDomain,high,200,allowed,採用案内 | 新潟日報,true,1,0,false,false,,,0,,false,2026-10-05T13:14:40.519Z
8110001018766,株式会社わくわく,15:新潟県,4人,1-4人,その他,1-4人 / その他,1,http://www.wakuwaku2525.com,200,allowed,,https://wakuwaku2525.com/%e4%b8%bb%e5%82%ac%ef%bc%9a%e7%87%95%e5%b8%82-%e3%83%89%e3%82%ad%e3%83%89%e3%82%ad%e3%83%a9%e3%83%9c%e5%ae%9f%e8%a1%8c%e5%a7%94%e5%93%a1%e4%bc%9a%e3%81%ae%e5%8b%9f%e9%9b%86%e3%82%92%e9%96%8b%e5%a7%8b/,https://wakuwaku2525.com/%e4%b8%bb%e5%82%ac%ef%bc%9a%e7%87%95%e5%b8%82-%e3%83%89%e3%82%ad%e3%83%89%e3%82%ad%e3%83%a9%e3%83%9c%e5%ae%9f%e8%a1%8c%e5%a7%94%e5%93%a1%e4%bc%9a%e3%81%ae%e5%8b%9f%e9%9b%86%e3%82%92%e9%96%8b%e5%a7%8b/,homepageAnchor,2026.08.18 主催：燕市/ドキドキラボ実行委員会の募集を開始をスタートしま…,ownDomain,high,200,allowed,主催：燕市/ドキドキラボ実行委員会の募集を開始をスタートしました – 株式会社わくわく,true,1,0,false,false,,,0,,false,2026-10-05T13:14:44.157Z
8110001022198,株式会社ＮＳ・コンピュータサービス,15:新潟県,515人,300-999人,その他,300-999人 / その他,1,https://nscs.jp/,200,unavailable,,https://nscs.jp/recruit/,https://nscs.jp/recruit/,homepageAnchor,採用情報,ownDomain,high,200,unavailable,採用情報 | 株式会社ＮＳ・コンピュータサービス,true,12,0,false,false,,,0,,false,2026-10-05T13:14:43.432Z
8110001030606,株式会社クーネルワーク,15:新潟県,37人,30-99人,その他,30-99人 / その他,1,https://cunelwork.co.jp/,200,allowed,,https://cunelwork.co.jp/recruit/,https://cunelwork.co.jp/recruit/,homepageAnchor,RECRUIT 採用情報,ownDomain,high,200,allowed,採用情報（新卒採用・キャリア採用） | 株式会社クーネルワーク,true,5,0,false,false,,,0,,false,2026-10-05T13:14:41.908Z
8110001034854,スティーク株式会社,15:新潟県,7人,5-9人,その他,5-9人 / その他,1,https://steeq.jp/,200,allowed,,https://steeq.jp/recruit/,https://steeq.jp/recruit/,homepageAnchor,RECRUIT 地域社会のDX化促進をミッションとし、 会社や自社サービスと共に 成長できる仲間を募集します。 VIEW RECRUIT,ownDomain,high,200,allowed,RECRUIT - 業務システム開発・AI機能開発・新規サービス開発｜スティーク株式会社,true,1,0,false,false,,,0,,false,2026-10-05T13:14:44.111Z
8120001007396,株式会社ゲンダイ出版,27:大阪府,9人,5-9人,主要都市圏,5-9人 / 主要都市圏,1,http://www.gendai-press.co.jp/,200,allowed,,https://www.gendai-press.co.jp/recruit,https://www.gendai-press.co.jp/recruit,homepageAnchor,採用情報,ownDomain,high,200,allowed,採用情報,true,3,0,false,false,,,0,,false,2026-10-05T13:14:47.968Z
8120001010111,株式会社鈴木商店,27:大阪府,23人,10-29人,主要都市圏,10-29人 / 主要都市圏,1,http://www.suzukishouten.co.jp,200,unavailable,,https://www.wantedly.com/companies/suzukishouten,,homepageLinkToJobPlatform,採用情報,jobPlatform,low,,,,,1,0,,false,,,0,,false,
8120001034119,アイテック阪急阪神株式会社,27:大阪府,1295人,1000人以上,主要都市圏,1000人以上 / 主要都市圏,1,https://itec.hankyu-hanshin.co.jp,200,unavailable,,https://itec.hankyu-hanshin.co.jp/recruit/,https://itec.hankyu-hanshin.co.jp/recruit/,homepageAnchor,採用情報,ownDomain,high,200,unavailable,採用情報 | アイテック阪急阪神株式会社,true,3,0,false,false,,,0,,false,2026-10-05T13:14:43.756Z
8120001035166,株式会社ベイ・コミュニケーションズ,27:大阪府,159人,100-299人,主要都市圏,100-299人 / 主要都市圏,1,https://baycom.jp,200,unavailable,,https://baycom.jp/company/recruit/,https://baycom.jp/company/recruit/,homepageAnchor,採用情報,ownDomain,high,200,unavailable,TOP｜ベイコム採用情報,true,2,0,false,false,,,0,,false,2026-10-05T13:14:44.019Z
8120001036965,株式会社日本ビジネス開発,27:大阪府,328人,300-999人,主要都市圏,300-999人 / 主要都市圏,1,https://www.jbd.co.jp/,200,allowed,,https://www.jbd.co.jp/recruit/,https://www.jbd.co.jp/recruit/,homepageAnchor,採用情報,ownDomain,high,200,allowed,採用情報 | 株式会社日本ビジネス開発,true,5,0,false,false,,,0,,false,2026-10-05T13:14:46.666Z
8120001038400,株式会社ジェイテック,27:大阪府,882人,300-999人,主要都市圏,300-999人 / 主要都市圏,1,https://www.j-tech.jp/,200,allowed,,https://www.j-tech.jp/recruit/,https://www.j-tech.jp/recruit/,homepageAnchor,採用情報,ownDomain,high,200,allowed,採用情報 - 株式会社ジェイテック (J_TECH Inc.),true,2,0,false,false,,,0,,false,2026-10-05T13:14:46.864Z
8120001046444,ノバシステム株式会社,27:大阪府,547人,300-999人,主要都市圏,300-999人 / 主要都市圏,1,https://www.nova-system.com/,200,allowed,,https://www.nova-system.com/recruit/,https://www.nova-system.com/recruit/,homepageAnchor,新卒採用はこちら,ownDomain,high,200,allowed,ノバシステム 新卒採用 – think challenge advance,true,4,0,false,false,,,0,,false,2026-10-05T13:14:47.600Z
8120001046642,株式会社パワーハウス,27:大阪府,190人,100-299人,主要都市圏,100-299人 / 主要都市圏,1,https://www.power-h.co.jp/,200,allowed,,https://www.power-h.co.jp/recruitment.html,https://www.power-h.co.jp/recruitment.html,homepageAnchor,採用情報を詳しく見る,ownDomain,high,200,allowed,採用情報｜ITエンジニアの新卒・中途採用｜株式会社パワーハウス,true,1,0,false,false,,,0,,false,2026-10-05T13:14:47.197Z
8120001053779,株式会社イーエムシステムズ,27:大阪府,497人,300-999人,主要都市圏,300-999人 / 主要都市圏,1,https://emsystems.co.jp/sustainability/social.html,200,allowed,,https://emsystems.co.jp/sustainability/career-design.html,https://emsystems.co.jp/sustainability/career-design.html,homepageUrlPattern,人材育成サイト,ownDomain,medium,200,allowed,人材育成｜ 株式会社EMシステムズ,true,1,0,false,false,,,0,,false,2026-10-05T13:14:47.260Z
8120001063142,株式会社栗菱コンピューターズ,27:大阪府,350人,300-999人,主要都市圏,300-999人 / 主要都市圏,1,http://www.ritsuryo.co.jp/,200,allowed,,https://www.ritsuryo.co.jp/recruit/,https://www.ritsuryo.co.jp/recruit/,homepageAnchor,Recruit 採用情報,ownDomain,high,200,allowed,採用情報 | 株式会社栗菱コンピューターズ,true,6,0,false,false,,,0,,false,2026-10-05T13:14:52.542Z
8120001063233,株式会社近宣,27:大阪府,141人,100-299人,主要都市圏,100-299人 / 主要都市圏,1,https://www.kinsen.co.jp,200,unavailable,,https://kinsen.co.jp/recruit.html,https://kinsen.co.jp/recruit.html,homepageAnchor,採用情報,ownDomain,high,200,unavailable,採用情報 | 株式会社近宣 | グローバルワークで、輝く未来へアクセス。1948年に総合広告会社として創業以来、広告全般にわたる業務を展開。,true,3,0,false,false,,,0,,false,2026-10-05T13:14:54.702Z
8120001067309,株式会社関西東通,27:大阪府,212人,100-299人,主要都市圏,100-299人 / 主要都市圏,1,http://www.kansai-totsu.com/,200,allowed,,https://kansai-totsu.com/recruit-special/,https://kansai-totsu.com/recruit-special/,homepageAnchor,採用情報はこちら,ownDomain,high,200,allowed,関西東通 リクルート特設サイト | 感動を届ける映像技術の仕事 | 関西東通 リクルート,true,5,0,false,false,,,0,,false,2026-10-05T13:14:56.230Z
8120001082373,住友電工情報システム株式会社,27:大阪府,597人,300-999人,主要都市圏,300-999人 / 主要都市圏,1,https://www.sei-info.co.jp/,200,allowed,,https://www.sei-info.co.jp/recruit/,https://www.sei-info.co.jp/recruit/,homepageAnchor,採用情報,ownDomain,high,200,allowed,採用情報,true,3,0,false,false,,,0,,false,2026-10-05T13:14:50.499Z
8120001092926,株式会社ＯＤＫソリューションズ,27:大阪府,150人,100-299人,主要都市圏,100-299人 / 主要都市圏,1,https://www.odk.co.jp,200,unavailable,,https://www.odk.co.jp/recruit/,https://www.odk.co.jp/recruit/,homepageAnchor,採用情報,ownDomain,high,200,unavailable,採用情報 ｜ 株式会社ＯＤＫソリューションズ,true,4,0,false,false,,,0,,false,2026-10-05T13:14:50.397Z
8120001100358,トモエリンク株式会社,27:大阪府,42人,30-99人,主要都市圏,30-99人 / 主要都市圏,1,http://tomoemedia.co.jp/,,unavailable,TypeError:ENOTFOUND,,,,,,,,,,,0,0,,false,,,0,,false,
8120001104771,センターフィールド株式会社,27:大阪府,30人,30-99人,主要都市圏,30-99人 / 主要都市圏,1,https://centerfield.co.jp/,200,allowed,,https://centerfield.co.jp/recruit/,https://centerfield.co.jp/recruit/,homepageAnchor,RECRUIT,ownDomain,high,200,allowed,採用情報｜センターフィールド株式会社,true,1,0,false,false,,,0,,false,2026-10-05T13:14:50.773Z
8120001107329,株式会社ファーストブランド,27:大阪府,53人,30-99人,主要都市圏,30-99人 / 主要都市圏,1,http://www.firstbrand.co.jp/,200,unavailable,,http://www.firstbrand.co.jp/recruit/,http://www.firstbrand.co.jp/recruit/,homepageAnchor,Recruit,ownDomain,high,200,unavailable,Recruit｜First Brand Inc.,true,2,0,false,false,,,0,,false,2026-10-05T13:14:51.119Z
8120001123045,株式会社スクラムソフトウェア,27:大阪府,13人,10-29人,主要都市圏,10-29人 / 主要都市圏,1,http://www.scrumsoftware.co.jp/,200,unavailable,,https://scrumsoftware.co.jp/recruit,https://scrumsoftware.co.jp/recruit/,homepageAnchor,中途採用,ownDomain,high,200,allowed,,true,3,0,false,false,,,1,,false,2026-10-05T13:15:06.400Z
8120001123887,株式会社タンバリン,13:東京都,20人,10-29人,東京,10-29人 / 東京,1,https://www.tam-bourine.co.jp/,,unavailable,TypeError:ENOTFOUND,,,,,,,,,,,0,0,,false,,,0,,false,
8120001154189,株式会社ディライトシステム,27:大阪府,14人,10-29人,主要都市圏,10-29人 / 主要都市圏,1,http://delight-system.co.jp/,200,allowed,,,,,,,,,,,,0,2,,false,,,0,,false,
8120001159485,株式会社ドラプロ,27:大阪府,9人,5-9人,主要都市圏,5-9人 / 主要都市圏,1,https://www.dorapro.co.jp,200,allowed,,https://www.dorapro.co.jp/employ.html,https://www.dorapro.co.jp/employ.html,homepageAnchor,account_circle 採用情報,ownDomain,high,200,allowed,採用情報｜株式会社ドラプロ,true,1,0,false,false,,,0,,false,2026-10-05T13:14:53.989Z
8120001162035,株式会社ビズベース,27:大阪府,14人,10-29人,主要都市圏,10-29人 / 主要都市圏,1,https://www.bizbase.co.jp,200,allowed,,https://www.bizbase.co.jp/recruit,https://www.bizbase.co.jp/recruit2025,homepageAnchor,採用情報,ownDomain,high,200,allowed,採用情報 | BizBase,true,2,0,false,false,,,1,,false,2026-10-05T13:14:56.218Z
8120001162712,株式会社Ｃｏｄｅｅｒ,27:大阪府,2人,1-4人,主要都市圏,1-4人 / 主要都市圏,1,http://www.codeer.co.jp/,200,unavailable,,https://www.codeer.co.jp/Recruit,https://www.codeer.co.jp/Recruit,homepageUrlPattern,リクルート,ownDomain,medium,200,unavailable,Codeer,true,1,0,false,false,,,0,,false,2026-10-05T13:15:00.401Z
8120001170657,株式会社メディカ出版,27:大阪府,162人,100-299人,主要都市圏,100-299人 / 主要都市圏,1,https://www.medica.co.jp/,200,allowed,,https://www.medica.co.jp/recruit/,https://www.medica.co.jp/recruit/,homepageAnchor,採用情報,ownDomain,high,200,allowed,メディカ出版採用サイト -,true,1,0,false,false,,,0,,false,2026-10-05T13:14:58.060Z
8120001190622,株式会社ユーワード,27:大阪府,5人,5-9人,主要都市圏,5-9人 / 主要都市圏,1,https://u-word.jp/,200,allowed,,https://u-word.jp/recruit,https://u-word.jp/recruit/,homepageAnchor,採用情報,ownDomain,high,200,allowed,採用情報 | ユーワード オフィシャルサイト,true,1,0,false,false,,,1,,false,2026-10-05T13:14:58.878Z
8120001190639,ネクストライブ株式会社,27:大阪府,22人,10-29人,主要都市圏,10-29人 / 主要都市圏,1,https://nextribe.co.jp/,200,allowed,,https://nextribe.co.jp/recruit,https://nextribe.co.jp/recruit,robotsSitemap,,ownDomain,medium,200,allowed,採用情報 | ネクストライブ株式会社,true,27,3,false,false,,,0,,false,2026-10-05T13:15:05.760Z
8120001204927,朝日放送テレビ株式会社,27:大阪府,690人,300-999人,主要都市圏,300-999人 / 主要都市圏,1,https://corp.asahi.co.jp/ja/tv/company/rule/jisedai.html,,unavailable,TypeError:UNABLE_TO_VERIFY_LEAF_SIGNATURE,,,,,,,,,,,0,0,,true,https://corp.asahi.co.jp/,,0,,false,
8120001206824,株式会社メディアパートナーズ,27:大阪府,51人,30-99人,主要都市圏,30-99人 / 主要都市圏,1,https://media-partners.co.jp/,200,allowed,,https://media-partners.co.jp/job/,https://media-partners.co.jp/job/,homepageUrlPattern,有料職業紹介,ownDomain,low,200,allowed,有料職業紹介 | 【公式】株式会社メディアパートナーズ,false,2,0,false,false,,,0,,false,2026-10-05T13:15:05.173Z
8120001210735,コンセプトデザイン株式会社,13:東京都,30人,30-99人,東京,30-99人 / 東京,1,https://conceptors.co.jp/,200,allowed,,,,,,,,,,,,0,0,,false,,,0,,false,
8120001210859,株式会社ＣｏｎｔｅｘｔＪａｐａｎ,27:大阪府,3人,1-4人,主要都市圏,1-4人 / 主要都市圏,1,https://contextneo.jp/,200,allowed,,https://contextneo.jp/recruit,https://contextneo.jp/recruit,homepageAnchor,RECRUIT,ownDomain,high,200,allowed,Recruitment（求人募集要項） | 株式会社ContextJapan,true,1,0,false,false,,,0,https://contextneo.jp/recruit,true,2026-10-05T13:15:02.499Z
8120101035396,株式会社デジタルキャピタル,27:大阪府,12人,10-29人,主要都市圏,10-29人 / 主要都市圏,1,https://www.digitalcapital.co.jp,200,allowed,,https://www.digitalcapital.co.jp/recruit,https://www.digitalcapital.co.jp/recruit,homepageAnchor,Recruit,ownDomain,high,200,allowed,株式会社デジタルキャピタル,true,1,0,false,false,,,0,,false,2026-10-05T13:15:03.661Z
8120901016983,株式会社メディネット,27:大阪府,55人,30-99人,主要都市圏,30-99人 / 主要都市圏,1,http://www.mdnt.co.jp/,200,allowed,,http://www.mdnt.co.jp/recruit/,http://www.mdnt.co.jp/recruit/,homepageAnchor,採用情報,ownDomain,high,200,allowed,採用情報 | 株式会社メディネット,true,2,0,false,false,,,0,,false,2026-10-05T13:15:04.180Z
8120901048770,株式会社ＶＯＬＴＭＩＮＤ,27:大阪府,6人,5-9人,主要都市圏,5-9人 / 主要都市圏,1,https://voltmind.jp/,200,allowed,,https://voltmind.jp/news/press260203/,,homepageAnchorNegativePath,【東京都協定事業】フォースタートアップス運営の組織支援プログラム「SCALE program」で、AI社会実装を支える採用・組織基盤構築へ プレスリリース,ownDomain,low,,,,,1,3,,false,,,0,,false,
8130001021041,株式会社システムディ,26:京都府,303人,300-999人,主要都市圏,300-999人 / 主要都市圏,1,http://www.systemd.co.jp/,200,allowed,,http://www.systemd.co.jp/recruit/,http://www.systemd.co.jp/recruit,homepageAnchor,採用情報,ownDomain,high,200,allowed,採用情報TOP | 株式会社システム ディ,true,2,0,false,false,,,1,,false,2026-10-05T13:15:08.334Z
8130001048621,株式会社ジャストイット,26:京都府,4人,1-4人,主要都市圏,1-4人 / 主要都市圏,1,https://justit.co.jp/,200,allowed,,https://justit.co.jp/recruit/,https://justit.co.jp/recruit/,homepageAnchor,採用情報,ownDomain,high,200,allowed,採用情報 – 株式会社ジャストイット,true,3,0,false,false,,,0,,false,2026-10-05T13:15:07.100Z
8130001081481,株式会社ＷＡＮＩ　ＤＥＳＩＧＮ,26:京都府,2人,1-4人,主要都市圏,1-4人 / 主要都市圏,1,https://wani.design/,200,unavailable,,,,,,,,,,,,0,0,,false,,,0,,false,
8140001052341,株式会社ビッグバレーインターナショナル,28:兵庫県,87人,30-99人,主要都市圏,30-99人 / 主要都市圏,1,https://bvi.jp/company,200,allowed,,https://bvi.jp/recruit/,https://bvi.jp/recruit/,homepageAnchor,Recruit,ownDomain,high,200,allowed,Recruit - BigValleyInternational,true,2,0,false,false,,,0,,false,2026-10-05T13:15:08.677Z
8140001109141,株式会社ＮＯＧＩＣ,13:東京都,5人,5-9人,東京,5-9人 / 東京,1,https://www.nogic.co.jp/,200,allowed,,https://nogic.co.jp/recruit/,https://nogic.co.jp/recruit/,homepageAnchor,RECRUIT 採用情報,ownDomain,high,200,allowed,採用情報 - 株式会社NOGIC,true,3,0,false,false,,,0,,false,2026-10-05T13:15:13.600Z
8140001136961,株式会社ケタケタ,28:兵庫県,2人,1-4人,主要都市圏,1-4人 / 主要都市圏,1,https://ketaketa.co.jp/,200,allowed,,,,,,,,,,,,0,3,,false,,,0,,false,
8160001006064,株式会社ロイド,25:滋賀県,1人,1-4人,その他,1-4人 / その他,1,https://royd.co.jp/2023/12/ryouritsu/,200,allowed,,,,,,,,,,,,0,2,,true,https://royd.co.jp/,200,0,,false,
8180001030616,株式会社システムリサーチ,23:愛知県,1548人,1000人以上,主要都市圏,1000人以上 / 主要都市圏,1,https://www.sr-net.co.jp/,200,allowed,,https://recruit.sr-net.co.jp/,https://recruit.sr-net.co.jp/,homepageAnchor,新卒採用,ownDomain,high,200,allowed,新卒採用サイト｜株式会社システムリサーチ,true,8,0,false,false,,,0,,false,2026-10-05T13:15:13.066Z
8180001033783,アクティブシステム株式会社,23:愛知県,18人,10-29人,主要都市圏,10-29人 / 主要都市圏,1,https://activesystem.co.jp/,200,allowed,,https://activesystem.co.jp/recruit,https://activesystem.co.jp/recruit/,homepageAnchor,採用情報,ownDomain,high,200,allowed,アクティブシステム株式会社 採用サイト｜東海地方のIT企業,true,1,0,false,false,,,1,,false,2026-10-05T13:15:12.438Z
8180001072534,株式会社テクノスピーチ,23:愛知県,23人,10-29人,主要都市圏,10-29人 / 主要都市圏,1,https://www.techno-speech.com/,200,allowed,,https://www.techno-speech.com/post/blog-20260701a,,homepageAnchorNegativePath,リアルタイム歌唱システム「UtaMe」開発プロジェクトにテクノスピーチの技術が採用,ownDomain,low,,,,,1,3,,false,,,0,,false,
8180001119079,ＧｒｏｗＧｒｏｕｐ株式会社,23:愛知県,2人,1-4人,主要都市圏,1-4人 / 主要都市圏,1,http://grow-group.jp/,200,allowed,,https://grow-group.jp/recruit/,https://grow-group.jp/recruit/,homepageAnchor,採用情報,ownDomain,high,200,allowed,採用情報 | 名古屋のWebサイト制作ならGrowGroup株式会社,true,6,0,false,false,,,0,,false,2026-10-05T13:15:17.120Z
8180001134862,株式会社豊通シスコム,23:愛知県,391人,300-999人,主要都市圏,300-999人 / 主要都市圏,1,https://www.tsyscom.co.jp/company/diversity_management/,200,allowed,,https://www.tsyscom.co.jp/recruitment/,https://www.tsyscom.co.jp/recruitment/,homepageAnchor,採用情報,ownDomain,high,200,allowed,採用サイト｜株式会社豊通シスコム,true,1,0,false,false,,,0,,false,2026-10-05T13:15:15.133Z
8180001142015,株式会社ＡＩＴＣ,23:愛知県,7人,5-9人,主要都市圏,5-9人 / 主要都市圏,1,https://aitc.co.jp/about-us/,200,allowed,,,,,,,,,,,,0,3,,true,https://aitc.co.jp/,200,0,,false,
8180001145439,株式会社フォーチュン,23:愛知県,30人,30-99人,主要都市圏,30-99人 / 主要都市圏,1,https://www.f-tune.co.jp/,200,allowed,,,,,,,,,,,,0,3,,false,,,0,,false,
8180001149415,株式会社ナゴウェブ,23:愛知県,1人,1-4人,主要都市圏,1-4人 / 主要都市圏,1,https://nagoweb.co.jp/koudou-keikaku/,200,allowed,,https://nagoweb.co.jp/recruit/,https://nagoweb.co.jp/recruit/,homepageAnchor,採用情報,ownDomain,high,200,allowed,採用情報 | 株式会社ナゴウェブ | お金に関わる情報のWEBメディア,true,1,0,false,false,,,0,,false,2026-10-05T13:15:16.941Z
8180001158663,株式会社ファブリカコミュニケーションズ,23:愛知県,159人,100-299人,主要都市圏,100-299人 / 主要都市圏,1,https://www.fabrica-com.co.jp/,200,unavailable,,https://recruit.fabrica-com.co.jp/,https://recruit.fabrica-com.co.jp/,homepageAnchor,新卒採用,ownDomain,high,200,unavailable,新卒採用 | 株式会社ファブリカコミュニケーションズ,true,3,0,false,false,,,0,,false,2026-10-05T13:15:17.496Z
8180001160504,ＤｅｓｓＡｎｇｅ株式会社,23:愛知県,4人,1-4人,主要都市圏,1-4人 / 主要都市圏,1,https://www.dessange.co.jp/,200,allowed,,https://dessange.co.jp/entry,https://dessange.co.jp/entry/,homepageAnchor,採用応募,ownDomain,high,200,allowed,ENTRY | DessAnge & Co.,true,1,0,false,false,,,1,,false,2026-10-05T13:15:24.564Z
8180003017719,合同会社ラビッツ,23:愛知県,4人,1-4人,主要都市圏,1-4人 / 主要都市圏,1,https://rabbits-llc.co.jp/,200,allowed,,https://rabbits-llc.co.jp/recruit/,https://rabbits-llc.co.jp/recruit/,homepageAnchor,RECRUIT,ownDomain,high,200,allowed,採用情報 – 合同会社ラビッツ,true,1,0,false,false,,,0,,false,2026-10-05T13:15:26.978Z
8180301006547,豊橋ケーブルネットワーク株式会社,23:愛知県,76人,30-99人,主要都市圏,30-99人 / 主要都市圏,1,https://www.tees.jp/,200,unavailable,,https://www.tees.jp/recruit/,https://www.tees.jp/recruit/,homepageAnchor,採用情報,ownDomain,high,200,unavailable,［ティーズ］豊橋ケーブルネットワーク 採用情報｜豊橋・田原・新城のインターネット・テレビ,true,1,0,false,false,,,0,,false,2026-10-05T13:15:20.164Z
8180301013915,株式会社キャッチネットワーク,23:愛知県,240人,100-299人,主要都市圏,100-299人 / 主要都市圏,1,https://www.katch.co.jp/ex/recruit/about/workstyle/,200,allowed,,https://www.katch.co.jp/ex/recruit/,https://www.katch.co.jp/ex/recruit/,homepageAnchor,recruit 2027,ownDomain,high,200,allowed,キャッチネットワーク 2027年採用サイト,true,21,0,false,false,,,0,,false,2026-10-05T13:15:20.257Z
8190001000667,株式会社ＺＴＶ,24:三重県,381人,300-999人,その他,300-999人 / その他,1,https://www.ztv.co.jp/,200,allowed,,https://www.ztv.co.jp/company/recruit/index2022.html,https://www.ztv-recruit.com/,homepageAnchor,採用情報 2023年度募集要項,otherDomain,high,200,allowed,新卒・中途採用サイト | 株式会社ZTV,true,2,0,false,false,,,1,,false,2026-10-05T13:15:22.502Z
8190001000873,株式会社ビーイング,24:三重県,332人,300-999人,その他,300-999人 / その他,1,https://www.beingcorp.co.jp/corporate/,200,allowed,,https://www.beingcorp.co.jp/corporate/recruit/,https://www.beingcorp.co.jp/corporate/recruit/,homepageAnchor,採用情報,ownDomain,high,200,allowed,採用情報 | ビーイング,true,8,0,false,false,,,0,,false,2026-10-05T13:15:20.864Z
8190001001070,株式会社アレクシード,24:三重県,106人,100-299人,その他,100-299人 / その他,1,http://www.allexceed.co.jp/,200,unavailable,,https://www.allexceed.co.jp/recruit/,https://www.allexceed.co.jp/recruit/,homepageAnchor,採用特設サイト,ownDomain,high,200,unavailable,採用情報｜Allexceed,true,2,0,false,false,,,0,,false,2026-10-05T13:15:28.273Z
8190001026472,株式会社アスターリンク,24:三重県,4人,1-4人,その他,1-4人 / その他,1,https://aster-link.co.jp/,200,allowed,,https://www.aster-link.co.jp/recruit/,https://www.aster-link.co.jp/recruit/,homepageAnchor,採用情報を見る,ownDomain,high,200,allowed,採用情報,true,1,0,false,false,,,0,https://www.aster-link.co.jp/recruit/,true,2026-10-05T13:15:28.843Z
8200001010755,株式会社ＥＭＤ,21:岐阜県,404人,300-999人,その他,300-999人 / その他,1,https://www.emdes.co.jp/,200,allowed,,https://www.emdes.co.jp/recruit/,https://www.emdes.co.jp/recruit/,homepageAnchor,採用,ownDomain,high,200,allowed,採用 | 株式会社EMD,true,2,0,false,false,,,0,,false,2026-10-05T13:15:24.538Z
8200001013931,タック株式会社,21:岐阜県,433人,300-999人,その他,300-999人 / その他,1,https://www.taknet.co.jp,200,allowed,,https://www.taknet.co.jp/recruit/,https://www.taknet.co.jp/recruit/,homepageAnchor,新卒採用,ownDomain,high,200,allowed,タック株式会社 新卒採用サイト | ONE STEP BEYOND！ITで社会も自分も一歩先へ,true,3,0,false,false,,,0,,false,2026-10-05T13:15:24.975Z
8200001029804,株式会社リーピー,21:岐阜県,63人,30-99人,その他,30-99人 / その他,1,https://leapy.jp/,200,allowed,,https://leapy.jp/leap-recruiting/,https://leapy.jp/leap-recruiting/,homepageAnchor,リープ・リクルーティング ／ 採用活動代行 求人票の作成から媒体出稿・母集団形成まで、 採用の仕組みづくりを支援,ownDomain,high,200,allowed,リープ・リクルーティング｜岐阜で採用活動の代行なら株式会社リーピー,true,64,0,false,false,,,0,,false,2026-10-05T13:15:25.047Z
8200003004359,合同会社Ｃ７,23:愛知県,6人,5-9人,主要都市圏,5-9人 / 主要都市圏,1,https://c7-int.co.jp/,200,unavailable,,,,,,,,,,,,0,0,,false,,,0,,false,
8210001015340,株式会社ネットショップ支援室,18:福井県,64人,30-99人,その他,30-99人 / その他,1,https://recruit.netshop-pro.jp/welfare/,,unavailable,TypeError:UND_ERR_CONNECT_TIMEOUT,,,,,,,,,,,0,0,,true,https://recruit.netshop-pro.jp/,,0,,false,
8210001015935,株式会社ネットソリューション,18:福井県,23人,10-29人,その他,10-29人 / その他,1,https://www.netsolution.biz/company/index.html,200,unavailable,,https://en-gage.net/netsolution_saiyo/?banner=1,https://en-gage.net/netsolution_saiyo/?banner=1,homepageLinkToOfficialAts,engage,atsHosted,medium,200,allowed,株式会社ネットソリューションの採用・求人情報-engage,true,1,0,false,true,https://www.netsolution.biz/,200,0,,false,2026-10-05T13:15:28.103Z
8220001002008,株式会社金沢エンジニアリングシステムズ,17:石川県,146人,100-299人,その他,100-299人 / その他,1,https://kanazawa-es.co.jp/,200,allowed,,https://kanazawa-es.co.jp/recruit/,https://kanazawa-es.co.jp/recruit/,homepageAnchor,採用情報,ownDomain,high,200,allowed,採用情報 - 株式会社金沢エンジニアリングシステムズ,true,8,0,false,false,,,0,,false,2026-10-05T13:15:34.028Z
8220001007989,株式会社イーネットソリューションズ,17:石川県,82人,30-99人,その他,30-99人 / その他,1,https://www.enetsolutions.co.jp/,200,allowed,,https://saiyo.enetsolutions.co.jp/recruit/,https://saiyo.enetsolutions.co.jp/recruit/,homepageAnchor,採用情報,ownDomain,high,200,allowed,株式会社イーネットソリューションズ リクルートサイト,true,2,0,false,false,,,0,,false,2026-10-05T13:15:28.783Z
8220001008038,株式会社エイ・ティ情報研,17:石川県,90人,30-99人,その他,30-99人 / その他,1,https://www.at-j.co.jp/,200,unavailable,,https://at-j.co.jp/recruit/index.html,https://at-j.co.jp/recruit/index.html,homepageAnchor,採用情報 当社では新卒・第二新卒採用やキャリア採用などを積極的に行っています。採用に関する情報はこちらから。,ownDomain,high,200,unavailable,採用情報 | 株式会社エイ・ティ情報研,true,1,0,false,false,,,0,,false,2026-10-05T13:15:33.480Z
8220001010563,フィールセーフ株式会社,17:石川県,22人,10-29人,その他,10-29人 / その他,1,http://www.feelsafe.co.jp/,200,allowed,,https://www.feelsafe.co.jp/recruit/,https://www.feelsafe.co.jp/recruit/,homepageAnchor,採用情報,ownDomain,high,200,allowed,採用情報 | フィールセーフ株式会社,true,1,0,false,false,,,0,,false,2026-10-05T13:15:35.193Z
8230001001438,株式会社ソフト,16:富山県,96人,30-99人,その他,30-99人 / その他,1,https://www.soft-co.jp/,200,allowed,,https://www.soft-co.jp/recruit/,https://www.soft-co.jp/recruit/,homepageAnchor,採用情報,ownDomain,high,200,allowed,採用情報トップ｜株式会社ソフト,true,3,0,false,false,,,0,,false,2026-10-05T13:15:34.032Z
8230001002980,株式会社ＨＣＳプラス,16:富山県,136人,100-299人,その他,100-299人 / その他,1,https://www.hcsplus.co.jp,200,allowed,,https://www.hcsplus.co.jp/recruit/,https://www.hcsplus.co.jp/recruit/,homepageAnchor,採用情報,ownDomain,high,200,allowed,採用情報｜株式会社HCSプラス,true,1,0,false,false,,,0,,false,2026-10-05T13:15:32.636Z
8230001008598,日本ソフテック株式会社,16:富山県,197人,100-299人,その他,100-299人 / その他,1,http://www.nsft.co.jp,200,allowed,,https://www.nsft.co.jp/recruit/,https://www.nsft.co.jp/recruit/,homepageAnchor,採用情報,ownDomain,high,200,allowed,採用情報｜ソフトウェア開発・システム開発 日本ソフテック,true,1,0,false,false,,,0,,false,2026-10-05T13:15:37.038Z
8240001008754,株式会社ハイエレコン,34:広島県,266人,100-299人,その他,100-299人 / その他,1,https://www.hek.co.jp/,200,unavailable,,https://www.hek.co.jp/recruit/,https://www.hek.co.jp/recruit/,homepageAnchor,採用情報,ownDomain,high,200,unavailable,ハイエレコン採用サイト | 株式会社ハイエレコン,true,2,0,false,false,,,0,,false,2026-10-05T13:15:36.335Z
8240001042753,株式会社エフ,43:熊本県,14人,10-29人,その他,10-29人 / その他,1,https://www.e-f.co.jp/,200,allowed,,https://www.e-f.co.jp/recruit/,https://www.e-f.co.jp/recruit/,homepageAnchor,RECRUIT 採用情報,ownDomain,high,200,allowed,採用案内 | 株式会社エフでは個性のある面白いスタッフを募集中です。 | 熊本・東京のホームページ ウェブ制作会社 | 株式会社エフ | 楽天 Yahoo 運営サポート,true,1,0,false,false,,,0,,false,2026-10-05T13:15:36.556Z
8240002032919,Ｒｅｍａｉｎ　ｉｎ株式会社,13:東京都,13人,10-29人,東京,10-29人 / 東京,1,https://www.remain-in.com/,200,allowed,,https://www.remain-in.com/recruit,https://www.remain-in.com/recruit/,homepageAnchor,RECRUIT,ownDomain,high,200,allowed,"Recruit | Remain in, Inc.",true,1,0,false,false,,,1,,false,2026-10-05T13:15:38.814Z
8250001003052,株式会社宇部情報システム,35:山口県,500人,300-999人,その他,300-999人 / その他,1,https://www.uis-inf.co.jp/,200,allowed,,https://www.uis-inf.co.jp/recruit,https://www.uis-inf.co.jp/recruit/,homepageAnchor,採用情報,ownDomain,high,200,allowed,採用情報｜宇部情報システム,true,4,0,false,false,,,2,,false,2026-10-05T13:15:43.539Z
8250001006113,西日本オフィスメーション株式会社,40:福岡県,60人,30-99人,主要都市圏,30-99人 / 主要都市圏,1,https://www.nom.co.jp/,200,unavailable,,https://www.nom.co.jp/portal/3.html,https://www.nom.co.jp/portal/3.html,homepageAnchor,採用情報,ownDomain,high,200,unavailable,採用情報 - 西日本オフィスメーション株式会社,true,2,0,false,false,,,0,,false,2026-10-05T13:15:37.159Z
8260001000957,株式会社オービス,33:岡山県,37人,30-99人,その他,30-99人 / その他,1,https://www.obis.co.jp/,200,allowed,,https://www.obis.co.jp/recruit/,https://www.obis.co.jp/recruit/,homepageAnchor,採用情報,ownDomain,high,200,allowed,株式会社オービス 採用サイト,true,2,0,false,false,,,0,,false,2026-10-05T13:15:40.562Z
8260001003258,株式会社システムタイズ,33:岡山県,95人,30-99人,その他,30-99人 / その他,1,https://www.system-ties.co.jp/,200,allowed,,https://www.system-ties.co.jp/recruit/,https://www.system-ties.co.jp/recruit/,homepageAnchor,新卒採用,ownDomain,high,200,allowed,株式会社システムタイズ 2028年採用 - ホーム -,true,3,0,false,false,,,0,,false,2026-10-05T13:15:39.764Z
8260001004792,株式会社岡山トヨタシステムサービス,33:岡山県,101人,100-299人,その他,100-299人 / その他,1,https://www.ot-ss.com/,200,unavailable,,https://www.ot-ss.com/HomePage/saiyojoho.html,https://www.ot-ss.com/HomePage/saiyojoho.html,homepageAnchor,採用情報,ownDomain,high,200,unavailable,RECRUIT - 株式会社 岡山トヨタシステムサービス,true,2,0,false,false,,,0,,false,2026-10-05T13:15:39.904Z
8260001007077,株式会社両備システムズ,33:岡山県,1966人,1000人以上,その他,1000人以上 / その他,1,http://www.ryobi.co.jp/,,unavailable,TimeoutError,,,,,,,,,,,0,0,,false,,,0,,false,
8260001025806,レプタイル株式会社,33:岡山県,27人,10-29人,その他,10-29人 / その他,1,https://www.reptiles.co.jp/,200,allowed,,https://www.reptiles.co.jp/recruit/,https://www.reptiles.co.jp/recruit/,homepageUrlPattern,リクルート,ownDomain,medium,200,allowed,リクルート | Reptile レプタイル株式会社,true,3,0,false,false,,,0,,false,2026-10-05T13:15:40.332Z
8260001034105,アクター株式会社,33:岡山県,7人,5-9人,その他,5-9人 / その他,1,https://ac-tor.co/,200,unavailable,,https://ac-tor.co/recruit/,https://ac-tor.co/recruit/,homepageAnchor,求人情報 RECRUIT,ownDomain,high,200,unavailable,求人情報 | アクター株式会社,true,2,0,false,false,,,0,,false,2026-10-05T13:15:41.929Z
8260002015269,有限会社ミト・ワークス,33:岡山県,6人,5-9人,その他,5-9人 / その他,1,https://m-w.cc/,200,allowed,,https://m-w.cc/recruit/recruit.html,https://m-w.cc/recruit/recruit.html,homepageAnchor,求人情報,ownDomain,high,200,allowed,求人情報｜岡山のホームページ・動画・デザイン制作会社 ミト・ワークス,true,1,0,false,false,,,0,,false,2026-10-05T13:15:42.955Z
8270001003273,株式会社サテライトコミュニケーションズネットワーク,31:鳥取県,30人,30-99人,その他,30-99人 / その他,1,https://www.sc-net.ne.jp/,200,allowed,,https://www.sc-net.ne.jp/recruit/,https://www.sc-net.ne.jp/recruit/,homepageAnchor,RECRUIT,ownDomain,high,200,allowed,採用情報 - SCN,true,1,0,false,false,,,0,,false,2026-10-05T13:15:46.997Z
8280001002811,株式会社アキュートシスコム,32:島根県,54人,30-99人,その他,30-99人 / その他,1,https://www.acute-sc.co.jp/,200,unavailable,,https://www.acute-sc.co.jp/recruit/index.html,https://www.acute-sc.co.jp/recruit/index.html,homepageAnchor,Recruit,ownDomain,low,200,unavailable,株式会社アキュートシスコム,false,1,0,false,false,,,0,https://www.acute-sc.co.jp/recruit/index.html,true,2026-10-05T13:15:43.504Z
8290001006662,株式会社オートメイション・テクノロジー,40:福岡県,168人,100-299人,主要都市圏,100-299人 / 主要都市圏,1,https://www.inf9.co.jp/,200,allowed,,https://www.inf9.co.jp/recruit/,https://www.inf9.co.jp/recruit/,homepageAnchor,採用情報,ownDomain,high,200,allowed,採用情報｜採用情報｜株式会社オートメイション・テクノロジー,true,2,0,false,false,,,0,https://www.inf9.co.jp/recruit/,true,2026-10-05T13:15:43.798Z
8290001009392,株式会社西日本新聞社,40:福岡県,500人,300-999人,主要都市圏,300-999人 / 主要都市圏,1,http://www.nishinippon.co.jp/,200,allowed,,https://c.nishinippon.co.jp/recruit/,https://c.nishinippon.co.jp/recruit/,homepageAnchor,採用情報,ownDomain,high,200,allowed,西日本新聞RECRUITMENT,true,1,0,false,false,,,0,,false,2026-10-05T13:15:50.094Z
8290001011613,インフォニイ株式会社,40:福岡県,34人,30-99人,主要都市圏,30-99人 / 主要都市圏,1,http://www.infony.co.jp,,unavailable,TypeError:ENOTFOUND,,,,,,,,,,,0,0,,false,,,0,,false,
8290001020069,株式会社キャム,40:福岡県,31人,30-99人,主要都市圏,30-99人 / 主要都市圏,1,https://www.cam-net.co.jp/,200,allowed,,https://www.cam-net.co.jp/recruit/,https://www.cam-net.co.jp/recruit/,homepageAnchor,採用トップ,ownDomain,high,200,allowed,採用情報 | 株式会社キャム,true,8,0,false,false,,,0,,false,2026-10-05T13:15:46.940Z
8290001021199,株式会社ソリューション,40:福岡県,46人,30-99人,主要都市圏,30-99人 / 主要都市圏,1,http://www.solution-gr.co.jp/,200,unavailable,,https://www.solution-gr.co.jp/recruit,https://www.solution-gr.co.jp/recruit/,homepageAnchor,RECRUIT,ownDomain,high,200,unavailable,採用情報｜株式会社ソリューション,true,4,0,false,false,,,1,,false,2026-10-05T13:15:52.791Z
8290001021579,株式会社ゼンリンジオ技術研究所,40:福岡県,61人,30-99人,主要都市圏,30-99人 / 主要都市圏,1,http://www.geogiken.co.jp/,200,unavailable,,https://www.zenrin-gtl.co.jp/recruit/,https://www.zenrin-gtl.co.jp/recruit/,homepageAnchor,採用情報 RECRUIT,otherDomain,low,200,unavailable,TOP│ゼンリンジオ技術研究所(リクルートサイト),false,1,0,false,false,,,0,,false,2026-10-05T13:15:53.238Z
8290001025927,株式会社ヒューコネクト,40:福岡県,2人,1-4人,主要都市圏,1-4人 / 主要都市圏,1,http://www.hu-connect.co.jp/,200,allowed,,https://hu-connect.co.jp/work/work_no000071.html,https://hu-connect.co.jp/work/work_no000071.html,homepageAnchor,WEBサイト制作 MovableType WEBサイト保守 コーポレート/オフィシャルサイト 建設コンサルタンツ協会 関東支部 採用サイト,ownDomain,high,200,allowed,建設コンサルタンツ協会 関東支部 採用サイト｜制作実績｜株式会社ヒューコネクト,true,1,0,false,false,,,0,,false,2026-10-05T13:15:55.866Z
8290001027857,エモーションウエーブ株式会社,40:福岡県,46人,30-99人,主要都市圏,30-99人 / 主要都市圏,1,http://www.uewave.com/,200,allowed,,https://www.uewave.com/saiyo/index.html,https://www.uewave.com/saiyo/index.html,homepageAnchor,採用情報,ownDomain,high,200,allowed,エモーションウエーブ採用情報,true,3,0,false,false,,,0,,false,2026-10-05T13:15:54.710Z
8290001031405,株式会社ベストＩＴビジネス,40:福岡県,34人,30-99人,主要都市圏,30-99人 / 主要都市圏,1,http://best-it.co.jp/,200,allowed,,https://en-gage.net/bib_jobs/,https://en-gage.net/bib_jobs/,homepageLinkToOfficialAts,中途採用情報,atsHosted,high,200,allowed,株式会社ベストＩＴビジネスの採用・求人情報-engage,true,4,0,false,false,,,0,,false,2026-10-05T13:15:54.269Z
8290001052401,フィールドシステムズ株式会社,40:福岡県,21人,10-29人,主要都市圏,10-29人 / 主要都市圏,1,https://fieldsystems.co.jp/company/action-plan,200,allowed,,https://fieldsystems.co.jp/recruit,https://fieldsystems.co.jp/recruit,homepageAnchor,採用情報,ownDomain,high,200,allowed,採用情報: エンジニア・営業・CS募集｜成長機会と働き方を重視する方へ｜フィールドシステムズ,true,1,0,false,false,,,0,,false,2026-10-05T13:15:55.003Z
8290001078256,株式会社ＫＡＴＳＵＭＯＫ,40:福岡県,8人,5-9人,主要都市圏,5-9人 / 主要都市圏,1,https://katsumok.com/,200,allowed,,https://katsumok.com/recruit-blog,https://katsumok.com/recruit-blog/,homepageAnchor,RECRUIT BLOG リクルートブログ,ownDomain,high,200,allowed,株式会社KATSUMOK,true,1,0,false,false,,,1,,false,2026-10-05T13:16:01.553Z
8290002030505,株式会社エムアンドエル,40:福岡県,22人,10-29人,主要都市圏,10-29人 / 主要都市圏,1,http://www.mandl.co.jp/company/,200,allowed,,https://www.mandl.co.jp/recruit/,https://www.mandl.co.jp/recruit/,homepageAnchor,RECRUIT,ownDomain,high,200,allowed,RECRUIT &ndash; 株式会社エムアンドエルオフィシャルサイト,true,1,0,false,false,,,0,,false,2026-10-05T13:16:01.356Z
8290801003000,株式会社ニシコン,40:福岡県,176人,100-299人,主要都市圏,100-299人 / 主要都市圏,1,https://www.nckk.co.jp/,200,unavailable,,https://www.nckk.co.jp/recruite,https://www.nckk.co.jp/recruite/,homepageAnchor,RECRUIT 採用情報,ownDomain,high,200,unavailable,採用情報 | ニシコン（NISHICON）,true,1,0,false,false,,,1,,false,2026-10-05T13:15:59.028Z
8290801011432,株式会社ビー・エス・エス,40:福岡県,48人,30-99人,主要都市圏,30-99人 / 主要都市圏,1,https://www.bssnet.co.jp,200,unavailable,,https://www.bssnet.co.jp/recruitment/,https://www.bssnet.co.jp/recruitment/,homepageAnchor,RECRUITMENT 採用情報,ownDomain,high,200,unavailable,採用情報｜BSS,true,6,0,false,false,,,0,,false,2026-10-05T13:15:58.560Z
8300001011958,株式会社ＡＮＤＣＯ,41:佐賀県,47人,30-99人,その他,30-99人 / その他,1,https://andco-web.jp/,200,unavailable,,,,,,,,,,,,0,0,,false,,,0,,false,
8310001011486,株式会社エス・ティー・エヌ,42:長崎県,33人,30-99人,その他,30-99人 / その他,1,http://www.stn-plus.com/,200,unavailable,,https://stn-plus.com/recruit,https://stn-plus.com/recruit/,homepageAnchor,採用情報,ownDomain,high,200,allowed,採用情報｜ 株式会社エス・ティー・エヌ,true,5,0,false,false,,,1,,false,2026-10-05T13:16:12.799Z
8320001001478,株式会社スリーエイ・システム,44:大分県,245人,100-299人,その他,100-299人 / その他,1,https://www.aaa-system.co.jp/,200,allowed,,https://www.aaa-system.co.jp/recruit/,https://www.aaa-system.co.jp/recruit/,homepageAnchor,採用情報 Recruit,ownDomain,high,200,allowed,採用情報 | 株式会社スリーエイ・システム,true,2,0,false,false,,,0,,false,2026-10-05T13:15:59.994Z
8320001006601,三菱商事太陽株式会社,44:大分県,120人,100-299人,その他,100-299人 / その他,1,https://www.mctaiyo.co.jp/,200,unavailable,,https://www.mctaiyo.co.jp/recruit/,https://www.mctaiyo.co.jp/recruit/,homepageAnchor,採用情報,ownDomain,high,200,unavailable,採用情報｜三菱商事太陽株式会社,true,3,0,false,false,,,0,,false,2026-10-05T13:16:01.747Z
8330001001378,株式会社熊本計算センター,43:熊本県,246人,100-299人,その他,100-299人 / その他,1,https://www.kkc-net.co.jp/,200,allowed,,https://www.kkc-net.co.jp/recruit,https://www.kkc-net.co.jp/recruit/,homepageAnchor,採用情報,ownDomain,high,200,allowed,熊本計算センター 採用特設サイト | 募集。 新しい風を吹かせる人。,true,1,0,false,false,,,1,,false,2026-10-05T13:16:07.667Z
8330001003374,株式会社ナトーコンピュータ,43:熊本県,40人,30-99人,その他,30-99人 / その他,1,https://www.nato.co.jp/,200,allowed,,https://www.nato.co.jp/recruit/,https://www.nato.co.jp/recruit/,homepageAnchor,採用情報,ownDomain,high,200,allowed,採用情報｜株式会社 ナトーコンピュータ,true,2,0,false,false,,,0,,false,2026-10-05T13:16:04.242Z
8330001011237,株式会社ＣＯネット,43:熊本県,8人,5-9人,その他,5-9人 / その他,1,http://net-co.jp/,200,allowed,,http://net-co.jp/recruit.html,http://net-co.jp/recruit.html,homepageAnchor,採用情報,ownDomain,high,200,allowed,採用情報｜株式会社COネット,true,1,0,false,false,,,0,,false,2026-10-05T13:16:04.442Z
8330001017176,株式会社ウディスソフト研究所,43:熊本県,5人,5-9人,その他,5-9人 / その他,1,https://www.udissoftlab.com/,200,unavailable,,https://www.udissoftlab.com/?page_id=1457,https://www.udissoftlab.com/?page_id=1457,homepageAnchor,採用情報,ownDomain,high,200,unavailable,採用情報 | 株式会社ウディスソフト研究所,true,3,0,false,false,,,0,,false,2026-10-05T13:16:06.768Z
8330001017548,株式会社フォルクスウェア,43:熊本県,11人,10-29人,その他,10-29人 / その他,1,https://volksware.jp/,200,allowed,,https://volksware.jp/recruit/,https://volksware.jp/welcome-to-volksware/recruit/,homepageAnchor,募集要項,ownDomain,high,200,allowed,募集要項 ｜ 株式会社フォルクスウェア,true,6,0,false,false,,,1,,false,2026-10-05T13:16:07.688Z
8340001002433,ソフトマックス株式会社,46:鹿児島県,246人,100-299人,その他,100-299人 / その他,1,https://www.s-max.co.jp/company/sustainability/,200,allowed,,https://www.s-max.co.jp/recruit/,https://www.s-max.co.jp/recruit/,homepageAnchor,採用情報,ownDomain,high,200,allowed,採用情報｜ソフトマックス株式会社,true,5,0,false,false,,,0,,false,2026-10-05T13:16:07.505Z
8340001005592,株式会社現場サポート,46:鹿児島県,77人,30-99人,その他,30-99人 / その他,1,https://www.genbasupport.com/,200,allowed,,https://recruit.genbasupport.com/,https://recruit.genbasupport.com/,homepageAnchor,採用情報,ownDomain,high,200,allowed,株式会社現場サポート リクルートサイト,true,3,0,false,false,,,0,,false,2026-10-05T13:16:07.770Z
8340001022365,Ｇｒｏｗｃａｌ株式会社,46:鹿児島県,2人,1-4人,その他,1-4人 / その他,1,https://growcal.jp/,200,allowed,,https://growcal.jp/recruit/,https://growcal.jp/recruit/,robotsSitemap,,ownDomain,medium,200,allowed,Recruit -リクルート- | 鹿屋のデザイン・通販・マーケティング支援は Growcal株式会社 - ぐろうかる –,true,1,3,false,false,,,0,,false,2026-10-05T13:16:14.938Z
8350001004081,株式会社フェニックスシステム研究所,45:宮崎県,175人,100-299人,その他,100-299人 / その他,1,https://www.psl-em.co.jp/,403,unavailable,http_403,,,,,,,,,,,0,0,,false,,,0,,false,
8350001007316,旭化成ネットワークス株式会社,45:宮崎県,100人,100-299人,その他,100-299人 / その他,1,https://www.aknws.com/,200,allowed,,https://www.aknws.com/recruit/,https://www.aknws.com/recruit,homepageAnchor,採用情報,ownDomain,high,200,allowed,採用情報 - 旭化成ネットワークス株式会社,true,1,0,false,false,,,1,,false,2026-10-05T13:16:13.621Z
8350001008198,日本情報クリエイト株式会社,45:宮崎県,327人,300-999人,その他,300-999人 / その他,1,http://www.n-create.co.jp/,200,unavailable,,https://www.n-create.co.jp/pr/recruit/,https://www.n-create.co.jp/pr/recruit/,homepageAnchor,採用情報,ownDomain,high,200,unavailable,採用情報｜ 日本情報クリエイト,true,2,0,false,false,,,0,,false,2026-10-05T13:16:15.996Z
8360001000583,沖電グローバルシステムズ株式会社,47:沖縄県,155人,100-299人,その他,100-299人 / その他,1,https://www.okiden-gs.co.jp/company/1647746533/,200,unavailable,,https://www.okiden-gs.co.jp/recruit/,https://www.okiden-gs.co.jp/recruit/,homepageAnchor,採用情報,ownDomain,high,200,unavailable,採用情報 | 情報通信システムの開発・運用・保守業務は、沖電グローバルシステムズ,true,2,0,false,false,,,0,,false,2026-10-05T13:16:11.277Z
8360001000922,株式会社国際システム,47:沖縄県,175人,100-299人,その他,100-299人 / その他,1,https://www.isd.co.jp/,200,allowed,,https://www.isd.co.jp/recruit/,https://www.isd.co.jp/recruit/,homepageAnchor,Recruit 採用情報,ownDomain,high,200,allowed,採用情報 – 国際システム,true,5,0,false,false,,,0,,false,2026-10-05T13:16:12.887Z
8360001001219,株式会社ソフィア通信,47:沖縄県,78人,30-99人,その他,30-99人 / その他,1,http://www.sophianet.co.jp/,200,unavailable,,,,,,,,,,,,0,0,,false,,,0,,false,
8360003011694,合同会社Ｄｉｇｉｔａｌ　Ｔｒｕｓｔ　Ｆｉｒｍ,13:東京都,5人,5-9人,東京,5-9人 / 東京,1,https://digital-trust-firm.co.jp/,200,allowed,,,,,,,,,,,,0,3,,false,,,0,,false,
8370001004996,ＴＩＳ東北株式会社,04:宮城県,101人,100-299人,その他,100-299人 / その他,1,https://www.tis-t.co.jp/,200,allowed,,https://www.tis-t.co.jp/recruit/,https://www.tis-t.co.jp/recruit/,homepageAnchor,採用,ownDomain,high,200,allowed,ホーム - TIS東北株式会社,true,2,0,false,false,,,0,,false,2026-10-05T13:16:18.109Z
8370001012280,東杜シーテック株式会社,04:宮城県,127人,100-299人,その他,100-299人 / その他,1,https://www.tctec.co.jp,200,allowed,,https://www.tctec.co.jp/recruit/,https://www.tctec.co.jp/recruit/,homepageAnchor,採用情報,ownDomain,high,200,allowed,東杜シーテック株式会社 RECRUITMENT | 東北・仙台から世界に誇れるものづくりを,true,1,0,false,false,,,0,,false,2026-10-05T13:16:18.594Z
8370001012537,株式会社ビー・エイチ・シー,04:宮城県,23人,10-29人,その他,10-29人 / その他,1,https://www.bhc-bc.co.jp/,200,unavailable,,https://www.bhc-bc.co.jp/recruit/,https://www.bhc-bc.co.jp/recruit/,homepageAnchor,RECRUIT 採用情報,ownDomain,high,200,unavailable,採用情報 | 株式会社ビー・エイチ・シー - BHC,true,5,0,false,false,,,0,,false,2026-10-05T13:16:18.040Z
8370001014194,株式会社ティーダシステム,04:宮城県,20人,10-29人,その他,10-29人 / その他,1,http://www.teada-system.com,200,allowed,,https://teada-system.com/%E6%8E%A1%E7%94%A8%E6%83%85%E5%A0%B1-2/,https://www.teada-system.com/%E6%8E%A1%E7%94%A8%E6%83%85%E5%A0%B1-2/,homepageAnchor,採用情報,ownDomain,high,200,allowed,採用情報 | 株式会社ティーダシステム,true,6,0,false,false,,,1,http://www.teada-system.com,true,2026-10-05T13:16:35.508Z
8380001008162,株式会社ＮＣＥ,07:福島県,105人,100-299人,その他,100-299人 / その他,1,https://nce.co.jp/company/kodo-keikaku/,200,allowed,,https://nce.co.jp/recruit/,https://nce.co.jp/recruit/,homepageAnchor,採用情報,ownDomain,high,200,allowed,採用情報 | ソフトウェア開発・受託開発のNCE | 福島・東京・静岡,true,6,0,false,false,,,0,,false,2026-10-05T13:16:22.473Z
8390001000795,株式会社さくらんぼテレビジョン,06:山形県,58人,30-99人,その他,30-99人 / その他,1,http://www.sakuranbo.co.jp/,200,allowed,,https://www.sakuranbo.co.jp/info/recruit/,https://www.sakuranbo.co.jp/info/recruit/,homepageAnchor,採用情報,ownDomain,high,200,allowed,採用情報｜さくらんぼテレビ,true,1,0,false,false,,,0,,false,2026-10-05T13:16:26.331Z
8400001003656,岩手インフォメーション・テクノロジー株式会社,03:岩手県,38人,30-99人,その他,30-99人 / その他,1,https://iwate-it.co.jp/,200,unavailable,,https://www.iwate-it.co.jp/?page_id=1292,https://www.iwate-it.co.jp/?page_id=1292,homepageAnchor,岩手ITの新卒採用 Recruit,ownDomain,high,200,unavailable,岩手ITの新卒採用 | 岩手インフォメーション・テクノロジー,true,2,0,false,false,,,0,,false,2026-10-05T13:16:39.767Z
8410001000330,株式会社秋田魁新報社,05:秋田県,238人,100-299人,その他,100-299人 / その他,1,https://www.sakigake.jp/company/,200,allowed,,https://corp.sakigake.jp/recruit,https://corp.sakigake.jp/recruit,robotsSitemap,,ownDomain,medium,200,allowed,秋田魁新報社採用情報,true,4,3,false,false,,,0,,false,2026-10-05T13:16:29.626Z
8410001000702,エイデイケイ富士システム株式会社,05:秋田県,130人,100-299人,その他,100-299人 / その他,1,http://www.adf.co.jp/,200,allowed,,https://www.adf.co.jp/recruit/,https://www.adf.co.jp/recruit/,homepageAnchor,採用情報TOP,ownDomain,high,200,allowed,採用情報 - ADK富士システム株式会社,true,11,0,false,false,,,0,,false,2026-10-05T13:16:28.785Z
8410001002814,株式会社トラパンツ,05:秋田県,47人,30-99人,その他,30-99人 / その他,1,https://www.torapants.co.jp/,200,allowed,,https://www.torapants.co.jp/recruit/,https://www.torapants.co.jp/recruit/,homepageAnchor,Torapants Inc. Recruiting,ownDomain,high,200,allowed,株式会社トラパンツ Recruiting 2027・2028,true,29,0,false,false,,,0,,false,2026-10-05T13:16:26.864Z
8420001000206,株式会社青森テレビ,02:青森県,95人,30-99人,その他,30-99人 / その他,1,https://www.atv.jp/,200,allowed,,,,,,,,,,,,0,0,,false,,,0,,false,
8430001000493,株式会社アジェンダ,01:北海道,75人,30-99人,主要都市圏,30-99人 / 主要都市圏,1,https://www.agenda.co.jp/,200,unavailable,,https://www.agenda.co.jp/recruit/,https://www.agenda.co.jp/recruit/,homepageAnchor,採用情報,ownDomain,high,200,unavailable,AGENDA TIMES RECRUITING,true,5,0,false,false,,,0,,false,2026-10-05T13:16:27.896Z
8430001007019,株式会社シー・エー・ティー,01:北海道,20人,10-29人,主要都市圏,10-29人 / 主要都市圏,1,https://www.kkcat.co.jp/,200,unavailable,,https://www.kkcat.co.jp/?page_id=112,https://www.kkcat.co.jp/?page_id=112,homepageAnchor,求人ページへ,ownDomain,high,200,unavailable,募集要項 – 株式会社シー・エー・ティー,true,1,0,false,false,,,0,,false,2026-10-05T13:16:29.824Z
8430001007068,ＳＣＳＫ北海道株式会社,01:北海道,216人,100-299人,主要都市圏,100-299人 / 主要都市圏,1,http://www.scsk-hokkaido.co.jp/,200,allowed,,https://www.scsk-hokkaido.co.jp/saiyo/,https://www.scsk-hokkaido.co.jp/saiyo/,homepageAnchor,採用情報,ownDomain,high,200,allowed,採用情報 | SCSK北海道株式会社,true,4,0,false,false,,,0,,false,2026-10-05T13:16:31.846Z
8430001021969,北海道総合通信網株式会社,01:北海道,264人,100-299人,主要都市圏,100-299人 / 主要都市圏,1,https://www.hotnet.co.jp,200,allowed,,https://www.hotnet.co.jp/recruit/,https://www.hotnet.co.jp/recruit/,homepageUrlPattern,,ownDomain,medium,200,allowed,採用情報｜HOTnet 北海道総合通信網株式会社,true,1,0,false,false,,,0,,false,2026-10-05T13:16:32.000Z
8430001041505,株式会社アイコン,01:北海道,40人,30-99人,主要都市圏,30-99人 / 主要都市圏,1,https://iconfor.co.jp,200,allowed,,https://iconfor.co.jp/recruit,https://iconfor.co.jp/recruit/,homepageAnchor,RECRUIT,ownDomain,high,200,allowed,RECRUIT | iCON,true,5,0,false,false,,,1,,false,2026-10-05T13:16:35.988Z
8430001087572,株式会社ＲＵＣＯ,01:北海道,6人,5-9人,主要都市圏,5-9人 / 主要都市圏,1,https://ruco.co.jp/,200,allowed,,https://ruco.co.jp/recruit/,https://ruco.co.jp/recruit/,robotsSitemap,,ownDomain,medium,200,allowed,Recruit | 株式会社RUCO,true,1,3,false,false,,,0,,false,2026-10-05T13:16:38.331Z
8430001088380,株式会社フルコ,01:北海道,1人,1-4人,主要都市圏,1-4人 / 主要都市圏,1,https://furuco.jp/,200,allowed,,,,,,,,,,,,0,0,,false,,,0,,false,
8470001001876,株式会社四國新聞社,37:香川県,112人,100-299人,その他,100-299人 / その他,1,https://www.shikoku-np.co.jp/,200,allowed,,https://www.shikoku-np.co.jp/weekly_job/,https://www.shikoku-np.co.jp/weekly_job/,homepageAnchor,求人,ownDomain,high,200,allowed,求人ウイークリーJOB,true,6,0,false,false,,,0,,false,2026-10-05T13:16:35.007Z
8480001001710,日本システム開発株式会社,36:徳島県,60人,30-99人,その他,30-99人 / その他,1,https://www.jsdnet.co.jp/,200,allowed,,https://www.jsdnet.co.jp/guideline/career/,https://www.jsdnet.co.jp/guideline/career/,homepageAnchor,キャリア採用,ownDomain,high,200,allowed,日本システム開発株式会社（JSD) | キャリア採用,true,5,0,false,false,,,0,,false,2026-10-05T13:16:37.185Z
8490001000439,株式会社キタムラコンピユータ,39:高知県,14人,10-29人,その他,10-29人 / その他,1,https://www.kitacomp.co.jp/,200,unavailable,,https://www.kitacomp.co.jp/page0007.html,https://www.kitacomp.co.jp/page0007.html,homepageAnchor,採用情報,ownDomain,high,200,unavailable,(株)キタムラコンピュータ-採用情報,true,3,0,false,false,,,0,,false,2026-10-05T13:16:35.402Z
8500001000800,株式会社愛媛電算,38:愛媛県,89人,30-99人,その他,30-99人 / その他,1,http://www.ehime-densan.co.jp/,200,unavailable,,https://www.ehime-densan.co.jp/recruit/main.html,https://www.ehime-densan.co.jp/recruit/main.html,homepageAnchor,RECRUIT,ownDomain,high,200,unavailable,RECRUIT 採用情報 | 株式会社 愛媛電算,true,11,0,false,false,,,0,,false,2026-10-05T13:16:42.823Z
8500001006450,株式会社アイムービック,38:愛媛県,67人,30-99人,その他,30-99人 / その他,1,https://www.eyemovic.com/,200,allowed,,https://www.eyemovic.com/recruit/,https://www.eyemovic.com/recruit/,homepageAnchor,採 用 情 報,ownDomain,high,200,allowed,採用情報 | 株式会社アイムービック | 愛媛県松山市のWeb制作・システム開発の中途サイト・転職情報,true,2,0,false,false,,,0,,false,2026-10-05T13:16:38.701Z
8500001014453,株式会社フロントエンド,38:愛媛県,17人,10-29人,その他,10-29人 / その他,1,https://www.frontend.co.jp/,200,allowed,,https://www.frontend.co.jp/recruit/,https://www.frontend.co.jp/recruit/,homepageAnchor,採用情報,ownDomain,high,200,allowed,採用情報 – 株式会社フロントエンド,true,6,0,false,false,,,0,,false,2026-10-05T13:16:40.282Z
9010001010501,株式会社アローコーポレーション,13:東京都,27人,10-29人,東京,10-29人 / 東京,1,https://www.allow-web.com/,200,unavailable,,https://www.allow-web.com/recruit-jointbusiness/recruit/,https://www.allow-web.com/recruit-jointbusiness/recruit/,homepageAnchor,採用・外部提携,ownDomain,high,200,unavailable,採用情報 | 株式会社アローコーポレーション,true,3,0,false,false,,,0,,false,2026-10-05T13:16:39.144Z
9010001010864,株式会社イイガ,13:東京都,35人,30-99人,東京,30-99人 / 東京,1,http://www.iiga.jp,200,unavailable,,,,,,,,,,,,0,0,,false,,,0,,false,
9010001014964,株式会社国和システム,13:東京都,248人,100-299人,東京,100-299人 / 東京,1,https://www.kokuwa.co.jp/,200,allowed,,https://www.kokuwa.co.jp/recruit,https://www.kokuwa.co.jp/recruit/,homepageAnchor,募集要項,ownDomain,high,200,allowed,募集要項 | 株式会社国和システム,true,3,0,false,false,,,1,,false,2026-10-05T13:16:43.207Z
9010001020855,株式会社税務研究会,13:東京都,167人,100-299人,東京,100-299人 / 東京,1,http://www.zeiken.co.jp/,200,allowed,,https://www.zeiken.co.jp/about/recruit.php,https://www.zeiken.co.jp/about/recruit.php,homepageAnchor,インターンシップ情報 採用情報,ownDomain,high,200,allowed,インターンシップ情報・採用情報｜税務研究会,true,1,0,false,false,,,0,,false,2026-10-05T13:16:46.386Z
9010001023222,株式会社電力計算センター,13:東京都,127人,100-299人,東京,100-299人 / 東京,1,https://www.dcc.co.jp/,200,allowed,,https://www.dcc.co.jp/recruit/,https://www.dcc.co.jp/recruit/,homepageAnchor,RECRUIT,ownDomain,high,200,allowed,採用情報 | 株式会社電力計算センター,true,2,0,false,false,,,0,,false,2026-10-05T13:16:44.550Z
9010001026159,株式会社ＩＩＪエンジニアリング,13:東京都,750人,300-999人,東京,300-999人 / 東京,1,https://www.iij-engineering.co.jp/,200,unavailable,,https://recruit.iij-engineering.co.jp/,https://recruit.iij-engineering.co.jp/,homepageAnchor,採用情報,ownDomain,high,200,allowed,株式会社IIJエンジニアリング 採用サイト,true,1,0,false,false,,,0,,false,2026-10-05T13:16:42.445Z
9010001031729,株式会社中央公論新社,13:東京都,158人,100-299人,東京,100-299人 / 東京,1,http://www.chuko.co.jp/,200,allowed,,http://www.chuko.co.jp/recruit/,http://www.chuko.co.jp/recruit/,homepageAnchor,採用案内,ownDomain,high,200,allowed,採用案内｜中央公論新社,true,1,0,false,false,,,0,,false,2026-10-05T13:16:49.243Z
9010001035779,株式会社朝日ネット,13:東京都,200人,100-299人,東京,100-299人 / 東京,1,https://asahi-net.co.jp/corporate/characteristic.html,200,unavailable,,https://asahi-net.co.jp/recruit/,https://asahi-net.co.jp/recruit/,homepageAnchor,採用情報,ownDomain,high,200,unavailable,朝日ネット（採用サイト）,true,3,0,false,false,,,0,,false,2026-10-05T13:16:43.735Z
9010001055406,株式会社富士キメラ総研,13:東京都,84人,30-99人,東京,30-99人 / 東京,1,https://www.fcr.co.jp/,200,allowed,,https://www.fuji-keizai.co.jp/recruit/,,homepageLinkOffDomain,採用情報,otherDomain,low,,,,,1,0,,false,,,0,,false,
9010001056156,株式会社山口シネマ,13:東京都,456人,300-999人,東京,300-999人 / 東京,1,http://www.yamaguchi-cinema.co.jp/,200,unavailable,,,,,,,,,,,,0,0,,false,,,0,,false,
9010001063425,株式会社ウイズ・ワン,13:東京都,230人,100-299人,東京,100-299人 / 東京,1,https://wiss1.co.jp,200,allowed,,https://wiss1.co.jp/recruit/recruitment/,https://wiss1.co.jp/recruit/recruitment/,homepageAnchor,採用フロー / 募集要項,ownDomain,high,200,allowed,採用フロー / 募集要項 - 株式会社ウイズ・ワン (WISS1),true,7,0,false,false,,,0,,false,2026-10-05T13:16:48.030Z
9010001063813,ベース株式会社,13:東京都,1370人,1000人以上,東京,1000人以上 / 東京,1,https://www.basenet.co.jp/,200,allowed,,https://www.basenet.co.jp/recruit/,https://www.basenet.co.jp/recruit/index.html,homepageAnchor,採用情報 RECRUIT,ownDomain,high,200,allowed,ベース株式会社採用サイト,true,4,0,false,false,,,1,,false,2026-10-05T13:16:50.020Z
9010001065685,株式会社シンカ,13:東京都,40人,30-99人,東京,30-99人 / 東京,1,http://www.synca.co.jp/,200,allowed,,https://synca.co.jp/recruit/,https://synca.co.jp/recruit/,homepageAnchor,RECRUIT,ownDomain,high,200,allowed,採用情報 – SYNCA,true,1,0,false,false,,,0,,false,2026-10-05T13:16:52.496Z
9010001066543,アイ・システム株式会社,13:東京都,361人,300-999人,東京,300-999人 / 東京,1,https://www.i-system.co.jp,200,allowed,,https://www.i-system.co.jp/recruit/,https://www.i-system.co.jp/recruit/,homepageAnchor,採用情報,ownDomain,high,200,allowed,採用情報 | アイ・システム株式会社,true,8,0,false,false,,,0,,false,2026-10-05T13:16:47.758Z
9010001067368,株式会社インプレス,13:東京都,120人,100-299人,東京,100-299人 / 東京,1,https://www.imprex.co.jp/,200,allowed,,https://www.imprex.co.jp/recruit,https://www.imprex.co.jp/recruit,robotsSitemap,,ownDomain,medium,200,allowed,採用 | 株式会社インプレス,true,4,3,false,false,,,0,,false,2026-10-05T13:16:52.939Z
9010001069298,株式会社ネクステージコンサルティング,13:東京都,25人,10-29人,東京,10-29人 / 東京,1,http://www.nextage-c.jp/,500,unavailable,http_500,,,,,,,,,,,0,0,,false,,,0,,false,
9010001074249,株式会社日本ウィルテックソリューション,13:東京都,166人,100-299人,東京,100-299人 / 東京,1,https://www.jwts.co.jp/,200,unavailable,,,,,,,,,,,,0,0,,false,,,0,,false,
9010001075016,株式会社トゥーヴァージンズ,13:東京都,12人,10-29人,東京,10-29人 / 東京,1,http://www.twovirgins.jp/,200,allowed,,,,,,,,,,,,0,2,,false,,,0,,false,
9010001082243,株式会社コーソル,13:東京都,162人,100-299人,東京,100-299人 / 東京,1,https://cosol.jp/,200,allowed,,https://cosol.jp/recruit/,https://cosol.jp/recruit/,homepageAnchor,採用情報 RECRUIT,ownDomain,high,200,allowed,データベースエンジニア・クラウドエンジニアの採用・求人情報サイト | 株式会社コーソル,true,4,0,false,false,,,0,,false,2026-10-05T13:16:51.977Z
9010001086351,株式会社クロス・マーケティング,13:東京都,449人,300-999人,東京,300-999人 / 東京,1,http://www.cross-m.co.jp/,200,allowed,,https://www.cross-m.co.jp/process/4p-concept,https://www.cross-m.co.jp/process/4p-concept,homepageAnchor,最も高い評価のコンセプトを採用したい コンセプト受容性調査,ownDomain,high,200,allowed,コンセプト受容性調査 | リサーチ・市場調査ならクロス・マーケティング,true,6,0,false,false,,,0,,false,2026-10-05T13:16:56.453Z
9010001086426,ＡＢＣシステム株式会社,13:東京都,310人,300-999人,東京,300-999人 / 東京,1,https://www.abcs.addo.co.jp/,200,allowed,,https://www.abcs.addo.co.jp/entry,https://www.abcs.addo.co.jp/recruit/entry,homepageAnchor,新卒採用エントリー,ownDomain,high,200,allowed,エントリー | 新卒採用 | ABCシステム,true,7,0,false,false,,,1,,false,2026-10-05T13:16:54.198Z
9010001091707,ＣＴＣテクノロジー株式会社,13:東京都,1700人,1000人以上,東京,1000人以上 / 東京,1,http://www.ctct.co.jp/,200,unavailable,,https://www.ctct.co.jp/recruit/,https://www.ctct.co.jp/recruit/,homepageAnchor,24年：新卒採用、キャリア採用,ownDomain,high,200,unavailable,採用情報 | CTCテクノロジー株式会社 採用情報,true,2,0,false,false,,,0,,false,2026-10-05T13:16:57.079Z
9010001092589,株式会社ソデック,13:東京都,40人,30-99人,東京,30-99人 / 東京,1,https://www.sodech.com/,200,allowed,,https://www.sodech.com/recruit/,https://www.sodech.com/recruit/,homepageAnchor,採用情報,ownDomain,high,200,allowed,採用情報 | 株式会社ソデック,true,1,0,false,false,,,0,,false,2026-10-05T13:16:53.337Z
9010001093967,株式会社クロノス,13:東京都,24人,10-29人,東京,10-29人 / 東京,1,http://www.cronus.co.jp,200,unavailable,,,,,,,,,,,,0,0,,false,,,0,,false,
9010001100228,株式会社ストラテジックマーケティング,13:東京都,6人,5-9人,東京,5-9人 / 東京,1,https://www.strategic-m.jp,200,allowed,,https://www.strategic-m.jp/recruit/,https://www.strategic-m.jp/recruit/,homepageAnchor,採用情報,ownDomain,high,200,allowed,採用情報 | 株式会社ストラテジックマーケティング,true,1,0,false,false,,,0,,false,2026-10-05T13:16:55.642Z
9010001100905,株式会社ブレインアーツ,13:東京都,14人,10-29人,東京,10-29人 / 東京,1,https://brain-arts.net/,200,allowed,,https://brain-arts.net/recruit/,https://brain-arts.net/recruit/,homepageAnchor,採用情報,ownDomain,high,200,allowed,Brain Arts,true,1,0,false,false,,,0,https://brain-arts.net/recruit/,true,2026-10-05T13:16:56.751Z
9010001101119,ビジネスエンジニアリング株式会社,13:東京都,580人,300-999人,東京,300-999人 / 東京,1,https://www.b-en-g.co.jp/jp/sustainability/initiatives/social.html,200,unavailable,,,,,,,,,,,,0,0,,true,https://www.b-en-g.co.jp/,200,0,,false,
9010001103734,デジタル・インフォメーション・テクノロジー株式会社,13:東京都,1509人,1000人以上,東京,1000人以上 / 東京,1,https://www.ditgroup.jp/index.html,200,unavailable,,https://www.ditgroup.jp/recruit/,https://www.ditgroup.jp/recruit/,homepageUrlPattern,詳細はこちら,ownDomain,medium,200,unavailable,DIT デジタル・インフォメーション・テクノロジー株式会社 RECRUITING,true,1,0,false,false,,,0,,false,2026-10-05T13:16:57.428Z
9010001107322,株式会社ドリームオンライン,34:広島県,30人,30-99人,その他,30-99人 / その他,1,http://www.dreamonline.co.jp/,200,allowed,,,,,,,,,,,,0,1,,false,,,0,,false,
9010001109814,株式会社ジェニュイン,13:東京都,16人,10-29人,東京,10-29人 / 東京,1,http://www.genuine-pt.jp/,,unavailable,TypeError:ENOTFOUND,,,,,,,,,,,0,0,,false,,,0,,false,
9010001112933,株式会社アクセスネット,13:東京都,131人,100-299人,東京,100-299人 / 東京,1,https://www.access-net.co.jp/,200,allowed,,https://www.access-net.co.jp/recruit/,https://www.access-net.co.jp/recruit/,homepageAnchor,採用情報 採用情報,ownDomain,high,200,allowed,採用特設ページ-トップ - 株式会社アクセスネット,true,5,0,false,false,,,0,,false,2026-10-05T13:17:02.133Z
9010001116570,フューチャー・アンティークス株式会社,13:東京都,847人,300-999人,東京,300-999人 / 東京,1,https://www.futureantiques.co.jp,200,allowed,,https://futureantiques.co.jp/recruit/career/,https://futureantiques.co.jp/recruit/career/,homepageAnchor,中途募集職種,ownDomain,high,200,allowed,中途募集職種 - フューチャー・アンティークス株式会社,true,8,0,false,false,,,0,,false,2026-10-05T13:17:06.172Z
9010001118708,グロースエクスパートナーズ株式会社,13:東京都,282人,100-299人,東京,100-299人 / 東京,1,https://www.gxp-group.co.jp/,200,allowed,,https://recruit.gxp-group.co.jp/,https://recruit.gxp-group.co.jp/,homepageAnchor,Recruit launch 採用情報,ownDomain,high,200,allowed,GxPグループ採用情報,true,1,0,false,false,,,0,,false,2026-10-05T13:17:02.104Z
9010001126347,株式会社イマージュ,13:東京都,70人,30-99人,東京,30-99人 / 東京,1,http://www.img.co.jp/,200,allowed,,https://www.img.co.jp/recruit,https://www.img.co.jp/recruit,homepageAnchor,RECRUIT,ownDomain,high,200,allowed,採用情報 | image | 株式会社イマージュ,true,1,0,false,false,,,0,,false,2026-10-05T13:17:05.665Z
9010001129151,株式会社ブレイクスルー・ネットワーク,13:東京都,6人,5-9人,東京,5-9人 / 東京,1,https://ossbreak.co.jp/,200,unavailable,,https://ossbreak.co.jp/recruit.html,https://ossbreak.co.jp/recruit.html,homepageAnchor,採用情報,ownDomain,high,200,unavailable,採用情報｜株式会社ブレイクスルー・ネットワーク,true,1,0,false,false,,,0,,false,2026-10-05T13:17:01.379Z
9010001129218,ビーパートナーズ株式会社,13:東京都,74人,30-99人,東京,30-99人 / 東京,1,https://www.bee-partners.co.jp/,200,allowed,,https://www.bee-partners.co.jp/recruit,https://www.bee-partners.co.jp/recruit/,homepageAnchor,recruit move_group 採用,ownDomain,high,200,allowed,採用トップ | ビーパートナーズ株式会社,true,2,0,false,false,,,1,https://www.bee-partners.co.jp/recruit/,true,2026-10-05T13:17:03.141Z
9010001137889,かっこ株式会社,13:東京都,80人,30-99人,東京,30-99人 / 東京,1,https://cacco.co.jp/sustainability/,200,allowed,,https://cacco.co.jp/career/,https://cacco.co.jp/career/,homepageAnchor,Career,ownDomain,high,200,allowed,採用情報 | かっこ株式会社 Cacco Inc.,true,3,0,false,false,,,0,,false,2026-10-05T13:17:03.915Z
9010001139893,宇宙システム開発株式会社,13:東京都,36人,30-99人,東京,30-99人 / 東京,1,http://www.space-sd.co.jp/,200,unavailable,,,,,,,,,,,,0,0,,false,,,0,,false,
9010001143004,株式会社アクシスウェア,13:東京都,102人,100-299人,東京,100-299人 / 東京,1,https://www.axisware.co.jp/,200,unavailable,,https://www.axisware.co.jp/recruitment/,https://www.axisware.co.jp/recruitment/,homepageAnchor,2026.10.01 Recruit 2028年3月卒学生の採用を開始しました。,ownDomain,high,200,unavailable,採用情報 | axisware(アクシスウェア),true,10,0,false,false,,,0,,false,2026-10-05T13:17:05.844Z
9010001144019,株式会社ヒューマンテクノロジーズ,13:東京都,306人,300-999人,東京,300-999人 / 東京,1,http://www.h-t.co.jp,200,allowed,,https://recruit.h-t.co.jp/,https://recruit.h-t.co.jp/,homepageAnchor,採用情報,ownDomain,high,200,allowed,ヒューマンテクノロジーズ採用サイト,true,1,0,false,false,,,0,,false,2026-10-05T13:17:09.959Z
9010001145685,株式会社リボルブ・シス,13:東京都,434人,300-999人,東京,300-999人 / 東京,1,https://revolvesys.co.jp/,200,allowed,,https://revolvesys.co.jp/recruit/,https://revolvesys.co.jp/recruit/,homepageAnchor,RECRUIT,ownDomain,high,200,allowed,採用情報｜REVOLVE SYS,true,14,0,false,false,,,0,,false,2026-10-05T13:17:06.875Z
9010001145867,株式会社モバイルファクトリー,13:東京都,82人,30-99人,東京,30-99人 / 東京,1,https://www.mobilefactory.jp/,200,unavailable,,https://recruit.mobilefactory.jp/,https://recruit.mobilefactory.jp/,homepageAnchor,採用情報,ownDomain,high,200,unavailable,採用サイト | 株式会社モバイルファクトリー,true,2,0,false,false,,,0,,false,2026-10-05T13:17:07.372Z
9010001146618,株式会社ギークフィード,13:東京都,39人,30-99人,東京,30-99人 / 東京,1,https://www.geekfeed.co.jp/,200,allowed,,https://www.geekfeed.co.jp/recruitment,https://www.geekfeed.co.jp/recruitment,homepageAnchor,採用情報,ownDomain,high,200,allowed,採用情報 | ソフトウェア開発のギークフィード,true,3,0,false,false,,,0,,false,2026-10-05T13:17:08.051Z
9010001146832,株式会社メディアスクエア,13:東京都,19人,10-29人,東京,10-29人 / 東京,1,https://www.media-square.co.jp/,200,unavailable,,https://www.media-square.co.jp/recruit/,https://www.media-square.co.jp/recruit/,homepageAnchor,RECRUIT,ownDomain,high,200,unavailable,採用情報｜価値あるクラウドサービスを創造する｜株式会社メディアスクエア,true,1,0,false,false,,,0,,false,2026-10-05T13:17:08.822Z
9010001148226,スタークス株式会社,13:東京都,50人,30-99人,東京,30-99人 / 東京,1,https://starx.co.jp/,200,allowed,,https://recruit.starx.co.jp/,https://recruit.starx.co.jp/,homepageAnchor,RECRUIT,ownDomain,high,200,allowed,STARX｜採用サイト - スタークス,true,1,0,false,false,,,0,,false,2026-10-05T13:17:11.297Z
9010001153291,ディレクトリジャパン株式会社,13:東京都,2人,1-4人,東京,1-4人 / 東京,1,https://directoryjapan.jp/,200,allowed,,https://directoryjapan.jp/media-recruit-202306/,https://directoryjapan.jp/media-recruit-202306/,robotsSitemap,,ownDomain,low,200,allowed,【メディア掲載】リクルートスタッフィング様運営『らしさラジオ』にて最新オンラインコミュニケーションをテーマに出演協力しました - ディレクトリジャパン株式会社,false,1,3,false,false,,,0,,false,2026-10-05T13:17:14.526Z
9010001155065,リンクラフト株式会社,13:東京都,57人,30-99人,東京,30-99人 / 東京,1,https://lincraft.co.jp/,200,unavailable,,https://lincraft.co.jp/recruit,https://lincraft.co.jp/recruit,homepageAnchor,RECRUIT,ownDomain,high,200,unavailable,採用情報 | リンクラフト株式会社,true,1,0,false,false,,,0,,false,2026-10-05T13:17:10.068Z
9010001155370,ＣＴＷ株式会社,13:東京都,102人,100-299人,東京,100-299人 / 東京,1,https://ctw.inc/,200,allowed,,https://jobs.ctw.inc/ja/,https://jobs.ctw.inc/ja/,homepageAnchor,採用情報,ownDomain,high,200,allowed,採用情報 - CTW株式会社,true,6,0,false,false,,,0,https://jobs.ctw.inc/ja/,true,2026-10-05T13:17:10.709Z
9010001166368,株式会社ｅｘｔ,15:新潟県,13人,10-29人,その他,10-29人 / その他,1,https://ext.cx/,200,unavailable,,https://ext.cx/agency/,https://ext.cx/agency/,homepageAnchor,代理店募集,ownDomain,high,200,unavailable,販売代理店募集中！株式会社ext,true,2,0,false,false,,,0,,false,2026-10-05T13:17:11.291Z
9010001166772,ライフデザイン株式会社,13:東京都,62人,30-99人,東京,30-99人 / 東京,1,http://www.lifedesign-inc.jp/,403,unavailable,http_403,,,,,,,,,,,0,0,,false,,,0,,false,
9010001174206,ウイングアーク１ｓｔ株式会社,13:東京都,836人,300-999人,東京,300-999人 / 東京,1,http://www.wingarc.com/,200,allowed,,,,,,,,,,,,0,0,,false,,,0,,false,
9010001175583,株式会社ＲＯＩＴ,13:東京都,25人,10-29人,東京,10-29人 / 東京,1,https://www.roit.co.jp/,200,unavailable,,https://roit.co.jp/recruit/,https://roit.co.jp/recruit/,homepageAnchor,採用情報,ownDomain,high,200,allowed,ROITで一緒に働きましょう – 株式会社ROIT,true,1,0,false,false,,,0,,false,2026-10-05T13:17:53.516Z
9010001178710,株式会社カスタムライフ,13:東京都,55人,30-99人,東京,30-99人 / 東京,1,https://customlife.co.jp/,200,unavailable,,https://customlife.co.jp/recruit.html,https://customlife.co.jp/recruit.html,homepageAnchor,採用情報,ownDomain,high,200,unavailable,RECRUIT - 株式会社カスタムライフ,true,1,0,false,false,,,0,,false,2026-10-05T13:17:13.224Z
9010001189690,株式会社ＶＴＩジャパン,13:東京都,218人,100-299人,東京,100-299人 / 東京,1,https://vtijapan.co.jp/,200,allowed,,https://vtijapan.co.jp/ai-recruiting-human-centric-hiring,https://vtijapan.co.jp/ai-recruiting-human-centric-hiring,homepageAnchor,AI採用 により、プロセス速度が75％向上し、人材質が25％改善,ownDomain,high,200,allowed,AI採用 により、プロセス速度が75％向上し、人材質が25％改善,true,2,0,false,false,,,0,,false,2026-10-05T13:17:13.634Z
9010001200564,株式会社ワールドプレミア,13:東京都,3人,1-4人,東京,1-4人 / 東京,1,https://worldpremiere.co.jp/contact/,200,allowed,,,,,,,,,,,,0,2,,true,https://worldpremiere.co.jp/,200,0,,false,
9010001200622,株式会社エル・フィールド,13:東京都,70人,30-99人,東京,30-99人 / 東京,1,https://www.lfield.co.jp/,200,allowed,,https://www.lfield.co.jp/recruit,https://lfield.co.jp/recruit/,homepageAnchor,採用情報,ownDomain,high,200,allowed,株式会社エル・フィールド｜東京都中央区,true,2,0,false,false,,,2,,false,2026-10-05T13:17:23.655Z
9010001206900,株式会社ＳＯＲＣＩＥＲ,13:東京都,1人,1-4人,東京,1-4人 / 東京,1,https://sorcier.co.jp/,200,allowed,,,,,,,,,,,,0,3,,false,,,0,,false,
9010001223243,弥生株式会社,13:東京都,790人,300-999人,東京,300-999人 / 東京,1,https://www.yayoi-kk.co.jp/,200,allowed,,https://www.yayoi-kk.co.jp/company/recruiting/,https://www.yayoi-kk.co.jp/company/recruiting/,homepageAnchor,採用情報トップ,ownDomain,high,200,allowed,弥生株式会社 採用サイト,true,3,0,false,false,,,0,,false,2026-10-05T13:17:16.801Z
9010001232863,ビットクォーク株式会社,13:東京都,4人,1-4人,東京,1-4人 / 東京,1,https://bit-quark.com,200,allowed,,https://bit-quark.com/recruit/,https://bit-quark.com/recruit/,homepageAnchor,RECRUIT,ownDomain,high,200,allowed,採用情報 - ビットクォーク株式会社,true,1,0,false,false,,,0,,false,2026-10-05T13:17:17.728Z
9010003032634,ジャパンシステム株式会社,13:東京都,703人,300-999人,東京,300-999人 / 東京,1,http://www.japan-systems.co.jp/,200,allowed,,https://www.japan-systems.co.jp/recruit/,https://www.japan-systems.co.jp/recruit/,homepageAnchor,採用情報,ownDomain,high,200,allowed,採用情報 | ジャパンシステム株式会社,true,6,0,false,false,,,0,,false,2026-10-05T13:17:22.718Z
9010101014088,株式会社Ｔ．Ｋ．Ｊ．,13:東京都,10人,10-29人,東京,10-29人 / 東京,1,https://shikin-antenna.com/,200,allowed,,,,,,,,,,,,0,1,,false,,,0,,false,
9010401002098,株式会社アラウン,13:東京都,98人,30-99人,東京,30-99人 / 東京,1,http://www.araun.com,200,allowed,,https://www.araun.com/recruit,https://www.araun.com/recruit,homepageAnchor,採用情報,ownDomain,high,200,allowed,採用情報 | Araun,true,1,0,false,false,,,0,,false,2026-10-05T13:17:24.834Z
9010401018458,株式会社ＤＴＳ,13:東京都,3255人,1000人以上,東京,1000人以上 / 東京,1,https://www.dts.co.jp/sustainability/social/diversity/,200,allowed,,https://www.dts.co.jp/recruit/,https://www.dts.co.jp/recruit/,homepageAnchor,採用情報,ownDomain,high,200,allowed,採用情報｜株式会社ＤＴＳ,true,1,0,false,false,,,0,,false,2026-10-05T13:17:21.053Z
9010401018474,データ・マネージメント株式会社,13:東京都,608人,300-999人,東京,300-999人 / 東京,1,https://www.dmk.co.jp/,200,allowed,,https://recruit.dmk.co.jp/,https://recruit.dmk.co.jp/,homepageAnchor,採用情報,ownDomain,high,200,unavailable,採用サイト | データ・マネージメント株式会社,true,2,0,false,false,,,0,,false,2026-10-05T13:17:21.305Z
9010401019407,株式会社エクスクリエ,13:東京都,109人,100-299人,東京,100-299人 / 東京,1,https://www.dohouse.co.jp/,200,allowed,,https://www.excrie.co.jp/recruit,https://www.excrie.co.jp/recruit,homepageAnchor,採用情報,otherDomain,high,200,allowed,採用情報｜株式会社エクスクリエ,true,7,0,false,false,,,0,,false,2026-10-05T13:17:25.499Z
9010401020050,株式会社トレム,13:東京都,35人,30-99人,東京,30-99人 / 東京,1,http://www.torem.co.jp/,200,allowed,,https://www.torem.co.jp/recruit.html,https://www.torem.co.jp/recruit.html,homepageAnchor,採用情報,ownDomain,high,200,allowed,人が基本、人が財産のコンピュータシステム開発 株式会社トレム,true,1,0,false,false,,,0,,false,2026-10-05T13:17:28.803Z
9010401022286,日本アクティ・システムズ株式会社,13:東京都,221人,100-299人,東京,100-299人 / 東京,1,https://www.actys.co.jp/,200,allowed,,https://www.actys.co.jp/recruit/,https://www.actys.co.jp/recruit/,homepageAnchor,採用情報TOP,ownDomain,high,200,allowed,採用情報 | 日本アクティ・システムズ,true,10,0,false,false,,,0,,false,2026-10-05T13:17:25.337Z
9010401023053,ＮＴＴデータフロンティア株式会社,13:東京都,902人,300-999人,東京,300-999人 / 東京,1,https://www.nttd-fr.com/company/dei.html,200,unavailable,,https://www.nttd-fr.com/recruit/,https://www.nttd-fr.com/recruit/,homepageAnchor,RECRUIT,ownDomain,high,200,unavailable,NTTデータフロンティア 採用サイト,true,4,0,false,false,,,0,,false,2026-10-05T13:17:25.883Z
9010401028746,三菱電機ソフトウエア株式会社,13:東京都,5300人,1000人以上,東京,1000人以上 / 東京,1,https://www.mesw.co.jp,200,allowed,,https://www.mesw.co.jp/recruit/index.html,https://www.mesw.co.jp/recruit/index.html,homepageAnchor,採用情報,ownDomain,high,200,allowed,希望の開発を、ともに。 - 採用情報 - 三菱電機ソフトウエア,true,1,0,false,false,,,0,,false,2026-10-05T13:17:26.803Z
9010401031667,株式会社菱友システムサービス,13:東京都,248人,100-299人,東京,100-299人 / 東京,1,http://www.myrss.co.jp/index.html,200,unavailable,,https://www.myrss.co.jp/recruit.html,https://www.myrss.co.jp/recruit.html,homepageAnchor,採用情報,ownDomain,high,200,unavailable,採用情報 | 株式会社菱友システムサービス,true,2,0,false,false,,,0,,false,2026-10-05T13:17:32.542Z
9010401039891,株式会社いい生活,13:東京都,210人,100-299人,東京,100-299人 / 東京,1,https://www.e-seikatsu.info/aboutUs/csr.html,200,allowed,,https://www.e-seikatsu.info/careers/,https://www.e-seikatsu.info/careers/,homepageAnchor,採用,ownDomain,high,200,allowed,採用情報（新卒・キャリア採用）｜株式会社いい生活,true,2,0,false,false,,,0,,false,2026-10-05T13:17:34.672Z
9010401040544,株式会社ドゥプレスト,13:東京都,26人,10-29人,東京,10-29人 / 東京,1,http://www.do-prest.co.jp,200,allowed,,https://www.do-prest.co.jp/recruit,https://www.do-prest.co.jp/recruit,homepageAnchor,採用情報,ownDomain,high,200,allowed,採用情報 | 株式会社ドゥプレスト,true,2,0,false,false,,,0,,false,2026-10-05T13:17:33.238Z
9010401040916,株式会社プラス,13:東京都,25人,10-29人,東京,10-29人 / 東京,1,https://www.plus21.net/,200,unavailable,,https://www.plus21.net/recruit/,https://www.plus21.net/recruit/,homepageAnchor,採用情報,ownDomain,high,200,unavailable,採用情報 | 株式会社プラス,true,8,0,false,false,,,0,,false,2026-10-05T13:17:29.131Z
9010401040981,株式会社ゴルフダイジェスト・オンライン,13:東京都,402人,300-999人,東京,300-999人 / 東京,1,http://www.golfdigest.co.jp/,200,allowed,,https://company.golfdigest.co.jp/recruit/,https://company.golfdigest.co.jp/recruit/,homepageAnchor,採用情報,ownDomain,high,200,unavailable,採用情報 | ゴルフダイジェスト・オンライン,true,2,0,false,false,,,0,,false,2026-10-05T13:17:34.630Z
9010401041880,ネットアップ合同会社,13:東京都,220人,100-299人,東京,100-299人 / 東京,1,http://www.netapp.com/jp/,403,unavailable,http_403,,,,,,,,,,,0,0,,true,http://www.netapp.com/,403,0,,false,
9010401044974,株式会社アクシオ,13:東京都,165人,100-299人,東京,100-299人 / 東京,1,https://www.axio.co.jp/,200,allowed,,https://www.axio.co.jp/recruit/,https://www.axio.co.jp/recruit/,homepageUrlPattern,リクルート,ownDomain,medium,200,allowed,axio リクルートサイト,true,3,0,false,false,,,0,https://www.axio.co.jp/recruit/,true,2026-10-05T13:17:34.316Z
9010401050510,株式会社日本カードネットワーク,13:東京都,298人,100-299人,東京,100-299人 / 東京,1,https://www.cardnet.co.jp/company/about.html,200,allowed,,https://www.cardnet.co.jp/recruit/,https://www.cardnet.co.jp/recruit/,homepageAnchor,採用情報,ownDomain,high,200,allowed,採用情報 | CARDNET,true,1,0,false,false,,,0,,false,2026-10-05T13:17:35.537Z
9010401052465,ソフトバンク株式会社,13:東京都,24571人,1000人以上,東京,1000人以上 / 東京,1,https://www.softbank.jp/corp/hr/personnel/family/,200,allowed,,https://www.softbank.jp/corp/careers/,https://www.softbank.jp/corp/careers/,homepageAnchor,採用情報,ownDomain,high,200,allowed,採用情報 | 企業・IR | ソフトバンク,true,6,0,false,false,,,0,,false,2026-10-05T13:17:37.344Z
9010401052894,ＡＫＫＯＤｉＳコンサルティング株式会社,13:東京都,6864人,1000人以上,東京,1000人以上 / 東京,1,https://www.akkodis.co.jp/company/about/jisedai,200,allowed,,https://www.akkodis.com/en/careers,https://www.akkodis.com/en/careers,homepageUrlPattern,Grow with Akkodis,otherDomain,medium,200,allowed,Careers in IT & Engineering | Akkodis,true,1,0,false,true,https://www.akkodis.com/,200,0,,false,2026-10-05T13:17:44.380Z
9010401053868,株式会社ジー・サーチ,14:神奈川県,159人,100-299人,主要都市圏,100-299人 / 主要都市圏,1,http://www.g-search.jp/,403,unavailable,http_403,,,,,,,,,,,0,0,,false,,,0,,false,
9010401054908,都築電気株式会社,13:東京都,1190人,1000人以上,東京,1000人以上 / 東京,1,https://www.tsuzuki.co.jp/sustainability/materiality/diversity/,200,unavailable,,https://recruit.jobcan.jp/tsuzuki,https://recruit.jobcan.jp/tsuzuki,homepageLinkToOfficialAts,キャリア採用,atsHosted,high,200,allowed,採用情報 | 都築電気株式会社,true,3,0,false,false,,,0,,false,2026-10-05T13:17:36.589Z
9010401056227,株式会社スカイアーチネットワークス,13:東京都,115人,100-299人,東京,100-299人 / 東京,1,https://www.skyarch.net/profile/csr.html,,unavailable,TypeError:UNABLE_TO_GET_ISSUER_CERT_LOCALLY,,,,,,,,,,,0,0,,true,https://www.skyarch.net/,,0,,false,
9010401072975,ＳＣＳＫシステムマネジメント株式会社,13:東京都,800人,300-999人,東京,300-999人 / 東京,1,http://www.scsksm.co.jp/,200,allowed,,https://www.scsksm.co.jp/job/,https://www.scsksm.co.jp/job/,homepageAnchor,求人一覧,ownDomain,high,200,allowed,求人一覧 - SCSKシステムマネジメント株式会社,true,4,0,false,false,,,0,,false,2026-10-05T13:17:43.935Z
9010401080763,株式会社電通総研テクノロジー,13:東京都,1237人,1000人以上,東京,1000人以上 / 東京,1,https://www.t.dentsusoken.com/,200,unavailable,,https://www.t.dentsusoken.com/recruit/graduates/,https://www.t.dentsusoken.com/recruit/graduates/,homepageAnchor,新卒採用,ownDomain,high,200,unavailable,新卒採用サイト | 株式会社電通総研テクノロジー,true,2,0,false,false,,,0,,false,2026-10-05T13:17:39.068Z
9010401081200,コムシス情報システム株式会社,13:東京都,475人,300-999人,東京,300-999人 / 東京,1,http://www.comjo.co.jp/,200,allowed,,https://www.comjo.co.jp/recruit/,https://www.comjo.co.jp/recruit/,homepageAnchor,採用情報,ownDomain,high,200,allowed,採用情報 | コムシス情報システム株式会社,true,9,0,false,false,,,0,,false,2026-10-05T13:17:47.582Z
9010401089631,ラクスル株式会社,13:東京都,670人,300-999人,東京,300-999人 / 東京,1,https://corp.raksul.com/esg/esg_data/,404,allowed,http_404,https://recruit.raksul.com/,https://recruit.raksul.com/,homepageAnchor,採用情報,ownDomain,high,200,unavailable,ラクスル株式会社 採用情報｜中途・新卒採用,true,3,0,false,true,https://corp.raksul.com/,200,0,,false,2026-10-05T13:17:43.947Z
9010401090069,リンヤ株式会社,13:東京都,20人,10-29人,東京,10-29人 / 東京,1,http://www.rinyallc.com,200,unavailable,,,,,,,,,,,,0,0,,false,,,0,,false,
9010401106592,オープン株式会社,13:東京都,167人,100-299人,東京,100-299人 / 東京,1,https://open.co.jp/,200,allowed,,https://open.co.jp/recruit/,https://open.co.jp/recruit/,homepageAnchor,Recruit,ownDomain,high,200,allowed,採用情報 | オープン株式会社,true,4,0,false,false,,,0,,false,2026-10-05T13:17:44.025Z
9010401110784,株式会社チカク,13:東京都,13人,10-29人,東京,10-29人 / 東京,1,https://www.chikaku.co.jp/,200,allowed,,,,,,,,,,,,0,0,,false,,,0,,false,
9010401117730,株式会社オープンエイト,13:東京都,57人,30-99人,東京,30-99人 / 東京,1,https://open8.com/,200,allowed,,https://open8.com/recruit,https://open8.com/recruit/,homepageAnchor,Recruit,ownDomain,high,200,allowed,Recruit | OPEN8,true,3,0,false,false,,,1,,false,2026-10-05T13:17:47.912Z
9010401132127,株式会社ＮＴＴデータＭＨＩシステムズ,13:東京都,1105人,1000人以上,東京,1000人以上 / 東京,1,https://www.nttdata-mhis.co.jp/,200,allowed,,https://www.nttdata-mhis.co.jp/recruit/,https://www.nttdata-mhis.co.jp/recruit/,homepageAnchor,採用情報 RECRUIT,ownDomain,high,200,allowed,採用情報 | 株式会社NTTデータMHIシステムズ,true,3,0,false,false,,,0,,false,2026-10-05T13:17:48.894Z
9010401132779,株式会社グラファー,13:東京都,73人,30-99人,東京,30-99人 / 東京,1,https://graffer.jp/,200,allowed,,https://graffer.jp/govtech/articles/konan-recruitment,https://graffer.jp/govtech/articles/konan-recruitment,robotsSitemap,,ownDomain,medium,200,allowed,"「応募者数が2.6倍に増加」職員採用試験のオンライン申請に取り組む湖南市 | Graffer, Inc. 株式会社グラファー",true,2,1,false,false,,,0,,false,2026-10-05T13:17:48.969Z
9010401139857,ハイマネージャー株式会社,13:東京都,2人,1-4人,東京,1-4人 / 東京,1,https://himanager.me/about,200,allowed,,,,,,,,,,,,0,1,,true,https://himanager.me/,200,0,,false,
9010401143421,セルプロモート株式会社,13:東京都,172人,100-299人,東京,100-299人 / 東京,1,https://cellpromote.biz/,200,allowed,,https://service.cellpromote.biz/recruit?utm_source=site_homepage&utm_campaign=site_saiyou_top&utm_medium=organic&id=2001,https://service.cellpromote.biz/recruit?utm_source=site_homepage&utm_campaign=site_saiyou_top&utm_medium=organic&id=2001,homepageAnchor,RECRUIT,ownDomain,high,200,allowed,セルプロモート株式会社 | Recruite,true,4,0,false,false,,,0,,false,2026-10-05T13:17:57.558Z
9010401144782,株式会社ムセンコネクト,13:東京都,15人,10-29人,東京,10-29人 / 東京,1,https://www.musen-connect.co.jp/,200,allowed,,,,,,,,,,,,0,4,,false,,,0,https://mid-holdings.co.jp/recruit/,true,
9010401146952,株式会社ココロザシ,13:東京都,135人,100-299人,東京,100-299人 / 東京,1,https://kokorozashi-japan.co.jp/,200,allowed,,https://recruit.kokorozashi-japan.co.jp/,https://recruit.kokorozashi-japan.co.jp/,homepageUrlPattern,Join Us,ownDomain,medium,200,unavailable,株式会社ココロザシ 採用サイト | kokorozashi Inc.,true,1,0,false,false,,,0,,false,2026-10-05T13:17:51.665Z
9010401150483,Ｏｗｎｅｄ株式会社,13:東京都,40人,30-99人,東京,30-99人 / 東京,1,https://owned.co.jp/,200,allowed,,https://owned.co.jp/recruit/,https://owned.co.jp/recruit/,homepageAnchor,採用情報,ownDomain,high,200,allowed,採用情報 - Owned株式会社,true,5,0,false,false,,,0,,false,2026-10-05T13:17:52.019Z
9010401174367,ＭＯＺＵ株式会社,13:東京都,3人,1-4人,東京,1-4人 / 東京,1,https://about.mozu-inc.jp/,200,allowed,,https://about.mozu-inc.jp/recruit-top,https://about.mozu-inc.jp/recruit-top,robotsSitemap,,ownDomain,medium,200,allowed,RECRUIT | MOZU株式会社,true,6,3,false,false,,,0,,false,2026-10-05T13:17:57.281Z
9010401187641,株式会社ＰＩＥＢＲＵ,13:東京都,9人,5-9人,東京,5-9人 / 東京,1,https://piebru.co.jp/company/,200,allowed,,https://piebru.co.jp/recruit/%e6%b1%82%e4%ba%ba%e4%be%8b/,https://piebru.co.jp/recruit/%e6%b1%82%e4%ba%ba%e4%be%8b/,robotsSitemap,,ownDomain,low,200,allowed,,false,2,3,false,true,https://piebru.co.jp/,200,0,,false,2026-10-05T13:17:58.521Z
9010501029322,株式会社アールユニット,13:東京都,10人,10-29人,東京,10-29人 / 東京,1,http://www.r-unit.co.jp/,200,unavailable,,,,,,,,,,,,0,0,,false,,,0,,false,
9010501031600,株式会社グランドユニット,13:東京都,16人,10-29人,東京,10-29人 / 東京,1,https://www.grandunit.com/japan/index.html,200,unavailable,,https://www.grandunit.com/japan/recruit.html,https://www.grandunit.com/japan/recruit.html,homepageAnchor,RECRUIT,ownDomain,high,200,unavailable,株式会社グランドユニット,true,1,0,false,false,,,0,,false,2026-10-05T13:17:54.796Z
9010501033431,ＮＴＴテレコン株式会社,13:東京都,294人,100-299人,東京,100-299人 / 東京,1,http://www.ntt-tc.co.jp/,200,allowed,,https://www.ntt-tc.co.jp/news/post20260915/,,homepageAnchorNegativePath,ワイズ社サーバラックにNTTテレコンの遠隔監視機能を採用,ownDomain,low,,,,,1,3,,false,,,0,,false,
9010501035196,株式会社Ｖｉｔａ　ｗｏｒｋｓ,13:東京都,17人,10-29人,東京,10-29人 / 東京,1,https://vitaworks.co.jp,200,allowed,,https://vitaworks.co.jp/recruit/,https://vitaworks.co.jp/recruit/,homepageAnchor,採用情報,ownDomain,high,200,allowed,採用情報 – Vita works(ヴィータワークス),true,2,0,false,false,,,0,,false,2026-10-05T13:17:58.727Z
9010501045410,株式会社ＡＮＥＷ,09:栃木県,9人,5-9人,その他,5-9人 / その他,1,https://anewinc.co.jp/,200,allowed,,https://anewinc.co.jp/recruit/,https://anewinc.co.jp/recruit/,homepageAnchor,RECRUIT,ownDomain,high,200,allowed,採用情報｜宇都宮のAI・SNS・韓国古着・物流の仕事｜株式会社ANEW,true,2,0,false,false,,,0,,false,2026-10-05T13:17:57.145Z
9010601004852,東京都ビジネスサービス株式会社,13:東京都,540人,300-999人,東京,300-999人 / 東京,1,https://www.tokyotobs.co.jp/,200,allowed,,https://www.tokyotobs-recruit.jp/,,homepageLinkOffDomain,RECRUIT,otherDomain,low,,,,,2,3,,false,,,0,,false,
9010601027473,株式会社サン・メルクス,13:東京都,97人,30-99人,東京,30-99人 / 東京,1,http://www.sunmelx.com/,200,unavailable,,http://www.sunmelx.com/rucruit/index.html,http://www.sunmelx.com/rucruit/index.html,homepageAnchor,採用情報,ownDomain,high,200,unavailable,株式会社サン・メルクス,true,8,0,false,false,,,0,,false,2026-10-05T13:17:58.553Z
9010601029263,ヤマトシステム開発株式会社,13:東京都,2565人,1000人以上,東京,1000人以上 / 東京,1,http://www.nekonet.co.jp/index.html,200,allowed,,https://www.nekonet.co.jp/recruit,https://www.nekonet.co.jp/recruit,homepageAnchor,採用情報,ownDomain,high,200,allowed,採用情報 | ヤマトシステム開発,true,1,0,false,false,,,0,,false,2026-10-05T13:18:08.388Z
9010601034503,グローバルビジネスソリューション株式会社,13:東京都,84人,30-99人,東京,30-99人 / 東京,1,https://www.gb-sol.com/,200,allowed,,https://gb-sol.com/recruit/,https://gb-sol.com/recruit/,homepageAnchor,採用情報,ownDomain,high,200,allowed,採用情報 – GBSコーポーレートサイト,true,8,0,false,false,,,0,,false,2026-10-05T13:18:08.727Z
9010601036706,エム・ユー・エス情報システム株式会社,13:東京都,310人,300-999人,東京,300-999人 / 東京,1,https://www.is.sc.mufg.jp,200,unavailable,,https://www.is.sc.mufg.jp/rec_top/,https://www.is.sc.mufg.jp/rec_top/,homepageAnchor,採用情報,ownDomain,high,200,unavailable,採用情報 | MUS情報システム株式会社,true,4,0,false,false,,,0,,false,2026-10-05T13:18:01.935Z
9010601050938,株式会社ＫＩＹＯＮＯ,13:東京都,40人,30-99人,東京,30-99人 / 東京,1,https://www.kiyono-co.jp/,200,allowed,,https://recruit.kiyono-co.jp/,https://recruit.kiyono-co.jp/,homepageAnchor,求人情報,ownDomain,high,200,allowed,株式会社KIYONO 採用サイト｜データマーケティングのプロフェッショナル集団,true,3,0,true,false,,,0,,false,2026-10-05T13:18:03.879Z
9010601052661,株式会社ＬＴＶマーケティング,13:東京都,4人,1-4人,東京,1-4人 / 東京,1,https://ltv-m.com,503,unavailable,http_503,,,,,,,,,,,0,0,,false,,,0,,false,
9010701009710,株式会社メトロ,13:東京都,378人,300-999人,東京,300-999人 / 東京,1,https://www.metro.co.jp/,200,allowed,,https://www.metro.co.jp/recruit/,https://www.metro.co.jp/recruit/,homepageAnchor,採用情報,ownDomain,high,200,allowed,採用情報 | 株式会社メトロ,true,3,0,false,false,,,0,,false,2026-10-05T13:18:03.214Z
9010701011947,ビッグバン株式会社,13:東京都,2人,1-4人,東京,1-4人 / 東京,1,http://bbc.gr.jp,200,unavailable,,http://bbc.gr.jp/recruit/,http://bbc.gr.jp/recruit/,homepageAnchor,採用情報,ownDomain,high,200,unavailable,ビッグバン株式会社 - 採用情報,true,1,0,false,false,,,0,,false,2026-10-05T13:18:04.087Z
9010701012425,株式会社サクセス,13:東京都,195人,100-299人,東京,100-299人 / 東京,1,https://www.success-corp.co.jp/corporate/jisedai/,200,allowed,,https://recruit.jobcan.jp/success-corp/list?category_id=72214,https://recruit.jobcan.jp/success-corp/list?category_id=72214,homepageLinkToOfficialAts,新卒採用,atsHosted,high,200,allowed,新卒採用 求人一覧 | 株式会社サクセス,true,6,0,false,false,,,0,,false,2026-10-05T13:18:04.703Z
9010701012532,ソニーデジタルネットワークアプリケーションズ株式会社,14:神奈川県,309人,300-999人,主要都市圏,300-999人 / 主要都市圏,1,https://www.sonydna.com/,200,unavailable,,https://www.sonydna.com/recruit/index.html,https://www.sonydna.com/recruit/index.html,homepageAnchor,採用情報,ownDomain,high,200,unavailable,採用情報｜ソニーデジタルネットワークアプリケーションズ株式会社,true,5,0,false,false,,,0,,false,2026-10-05T13:18:06.063Z
9010701015238,カストマシステム株式会社,13:東京都,202人,100-299人,東京,100-299人 / 東京,1,http://www.csys.co.jp,200,allowed,,https://www.csys.co.jp/recruit/index.html,https://www.csys.co.jp/recruit/index.html,homepageAnchor,採用情報TOP,ownDomain,high,200,allowed,採用情報｜カストマシステム株式会社,true,9,0,false,false,,,0,,false,2026-10-05T13:18:11.081Z
9010701016946,株式会社エアネット,13:東京都,30人,30-99人,東京,30-99人 / 東京,1,https://www.airnet.jp,200,allowed,,https://www.airnet.jp/recruit/,https://www.airnet.jp/recruit/,homepageAnchor,採用情報,ownDomain,high,200,allowed,採用情報：株式会社エアネット,true,1,0,false,false,,,0,,false,2026-10-05T13:18:07.039Z
9010701017795,株式会社日立システムズフィールドサービス,13:東京都,2562人,1000人以上,東京,1000人以上 / 東京,1,https://www.hitachi-systems-fs.co.jp/sustainability/social_report/employees/work_life.html,200,unavailable,,https://www.hitachi-systems-fs.co.jp/corporate/recruit/index.html,https://www.hitachi-systems-fs.co.jp/corporate/recruit/index.html,homepageAnchor,採用情報,ownDomain,high,200,unavailable,採用情報：株式会社日立システムズフィールドサービス,true,1,0,false,false,,,0,,false,2026-10-05T13:18:07.372Z
9010701018703,アイテックジャパン株式会社,13:東京都,101人,100-299人,東京,100-299人 / 東京,1,https://itec-japan.co.jp/,200,allowed,,https://itec-j.com/recruit/,https://itec-j.com/recruit/,homepageAnchor,Recruit,otherDomain,high,200,allowed,採用情報 - アイテックジャパン株式会社,true,1,0,false,false,,,0,,false,2026-10-05T13:18:10.635Z
9010701019362,株式会社ライズテック,13:東京都,35人,30-99人,東京,30-99人 / 東京,1,https://www.risetec.co.jp,200,unavailable,,https://www.risetec.co.jp/recruit/,https://www.risetec.co.jp/recruit/,homepageAnchor,採用情報,ownDomain,high,200,unavailable,採用情報 | 株式会社ライズテック,true,1,0,false,false,,,0,https://www.risetec.co.jp/recruit/,true,2026-10-05T13:18:07.863Z
9010701026061,株式会社ココナラ,13:東京都,235人,100-299人,東京,100-299人 / 東京,1,https://coconala.co.jp/,200,allowed,,https://coconala.co.jp/recruit/,https://coconala.co.jp/recruit/,homepageAnchor,採用情報,ownDomain,high,200,allowed,トップ - 株式会社ココナラ 採用サイト,true,1,0,false,false,,,0,,false,2026-10-05T13:18:10.494Z
9010701026400,株式会社バンダイナムコスタジオ,13:東京都,1057人,1000人以上,東京,1000人以上 / 東京,1,http://www.bandainamcostudios.com/,200,unavailable,,https://www.bandainamcostudios.com/recruit/,https://www.bandainamcostudios.com/recruit,homepageAnchor,採用情報,ownDomain,high,200,unavailable,採用情報 | バンダイナムコスタジオ公式サイト,true,6,0,false,false,,,1,,false,2026-10-05T13:18:16.688Z
9010701033611,株式会社ホロラボ,13:東京都,69人,30-99人,東京,30-99人 / 東京,1,https://hololab.co.jp/,200,unavailable,,https://hololab.co.jp/recruit,https://hololab.co.jp/recruit,homepageAnchor,RECRUIT リクルート,ownDomain,high,200,unavailable,RECRUIT | 株式会社ホロラボ HoloLab Inc.,true,1,0,false,false,,,0,,false,2026-10-05T13:18:10.852Z
9010701034907,株式会社ＡｃｃｏｒｄＸ,13:東京都,1人,1-4人,東京,1-4人 / 東京,1,https://cook-happy.com/,,unavailable,TypeError:ENOTFOUND,,,,,,,,,,,0,0,,false,,,0,,false,
9010801008257,ソーバル株式会社,13:東京都,792人,300-999人,東京,300-999人 / 東京,1,http://www.sobal.co.jp/,200,allowed,,https://www.sobal.co.jp/careers,https://www.sobal.co.jp/careers/,homepageAnchor,採用情報,ownDomain,high,200,allowed,採用情報 | ソーバル株式会社,true,8,0,false,false,,,1,,false,2026-10-05T13:18:17.805Z
9010901009056,日本テクニカル・サービス株式会社,13:東京都,133人,100-299人,東京,100-299人 / 東京,1,https://www.nitteku.co.jp/,200,allowed,,https://www.nitteku.co.jp/recruit/,https://www.nitteku.co.jp/recruit/,homepageAnchor,求人・福利厚生,ownDomain,high,200,allowed,採用情報・福利厚生 | 日本テクニカル・サービス,true,1,0,false,false,,,0,,false,2026-10-05T13:18:12.217Z
9010901015459,日興通信株式会社,13:東京都,544人,300-999人,東京,300-999人 / 東京,1,https://www.nikkotelecom.co.jp/,200,allowed,,https://www.nikkotelecom.co.jp/recruit/,https://www.nikkotelecom.co.jp/recruit/,homepageAnchor,採用情報,ownDomain,high,200,allowed,採用情報 | 日興通信株式会社,true,1,0,false,false,,,0,,false,2026-10-05T13:18:13.898Z
9010901028873,株式会社ＧＥＡＲ,13:東京都,7人,5-9人,東京,5-9人 / 東京,1,https://u-watch.jp/,200,allowed,,,,,,,,,,,,0,4,,false,,,0,,false,
9010901042123,株式会社Ｍａｔｔｏ,13:東京都,6人,5-9人,東京,5-9人 / 東京,1,https://matto-md.jp/,200,allowed,,,,,,,,,,,,0,1,,false,,,0,,false,
9010901053632,株式会社ｃａｓｅ,13:東京都,1人,1-4人,東京,1-4人 / 東京,1,https://video-case.co.jp/,200,allowed,,https://video-case.co.jp/works/jll-saiyou-seminar/,https://video-case.co.jp/works/jll-saiyou-seminar/,homepageAnchor,ジョーンズラングラサール株式会社 様 | 新卒採用向け説明会動画 ジョーンズラングラサール株式会社様が、新卒採用向けに実施されている説明会の内容を動画として制作させていただきました。説明会の工数削減と、学生さんがいつでもどこでも、繰り返し視聴ができるという利便性と理解促進を狙いとしています。 ※動画は制... 予算目安 30万円〜 制作期間 1ヶ月～ スタイル 実写 用途 新卒採用/中途採用,ownDomain,high,200,allowed,ジョーンズラングラサール株式会社 様 | 新卒採用向け説明会動画,true,6,0,false,false,,,0,,false,2026-10-05T13:18:14.349Z
9010901055249,ＣＬＯＶｉＺ株式会社,13:東京都,2人,1-4人,東京,1-4人 / 東京,1,https://www.cloviz.co.jp/ja/,200,allowed,,,,,,,,,,,,0,1,,true,https://www.cloviz.co.jp/,200,0,,false,
9011001001325,株式会社アヴァンザ,13:東京都,231人,100-299人,東京,100-299人 / 東京,1,https://www.avnz.co.jp/,200,allowed,,https://www.avnz.co.jp/recruit/,https://www.avnz.co.jp/recruit/,homepageAnchor,採用情報,ownDomain,high,200,allowed,採用-Recruitment｜株式会社アヴァンザ-avanza,true,6,0,false,false,,,0,,false,2026-10-05T13:18:15.424Z
9011001007669,株式会社光言社,13:東京都,38人,30-99人,東京,30-99人 / 東京,1,https://www.kogensha.jp/,200,unavailable,,,,,,,,,,,,0,0,,false,,,0,,false,
9011001017148,日創工業株式会社,13:東京都,410人,300-999人,東京,300-999人 / 東京,1,https://www.nisso-ind.co.jp/,200,allowed,,https://www.nisso-ind.co.jp/recruit/,https://www.nisso-ind.co.jp/recruit/,homepageAnchor,採用サイトへ,ownDomain,high,200,allowed,採用トップ - 日創工業株式会社,true,6,0,false,false,,,0,,false,2026-10-05T13:18:17.804Z
9011001022577,ミツイワ株式会社,13:東京都,840人,300-999人,東京,300-999人 / 東京,1,https://www.mitsuiwa.co.jp/,200,unavailable,,https://www.mitsuiwa.co.jp/recruit/,https://www.mitsuiwa.co.jp/recruit/,homepageAnchor,採用情報,ownDomain,low,200,unavailable,ミツイワ株式会社 | All for Our Customers,false,1,0,false,false,,,0,,false,2026-10-05T13:18:17.687Z
9011001025729,株式会社ケイ・アイ・エス情報科学研究所,13:東京都,40人,30-99人,東京,30-99人 / 東京,1,https://www.kisweb.co.jp/,200,unavailable,,https://www.kisweb.co.jp/recruit.html,https://www.kisweb.co.jp/recruit.html,homepageAnchor,採用情報,ownDomain,high,200,unavailable,株式会社ケイ・アイ・エス情報科学研究所 | 採用情報,true,1,0,false,false,,,0,,false,2026-10-05T13:18:18.594Z
9011001029688,株式会社アバン,13:東京都,84人,30-99人,東京,30-99人 / 東京,1,http://www.avant.co.jp/,200,unavailable,,https://www.avant.co.jp/recruit/index.html,https://www.avant.co.jp/recruit/index.html,homepageAnchor,RECRUIT 採用情報,ownDomain,high,200,unavailable,採用情報 | AVANT 株式会社アバン,true,3,0,false,false,,,0,,false,2026-10-05T13:18:23.352Z
9011001030704,トレンドマイクロ株式会社,13:東京都,761人,300-999人,東京,300-999人 / 東京,1,http://www.trendmicro.co.jp/jp/index.html,200,unavailable,,https://www.trendmicro.com/ja_jp/about/careers.html,https://www.trendmicro.com/ja_jp/about/careers.html,homepageAnchor,採用情報,otherDomain,high,200,allowed,採用情報 | トレンドマイクロ (JP),true,1,0,false,false,,,0,,false,2026-10-05T13:19:06.547Z
9011001033005,アイテル株式会社,13:東京都,165人,100-299人,東京,100-299人 / 東京,1,http://www.itel.co.jp,200,unavailable,,https://www.itel.co.jp/recruit03.html,https://www.itel.co.jp/recruit03.html,homepageAnchor,採用情報,ownDomain,high,200,unavailable,金融システム基盤構築、ITソリューションはアイテル株式会社,true,13,0,false,false,,,0,,false,2026-10-05T13:18:26.795Z
9011001034011,株式会社シイエヌエス,13:東京都,234人,100-299人,東京,100-299人 / 東京,1,https://www.cns.co.jp/,200,unavailable,,https://www.cns.co.jp/saiyou/career/,https://www.cns.co.jp/saiyou/career/,homepageAnchor,中途採用,ownDomain,high,200,unavailable,中途採用 | 採用情報 - How to join us | CNS シイエヌエス - BEYOND THE RIGHT ANSWER.,true,2,0,false,false,,,0,,false,2026-10-05T13:18:20.968Z
9011001038945,株式会社ＮＴＴデータ・ウェーブ,13:東京都,499人,300-999人,東京,300-999人 / 東京,1,https://www.nttd-wave.com/profiles/jisedaishien.html,200,unavailable,,https://www.nttd-wave.com/adoptions/,https://www.nttd-wave.com/adoptions/,homepageAnchor,採用情報,ownDomain,high,200,unavailable,採用情報 | 株式会社NTTデータウェーブ,true,1,0,false,false,,,0,,false,2026-10-05T13:18:21.028Z
9011001046758,ＩＩＮＡ株式会社,13:東京都,14人,10-29人,東京,10-29人 / 東京,1,https://ii-na.jp/,200,allowed,,https://ii-na.jp/recruit/,https://ii-na.jp/recruit/,homepageAnchor,採用情報はこちら,ownDomain,high,200,allowed,IINA株式会社 - 採用TOP,true,1,0,false,false,,,0,,false,2026-10-05T13:18:21.720Z
9011001047822,株式会社スピードリンクジャパン,13:東京都,84人,30-99人,東京,30-99人 / 東京,1,https://slj.jp/,200,allowed,,https://recruit.slj.jp/,https://recruit.slj.jp/,homepageAnchor,採用情報,ownDomain,high,200,allowed,RECRUIT | スピードリンクジャパン,true,2,0,false,false,,,0,,false,2026-10-05T13:18:24.254Z
9011001052285,株式会社ポラライズ,13:東京都,16人,10-29人,東京,10-29人 / 東京,1,https://www.polarize.co.jp/company/,200,unavailable,,https://www.polarize.co.jp/recruit/,https://www.polarize.co.jp/recruit/,homepageUrlPattern,,ownDomain,medium,200,unavailable,RECRUIT | POLARIZE,true,1,0,false,false,,,0,,false,2026-10-05T13:18:24.168Z
9011001058547,株式会社ユニゾンベックス,13:東京都,56人,30-99人,東京,30-99人 / 東京,1,https://www.unizonbex.com/,200,allowed,,https://www.unizonbex.com/recruit,https://www.unizonbex.com/recruit,homepageAnchor,RECRUIT,ownDomain,high,200,allowed,リクルートページ｜株式会社ユニゾンベックス | UNIZONBEX ユニゾンベックス | MORE USEFUL 「しくみのデザイン」で「より便利へ」を実現する,true,1,0,false,false,,,0,,false,2026-10-05T13:18:25.051Z
9011001061708,ＧＭＯドメインレジストリ株式会社,13:東京都,11人,10-29人,東京,10-29人 / 東京,1,https://www.gmoregistry.com/,200,allowed,,,,,,,,,,,,0,1,,false,,,0,,false,
9011001063035,株式会社リファイド,13:東京都,3人,1-4人,東京,1-4人 / 東京,1,https://llp.leaf-hide.jp/,200,unavailable,,,,,,,,,,,,0,0,,false,,,0,,false,
9011001065980,株式会社Ｇｅｎｇｏ,14:神奈川県,30人,30-99人,主要都市圏,30-99人 / 主要都市圏,1,https://gengo.com/ja/,200,allowed,,http://careers.gengo.com/,http://careers.gengo.com/,homepageAnchor,📣 営業、デザイン、エンジニア職を中心に積極採用中！ 詳細・ご応募はこちら。,ownDomain,low,403,unavailable,,,2,0,,false,,,0,,false,2026-10-05T13:18:28.839Z
9011001067358,株式会社Ｊ－フィンテック,13:東京都,6人,5-9人,東京,5-9人 / 東京,1,https://www.j-fth.jp/,200,allowed,,https://www.j-fth.jp/job,https://www.j-fth.jp/job,homepageAnchor,業務内容・募集概要,ownDomain,high,200,allowed,業務内容・募集概要 | 株式会社J-フィンテック,true,1,0,false,false,,,0,,false,2026-10-05T13:18:27.732Z
9011001070130,株式会社パラダイス・カフェ,13:東京都,28人,10-29人,東京,10-29人 / 東京,1,http://paradisecafe.co.jp/,200,unavailable,,https://paradisecafe.co.jp/recruit/,https://paradisecafe.co.jp/recruit/,homepageAnchor,RECRUIT,ownDomain,high,200,unavailable,RECRUIT ｜ 映像制作会社 パラダイス・カフェ,true,1,0,false,false,,,0,,false,2026-10-05T13:18:32.815Z
9011001071087,株式会社ウェブスター,13:東京都,80人,30-99人,東京,30-99人 / 東京,1,https://www.ws-c.com/,200,allowed,,https://www.ws-c.com/recruit/,https://www.ws-c.com/recruit/,homepageAnchor,RECRUIT,ownDomain,high,200,allowed,株式会社ウェブスター採用,true,1,0,false,false,,,0,https://www.ws-c.com/recruit/,true,2026-10-05T13:18:28.496Z
9011001071335,株式会社デジタル・フロンティア,13:東京都,219人,100-299人,東京,100-299人 / 東京,1,https://www.dfx.co.jp/,200,allowed,,https://www.dfx.co.jp/careers,https://www.dfx.co.jp/careers,robotsSitemap,,ownDomain,low,200,allowed,株式会社デジタル・フロンティア-Digital Frontier,false,2,3,false,false,,,0,,false,2026-10-05T13:18:36.341Z
9011001072762,株式会社オールアバウトライフマーケティング,13:東京都,103人,100-299人,東京,100-299人 / 東京,1,https://www.lifemarketing.co.jp/,200,unavailable,,https://www.lifemarketing.co.jp/recruit.html,https://www.lifemarketing.co.jp/recruit.html,homepageAnchor,採用情報,ownDomain,high,200,unavailable,採用情報 | 株式会社オールアバウトライフマーケティング,true,2,0,false,false,,,0,,false,2026-10-05T13:18:30.993Z
9011001073901,株式会社ハニカムラボ,13:東京都,20人,10-29人,東京,10-29人 / 東京,1,https://www.honeycomb-lab.co.jp/,200,allowed,,https://www.honeycomb-lab.co.jp/recruit,https://www.honeycomb-lab.co.jp/recruit,homepageAnchor,RECRUIT,ownDomain,high,200,allowed,株式会社ハニカムラボ | RECRUIT,true,1,0,false,false,,,0,,false,2026-10-05T13:18:31.706Z
9011001100630,株式会社ユニケシステムサポート,13:東京都,31人,30-99人,東京,30-99人 / 東京,1,http://www.unike-ss.co.jp/index.html,200,unavailable,,,,,,,,,,,,0,0,,true,http://www.unike-ss.co.jp/,200,0,,false,
9011001101372,株式会社ｇａａｂｏｏ,13:東京都,46人,30-99人,東京,30-99人 / 東京,1,http://www.gaaboo.net/,200,unavailable,,,,,,,,,,,,0,0,,false,,,0,,false,
9011001106000,株式会社そると,13:東京都,29人,10-29人,東京,10-29人 / 東京,1,http://www.saltinc.co.jp/,200,allowed,,https://en-gage.net/saltinc/,https://en-gage.net/saltinc/,homepageLinkToOfficialAts,採用情報,atsHosted,high,200,allowed,株式会社そるとの採用・求人情報-engage,true,5,0,false,false,,,0,,false,2026-10-05T13:18:38.245Z
9011001129389,株式会社ＳａｌｅｓＮｏｗ,13:東京都,8人,5-9人,東京,5-9人 / 東京,1,https://salesnow.jp/,200,allowed,,https://salesnow.jp/case/020/,https://salesnow.jp/case/020/,homepageAnchor,株式会社クラウドワークス 導入2週間でアポイント獲得率2.75倍を実現。SalesNowを活用して顕在化した採用ニーズを持つ日本の全ての企業に対して接点づくりをしていきます。 2011年11月 Webアプリ・サービス運営 詳細を見る,ownDomain,high,200,allowed,株式会社クラウドワークス | SalesNow導入事例,true,3,0,false,false,,,0,,false,2026-10-05T13:18:35.200Z
9011001140338,株式会社メディアエイド,13:東京都,65人,30-99人,東京,30-99人 / 東京,1,https://mediaaid.co.jp/,200,allowed,,https://mediaaid.co.jp/lp/recruit,https://mediaaid.co.jp/lp/recruit,robotsSitemap,,ownDomain,medium,200,allowed,MAリクルーティング 採用 | 丸投げSNS運用,true,1,3,false,false,,,0,,false,2026-10-05T13:18:41.308Z
9011001144371,株式会社プラウドロード,13:東京都,4人,1-4人,東京,1-4人 / 東京,1,http://zedia-g.jp,,unavailable,TypeError:ENOTFOUND,,,,,,,,,,,0,0,,false,,,0,,false,
9011001158066,株式会社うぐいすソリューションズ,13:東京都,6人,5-9人,東京,5-9人 / 東京,1,https://www.uguisu-solutions.com,200,allowed,,https://www.uguisu-solutions.com/recruit,https://www.uguisu-solutions.com/recruit,homepageAnchor,採用情報,ownDomain,high,200,allowed,採用情報 | 株式会社うぐいすソリューションズ,true,1,0,false,false,,,0,,false,2026-10-05T13:18:36.700Z
9011003012337,株式会社ヒューリズム,40:福岡県,1人,1-4人,主要都市圏,1-4人 / 主要都市圏,1,https://heurithm-service.com/,200,allowed,,,,,,,,,,,,0,3,,false,,,0,,false,
9011005000067,一般社団法人輿論科学協会,13:東京都,11人,10-29人,東京,10-29人 / 東京,1,http://www.yoron-kagaku.or.jp/,200,unavailable,,,,,,,,,,,,0,0,,false,,,0,,false,
9011101028202,ＮＴＴアドバンステクノロジ株式会社,13:東京都,2135人,1000人以上,東京,1000人以上 / 東京,1,https://www.ntt-at.co.jp/,200,allowed,,https://www.ntt-at.co.jp/recruit/,https://www.ntt-at.co.jp/recruit/,homepageAnchor,採用情報,ownDomain,high,200,allowed,NTT-ATの採用情報 | NTTアドバンステクノロジ株式会社,true,1,0,false,false,,,0,,false,2026-10-05T13:18:40.090Z
9011101030397,コムウェア株式会社,13:東京都,165人,100-299人,東京,100-299人 / 東京,1,http://www.com-ware.co.jp,200,allowed,,https://www.com-ware.co.jp/recruiting,https://www.com-ware.co.jp/recruiting,homepageAnchor,採用トップ,ownDomain,high,200,allowed,採用ページ | コムウェア株式会社,true,7,0,false,false,,,0,,false,2026-10-05T13:18:45.445Z
9011101031552,ＫＤＤＩ株式会社,13:東京都,14073人,1000人以上,東京,1000人以上 / 東京,1,https://www.kddi.com/corporate/sustainability/report/2021/,403,unavailable,http_403,https://www.kddi.com/recruit/,https://www.kddi.com/recruit/,homepageAnchor,採用情報,ownDomain,high,200,unavailable,採用情報 | KDDI株式会社,true,3,0,false,true,https://www.kddi.com/,200,0,,false,2026-10-05T13:18:44.199Z
9011101034118,株式会社オレンジページ,13:東京都,137人,100-299人,東京,100-299人 / 東京,1,https://www.orangepage.co.jp/,200,allowed,,https://www.orangepage.co.jp/recruit,https://www.orangepage.co.jp/recruit,homepageAnchor,採用情報,ownDomain,high,200,allowed,採用情報 | 株式会社オレンジページ,true,1,0,false,false,,,0,,false,2026-10-05T13:18:42.167Z
9011101039199,株式会社ライターム,13:東京都,266人,100-299人,東京,100-299人 / 東京,1,http://www.rtarm.co.jp/,200,allowed,,https://www.rtarm.co.jp/newrecruit/,https://www.rtarm.co.jp/newrecruit/,homepageAnchor,採用情報,ownDomain,high,200,allowed,RightArm 採用サイト,true,1,0,false,false,,,0,,false,2026-10-05T13:18:46.745Z
9011101041527,株式会社マーケットプレイス,13:東京都,19人,10-29人,東京,10-29人 / 東京,1,http://www.marketplace.co.jp/,200,unavailable,,https://www.marketplace.co.jp/recruit/,https://www.marketplace.co.jp/recruit/,homepageAnchor,採用情報,ownDomain,high,200,unavailable,採用情報|株式会社マーケットプレイス,true,1,0,false,false,,,0,,false,2026-10-05T13:18:48.971Z
9011101042582,株式会社データサービス,13:東京都,277人,100-299人,東京,100-299人 / 東京,1,https://www.data-service.jp/,200,allowed,,https://www.data-service.jp/recruit/,https://www.data-service.jp/recruit/,homepageAnchor,Recruit,ownDomain,high,200,allowed,Recruit - 株式会社データサービス,true,6,0,false,false,,,0,https://www.data-service.jp/recruit/,true,2026-10-05T13:18:46.830Z
9011101045239,ＴＤＩシステムサービス株式会社,13:東京都,469人,300-999人,東京,300-999人 / 東京,1,https://www.tdiss.co.jp/,200,allowed,,https://www.tdi.co.jp/tdiss/recruit,https://www.tdi.co.jp/tdiss/recruit/,homepageAnchor,採用情報,otherDomain,high,200,unavailable,採用情報｜TDIシステムサービス株式会社,true,2,0,false,false,,,1,,false,2026-10-05T13:18:47.465Z
9011101047846,株式会社トータル・インフォメーション・サービス,13:東京都,35人,30-99人,東京,30-99人 / 東京,1,https://www.total-inf.co.jp/,200,allowed,,https://www.total-inf.co.jp/recruit,https://www.total-inf.co.jp/recruit,homepageAnchor,リクルート RECRUIT,ownDomain,high,200,allowed,採用情報 | 株式会社 トータル・インフォメーション・サービス,true,1,0,false,false,,,0,,false,2026-10-05T13:18:46.124Z
9011101069568,株式会社ＣＩＮＣ,13:東京都,129人,100-299人,東京,100-299人 / 東京,1,https://www.cinc-j.co.jp/,200,allowed,,https://www.cinc-j.co.jp/recruit/,https://www.cinc-j.co.jp/recruit/,homepageAnchor,Recruit,ownDomain,high,200,allowed,採用情報 | 株式会社CINC,true,2,0,false,false,,,0,,false,2026-10-05T13:18:48.915Z
9011101077216,ＪＮＩアドパートナーズ株式会社,27:大阪府,6人,5-9人,主要都市圏,5-9人 / 主要都市圏,1,http://in-st.co.jp/,200,unavailable,,https://jni-hd.co.jp/recruit/,https://jni-hd.co.jp/recruit/,homepageAnchor,採用情報,otherDomain,high,200,unavailable,採用情報｜JNIホールディングス株式会社,true,1,0,false,true,https://jni-hd.co.jp/,200,0,,false,2026-10-05T13:18:56.399Z
9011101077265,株式会社ＦＲＥＥＤｉＶＥ,08:茨城県,12人,10-29人,その他,10-29人 / その他,1,https://freedive.co.jp/,200,allowed,,https://freedive.co.jp/career/,https://freedive.co.jp/career/,homepageAnchor,採用情報トップ,ownDomain,high,200,allowed,採用 | 国内外で使えるWiFi･eSIM｜FREEDiVE公式サイト,true,7,0,false,false,,,0,,false,2026-10-05T13:18:49.466Z
9011101086407,エヌ・デーソフトウェア株式会社,06:山形県,600人,300-999人,その他,300-999人 / その他,1,https://www.ndsoft.jp/,200,allowed,,https://www.ndsoft.jp/recruit/,https://www.ndsoft.jp/recruit/,homepageAnchor,採用情報トップ,ownDomain,high,200,allowed,採用情報｜ 介護システム、介護ソフト、健診システムなら「ほのぼの」 NDソフトウェア株式会社,true,3,0,false,false,,,0,,false,2026-10-05T13:18:50.559Z
9011101105942,株式会社Ｓｕｎｎｙｗａｙ,13:東京都,3人,1-4人,東京,1-4人 / 東京,1,http://sunnyway.jp/,200,allowed,,,,,,,,,,,,0,2,,false,,,0,,false,
9011201009845,イーソル株式会社,13:東京都,505人,300-999人,東京,300-999人 / 東京,1,https://www.esol.co.jp/,200,unavailable,,https://www.esol.co.jp/recruit/,https://www.esol.co.jp/recruit/,homepageAnchor,採用情報,ownDomain,high,200,unavailable,イーソル株式会社 採用特設サイト,true,1,0,false,false,,,0,,false,2026-10-05T13:18:50.694Z
9011201010381,株式会社フォー・ジェイ,13:東京都,129人,100-299人,東京,100-299人 / 東京,1,https://www.four-j.com/,200,allowed,,https://www.four-j.com/recruit/,https://www.four-j.com/recruit/,homepageAnchor,採用情報,ownDomain,high,200,allowed,採用情報 | 株式会社フォー・ジェイ,true,1,0,false,false,,,0,,false,2026-10-05T13:18:52.234Z
9011201015488,株式会社フーモア,13:東京都,155人,100-299人,東京,100-299人 / 東京,1,https://whomor.com/,200,allowed,,https://whomor.com/recruit,https://whomor.com/recruit,homepageAnchor,RECRUIT,ownDomain,high,200,allowed,RECRUIT | イラスト制作・漫画制作の株式会社フーモア,true,2,0,false,false,,,0,,false,2026-10-05T13:18:52.951Z
9011201023805,株式会社ｓｉｚｚｌｅ,13:東京都,5人,5-9人,東京,5-9人 / 東京,1,https://szl.co.jp/,200,allowed,,,,,,,,,,,,0,3,,false,,,0,,false,
9011201024423,株式会社アタレ,13:東京都,13人,10-29人,東京,10-29人 / 東京,1,https://atare-jp.com/,200,allowed,,https://atare-jp.com/recruit/,https://atare-jp.com/recruit/,homepageAnchor,採用情報,ownDomain,high,200,allowed,採用情報 – 株式会社アタレ,true,4,0,false,false,,,0,,false,2026-10-05T13:18:54.205Z
9011301002956,株式会社バンダイナムコフィルムワークス,13:東京都,700人,300-999人,東京,300-999人 / 東京,1,https://www.bnfw.co.jp/,200,unavailable,,https://www.bnfw.co.jp/recruit/,https://www.bnfw.co.jp/recruit/,homepageAnchor,採用情報,ownDomain,high,200,unavailable,採用情報 | バンダイナムコフィルムワークス | Bandai Namco Filmworks INC.,true,1,0,false,false,,,0,,false,2026-10-05T13:18:53.940Z
9011301019216,株式会社オレンジキューブ,13:東京都,20人,10-29人,東京,10-29人 / 東京,1,http://orange-cube.jp/,200,allowed,,https://orange-cube.jp/recruit/,https://orange-cube.jp/recruit,homepageAnchor,採用情報,ownDomain,high,200,allowed,採用情報 - 株式会社オレンジキューブ,true,1,0,false,false,,,1,,false,2026-10-05T13:19:01.447Z
9011403002598,エモティア合同会社,13:東京都,3人,1-4人,東京,1-4人 / 東京,1,https://emotier.com/,200,allowed,,,,,,,,,,,,0,2,,false,,,0,,false,
9011501000116,株式会社アール・テー・ワイ,13:東京都,111人,100-299人,東京,100-299人 / 東京,1,https://www.rty.co.jp/,,unavailable,TypeError:ERR_TLS_CERT_ALTNAME_INVALID,,,,,,,,,,,0,0,,false,,,0,,false,
9011501002814,蓼科情報株式会社,13:東京都,196人,100-299人,東京,100-299人 / 東京,1,https://tatesina.co.jp/recruitment/environment/,200,allowed,,https://tatesina.co.jp/recruitment/,https://tatesina.co.jp/recruitment/,homepageAnchor,採用サイト,ownDomain,high,200,allowed,採用情報 » 蓼科情報株式会社,true,9,0,false,false,,,0,,false,2026-10-05T13:18:58.124Z
9011501013415,株式会社デジタルソリューション,13:東京都,110人,100-299人,東京,100-299人 / 東京,1,https://www.digital-sl.jp/,200,allowed,,https://www.digital-sl.jp/recruit/,https://www.digital-sl.jp/recruit/,homepageAnchor,採用情報,ownDomain,high,200,allowed,採用情報 | 株式会社デジタルソリューション,true,2,0,false,false,,,0,,false,2026-10-05T13:18:59.349Z
9011501029023,株式会社Ｐｒｅｆａｂ,13:東京都,2人,1-4人,東京,1-4人 / 東京,1,https://corp.prefabdeli.com,200,allowed,,https://prefabai.co.jp/careers/,https://prefabai.co.jp/careers/,homepageAnchor,採用,otherDomain,high,200,allowed,採用情報 | 株式会社Prefab,true,1,0,false,false,,,0,,false,2026-10-05T13:19:01.273Z
9011601021598,ＮＡＢＬＡＳ株式会社,13:東京都,32人,30-99人,東京,30-99人 / 東京,1,https://nablas.com,200,allowed,,https://www.nablas.com/recruit,https://www.nablas.com/recruit,homepageAnchor,RECRUIT,ownDomain,high,200,allowed,採用情報 | AI総合研究所 NABLAS,true,3,0,false,false,,,0,,false,2026-10-05T13:19:03.830Z
9011701014469,株式会社ｆ４ｓａｍｕｒａｉ,13:東京都,145人,100-299人,東京,100-299人 / 東京,1,https://www.f4samurai.jp/,200,allowed,,https://recruit.f4samurai.jp/,https://recruit.f4samurai.jp/,homepageAnchor,Recruit,ownDomain,high,200,allowed,Recruit｜株式会社 f4samurai,true,4,0,false,false,,,0,,false,2026-10-05T13:19:02.077Z
9011801029144,株式会社アイ・ディ・エイチ,11:埼玉県,470人,300-999人,主要都市圏,300-999人 / 主要都市圏,1,https://idh-net.co.jp/,200,allowed,,https://idh-net.co.jp/careers,https://idh-net.co.jp/careers/,homepageAnchor,採用情報,ownDomain,high,200,allowed,採用情報 ｜SES・システム開発のアイ・ディ・エイチ,true,5,0,false,false,,,1,,false,2026-10-05T13:19:03.605Z
9012301001353,デンセイシリウス株式会社,14:神奈川県,180人,100-299人,主要都市圏,100-299人 / 主要都市圏,1,https://www.denseisirius.com/,200,allowed,,https://denseisirius.com/recruit/,https://denseisirius.com/recruit/,homepageAnchor,採用情報,ownDomain,high,200,allowed,採用情報 | デンセイシリウス株式会社,true,8,0,false,false,,,0,,false,2026-10-05T13:19:06.568Z
9012401001154,東芝システムテクノロジー株式会社,13:東京都,775人,300-999人,東京,300-999人 / 東京,1,https://www3.toshiba.co.jp/tst/,200,allowed,,https://www3.toshiba.co.jp/tst/recruit/index_j.htm,https://www3.toshiba.co.jp/tst/recruit/index_j.htm,homepageAnchor,採用情報,ownDomain,high,200,allowed,採用情報トップ | 東芝システムテクノロジー株式会社,true,4,0,false,false,,,0,,false,2026-10-05T13:19:02.494Z
9012401019691,株式会社日立ソリューションズ・テクノロジー,13:東京都,723人,300-999人,東京,300-999人 / 東京,1,https://www.hitachi-solutions-tech.co.jp/index.html,200,unavailable,,https://www.hitachi-solutions-tech.co.jp/recruit/index.html,https://www.hitachi-solutions-tech.co.jp/recruit/index.html,homepageAnchor,採用情報,ownDomain,high,200,unavailable,新卒者採用：株式会社 日立ソリューションズ・テクノロジー,true,4,0,false,false,,,0,,false,2026-10-05T13:19:04.637Z
9012401021581,第一ライフテクノクロス株式会社,13:東京都,1499人,1000人以上,東京,1000人以上 / 東京,1,https://www.dl-techx.com/,200,unavailable,,https://www.dl-techx.com/recruit/,https://www.dl-techx.com/recruit/,homepageAnchor,採用情報,ownDomain,high,200,unavailable,第一ライフテクノクロス株式会社 採用サイト,true,1,0,false,false,,,0,,false,2026-10-05T13:19:04.666Z
9012401023041,株式会社コンテンシャル,13:東京都,2人,1-4人,東京,1-4人 / 東京,1,https://www.contencial.co.jp/,200,allowed,,https://seo.contencial.co.jp/company/recruit/,https://seo.contencial.co.jp/company/recruit/,homepageAnchor,採用情報,ownDomain,high,200,allowed,採用情報 | 株式会社コンテンシャル,true,2,0,false,false,,,0,,false,2026-10-05T13:19:09.566Z
9012401033759,株式会社Ｆａｔｅ,13:東京都,80人,30-99人,東京,30-99人 / 東京,1,http://fate-corp.co.jp/,200,allowed,,https://fate-corp.co.jp/recruit/sales,https://fate-corp.co.jp/recruit/sales,robotsSitemap,,ownDomain,medium,200,allowed,株式会社Fate｜採用情報｜営業職,true,2,3,false,false,,,0,,false,2026-10-05T13:19:15.511Z
9012701002249,シンエイ動画株式会社,13:東京都,217人,100-299人,東京,100-299人 / 東京,1,http://www.shin-ei-animation.jp/,200,unavailable,,https://shin-ei-animation.jp/recruit/,https://shin-ei-animation.jp/recruit/,homepageAnchor,採用情報,ownDomain,high,200,allowed,採用情報 | シンエイ動画,true,6,0,false,false,,,0,,false,2026-10-05T13:19:17.625Z
9012701011860,株式会社慶コンサルティング,13:東京都,11人,10-29人,東京,10-29人 / 東京,1,http://www.kei-it.com/companygaiyou.html,200,unavailable,,http://www.kei-it.com/recruit.html,http://www.kei-it.com/recruit.html,homepageAnchor,採用情報,ownDomain,high,200,unavailable,採用情報,true,1,0,false,false,,,0,,false,2026-10-05T13:19:07.059Z
9013301017397,株式会社アドバンスト・ネット,13:東京都,26人,10-29人,東京,10-29人 / 東京,1,https://www.advancednet.co.jp/index.html,200,allowed,,https://www.advancednet.co.jp/recruit.html,https://www.advancednet.co.jp/recruit.html,homepageAnchor,求人応募者の方へ,ownDomain,low,200,allowed,株式会社アドバンスト・ネット,false,1,0,false,false,,,0,,false,2026-10-05T13:19:07.794Z
9013301017793,シェアードシステム株式会社,13:東京都,41人,30-99人,東京,30-99人 / 東京,1,https://www.sharedsys.co.jp/,200,allowed,,https://www.sharedsys.co.jp/recruit/,https://www.sharedsys.co.jp/recruit/,homepageAnchor,採用情報,ownDomain,high,200,allowed,採用情報 | シェアードシステム株式会社,true,5,0,false,false,,,0,https://www.sharedsys.co.jp/recruit/new-graduate/,true,2026-10-05T13:19:08.920Z
9013301019047,株式会社光通信,13:東京都,5人,5-9人,東京,5-9人 / 東京,1,http://www.hikari.co.jp/,200,unavailable,,https://www.hikari.co.jp/recruit/,https://www.hikari.co.jp/recruit/,homepageAnchor,採用情報,ownDomain,high,200,unavailable,採用情報 - 株式会社光通信,true,2,0,false,false,,,0,,false,2026-10-05T13:19:14.319Z
9013301019435,株式会社ＳＲＡ,13:東京都,857人,300-999人,東京,300-999人 / 東京,1,https://www2.sra.co.jp/,200,unavailable,,https://www3.sra.co.jp/public/sra/personnel/,https://www3.sra.co.jp/public/sra/personnel/,homepageAnchor,採用情報,ownDomain,high,200,allowed,株式会社SRA採用サイト,true,2,0,false,false,,,0,,false,2026-10-05T13:19:10.513Z
9013301023560,ナイル株式会社,13:東京都,281人,100-299人,東京,100-299人 / 東京,1,https://r-blog.nyle.co.jp/archives/2022/12/09/3menber-paternity-leave/,200,allowed,,https://nyle.co.jp/recruit/,https://nyle.co.jp/recruit/,homepageAnchor,すべての求人を見る,ownDomain,high,200,unavailable,採用情報 – ナイル株式会社［Nyle Inc.］,true,10,0,false,false,,,0,,false,2026-10-05T13:19:12.772Z
9013301029467,株式会社ＡＴＧＳ,13:東京都,138人,100-299人,東京,100-299人 / 東京,1,https://www.atgs.jp/company/csr/,200,allowed,,https://www.atgs.jp/recruit,https://www.atgs.jp/recruit,homepageAnchor,採用情報,ownDomain,high,200,allowed,採用情報 - ATGS,true,7,0,false,false,,,0,,false,2026-10-05T13:19:12.914Z
9013301035259,株式会社テクノ情報シンク,13:東京都,30人,30-99人,東京,30-99人 / 東京,1,http://www.tj-think.co.jp,200,unavailable,,http://www.tj-think.co.jp/recruit/,http://www.tj-think.co.jp/recruit/,homepageAnchor,採用情報,ownDomain,high,200,unavailable,採用情報｜株式会社テクノ情報シンク,true,1,0,false,false,,,0,,false,2026-10-05T13:19:12.014Z
9013301044029,株式会社リヤン,13:東京都,4人,1-4人,東京,1-4人 / 東京,1,https://rise-co.info/,200,allowed,,,,,,,,,,,,0,3,,false,,,0,,false,
9013301053401,株式会社ＮＯＡ,13:東京都,2人,1-4人,東京,1-4人 / 東京,1,https://noa1114.jp/,200,allowed,,,,,,,,,,,,0,2,,false,,,0,,false,
9013401002506,日野コンピューターシステム株式会社,13:東京都,239人,100-299人,東京,100-299人 / 東京,1,http://www.hino-cs.com/index.html,404,allowed,http_404,https://www.hino-cs.com/recruit/,https://www.hino-cs.com/recruit/,homepageAnchor,採用情報,ownDomain,high,200,allowed,採用情報 | 日野コンピューターシステム株式会社,true,3,0,false,true,https://www.hino-cs.com/,200,0,,false,2026-10-05T13:19:22.189Z
9020001007959,株式会社日立情報通信エンジニアリング,14:神奈川県,2906人,1000人以上,主要都市圏,1000人以上 / 主要都市圏,1,http://www.hitachi-ite.co.jp/,200,unavailable,,https://www.hitachi-ite.co.jp/recruit/index.html,https://www.hitachi-ite.co.jp/recruit/index.html,homepageAnchor,採用情報,ownDomain,high,200,unavailable,採用情報：日立情報通信エンジニアリング,true,4,0,false,false,,,0,,false,2026-10-05T13:19:20.555Z
9020001014427,株式会社エルテックス,14:神奈川県,151人,100-299人,主要都市圏,100-299人 / 主要都市圏,1,https://www.eltex.co.jp/,200,allowed,,https://www.eltex.co.jp/recruit/,https://www.eltex.co.jp/recruit/,robotsSitemap,,ownDomain,medium,200,allowed,採用情報 | 株式会社エルテックス,true,22,1,false,false,,,0,,false,2026-10-05T13:19:18.653Z
9020001021753,株式会社ＮＴＴデータＭＳＥ,14:神奈川県,1700人,1000人以上,主要都市圏,1000人以上 / 主要都市圏,1,https://www.nttd-mse.com,200,allowed,,http://nttd-mse.com/recruit/,https://www.nttd-mse.com/recruit/,homepageAnchor,新卒採用情報,ownDomain,high,200,unavailable,NTT DATA MSE Recruiting | 株式会社NTTデータMSE,true,2,0,false,false,,,2,,false,2026-10-05T13:19:27.495Z
9020001029549,株式会社ワイイーシーソリューションズ,14:神奈川県,212人,100-299人,主要都市圏,100-299人 / 主要都市圏,1,http://www.yec.ne.jp/,200,allowed,,https://www.yec.ne.jp/recruit,https://www.yec.ne.jp/recruit,homepageAnchor,採用情報,ownDomain,high,200,allowed,採用情報 | 株式会社 ワイイーシーソリューションズ（YEC） | くらしと仕事をICTで支える,true,1,0,false,false,,,0,,false,2026-10-05T13:19:23.526Z
9020001030589,ダックシステム株式会社,14:神奈川県,31人,30-99人,主要都市圏,30-99人 / 主要都市圏,1,http://www.duck.co.jp,200,unavailable,,http://www.duck.co.jp/new.html,http://www.duck.co.jp/new.html,homepageAnchor,採用情報,ownDomain,high,200,unavailable,募集要項 | ダックシステム,true,2,0,false,false,,,0,,false,2026-10-05T13:19:18.595Z
9020001036875,ワールドピーコム株式会社,14:神奈川県,37人,30-99人,主要都市圏,30-99人 / 主要都市圏,1,https://www.worldpicom.com/,200,allowed,,,,,,,,,,,,0,2,,false,,,0,,false,
9020001041966,株式会社ヒューマンソリューションズ,14:神奈川県,24人,10-29人,主要都市圏,10-29人 / 主要都市圏,1,http://www.h-so.co.jp/,200,allowed,,https://h-so.co.jp/%e6%8e%a1%e7%94%a8%e6%83%85%e5%a0%b1/,https://h-so.co.jp/%e6%8e%a1%e7%94%a8%e6%83%85%e5%a0%b1/,homepageAnchor,採用情報,ownDomain,high,200,allowed,採用情報 - Human Solutions,true,4,0,false,false,,,0,,false,2026-10-05T13:19:29.359Z
9020001051478,株式会社フラット,13:東京都,55人,30-99人,東京,30-99人 / 東京,1,https://www.flatcorp.jp/recruit/support/,200,allowed,,https://www.flatcorp.jp/recruit/,https://www.flatcorp.jp/recruit/,homepageAnchor,株式会社フラット RECRUITING WEBSITE,ownDomain,high,200,allowed,TOP | 株式会社フラット採用サイト,true,7,0,false,false,,,0,,false,2026-10-05T13:19:22.865Z
9020001059793,株式会社オムニバスネットワーク,14:神奈川県,11人,10-29人,主要都市圏,10-29人 / 主要都市圏,1,http://www.omnibus-network.co.jp/,200,unavailable,,https://www.omnibus-network.co.jp/recruit.html,https://www.omnibus-network.co.jp/recruit.html,homepageAnchor,採用情報,ownDomain,high,200,unavailable,採用情報 | 株式会社オムニバスネットワーク,true,1,0,false,false,,,0,,false,2026-10-05T13:19:26.979Z
9020001062491,株式会社ＶＡＬＵＥ　ＦＩＲＳＴ,14:神奈川県,34人,30-99人,主要都市圏,30-99人 / 主要都市圏,1,https://valuefirst.co.jp/,200,allowed,,https://valuefirst.co.jp/career,https://valuefirst.co.jp/career,homepageAnchor,採用情報,ownDomain,high,200,allowed,採用情報 | 株式会社バリューファースト,true,9,0,false,false,,,0,,false,2026-10-05T13:19:24.019Z
9020001069719,株式会社電子工学センター,14:神奈川県,200人,100-299人,主要都市圏,100-299人 / 主要都市圏,1,https://www.eec.co.jp/,200,allowed,,https://www.eec.co.jp/recruit/,https://www.eec.co.jp/recruit/,homepageAnchor,採用情報,ownDomain,high,200,allowed,採用情報 | 株式会社電子工学センター,true,5,0,false,false,,,0,,false,2026-10-05T13:19:25.604Z
9020001070619,株式会社エクサ,14:神奈川県,1250人,1000人以上,主要都市圏,1000人以上 / 主要都市圏,1,https://www.exa-corp.co.jp/company/csr.html#csr05,200,allowed,,https://www.exa-corp.co.jp/recruit/index.html,https://www.exa-corp.co.jp/recruit/index.html,homepageAnchor,採用情報,ownDomain,high,200,allowed,新卒採用サイト | 株式会社エクサ,true,2,0,false,false,,,0,,false,2026-10-05T13:19:26.554Z
9020001087638,株式会社メタテクノ,14:神奈川県,194人,100-299人,主要都市圏,100-299人 / 主要都市圏,1,https://www.meta.co.jp/,200,allowed,,https://www.meta.co.jp/recruit-info/,https://www.meta.co.jp/recruit-info/,homepageAnchor,採用情報,ownDomain,high,200,allowed,採用情報 | 株式会社メタテクノ,true,5,0,true,false,,,0,https://job.rikunabi.com/2024/company/r384700048/,true,2026-10-05T13:19:26.938Z
9020001088561,株式会社エヴァーグリーン,14:神奈川県,24人,10-29人,主要都市圏,10-29人 / 主要都市圏,1,http://www.ever-g.co.jp/,200,unavailable,,https://en-gage.net/evergreen/,https://en-gage.net/evergreen/,homepageLinkToOfficialAts,募集情報,atsHosted,high,200,allowed,株式会社エヴァーグリーンの採用・求人情報-engage,true,2,0,false,false,,,0,,false,2026-10-05T13:19:30.352Z
9020001103551,株式会社サブスパイア,26:京都府,13人,10-29人,主要都市圏,10-29人 / 主要都市圏,1,https://subspire.co.jp/,200,allowed,,https://subspire.co.jp/careers,https://subspire.co.jp/careers,homepageAnchor,Careers,ownDomain,high,200,allowed,Careers | Subspire,true,1,0,true,false,,,0,,false,2026-10-05T13:19:28.532Z
9020001165245,Ｌｕｂｅｐｅａｋ株式会社,14:神奈川県,1人,1-4人,主要都市圏,1-4人 / 主要都市圏,1,https://lubepeak.com,200,allowed,,https://lubepeak.com/recruit-kintone,https://lubepeak.com/recruit-kintone,homepageAnchor,採用サイトはこちら keyboard_arrow_right,ownDomain,high,200,allowed,kintone求人｜採用（正社員・業務委託）,true,1,0,false,false,,,0,,false,2026-10-05T13:19:31.457Z
9021001020308,デジタルプロセス株式会社,14:神奈川県,450人,300-999人,主要都市圏,300-999人 / 主要都市圏,1,http://www.dipro.co.jp/,,unavailable,TypeError:UND_ERR_CONNECT_TIMEOUT,,,,,,,,,,,0,0,,false,,,0,,false,
9021001026338,株式会社シーイーシー,14:神奈川県,2300人,1000人以上,主要都市圏,1000人以上 / 主要都市圏,1,https://www.cec-ltd.co.jp/,200,unavailable,,https://recruit.cec-ltd.co.jp/,https://recruit.cec-ltd.co.jp/,homepageAnchor,シーイーシー採用サイト 外部サイトに移動します,ownDomain,high,200,unavailable,採用情報 | シーイーシー,true,2,0,false,false,,,0,,false,2026-10-05T13:19:30.169Z
9021001062291,株式会社カブキ,14:神奈川県,5人,5-9人,主要都市圏,5-9人 / 主要都市圏,1,https://kabuki-inc.co.jp/,200,allowed,,https://kabuki-inc.co.jp/recruit/,https://kabuki-inc.co.jp/recruit,homepageAnchor,採用情報,ownDomain,high,200,allowed,採用 - 株式会社カブキ,true,1,0,false,false,,,1,,false,2026-10-05T13:19:32.144Z
9030001016851,株式会社想画,13:東京都,8人,5-9人,東京,5-9人 / 東京,1,https://www.sohga.jp/careers/workstyle/,200,unavailable,,https://www.sohga.jp/careers/,https://www.sohga.jp/careers/,homepageAnchor,Careers 採用案内 Careers 採用案内,ownDomain,high,200,unavailable,"採用案内 Careers | 株式会社想画 SOHGA Co., Ltd.",true,7,0,false,false,,,0,,false,2026-10-05T13:19:30.664Z
9030001049868,フォーシーズンズ株式会社,11:埼玉県,34人,30-99人,主要都市圏,30-99人 / 主要都市圏,1,https://www.0004s.com,200,allowed,,,,,,,,,,,,0,0,,false,,,0,https://recruit.0004s.com/,true,
9030001050132,株式会社ウェイブ,13:東京都,193人,100-299人,東京,100-299人 / 東京,1,https://wwwave.jp/,200,allowed,,https://recruit.wwwave.jp/,https://recruit.wwwave.jp/,homepageAnchor,Recruit 採用情報,ownDomain,high,200,allowed,採用情報｜株式会社ウェイブ - WWWave Corporation,true,2,0,false,false,,,0,,false,2026-10-05T13:19:33.942Z
9030001064396,株式会社ティー・アイ・シー,11:埼玉県,185人,100-299人,主要都市圏,100-299人 / 主要都市圏,1,https://www.ticstage.co.jp/sustainability_wlb.php,200,unavailable,,,,,,,,,,,,0,0,,true,https://www.ticstage.co.jp/,200,0,,false,
9030001091928,株式会社アイスプリング,13:東京都,14人,10-29人,東京,10-29人 / 東京,1,http://ispr.co.jp/,200,unavailable,,,,,,,,,,,,0,0,,false,,,0,,false,
9030001103146,株式会社シジスカイ,13:東京都,42人,30-99人,東京,30-99人 / 東京,1,https://cgsky.co.jp/,200,allowed,,https://cgsky.co.jp/recruit/,https://cgsky.co.jp/recruit/,homepageAnchor,Recruit,ownDomain,high,200,allowed,CGSKY採用サイト,true,1,0,false,false,,,0,,false,2026-10-05T13:19:34.492Z
9030001122740,株式会社アーリーステージ,11:埼玉県,3人,1-4人,主要都市圏,1-4人 / 主要都市圏,1,http://earlystage.co.jp,200,allowed,,,,,,,,,,,,0,3,,false,,,0,,false,
9030001126270,株式会社Ｇホールディングス,13:東京都,13人,10-29人,東京,10-29人 / 東京,1,https://www.gholdings.co.jp/,200,allowed,,https://www.gholdings.co.jp/recruit.html,https://www.gholdings.co.jp/recruit.html,homepageAnchor,RECRUIT 採用情報,ownDomain,high,200,allowed,Gホールディングス（G holdings）｜ゲーム開発（IPゲームアプリ）｜採用情報,true,1,0,false,false,,,0,,false,2026-10-05T13:19:34.708Z
9040001060857,株式会社クラウドアシストサービス,13:東京都,8人,5-9人,東京,5-9人 / 東京,1,http://www.cloudassist.co.jp/corporate/index.html,200,unavailable,,https://cloudassist.co.jp/recruit/index.html,https://cloudassist.co.jp/recruit/index.html,homepageUrlPattern,リクルート,ownDomain,medium,200,unavailable,リクルート | 株式会社クラウドアシストサービス,true,1,0,false,false,,,0,,false,2026-10-05T13:19:44.376Z
9050001009060,関東情報サービス株式会社,08:茨城県,261人,100-299人,その他,100-299人 / その他,1,https://www.kisl.co.jp,200,unavailable,,https://www.kisl.co.jp/recruit/,https://www.kisl.co.jp/recruit/,homepageAnchor,採用情報TOP,ownDomain,high,200,unavailable,採用情報 | 関東情報サービス株式会社,true,4,0,false,false,,,0,,false,2026-10-05T13:19:36.466Z
9050001016544,株式会社ＪＥＭＳ,08:茨城県,363人,300-999人,その他,300-999人 / その他,1,https://www.j-ems.jp/,200,allowed,,https://www.j-ems.jp/recruit/,https://www.j-ems.jp/recruit/,homepageAnchor,採用情報,ownDomain,high,200,allowed,JEMS採用サイト,true,1,0,false,false,,,0,,false,2026-10-05T13:19:37.663Z
9050001017377,ペンギンシステム株式会社,08:茨城県,24人,10-29人,その他,10-29人 / その他,1,https://www.penguins.co.jp,200,unavailable,,https://www.penguins.co.jp/recruit/,https://www.penguins.co.jp/recruit/,homepageAnchor,採用情報,ownDomain,high,200,unavailable,採用情報 | ペンギンシステム株式会社,true,1,0,false,false,,,0,https://www.penguins.co.jp/recruit/,true,2026-10-05T13:19:37.811Z
9050001042292,株式会社ゲームシスト,08:茨城県,5人,5-9人,その他,5-9人 / その他,1,https://gameciste.com/company,200,allowed,,,,,,,,,,,,0,3,,true,https://gameciste.com/,200,0,,false,
9050001042854,サンネット株式会社,08:茨城県,4人,1-4人,その他,1-4人 / その他,1,https://www.sunnet-jp.com,200,allowed,,,,,,,,,,,,0,1,,false,,,0,,false,
9060001005091,株式会社インソースマーケティングデザイン,13:東京都,18人,10-29人,東京,10-29人 / 東京,1,https://www.marineroad.com/,,unavailable,TypeError:CERT_HAS_EXPIRED,,,,,,,,,,,0,0,,false,,,0,,false,
9070001001511,システム・アルファ株式会社,10:群馬県,265人,100-299人,その他,100-299人 / その他,1,https://www.system-alpha.co.jp/,200,unavailable,,https://www.system-alpha.co.jp/recruit/,https://www.system-alpha.co.jp/recruit/,homepageAnchor,採用情報 recruit,ownDomain,high,200,unavailable,採用情報｜システム・アルファ株式会社,true,5,0,false,false,,,0,,false,2026-10-05T13:19:40.457Z
9070001014001,株式会社ＩＴＱＵＥＳＴ,10:群馬県,45人,30-99人,その他,30-99人 / その他,1,https://syskai.jp/,200,allowed,,,,,,,,,,,,0,2,,false,,,0,,false,
9080001003639,株式会社テレビ静岡,22:静岡県,150人,100-299人,その他,100-299人 / その他,1,https://www.sut-tv.com/,200,unavailable,,https://www.sut-tv.com/company/recruit/,https://www.sut-tv.com/company/recruit/,homepageAnchor,採用情報,ownDomain,high,200,unavailable,採用情報 | テレビ静岡,true,3,0,false,false,,,0,,false,2026-10-05T13:19:41.958Z
9080001013191,株式会社テクノサイト,22:静岡県,235人,100-299人,その他,100-299人 / その他,1,https://www.technosite.co.jp/,200,allowed,,https://www.technosite.co.jp/jobs/,https://www.technosite.co.jp/jobs/,homepageAnchor,採用情報,ownDomain,high,200,allowed,採用情報 | Technosite,true,4,0,false,false,,,0,,false,2026-10-05T13:19:43.339Z
9090001000998,株式会社ジインズ,19:山梨県,42人,30-99人,その他,30-99人 / その他,1,https://www.jins.co.jp/,200,allowed,,https://www.jins.co.jp/recruit,https://www.jins.co.jp/recruit/,homepageAnchor,採用情報,ownDomain,high,200,allowed,採用情報 - 株式会社ジインズ,true,7,0,false,false,,,1,,false,2026-10-05T13:19:45.785Z
9090001012853,株式会社イートライス,19:山梨県,10人,10-29人,その他,10-29人 / その他,1,http://e-trys.com/,200,unavailable,,https://e-trys.co.jp/recruit.html,https://e-trys.co.jp/recruit.html,homepageAnchor,採用情報,otherDomain,high,200,unavailable,株式会社イートライス,true,1,0,false,false,,,0,,false,2026-10-05T13:19:46.772Z
9110001001366,株式会社ウイング,15:新潟県,91人,30-99人,その他,30-99人 / その他,1,https://www.weing.co.jp/,200,allowed,,https://recruit.weing.co.jp/,https://recruit.weing.co.jp/,homepageAnchor,採用情報,ownDomain,high,200,allowed,採用サイト｜株式会社ウイング – あたらしいことを、あたたかいばしょで,true,3,0,false,false,,,0,,false,2026-10-05T13:19:51.461Z
9110001008980,株式会社ディーフィット,15:新潟県,24人,10-29人,その他,10-29人 / その他,1,https://dfit.co.jp/,200,unavailable,,https://dfit.co.jp/recruit/,https://dfit.co.jp/recruit/,homepageAnchor,採用 RECRUIT,ownDomain,high,200,unavailable,採用 | 株式会社ディーフィット,true,1,0,false,false,,,0,,false,2026-10-05T13:19:46.398Z
9110001016983,ドコドア株式会社,15:新潟県,43人,30-99人,その他,30-99人 / その他,1,https://docodoor.com/recruit/,200,allowed,,https://docodoor.com/recruit/,https://docodoor.com/recruit/,homepageAnchor,採用情報,ownDomain,high,200,allowed,"採用情報 | ドコドア株式会社 docodoor, Inc.",true,20,0,false,false,,,0,,false,2026-10-05T13:19:46.732Z
9110001017230,株式会社カシックス,15:新潟県,113人,100-299人,その他,100-299人 / その他,1,https://www.kasix.co.jp/about-us/kasix/,,unavailable,TypeError:UNABLE_TO_VERIFY_LEAF_SIGNATURE,,,,,,,,,,,0,0,,true,https://www.kasix.co.jp/,,0,,false,
9110001021190,株式会社新潟ソフトストラクチャ,15:新潟県,32人,30-99人,その他,30-99人 / その他,1,https://www.niigatass.com/,200,allowed,,https://www.niigatass.com/recruit/,https://www.niigatass.com/recruit/,homepageAnchor,採用情報 RECRUIT,ownDomain,high,200,allowed,採用情報 | 株式会社新潟ソフトストラクチャ,true,5,0,false,false,,,0,,false,2026-10-05T13:19:48.478Z
9120001040743,株式会社ＩＣＳパートナーズ,27:大阪府,145人,100-299人,主要都市圏,100-299人 / 主要都市圏,1,http://www.ics-p.net/,200,allowed,,https://www.ics-p.net/recruitment/tabid/80/Default.aspx,https://www.ics-p.net/recruitment/tabid/80/Default.aspx,homepageAnchor,採用情報,ownDomain,high,200,allowed,採用情報 | 会計システムのICSパートナーズ,true,7,0,false,false,,,0,,false,2026-10-05T13:19:57.431Z
9120001045560,株式会社ディー・オー・エス,27:大阪府,292人,100-299人,主要都市圏,100-299人 / 主要都市圏,1,https://recruit.dos-osaka.co.jp/systems/,200,allowed,,https://recruit.dos-osaka.co.jp/recruit/,https://recruit.dos-osaka.co.jp/recruit/,homepageAnchor,エントリー,ownDomain,high,200,allowed,新卒採用 |採用情報 | 株式会社ディー・オー・エス,true,18,0,false,false,,,0,,false,2026-10-05T13:19:49.514Z
9120001047160,フルタニ産業株式会社,27:大阪府,152人,100-299人,主要都市圏,100-299人 / 主要都市圏,1,https://www.furutani-sangyou.co.jp/corporate-goals/,200,allowed,,https://www.furutani-sangyou.co.jp/recruit/,https://www.furutani-sangyou.co.jp/recruit/,homepageAnchor,採用情報,ownDomain,high,200,allowed,採用情報 | フルタニ産業株式会社,true,2,0,false,false,,,0,,false,2026-10-05T13:19:53.036Z
9120001064932,株式会社アイセル,13:東京都,150人,100-299人,東京,100-299人 / 東京,1,https://www.aisel.ne.jp/,200,allowed,,https://www.aisel.ne.jp/recruit-fresh/,https://www.aisel.ne.jp/recruit-fresh/,homepageAnchor,新卒採用 Recruit,ownDomain,high,200,allowed,株式会社アイセル － 「顧客満足」の一歩先へ,true,2,0,false,false,,,0,,false,2026-10-05T13:19:50.205Z
9120001071573,ヤンマー情報システムサービス株式会社,27:大阪府,226人,100-299人,主要都市圏,100-299人 / 主要都市圏,1,https://www.yanmar.com/jp/yiss/,403,unavailable,http_403,,,,,,,,,,,0,0,,true,https://www.yanmar.com/,403,0,,false,
9120001078263,ＮＣＤソリューションズ株式会社,27:大阪府,247人,100-299人,主要都市圏,100-299人 / 主要都市圏,1,https://www.ncdsol.co.jp/,200,allowed,,https://www.ncdsol.co.jp/recruit/,https://www.ncdsol.co.jp/recruit/,homepageAnchor,採用情報,ownDomain,high,200,allowed,採用情報TOP | NCDソリューションズ株式会社 - 新たな価値を創造する、大阪のITソリューション会社,true,9,0,false,false,,,0,,false,2026-10-05T13:19:53.023Z
9120001097305,株式会社ラクス,27:大阪府,1907人,1000人以上,主要都市圏,1000人以上 / 主要都市圏,1,https://www.rakus.co.jp,200,allowed,,https://career-recruit.rakus.co.jp/,https://www.rakus.co.jp/recruit/,homepageAnchor,キャリア（中途）採用,ownDomain,high,200,allowed,採用情報｜株式会社ラクス,true,8,0,false,false,,,1,,false,2026-10-05T13:19:56.110Z
9120001112617,株式会社ネットオン,27:大阪府,5人,5-9人,主要都市圏,5-9人 / 主要都市圏,1,http://www.neton.co.jp/,200,allowed,,https://neton.co.jp/lp/recruitment-dx-ai/,https://neton.co.jp/lp/recruitment-dx-ai/,homepageAnchor,採用業務DX・AI活用講座,ownDomain,high,200,allowed,採用業務DX・AI活用講座 | 株式会社ネットオン,true,9,0,false,false,,,0,,false,2026-10-05T13:20:02.591Z
9120001121031,応用技術株式会社,27:大阪府,270人,100-299人,主要都市圏,100-299人 / 主要都市圏,1,https://www.apptec.co.jp/,403,unavailable,http_403,,,,,,,,,,,0,0,,false,,,0,,false,
9120001134850,株式会社エンカレッジ,27:大阪府,35人,30-99人,主要都市圏,30-99人 / 主要都市圏,1,http://www.enc-jp.com,200,allowed,,https://enc-jp.com/recruit/,https://enc-jp.com/recruit/,homepageAnchor,RECRUIT,ownDomain,high,200,allowed,RECRUIT - 株式会社エンカレッジ,true,2,0,false,false,,,0,,false,2026-10-05T13:20:01.587Z
9120001158230,ミラクシアエッジテクノロジー株式会社,26:京都府,396人,300-999人,主要都市圏,300-999人 / 主要都市圏,1,https://www.miraxia.com,200,allowed,,https://recruit.miraxia.com/,https://recruit.miraxia.com/,homepageAnchor,採用情報,ownDomain,high,200,allowed,RECRUITING | ミラクシアエッジテクノロジー株式会社,true,1,0,false,false,,,0,,false,2026-10-05T13:19:57.326Z
9120001186660,株式会社アイティジョイン,27:大阪府,20人,10-29人,主要都市圏,10-29人 / 主要都市圏,1,https://www.itjoin.co.jp,200,unavailable,,https://itjoin-recruit.com/,,homepageLinkOffDomain,採用情報,otherDomain,low,,,,,2,0,,false,,,0,,false,
9120001189275,株式会社ＭＳＥＮ,27:大阪府,6人,5-9人,主要都市圏,5-9人 / 主要都市圏,1,https://msen.jp,200,allowed,,https://msen.jp/recruit/,https://msen.jp/recruit/,homepageAnchor,採用情報,ownDomain,high,200,allowed,採用情報 | MSEN Inc.,true,4,0,false,false,,,0,,false,2026-10-05T13:19:56.305Z
9120001189911,株式会社リーディ,27:大阪府,54人,30-99人,主要都市圏,30-99人 / 主要都市圏,1,https://www.ridi.co.jp/,200,allowed,,https://www.ridi.co.jp/recruit,https://www.ridi.co.jp/recruit,robotsSitemap,,ownDomain,medium,200,allowed,エンジニア採用｜株式会社リーディ,true,6,3,false,false,,,0,,false,2026-10-05T13:20:03.159Z
9120001200487,株式会社グリュックス,27:大阪府,2人,1-4人,主要都市圏,1-4人 / 主要都市圏,1,https://glucks-web.co.jp/,200,allowed,,https://glucks-web.co.jp/recruit/,https://glucks-web.co.jp/recruit/,homepageAnchor,採用情報,ownDomain,high,200,allowed,RECRUIT‐採用情報‐ | 株式会社グリュックス公式サイト,true,1,0,false,false,,,0,,false,2026-10-05T13:19:59.446Z
9120001213332,スキルシステムズ株式会社,27:大阪府,30人,30-99人,主要都市圏,30-99人 / 主要都市圏,1,https://www.skill-systems.co.jp/recruit/benefits/,200,allowed,,https://skill-systems.co.jp/recruit/index/,https://www.skill-systems.co.jp/recruit/index/,homepageAnchor,採用情報,ownDomain,high,200,allowed,採用情報 | スキルシステムズ,true,9,0,false,false,,,1,,false,2026-10-05T13:20:04.807Z
9120001237348,株式会社Ｒｅｔｅｒｎｏ,27:大阪府,1人,1-4人,主要都市圏,1-4人 / 主要都市圏,1,https://reterno.jp/,200,allowed,,,,,,,,,,,,0,2,,false,,,0,,false,
9120001237562,株式会社スウィーク,27:大阪府,11人,10-29人,主要都市圏,10-29人 / 主要都市圏,1,https://sweek.co.jp/,200,allowed,,https://sweek.co.jp/sales_engine_outbound/recruitment-agency/,https://sweek.co.jp/sales_engine_outbound/recruitment-agency/,robotsSitemap,,ownDomain,medium,200,allowed,人材紹介会社向け求人企業開拓・商談獲得支援｜Sales Engine Outbound | SWEEK,true,3,1,false,false,,,0,,false,2026-10-05T13:20:02.477Z
9120001244451,株式会社スタジオマーケット,13:東京都,2人,1-4人,東京,1-4人 / 東京,1,https://studio-market.com/company/,200,allowed,,https://studio-market.com/recruitment/,https://studio-market.com/recruitment/,homepageUrlPattern,掲載について,ownDomain,low,200,allowed,掲載について - スタジオマーケット,false,1,0,false,false,,,0,,false,2026-10-05T13:20:02.767Z
9120001287772,株式会社うつろい,27:大阪府,2人,1-4人,主要都市圏,1-4人 / 主要都市圏,1,https://utsuroi-inc.jp/,200,allowed,,,,,,,,,,,,0,1,,false,,,0,,false,
9120003015479,合同会社ラオラオホールディングス,27:大阪府,1人,1-4人,主要都市圏,1-4人 / 主要都市圏,1,https://raorao.co.jp,200,unavailable,,,,,,,,,,,,0,0,,false,,,0,,false,
9120003024587,クリックアンドペイ合同会社,13:東京都,10人,10-29人,東京,10-29人 / 東京,1,https://klikandpay.co.jp/sdgs/,200,allowed,,https://en-gage.net/user/search/desc/10514509/?aroute=1101,https://en-gage.net/user/search/desc/10514509/?aroute=1101,homepageLinkToOfficialAts,求人情報をみる,atsHosted,high,200,allowed,完全土日祝休み！弊社でオウンドメディア運用しませんか？（リモート＆フレックス制度あり)｜クリックアンドペイ合同会社｜東京都中央区の求人情報 - エンゲージ,true,1,0,true,true,https://klikandpay.co.jp/,200,0,,false,2026-10-05T13:20:06.297Z
9120901014004,株式会社ｋｕｂｅｌｌ,13:東京都,380人,300-999人,東京,300-999人 / 東京,1,https://recruit.chatwork.com/workstyle/,200,unavailable,,https://career.kubell.com/,https://career.kubell.com/,homepageAnchor,採用サイト,otherDomain,high,200,unavailable,採用情報 | 株式会社kubell（旧 Chatwork株式会社）,true,20,0,false,false,,,0,,false,2026-10-05T13:20:09.555Z
9120901014284,株式会社インフォアライブ,27:大阪府,13人,10-29人,主要都市圏,10-29人 / 主要都市圏,1,http://www.infoalive.com/,200,allowed,,,,,,,,,,,,0,2,,false,,,0,,false,
9120901029209,株式会社キューブ・ソフト,27:大阪府,1人,1-4人,主要都市圏,1-4人 / 主要都市圏,1,https://www.cube-soft.jp/,200,allowed,,https://ja.cube-soft.jp/entry/2021/08/16/business,https://clown.cube-soft.jp/entry/2021/08/16/business,homepageUrlPattern,有償版,ownDomain,low,200,allowed,CubePDF シリーズ等の有償版および無償版について - Cube Lilac,false,7,0,false,false,,,1,,false,2026-10-05T13:20:07.873Z
9130001000572,株式会社ＫＹＯＳＯ,26:京都府,507人,300-999人,主要都市圏,300-999人 / 主要都市圏,1,http://www.kyoso.co.jp/,200,allowed,,https://recruit.kyoso.co.jp/,https://recruit.kyoso.co.jp/,homepageAnchor,New Graduate Recruitment 新卒採用,ownDomain,high,200,allowed,ＫＹＯＳＯ 採用サイト（新卒）,true,3,0,false,false,,,0,,false,2026-10-05T13:20:11.351Z
9130001002908,株式会社ケーケーシー情報システム,26:京都府,197人,100-299人,主要都市圏,100-299人 / 主要都市圏,1,http://www.kkcjoho.co.jp,,unavailable,TypeError:ENOTFOUND,,,,,,,,,,,0,0,,false,,,0,,false,
9130001005101,株式会社淡交社,26:京都府,130人,100-299人,主要都市圏,100-299人 / 主要都市圏,1,http://www.tankosha.co.jp,200,allowed,,https://www.tankosha.co.jp/2026/08/post-10758/,https://www.tankosha.co.jp/2026/08/post-10758/,homepageAnchor,【中途採用】正社員募集：書籍営業部(京都),ownDomain,high,200,allowed,【中途採用】正社員募集：書籍営業部(京都)｜お知らせ｜淡交社 京都の茶道美術図書出版社,true,1,0,false,false,,,0,,false,2026-10-05T13:20:11.470Z
9130001011834,ムラテックフロンティア株式会社,26:京都府,269人,100-299人,主要都市圏,100-299人 / 主要都市圏,1,https://www.muratec.jp/ce/muratec_sales/,200,allowed,,https://www.muratec.jp/company/recruit/,https://www.muratec.jp/company/recruit/,homepageAnchor,採用情報,ownDomain,high,200,allowed,採用情報｜ムラテック 村田機械,true,8,0,false,false,,,0,,false,2026-10-05T13:20:09.697Z
9130001017781,株式会社ＤＴＳ　ＷＥＳＴ,26:京都府,294人,100-299人,主要都市圏,100-299人 / 主要都市圏,1,https://www.dtswest.co.jp/,200,allowed,,https://www.dtswest.co.jp/recruit/,https://www.dtswest.co.jp/recruit/student/,homepageAnchor,採用情報,ownDomain,high,200,allowed,新卒採用情報 | 株式会社DTS WEST,true,3,0,false,false,,,1,,false,2026-10-05T13:20:13.720Z
9130001023607,株式会社ＳＣＲＥＥＮシステムサービス,26:京都府,70人,30-99人,主要都市圏,30-99人 / 主要都市圏,1,http://www.jp.initout.com/,,unavailable,TypeError:UND_ERR_CONNECT_TIMEOUT,,,,,,,,,,,0,0,,false,,,0,,false,
9140001002865,株式会社神戸デジタル・ラボ,28:兵庫県,153人,100-299人,主要都市圏,100-299人 / 主要都市圏,1,https://www.kdl.co.jp/,200,allowed,,https://www.kdl.co.jp/recruit/,https://www.kdl.co.jp/recruit/,homepageAnchor,採用情報,ownDomain,high,200,allowed,採用情報 | 株式会社神戸デジタル・ラボ Kobe Digital Labo（KDL）,true,3,0,false,false,,,0,,false,2026-10-05T13:20:13.180Z
9140001006040,アルファテクノロジー株式会社,28:兵庫県,34人,30-99人,主要都市圏,30-99人 / 主要都市圏,1,http://www.alpha-tec.co.jp/,200,allowed,,https://www.alpha-tec.co.jp/recruitment,https://www.alpha-tec.co.jp/recruitment,homepageAnchor,RECRUIT,ownDomain,high,200,allowed,リクルート - アルファテクノロジー株式会社,true,1,0,false,false,,,0,,false,2026-10-05T13:20:18.374Z
9140001024892,ジェイネット株式会社,28:兵庫県,9人,5-9人,主要都市圏,5-9人 / 主要都市圏,1,https://www.jnet-kobe.com/,200,allowed,,,,,,,,,,,,0,0,,false,,,0,,false,
9140001034248,ワサビ株式会社,28:兵庫県,1人,1-4人,主要都市圏,1-4人 / 主要都市圏,1,https://www.wasabi3.com/,200,allowed,,https://www.wasabi3.com/recruit/,https://www.wasabi3.com/about-us/recruit/,homepageAnchor,採用情報 新卒採用 キャリア採用 パート（アルバイト）採用に 関しての詳細ページです。,ownDomain,high,200,allowed,採用情報 | ワサビ株式会社（経営革新等認定支援機関）,true,4,0,false,false,,,1,,false,2026-10-05T13:20:21.789Z
9140001109883,ラフデザイン株式会社,28:兵庫県,13人,10-29人,主要都市圏,10-29人 / 主要都市圏,1,https://lafdesign.jp/,200,allowed,,https://lafdesign.co.jp/recruit,https://lafdesign.co.jp/recruit,homepageAnchor,recruit 採用情報,otherDomain,high,200,allowed,採用情報 | ホームページ制作 大阪 神戸 西宮｜LAF Design,true,4,0,false,false,,,0,,false,2026-10-05T13:20:17.168Z
9140001129881,ＣＨＡＮＴＯ株式会社,28:兵庫県,10人,10-29人,主要都市圏,10-29人 / 主要都市圏,1,https://chanto.design/,200,allowed,,,,,,,,,,,,0,0,,false,,,0,,false,
9150001007302,株式会社るーぷ,29:奈良県,13人,10-29人,その他,10-29人 / その他,1,http://www.web-loop.com/,200,allowed,,https://web-loop.com/recruit/,https://web-loop.com/recruit/,homepageAnchor,RECRUIT 採用情報,ownDomain,high,200,allowed,採用情報 | 奈良のWeb制作・ホームページ制作会社｜株式会社るーぷ,true,2,0,false,false,,,0,,false,2026-10-05T13:20:21.374Z
9150001010685,辰巳電子工業株式会社,29:奈良県,293人,100-299人,その他,100-299人 / その他,1,https://www.tatsu-mi.co.jp/ourefforts,200,allowed,,https://www.tatsu-mi.co.jp/recruit,https://www.tatsu-mi.co.jp/recruit,homepageAnchor,採用情報,ownDomain,high,200,allowed,採用情報 | 辰巳電子工業株式会社,true,1,0,false,false,,,0,,false,2026-10-05T13:20:17.221Z
9160001013092,株式会社ビイサイドプランニング,25:滋賀県,29人,10-29人,その他,10-29人 / その他,1,https://www.b-side.co.jp/about/#section_reason,200,allowed,,https://www.b-side.co.jp/work_post/%e6%b1%82%e4%ba%ba%e4%ba%8b%e6%a5%ad/,https://www.b-side.co.jp/work_post/%e6%b1%82%e4%ba%ba%e4%ba%8b%e6%a5%ad/,homepageAnchor,求人事業 recruit フリーペーパー＋Webで展開する自社媒体「求人vivical」で滋賀県内を中心とした求人情報の発信を行っています。 また、求職者と直接面談ができるイベントも企画・開催しています。 WORK 詳細はこちら,ownDomain,high,200,allowed,求人事業 | 株式会社ビイサイドプランニング,true,5,0,false,true,https://www.b-side.co.jp/,200,0,,false,2026-10-05T13:20:20.795Z
9160001022465,株式会社アチェロ,25:滋賀県,5人,5-9人,その他,5-9人 / その他,1,https://acero-book.com/,200,allowed,,https://acero-book.com/pages/recruit,https://acero-book.com/pages/recruit,homepageAnchor,採用情報,ownDomain,high,200,allowed,採用情報 &ndash; アチェロ,true,6,0,false,false,,,0,,false,2026-10-05T13:20:18.501Z
9180001021606,ＮＴＰシステム株式会社,23:愛知県,297人,100-299人,主要都市圏,100-299人 / 主要都市圏,1,http://www.ntp-system.com/,200,allowed,,https://www.ntp-system.com/recruit/,https://www.ntp-system.com/recruit/,homepageAnchor,採用情報,ownDomain,high,200,allowed,新卒採用情報 | NTPシステム株式会社,true,1,0,false,false,,,0,,false,2026-10-05T13:20:24.898Z
9180001024039,ナカシャクリエイテブ株式会社,23:愛知県,498人,300-999人,主要都市圏,300-999人 / 主要都市圏,1,https://www.nakasha.co.jp/company/csr/plan.html,200,allowed,,https://www.nakasha.co.jp/recruit/,https://www.nakasha.co.jp/recruit/,homepageAnchor,採用情報,ownDomain,high,200,allowed,採用サイト|ナカシャクリエイテブ株式会社,true,1,0,false,false,,,0,,false,2026-10-05T13:20:21.543Z
9180001032198,株式会社ネオ,23:愛知県,276人,100-299人,主要都市圏,100-299人 / 主要都市圏,1,https://www.neo-s.jp/,200,allowed,,https://www.neo-s.jp/recruit/,https://www.neo-s.jp/recruit/,homepageAnchor,採用情報 RECRUIT,ownDomain,high,200,allowed,株式会社ネオ 採用サイト,true,13,0,false,false,,,0,,false,2026-10-05T13:20:22.142Z
9180001035977,株式会社コミュニケーションネット,23:愛知県,80人,30-99人,主要都市圏,30-99人 / 主要都市圏,1,https://www.cnt-inet.co.jp/,200,unavailable,,https://www.cnt-inet.co.jp/recruit.html,https://www.cnt-inet.co.jp/recruit.html,homepageAnchor,求人募集,ownDomain,high,200,unavailable,採用トップ｜株式会社コミュニケーションネット,true,9,0,false,false,,,0,,false,2026-10-05T13:20:21.632Z
9180001047717,ジェイアール東海情報システム株式会社,23:愛知県,465人,300-999人,主要都市圏,300-999人 / 主要都市圏,1,http://www.jtis.co.jp/,200,unavailable,,https://www.jtis.co.jp/recruit/,https://www.jtis.co.jp/recruit/,homepageAnchor,採用情報,ownDomain,high,200,unavailable,採用情報｜JTIS ジェイアール東海情報システム株式会社,true,4,0,false,false,,,0,,false,2026-10-05T13:20:28.624Z
9180001048987,ニュートラル株式会社,23:愛知県,389人,300-999人,主要都市圏,300-999人 / 主要都市圏,1,https://neut.co.jp/,,unavailable,TypeError:ENOTFOUND,,,,,,,,,,,0,0,,false,,,0,,false,
9180001053830,セリム株式会社,23:愛知県,10人,10-29人,主要都市圏,10-29人 / 主要都市圏,1,https://serimu.com/,200,unavailable,,https://serimu.com/recruit.html,https://serimu.com/recruit.html,homepageAnchor,RECRUIT 採用情報,ownDomain,high,200,unavailable,採用情報 | セリム株式会社,true,1,0,true,false,,,0,,false,2026-10-05T13:20:24.763Z
9180001056437,株式会社アルタ,23:愛知県,80人,30-99人,主要都市圏,30-99人 / 主要都市圏,1,https://alta.co.jp/,200,unavailable,,https://www.alta.co.jp/?s=%E6%8E%A1%E7%94%A8,https://www.alta.co.jp/?s=%E6%8E%A1%E7%94%A8,homepageAnchor,採用,ownDomain,high,200,unavailable,採用 – 名古屋のICT・Web総合商社 | 株式会社アルタ,true,11,0,false,false,,,0,,false,2026-10-05T13:20:29.763Z
9180001063706,株式会社フリークス,23:愛知県,29人,10-29人,主要都市圏,10-29人 / 主要都市圏,1,https://www.freecs.jp/,200,allowed,,https://www.freecs.jp/recruit/,https://www.freecs.jp/recruit/,homepageAnchor,採用情報,ownDomain,high,200,allowed,FreeCS,true,3,0,false,false,,,0,,false,2026-10-05T13:20:27.381Z
9180001071403,株式会社ジー・ソフト,23:愛知県,26人,10-29人,主要都市圏,10-29人 / 主要都市圏,1,http://www.gsoft.co.jp,200,unavailable,,https://gsoft.co.jp/recruit,https://gsoft.co.jp/recruit,homepageAnchor,採用情報,ownDomain,high,200,unavailable,採用情報 移動しました :: 株式会社ジー・ソフト,true,5,0,false,false,,,0,http://www.gsoft.co.jp/recruit,true,2026-10-05T13:20:30.425Z
9180001119391,株式会社クリエイティブワークス,23:愛知県,2人,1-4人,主要都市圏,1-4人 / 主要都市圏,1,http://www.works.creative-group.jp/,,unavailable,TypeError:ENOTFOUND,,,,,,,,,,,0,0,,false,,,0,,false,
9180001149463,株式会社レビュー,23:愛知県,1人,1-4人,主要都市圏,1-4人 / 主要都市圏,1,https://jafmate.co.jp/,200,allowed,,https://jafmate.co.jp/recruit/,https://jafmate.co.jp/recruit/,homepageAnchor,採用情報,ownDomain,high,200,allowed,採用情報 | 株式会社レビュー,true,1,0,false,false,,,0,,false,2026-10-05T13:20:28.510Z
9180001158415,Ｚ‐ＳＯＦＴ株式会社,23:愛知県,18人,10-29人,主要都市圏,10-29人 / 主要都市圏,1,https://z-soft.co.jp/,200,allowed,,https://en-gage.net/z-soft/?banner=1,https://en-gage.net/z-soft/?banner=1,homepageLinkToOfficialAts,採用情報,atsHosted,high,200,allowed,Z-SOFT株式会社の採用・求人情報-engage,true,2,0,false,false,,,0,,false,2026-10-05T13:20:28.428Z
9180301006884,株式会社ヒミカ,23:愛知県,130人,100-299人,主要都市圏,100-299人 / 主要都市圏,1,https://www.himika.co.jp/,200,unavailable,,https://www.himika.co.jp/recruit/info.html,https://www.himika.co.jp/recruit/info.html,homepageAnchor,求人情報,ownDomain,high,200,unavailable,Recruit／求人情報 | 株式会社ヒミカ - COMPUTER & SOFTWARE SERVICE,true,2,0,false,false,,,0,,false,2026-10-05T13:20:30.601Z
9190001007694,株式会社コムデック,24:三重県,18人,10-29人,その他,10-29人 / その他,1,https://www.comdec.jp/,200,allowed,,https://www.comdec.jp/recruit/,https://www.comdec.jp/recruit/,homepageAnchor,採用情報,ownDomain,high,200,allowed,コムデック採用情報｜三重県伊勢市のベンチャー企業・IT企業の求人,true,2,0,false,false,,,0,,false,2026-10-05T13:20:32.343Z
9200001013773,株式会社セイノー情報サービス,21:岐阜県,510人,300-999人,その他,300-999人 / その他,1,https://www.seino.co.jp/sis/recruit/welfare/,200,unavailable,,https://www.seino.co.jp/sis/recruit/,https://www.seino.co.jp/sis/recruit/,homepageAnchor,採用サイト,ownDomain,high,200,unavailable,トップ ｜採用情報｜セイノー情報サービス｜物流課題をシステムで解決する‐物流を通した価値向上,true,20,0,false,false,,,0,,false,2026-10-05T13:20:31.646Z
9200001013823,株式会社ソフィア総合研究所,21:岐阜県,44人,30-99人,その他,30-99人 / その他,1,https://www.sri-net.jp,200,unavailable,,https://www.sri-net.jp/recruit/graduate/,https://www.sri-net.jp/recruit/graduate/,homepageAnchor,新卒採用,ownDomain,high,200,unavailable,ソフィア総合研究所 新卒採用サイト | やってみたい。その一瞬で未来が動き出す。,true,3,0,true,false,,,0,,false,2026-10-05T13:20:31.783Z
9200002019539,株式会社ネクステージ,21:岐阜県,5人,5-9人,その他,5-9人 / その他,1,http://www.lets-gifu.com/,200,allowed,,https://www.lets-gifu.com/r/,https://www.lets-gifu.com/r/,homepageAnchor,求人,ownDomain,high,200,allowed,岐阜の求人情報－レッツぎふ,true,1,0,false,false,,,0,,false,2026-10-05T13:20:47.459Z
9210001011363,株式会社Ｉｎｔｅｒｆａｃｅ,18:福井県,3人,1-4人,その他,1-4人 / その他,1,https://interface-inc.jp/,200,allowed,,https://interface-inc.jp/recruit/,https://interface-inc.jp/recruit/,homepageAnchor,採用情報,ownDomain,high,200,allowed,採用サイト｜株式会社インターフェイス,true,1,0,false,false,,,0,,false,2026-10-05T13:20:33.112Z
9210001012700,株式会社ウォンツ,18:福井県,11人,10-29人,その他,10-29人 / その他,1,https://www.wants.jp/,200,unavailable,,,,,,,,,,,,0,0,,false,,,0,,false,
9220001003178,株式会社ジェイ・エス・エス,17:石川県,190人,100-299人,その他,100-299人 / その他,1,https://www.jss-grp.co.jp/,200,allowed,,https://recruit.jss-grp.co.jp/,https://recruit.jss-grp.co.jp/,homepageAnchor,採用情報,ownDomain,high,200,unavailable,採用情報 | 株式会社ジェイ・エス・エス,true,2,0,false,false,,,0,,false,2026-10-05T13:20:33.885Z
9220001025817,株式会社スリーシーコレクト,17:石川県,5人,5-9人,その他,5-9人 / その他,1,https://www.3c-correct.com,200,unavailable,,,,,,,,,,,,0,0,,false,,,0,,false,
9230001000744,株式会社北日本新聞社,16:富山県,297人,100-299人,その他,100-299人 / その他,1,https://www.kitanippon.co.jp/,200,allowed,,https://www.kitanippon.co.jp/recruit,https://www.kitanippon.co.jp/recruit,homepageAnchor,採用情報,ownDomain,high,200,allowed,採用情報 ｜ 北日本新聞社コーポレートサイト｜富山県,true,6,0,false,false,,,0,,false,2026-10-05T13:20:35.887Z
9230001004951,株式会社アスプコミュニケーションズ,16:富山県,452人,300-999人,その他,300-999人 / その他,1,http://www.asp-communications.co.jp/,200,unavailable,,https://www.asp-communications.co.jp/recruit/,https://www.asp-communications.co.jp/recruit/,homepageAnchor,RECRUIT 採用情報 次世代のアスプコミュニケーションズを築いていく人材を募集しています。,ownDomain,high,200,unavailable,採用情報｜株式会社アスプコミュニケーションズ,true,1,0,false,false,,,0,,false,2026-10-05T13:20:40.103Z
9240001006071,株式会社ダイテック,34:広島県,152人,100-299人,その他,100-299人 / その他,1,http://www.daitecjp.com/,200,allowed,,https://www.daitecjp.com/recruit/,https://www.daitecjp.com/recruit/,homepageAnchor,採用情報,ownDomain,high,200,allowed,株式会社ダイテック_採用サイト | トップ,true,2,0,false,false,,,0,,false,2026-10-05T13:20:40.160Z
9240001006674,株式会社中国新聞社,34:広島県,457人,300-999人,その他,300-999人 / その他,1,https://chugoku-np.com/,200,allowed,,https://chugoku-np.com/saiyou/,https://chugoku-np.com/saiyou/,homepageAnchor,採用情報,ownDomain,high,200,allowed,採用情報 | 中国新聞社コーポレートサイト,true,4,0,false,false,,,0,,false,2026-10-05T13:20:36.656Z
9240001009850,株式会社日立ソリューションズ西日本,34:広島県,1793人,1000人以上,その他,1000人以上 / その他,1,https://www.hitachi-solutions-west.co.jp/sustainability/workstyle/,200,allowed,,https://www.hitachi-solutions-west.co.jp/recruit/,https://www.hitachi-solutions-west.co.jp/recruit/,homepageAnchor,採用サイト,ownDomain,high,200,allowed,採用サイト：日立ソリューションズ西日本,true,1,0,false,true,https://www.hitachi-solutions-west.co.jp/,200,0,,false,2026-10-05T13:21:04.215Z
9240001010775,ホームテレビ映像株式会社,34:広島県,38人,30-99人,その他,30-99人 / その他,1,http://www.home-ez.co.jp/,200,allowed,,https://www.home-ez.co.jp/recruit/,https://www.home-ez.co.jp/recruit/,homepageAnchor,Recruit リクルート,ownDomain,high,200,allowed,リクルート | EZM ホームテレビ映像株式会社,true,1,0,false,false,,,0,,false,2026-10-05T13:20:43.830Z
9240001012318,株式会社データホライゾン,34:広島県,261人,100-299人,その他,100-299人 / その他,1,http://www.dhorizon.co.jp/,200,unavailable,,http://www.dhorizon.co.jp/recruit/index.html,http://www.dhorizon.co.jp/recruit/index.html,homepageAnchor,採用情報 Recruit,ownDomain,high,200,unavailable,採用情報｜健康に暮らせる未来を創る 株式会社データホライゾン,true,1,0,false,false,,,0,,false,2026-10-05T13:20:39.818Z
9240001021112,株式会社ＧｏＱＳｙｓｔｅｍ,13:東京都,30人,30-99人,東京,30-99人 / 東京,1,https://goq.co.jp/,200,allowed,,,,,,,,,,,,0,2,,false,,,0,,false,
9240001029766,アドバンスシステム株式会社,34:広島県,53人,30-99人,その他,30-99人 / その他,1,https://www.asd-ltd.co.jp/,200,allowed,,https://www.asd-ltd.co.jp/recruit/index.html,https://www.asd-ltd.co.jp/recruit/index.html,homepageAnchor,採用情報,ownDomain,high,200,allowed,採用情報TOP | アドバンスシステム,true,2,0,false,false,,,0,,false,2026-10-05T13:20:44.446Z
9240001045664,株式会社パプリカ,34:広島県,2人,1-4人,その他,1-4人 / その他,1,https://paprica.co.jp/index.html,200,unavailable,,,,,,,,,,,,0,0,,true,https://paprica.co.jp/,200,0,,false,
9250001006418,株式会社みなと山口合同新聞社,35:山口県,194人,100-299人,その他,100-299人 / その他,1,http://www.minato-yamaguchi.co.jp/,,blocked,blocked_by_robots,,,,,,,,,,,0,0,,false,,,0,,false,
9260001000262,株式会社アストロ,33:岡山県,33人,30-99人,その他,30-99人 / その他,1,https://www.astroinc.co.jp,200,unavailable,,https://www.astroinc.co.jp/html/recruit.html,https://www.astroinc.co.jp/html/recruit.html,homepageAnchor,採用情報,ownDomain,high,200,unavailable,採用情報 ｜ 株式会社アストロ ｜ 課題を解決するシステム開発コンサルティング,true,3,0,false,false,,,0,,false,2026-10-05T13:20:44.981Z
9260001003257,株式会社システムズナカシマ,33:岡山県,159人,100-299人,その他,100-299人 / その他,1,http://www.systems.nakashima.co.jp/,200,allowed,,https://www.system-recruit.nakashima.co.jp/,https://www.system-recruit.nakashima.co.jp/,homepageAnchor,採用専用サイトはこちら,ownDomain,high,200,allowed,システムズナカシマ採用サイト,true,2,0,false,false,,,0,,false,2026-10-05T13:20:51.480Z
9260001014510,ピープルソフトウェア株式会社,33:岡山県,147人,100-299人,その他,100-299人 / その他,1,https://pscsrv.co.jp/,200,allowed,,https://pscsrv.co.jp/recruit/,https://pscsrv.co.jp/recruit/,homepageAnchor,Recruit 採用情報,ownDomain,high,200,allowed,採用｜ピープルソフトウェア株式会社,true,1,0,false,false,,,0,,false,2026-10-05T13:20:46.403Z
9260001017546,株式会社イケル,33:岡山県,8人,5-9人,その他,5-9人 / その他,1,https://ikel.co.jp/,200,allowed,,https://ikel.co.jp/recruit/,https://ikel.co.jp/recruit/,homepageAnchor,求人バナー,ownDomain,high,200,allowed,採用情報（Webコーダー）｜岡山のホームページ制作なら株式会社イケル,true,3,0,false,false,,,0,https://ikel.co.jp/recruit,true,2026-10-05T13:20:48.581Z
9260001020442,株式会社ＲＥＬＡＴＩＯＮ,33:岡山県,53人,30-99人,その他,30-99人 / その他,1,https://www.rel-ltd.com/,200,unavailable,,https://www.rel-ltd.com/?page_id=108,https://www.rel-ltd.com/?page_id=108,homepageAnchor,採用情報,ownDomain,high,200,unavailable,株式会社RELATION &raquo; 採用情報,true,1,0,false,false,,,0,,false,2026-10-05T13:20:47.634Z
9260001021589,セリオ株式会社,33:岡山県,315人,300-999人,その他,300-999人 / その他,1,https://recruit.serio.inc/culture/,200,unavailable,,https://recruit.serio.inc/message/,https://recruit.serio.inc/message/,homepageAnchor,採用メッセージ,ownDomain,high,200,unavailable,採用メッセージ - エンジニア新卒採用サイト | セリオ株式会社,true,11,0,false,false,,,0,,false,2026-10-05T13:20:48.264Z
9280001003197,株式会社シーエスエー,32:島根県,56人,30-99人,その他,30-99人 / その他,1,https://recruit.raiden.co.jp,200,unavailable,,https://recruit.raiden.co.jp/career.html,https://recruit.raiden.co.jp/career.html,homepageAnchor,CAREER キャリアプラン,ownDomain,high,200,unavailable,キャリアプラン｜株式会社シーエスエー リクルート,true,24,0,false,false,,,0,https://recruit.raiden.co.jp/,true,2026-10-05T13:20:48.088Z
9290001013369,株式会社サンクライム,40:福岡県,34人,30-99人,主要都市圏,30-99人 / 主要都市圏,1,https://www.sunclimb.co.jp/,200,allowed,,https://www.sunclimb.co.jp/recruit,https://www.sunclimb.co.jp/recruit,homepageAnchor,採用情報,ownDomain,high,200,allowed,採用情報 | 株式会社サンクライム,true,2,0,false,false,,,0,,false,2026-10-05T13:20:52.628Z
9290001015357,株式会社ソフトサービス,40:福岡県,279人,100-299人,主要都市圏,100-299人 / 主要都市圏,1,http://www.soft-service.co.jp/,200,allowed,,https://www.soft-service.co.jp/recruit/,https://www.soft-service.co.jp/recruit/,homepageAnchor,採用,ownDomain,high,200,allowed,福岡｜新卒求人｜採用情報｜SE｜ソフトサービス,true,1,0,false,false,,,0,,false,2026-10-05T13:20:55.286Z
9290001017023,株式会社メディアシステム,40:福岡県,30人,30-99人,主要都市圏,30-99人 / 主要都市圏,1,https://www.media-system.co.jp/,200,allowed,,https://www.media-system.co.jp/recruit/,https://www.media-system.co.jp/recruit/,homepageAnchor,採用情報,ownDomain,high,200,allowed,採用情報 | 株式会社メディアシステム,true,3,0,false,false,,,0,,false,2026-10-05T13:20:51.251Z
9290001028879,フューチャーネット株式会社,40:福岡県,43人,30-99人,主要都市圏,30-99人 / 主要都市圏,1,http://future-n.co.jp/,200,unavailable,,https://f-net.co.jp/recruit/,https://f-net.co.jp/recruit/,homepageAnchor,採用情報,otherDomain,high,200,unavailable,採用情報 - フューチャーネット 株式会社 | 福岡市中央区にあるシステムインテグレータ,true,1,0,false,false,,,0,,false,2026-10-05T13:20:52.829Z
9290001035594,株式会社ハコブネ,13:東京都,10人,10-29人,東京,10-29人 / 東京,1,https://www.hakobune.co.jp/,200,allowed,,,,,,,,,,,,0,1,,false,,,0,,false,
9290001057309,株式会社ｍｏｒｅＭｏｓｔ,44:大分県,21人,10-29人,その他,10-29人 / その他,1,https://moremost.jp/,200,allowed,,https://en-gage.net/moremost_saiyo/,https://en-gage.net/moremost_saiyo/,homepageLinkToOfficialAts,RECRUIT,atsHosted,high,200,allowed,株式会社moreMostの採用・求人情報-engage,true,4,0,false,false,,,0,,false,2026-10-05T13:20:50.552Z
9290001064395,株式会社ＤｅｎｔａＬｉｇｈｔ,40:福岡県,26人,10-29人,主要都市圏,10-29人 / 主要都市圏,1,https://dentalight.co.jp/,200,allowed,,https://dentalight.co.jp/notice/753/,https://dentalight.co.jp/notice/753/,homepageAnchor,2025-12-22 お知らせ 【新規募集】カスタマーサクセス採用のお知らせ,ownDomain,high,200,allowed,【新規募集】カスタマーサクセス採用のお知らせ | 株式会社DentaLight（デンタライト）,true,2,0,false,false,,,0,,false,2026-10-05T13:20:55.275Z
9290001065006,株式会社リアリンク,40:福岡県,21人,10-29人,主要都市圏,10-29人 / 主要都市圏,1,https://realink-group.co.jp/,200,unavailable,,,,,,,,,,,,0,0,,false,,,0,,false,
9290001091118,株式会社Ｍモード・イノベーション,40:福岡県,22人,10-29人,主要都市圏,10-29人 / 主要都市圏,1,https://m-modeinnv.co.jp,,unavailable,TypeError:ENOTFOUND,,,,,,,,,,,0,0,,false,,,0,,false,
9290001097189,九州朝日放送株式会社,40:福岡県,206人,100-299人,主要都市圏,100-299人 / 主要都市圏,1,https://kbc.co.jp/company/profile/csr.php,200,unavailable,,https://kbc.co.jp/recruit/,https://kbc.co.jp/recruit/,homepageAnchor,採用情報,ownDomain,high,200,unavailable,採用情報 ～KBC RECRUITING SITE～｜KBC九州朝日放送,true,2,0,false,false,,,0,,false,2026-10-05T13:20:55.798Z
9290001097668,株式会社ピコラボ,40:福岡県,1人,1-4人,主要都市圏,1-4人 / 主要都市圏,1,https://pico.inc/,200,allowed,,,,,,,,,,,,0,3,,false,,,0,https://pico.inc/,true,
9290003017599,スマートランク合同会社,40:福岡県,1人,1-4人,主要都市圏,1-4人 / 主要都市圏,1,https://smartrank.co.jp/,200,allowed,,,,,,,,,,,,0,3,,false,,,0,,false,
9300001004630,株式会社ケーブルワン,41:佐賀県,45人,30-99人,その他,30-99人 / その他,1,https://www.cableone.ne.jp/,200,allowed,,,,,,,,,,,,0,0,,false,,,0,,false,
9310001001379,株式会社長崎新聞社,42:長崎県,201人,100-299人,その他,100-299人 / その他,1,https://www.nagasaki-np.co.jp/,200,allowed,,https://recruit.nagasaki-np.co.jp/career/,https://recruit.nagasaki-np.co.jp/career/,homepageAnchor,中途採用,ownDomain,high,200,allowed,経験者採用 | 長崎新聞社リクルート情報サイト,true,3,0,false,false,,,0,,false,2026-10-05T13:20:58.832Z
9310001003078,アイティースペース株式会社,42:長崎県,28人,10-29人,その他,10-29人 / その他,1,https://www.itspace.co.jp/,200,unavailable,,https://www.itspace.co.jp/recruit/index.html,https://www.itspace.co.jp/recruit/index.html,homepageAnchor,採用情報,ownDomain,high,200,unavailable,採用情報 | アイティースペース株式会社,true,3,0,false,false,,,0,,false,2026-10-05T13:20:58.528Z
9320001013134,イジゲン株式会社,44:大分県,10人,10-29人,その他,10-29人 / その他,1,https://ijgn.jp/,,unavailable,TypeError:UND_ERR_CONNECT_TIMEOUT,,,,,,,,,,,0,0,,false,,,0,,false,
9340001006326,株式会社ＫＱＲＭ,13:東京都,87人,30-99人,東京,30-99人 / 東京,1,https://kqrm.co.jp/,200,allowed,,https://recruit.kqrm.co.jp/,https://recruit.kqrm.co.jp/,homepageAnchor,Recruit 採用サイト,ownDomain,high,200,allowed,株式会社KQRM採用サイト,true,2,0,false,false,,,0,,false,2026-10-05T13:21:00.428Z
9340001006920,ＮＡＷＡＧＡＴＥ株式会社,46:鹿児島県,9人,5-9人,その他,5-9人 / その他,1,http://nawagate.com/,200,allowed,,,,,,,,,,,,0,3,,false,,,0,,false,
9340001018040,株式会社シーエスエス,46:鹿児島県,6人,5-9人,その他,5-9人 / その他,1,http://www.css2014.jp/,200,allowed,,https://www.css2014.jp/recruit/index.html,https://www.css2014.jp/recruit/index.html,homepageAnchor,採用情報,ownDomain,high,200,allowed,採用情報 システムエンジニア、プログラマー｜株式会社シーエスエス,true,1,0,false,false,,,0,,false,2026-10-05T13:21:06.628Z
9350001001805,株式会社ＭＪＣ,45:宮崎県,316人,300-999人,その他,300-999人 / その他,1,http://www.mjcnet.co.jp/,200,allowed,,https://www.mjcnet.co.jp/recruit,https://www.mjcnet.co.jp/recruit/,homepageAnchor,採用情報,ownDomain,high,200,allowed,採用情報 - 株式会社MJC株式会社MJC,true,4,0,false,false,,,1,http://www.mjcnet.co.jp/recruit,true,2026-10-05T13:21:09.159Z
9350001001879,株式会社宮崎日日新聞社,45:宮崎県,253人,100-299人,その他,100-299人 / その他,1,http://www.the-miyanichi.co.jp,200,allowed,,https://www.the-miyanichi.co.jp/saiyou,https://www.the-miyanichi.co.jp/saiyou,homepageUrlPattern,仕事体験イベント,ownDomain,medium,200,allowed,採用案内 - 宮崎日日新聞DIGITAL,true,1,0,false,false,,,0,,false,2026-10-05T13:21:18.011Z
9350001016084,ＡＧＲＩＳＴ株式会社,45:宮崎県,30人,30-99人,その他,30-99人 / その他,1,https://agrist.com/,200,allowed,,https://agrist.com/recruit,https://agrist.com/recruit,homepageAnchor,採用,ownDomain,high,200,allowed,採用 | スマート農業DXのAGRIST株式会社,true,1,0,false,false,,,0,,false,2026-10-05T13:21:03.875Z
9360001012223,クオリサイトテクノロジーズ株式会社,47:沖縄県,220人,100-299人,その他,100-299人 / その他,1,https://www.qualysite.co.jp,200,allowed,,https://www.qualysite.co.jp/career/,https://www.qualysite.co.jp/career/,homepageAnchor,キャリア採用,ownDomain,high,200,allowed,お問い合わせ~キャリア採用 | クオリサイトテクノロジーズ株式会社,true,7,0,false,false,,,0,,false,2026-10-05T13:21:03.781Z
9360001017552,株式会社ブルー・オーシャン沖縄,47:沖縄県,13人,10-29人,その他,10-29人 / その他,1,http://boo-oki.com/,200,allowed,,https://boo-oki.com/recruit/,https://boo-oki.com/recruit/,homepageAnchor,採用情報,ownDomain,high,200,allowed,採用情報 - 株式会社ブルー・オーシャン沖縄,true,1,0,false,false,,,0,,false,2026-10-05T13:21:12.773Z
9360001018468,株式会社ＰＩＡＬａｂ．,36:徳島県,64人,30-99人,その他,30-99人 / その他,1,https://pialab.co.jp/,,unavailable,TypeError:ENOTFOUND,,,,,,,,,,,0,0,,false,,,0,,false,
9360001022783,ちゅらデータ株式会社,47:沖縄県,107人,100-299人,その他,100-299人 / その他,1,https://churadata.okinawa/,200,allowed,,https://churadata.okinawa/recruit/,https://churadata.okinawa/recruit/,homepageAnchor,採用情報,ownDomain,high,200,allowed,採用情報 | ちゅらデータ株式会社 | AIコンサルティング・データ分析・DX推進支援,true,5,0,false,false,,,0,,false,2026-10-05T13:21:07.650Z
9360001025794,旭イノベーション株式会社,47:沖縄県,1人,1-4人,その他,1-4人 / その他,1,https://asahi-innovation.com/,200,allowed,,,,,,,,,,,,0,0,,false,,,0,,false,
9370001004475,株式会社ＳＪＣ,04:宮城県,150人,100-299人,その他,100-299人 / その他,1,http://www.sjc-sendai.ne.jp/,200,unavailable,,https://www.sjc-sendai.co.jp/recruit/,https://www.sjc-sendai.co.jp/recruit/,homepageAnchor,採用サイト,otherDomain,high,200,allowed,採用サイト | 株式会社SJC,true,2,0,false,false,,,0,,false,2026-10-05T13:21:17.314Z
9370001007164,株式会社情通,04:宮城県,9人,5-9人,その他,5-9人 / その他,1,http://www.jyot.co.jp,200,allowed,,https://www.jyot.co.jp/recruit/,https://www.jyot.co.jp/recruit/,homepageAnchor,採用情報,ownDomain,high,200,allowed,採用情報 - 株式会社情通 - 運送業向け総合管理システムのデシナプス,true,1,0,false,false,,,0,https://www.jyot.co.jp/recruit/,true,2026-10-05T13:21:15.781Z
9370001015150,ＴＯＭＯＳＥ株式会社,04:宮城県,78人,30-99人,その他,30-99人 / その他,1,http://www.respect-pal.jp/,200,allowed,,,,,,,,,,,,0,1,,false,,,0,,false,
9370001024110,株式会社ＺＩＧ,13:東京都,5人,5-9人,東京,5-9人 / 東京,1,https://mechu.info/,404,unavailable,http_404,,,,,,,,,,,0,0,,false,,,0,,false,
9380001006520,株式会社福島放送,07:福島県,88人,30-99人,その他,30-99人 / その他,1,https://www.kfb.co.jp/company/kurumin.html,200,allowed,,https://www.kfb.co.jp/recruit/,https://www.kfb.co.jp/recruit/,homepageAnchor,採用情報,ownDomain,high,200,allowed,KFB福島放送 リクルートサイト,true,2,0,false,false,,,0,,false,2026-10-05T13:21:14.847Z
9380001017501,株式会社シンク,07:福島県,67人,30-99人,その他,30-99人 / その他,1,https://www.sync.co.jp/,200,allowed,,https://www.sync.co.jp/posts/recruit,https://www.sync.co.jp/posts/recruit,robotsSitemap,,ownDomain,low,200,allowed,NEWS【イベントレポート】内定者説明会を開催しました,false,1,3,false,false,,,0,,false,2026-10-05T13:21:21.139Z
9390001011206,株式会社ユニテックス,06:山形県,14人,10-29人,その他,10-29人 / その他,1,https://www.unitex-net.co.jp,200,allowed,,https://www.unitex-net.co.jp/recruit/,https://www.unitex-net.co.jp/recruit/,homepageAnchor,採用情報へのリンク,ownDomain,high,200,allowed,採用情報 | ユニテックス,true,2,0,false,false,,,0,,false,2026-10-05T13:21:16.764Z
9400001000033,株式会社アイビーシー岩手放送,03:岩手県,111人,100-299人,その他,100-299人 / その他,1,http://www.ibc.co.jp,200,allowed,,https://www.ibc.co.jp/recruit/,https://www.ibc.co.jp/recruit/,homepageAnchor,採用情報,ownDomain,high,200,allowed,IBC岩手放送｜採用情報,true,2,0,false,false,,,0,,false,2026-10-05T13:21:21.734Z
9400001000207,株式会社岩手日報社,03:岩手県,306人,300-999人,その他,300-999人 / その他,1,http://www.iwate-np.co.jp/,200,allowed,,https://company.iwate-np.co.jp/recruit/,https://company.iwate-np.co.jp/recruit/,homepageAnchor,採用情報,ownDomain,high,200,allowed,"採用情報 | 岩手日報社 採用 THE IWATE NIPPO CO.,LTD. Recruit",true,3,0,false,false,,,0,,false,2026-10-05T13:21:22.702Z
9400001012763,ＳＯＦＴＤＯＩＮＧ株式会社,03:岩手県,10人,10-29人,その他,10-29人 / その他,1,https://www.softdoing.co.jp/,200,allowed,,https://www.softdoing.co.jp/recruit,https://www.softdoing.co.jp/recruit,homepageAnchor,採用情報,ownDomain,high,200,allowed,採用情報 | SOFTDOING株式会社,true,2,0,false,false,,,0,,false,2026-10-05T13:21:19.180Z
9410001000379,株式会社秋田情報センター,05:秋田県,20人,10-29人,その他,10-29人 / その他,1,http://www.ainfoc.co.jp/,200,allowed,,,,,,,,,,,,0,0,,false,,,0,,false,
9430001022322,北海道テレビ放送株式会社,01:北海道,190人,100-299人,主要都市圏,100-299人 / 主要都市圏,1,http://www.htb.co.jp/,200,allowed,,https://www.htb.co.jp/htb/saiyou/,https://www.htb.co.jp/htb/saiyou/,homepageAnchor,採用情報,ownDomain,high,200,allowed,HTB 採用情報,true,2,0,false,false,,,0,,false,2026-10-05T13:21:26.266Z
9430001025399,スパークリンク・テクノロジー株式会社,01:北海道,9人,5-9人,主要都市圏,5-9人 / 主要都市圏,1,http://www.stc99.com/,,unavailable,TypeError:EAI_AGAIN,,,,,,,,,,,0,0,,false,,,0,,false,
9430001027008,株式会社ソフテック,01:北海道,11人,10-29人,主要都市圏,10-29人 / 主要都市圏,1,https://libmax.com,200,allowed,,https://libmax.com/recruit,https://libmax.com/recruit,homepageAnchor,採用情報,ownDomain,high,200,allowed,採用情報 | 図書館システムを選ぶなら【株式会社ソフテック】,true,1,0,false,false,,,0,,false,2026-10-05T13:21:22.629Z
9430001034425,株式会社ニボー,01:北海道,17人,10-29人,主要都市圏,10-29人 / 主要都市圏,1,https://niveau.co.jp,200,allowed,,,,,,,,,,,,0,0,,false,,,0,,false,
9430001038814,ジャスティン株式会社,01:北海道,28人,10-29人,主要都市圏,10-29人 / 主要都市圏,1,https://www.justin-inc.com/,200,unavailable,,https://www.justin-inc.com/recruit.html,https://www.justin-inc.com/recruit.html,homepageAnchor,採用情報,ownDomain,high,200,unavailable,採用情報|ジャスティン株式会社,true,1,0,false,false,,,0,,false,2026-10-05T13:21:24.692Z
9430001063283,株式会社シーアンドシーグローバル,01:北海道,5人,5-9人,主要都市圏,5-9人 / 主要都市圏,1,http://ccglobal.jp/,200,allowed,,http://ccglobal.jp/recruit,http://ccglobal.jp/recruit,homepageAnchor,採用情報,ownDomain,high,200,allowed,&raquo; 採用情報｜株式会社シーアンドシーグローバル,true,2,0,false,false,,,0,,false,2026-10-05T13:21:25.232Z
9430001088834,株式会社タグジェクト,01:北海道,13人,10-29人,主要都市圏,10-29人 / 主要都市圏,1,https://www.tagject.co.jp,200,unavailable,,https://www.tagject.co.jp/%E6%8E%A1%E7%94%A8%E6%83%85%E5%A0%B1,https://www.tagject.co.jp/%E6%8E%A1%E7%94%A8%E6%83%85%E5%A0%B1,homepageAnchor,採用情報,ownDomain,high,200,unavailable,株式会社タグジェクト - 採用情報,true,1,0,false,false,,,0,,false,2026-10-05T13:21:26.671Z
9450001013749,Ｒａｍｐｓ株式会社,01:北海道,8人,5-9人,主要都市圏,5-9人 / 主要都市圏,1,https://ramps.jp,200,allowed,,https://www.ramps.jp/careers/,https://www.ramps.jp/careers/,homepageAnchor,採用,ownDomain,high,200,allowed,採用情報 | Ramps株式会社,true,1,0,false,false,,,0,,false,2026-10-05T13:21:30.466Z
9470001000745,エフエム高松コミュニティ放送株式会社,37:香川県,6人,5-9人,その他,5-9人 / その他,1,http://www.fm815.com/,200,allowed,,,,,,,,,,,,0,3,,false,,,0,,false,
9470001001883,株式会社ＳＴＮｅｔ,37:香川県,780人,300-999人,その他,300-999人 / その他,1,https://www.stnet.co.jp/,200,unavailable,,,,,,,,,,,,0,0,,false,,,0,,false,
9490001004389,株式会社ビーウェーブ,39:高知県,23人,10-29人,その他,10-29人 / その他,1,https://www.be-wave.jp/careers/environment/,200,allowed,,https://www.be-wave.jp/careers/,https://www.be-wave.jp/careers/,homepageAnchor,採用情報｜株式会社ビーウェーブ,ownDomain,high,200,allowed,採用情報｜株式会社ビーウェーブ | 受託開発、勤怠管理・販売在庫管理システム、SES（エンジニア派遣）など高知のIT・システム会社です。,true,11,0,false,false,,,0,,false,2026-10-05T13:21:30.236Z
9500001000205,株式会社アイクコーポレーション,38:愛媛県,99人,30-99人,その他,30-99人 / その他,1,https://www.aic.co.jp/,200,allowed,,https://recruit.aic.co.jp/,https://recruit.aic.co.jp/,homepageAnchor,採用情報 RECURUIT,ownDomain,low,200,allowed,トップ - AIC-リクルート,false,5,0,false,false,,,0,,false,2026-10-05T13:21:32.472Z
9500001003380,株式会社ファインデックス,13:東京都,319人,300-999人,東京,300-999人 / 東京,1,http://findex.co.jp,200,allowed,,https://findex.co.jp/recruit/,https://findex.co.jp/recruit/,homepageAnchor,採用情報,ownDomain,high,200,allowed,採用情報｜ファインデックス,true,2,0,false,false,,,0,,false,2026-10-05T13:21:34.161Z
9500001013529,インターコネクト株式会社,38:愛媛県,6人,5-9人,その他,5-9人 / その他,1,http://interconnect.cc,200,allowed,,,,,,,,,,,,0,2,,false,,,0,,false,
